_id,start_ts,end_ts,count,temp_air,hum_air,distance_cm,generated_at,inserted_at,ts,ph,temp_water,level1,level2,level3,level4,ec,cultivo,month
{'$oid': '68e002a344962f2ad0b983c4'},2025-10-03 17:00:56+00:00,2025-10-03T17:06:36Z,35.0,15.334285714285715,76.65142857142857,27.1,2025-10-03T17:06:43Z,2025-10-03T17:06:43Z,,,,,,,,,Cultivo 1,2025-10
{'$oid': '68e00833c14968ee5a9303cc'},2025-10-03 17:00:56+00:00,2025-10-03T17:22:17Z,129.0,15.69767441860465,75.44728682170543,54.5625,2025-10-03T17:30:27Z,2025-10-03T17:30:27Z,2025-10-03T17:22:17Z,,,,,,,,Cultivo 1,2025-10
{'$oid': '68e00383c14968ee5a9303ca'},2025-10-03 17:06:46+00:00,2025-10-03T17:10:26Z,23.0,15.604347826086956,76.88695652173912,27.1,2025-10-03T17:10:27Z,2025-10-03T17:10:27Z,2025-10-03T17:10:26Z,,,,,,,,Cultivo 1,2025-10
{'$oid': '68e004fb44962f2ad0b983c5'},2025-10-03 17:10:36+00:00,2025-10-03T17:16:37Z,37.0,15.840540540540541,75.67027027027027,27.6,2025-10-03T17:16:43Z,2025-10-03T17:16:43Z,,,,,,,,,Cultivo 1,2025-10
{'$oid': '68e005dbc14968ee5a9303cb'},2025-10-03 17:16:47+00:00,2025-10-03T17:20:27Z,23.0,15.97391304347826,73.02173913043478,46.04907832608005,2025-10-03T17:20:27Z,2025-10-03T17:20:27Z,2025-10-03T17:20:27Z,,,,,,,,Cultivo 1,2025-10
{'$oid': '68e0075344962f2ad0b983c6'},2025-10-03 17:20:37+00:00,2025-10-03T17:22:17Z,11.0,15.99090909090909,72.92727272727272,,2025-10-03T17:26:43Z,2025-10-03T17:26:43Z,,,,,,,,,Cultivo 1,2025-10
{'$oid': '68e0318344962f2ad0b983c7'},2025-10-03 20:25:25+00:00,2025-10-03T20:26:35Z,8.0,22.3625,55.5625,,2025-10-03T20:26:43Z,2025-10-03T20:26:43Z,,,,,,,,,Cultivo 1,2025-10
{'$oid': '68e03713c14968ee5a9303cf'},2025-10-03 20:25:25+00:00,2025-10-03T20:46:36Z,128.0,21.88046875,58.07734375,,2025-10-03T20:50:27Z,2025-10-03T20:50:27Z,2025-10-03T20:46:36Z,,,,,,,,Cultivo 1,2025-10
{'$oid': '68e03263c14968ee5a9303cd'},2025-10-03 20:26:45+00:00,2025-10-03T20:30:26Z,23.0,22.156521739130437,56.33913043478261,,2025-10-03T20:30:27Z,2025-10-03T20:30:27Z,2025-10-03T20:30:26Z,,,,,,,,Cultivo 1,2025-10
{'$oid': '68e033db44962f2ad0b983c8'},2025-10-03 20:30:36+00:00,2025-10-03T20:36:37Z,37.0,21.88108108108108,57.93783783783784,,2025-10-03T20:36:43Z,2025-10-03T20:36:43Z,,,,,,,,,Cultivo 1,2025-10
{'$oid': '68e034bbc14968ee5a9303ce'},2025-10-03 20:36:46+00:00,2025-10-03T20:40:26Z,23.0,21.752173913043478,58.721739130434784,,2025-10-03T20:40:27Z,2025-10-03T20:40:27Z,2025-10-03T20:40:26Z,,,,,,,,Cultivo 1,2025-10
{'$oid': '68e0363344962f2ad0b983c9'},2025-10-03 20:40:36+00:00,2025-10-03T20:46:36Z,37.0,21.683783783783785,59.44054054054054,,2025-10-03T20:46:43Z,2025-10-03T20:46:43Z,,,,,,,,,Cultivo 1,2025-10
{'$oid': '68e0525344962f2ad0b983ca'},2025-10-03 22:42:39+00:00,2025-10-03T22:42:59Z,3.0,20.766666666666666,66.83333333333333,,2025-10-03T22:46:43Z,2025-10-03T22:46:43Z,,,,,,,,,Cultivo 1,2025-10
{'$oid': '68e0558bc14968ee5a9303d1'},2025-10-03 22:42:39+00:00,2025-10-03T22:47:00Z,4.0,20.95,65.825,,2025-10-03T23:00:27Z,2025-10-03T23:00:27Z,2025-10-03T22:47:00Z,,,,,,,,Cultivo 1,2025-10
{'$oid': '68e05333c14968ee5a9303d0'},2025-10-03 22:47:00+00:00,2025-10-03T22:47:00Z,1.0,21.5,62.8,,2025-10-03T22:50:27Z,2025-10-03T22:50:27Z,2025-10-03T22:47:00Z,,,,,,,,Cultivo 1,2025-10
{'$oid': '68e1df54c14968ee5a930477'},2025-10-03 23:30:22+00:00,2025-10-05T02:46:55Z,10183.0,15.743935971717569,74.81479917509574,29.64769291571979,2025-10-05T03:00:36Z,2025-10-05T03:00:36Z,2025-10-05T02:46:55Z,6.539603433336327,12.101311475409835,alto,bajo,alto,bajo,,Cultivo 1,2025-10
{'$oid': '68e05c93c14968ee5a9303d2'},2025-10-03 23:30:22+00:00,2025-10-03T23:30:22Z,1.0,13.5,82.4,,2025-10-03T23:30:27Z,2025-10-03T23:30:27Z,2025-10-03T23:30:22Z,,,,,,,,Cultivo 1,2025-10
{'$oid': '68e05e0b44962f2ad0b983cb'},2025-10-03 23:30:32+00:00,2025-10-03T23:36:41Z,40.0,14.165000000000001,80.2,,2025-10-03T23:36:43Z,2025-10-03T23:36:43Z,,6.475088852915565,12.156774193548387,alto,bajo,alto,bajo,,Cultivo 1,2025-10
{'$oid': '68e05eebc14968ee5a9303d3'},2025-10-03 23:36:52+00:00,2025-10-03T23:40:22Z,22.0,14.363636363636363,79.21363636363637,30.3,2025-10-03T23:40:27Z,2025-10-03T23:40:27Z,2025-10-03T23:40:22Z,6.471854495317857,12.06,alto,bajo,alto,bajo,,Cultivo 1,2025-10
{'$oid': '68e0606344962f2ad0b983cc'},2025-10-03 23:40:32+00:00,2025-10-03T23:46:42Z,38.0,14.0,79.38947368421053,30.3,2025-10-03T23:46:43Z,2025-10-03T23:46:43Z,,6.17104641500389,12.0,alto,bajo,alto,bajo,,Cultivo 1,2025-10
{'$oid': '68e06143c14968ee5a9303d4'},2025-10-03 23:46:52+00:00,2025-10-03T23:50:22Z,22.0,13.968181818181819,79.53636363636363,30.3,2025-10-03T23:50:27Z,2025-10-03T23:50:27Z,2025-10-03T23:50:22Z,,,alto,bajo,alto,bajo,,Cultivo 1,2025-10
{'$oid': '68e062bb44962f2ad0b983cd'},2025-10-03 23:50:32+00:00,2025-10-03T23:56:43Z,40.0,14.1725,79.04,30.3,2025-10-03T23:56:43Z,2025-10-03T23:56:43Z,,,,alto,bajo,alto,bajo,,Cultivo 1,2025-10
{'$oid': '68e0639bc14968ee5a9303d5'},2025-10-03 23:56:54+00:00,2025-10-04T00:00:25Z,22.0,14.054545454545455,79.80909090909091,30.245454545454546,2025-10-04T00:00:27Z,2025-10-04T00:00:27Z,2025-10-04T00:00:25Z,,,alto,bajo,alto,bajo,,Cultivo 1,2025-10
{'$oid': '68e0651444962f2ad0b983ce'},2025-10-04 00:00:35+00:00,2025-10-04T00:06:38Z,42.0,13.545238095238096,81.55714285714285,30.2,2025-10-04T00:06:44Z,2025-10-04T00:06:44Z,,,,alto,bajo,alto,bajo,,Cultivo 1,2025-10
{'$oid': '68e065f3c14968ee5a9303d6'},2025-10-04 00:06:45+00:00,2025-10-04T00:10:24Z,24.0,13.174999999999999,82.62916666666666,30.2,2025-10-04T00:10:27Z,2025-10-04T00:10:27Z,2025-10-04T00:10:24Z,,,alto,bajo,alto,bajo,,Cultivo 1,2025-10
{'$oid': '68e0676c44962f2ad0b983cf'},2025-10-04 00:10:34+00:00,2025-10-04T00:16:36Z,45.0,12.908888888888889,83.07333333333334,30.2,2025-10-04T00:16:44Z,2025-10-04T00:16:44Z,,,,alto,bajo,alto,bajo,,Cultivo 1,2025-10
{'$oid': '68e0684bc14968ee5a9303d7'},2025-10-04 00:16:46+00:00,2025-10-04T00:20:25Z,25.0,12.78,83.356,30.2,2025-10-04T00:20:27Z,2025-10-04T00:20:27Z,2025-10-04T00:20:25Z,,,alto,bajo,alto,bajo,,Cultivo 1,2025-10
{'$oid': '68e069c444962f2ad0b983d0'},2025-10-04 00:20:35+00:00,2025-10-04T00:26:36Z,42.0,12.707142857142857,83.88095238095238,30.197619047619046,2025-10-04T00:26:44Z,2025-10-04T00:26:44Z,,,,alto,bajo,alto,bajo,,Cultivo 1,2025-10
{'$oid': '68e06aa3c14968ee5a9303d8'},2025-10-04 00:26:46+00:00,2025-10-04T00:30:26Z,23.0,12.708695652173912,83.95652173913044,30.11304347826087,2025-10-04T00:30:27Z,2025-10-04T00:30:27Z,2025-10-04T00:30:26Z,,,alto,bajo,alto,bajo,,Cultivo 1,2025-10
{'$oid': '68e06c1c44962f2ad0b983d1'},2025-10-04 00:30:36+00:00,2025-10-04T00:36:37Z,37.0,12.75945945945946,83.77567567567567,30.1,2025-10-04T00:36:44Z,2025-10-04T00:36:44Z,,,,alto,bajo,alto,bajo,,Cultivo 1,2025-10
{'$oid': '68e06cfbc14968ee5a9303d9'},2025-10-04 00:36:47+00:00,2025-10-04T00:40:26Z,23.0,12.778260869565218,83.42173913043479,30.1,2025-10-04T00:40:27Z,2025-10-04T00:40:27Z,2025-10-04T00:40:26Z,,,alto,bajo,alto,bajo,,Cultivo 1,2025-10
{'$oid': '68e06e7444962f2ad0b983d2'},2025-10-04 00:40:36+00:00,2025-10-04T00:46:37Z,38.0,12.773684210526316,83.35,30.1,2025-10-04T00:46:44Z,2025-10-04T00:46:44Z,,,,alto,bajo,alto,bajo,,Cultivo 1,2025-10
{'$oid': '68e06f54c14968ee5a9303da'},2025-10-04 00:46:47+00:00,2025-10-04T00:50:18Z,26.0,12.649999999999999,83.67307692307692,30.1,2025-10-04T00:50:28Z,2025-10-04T00:50:28Z,2025-10-04T00:50:18Z,,,alto,bajo,alto,bajo,,Cultivo 1,2025-10
{'$oid': '68e070cc44962f2ad0b983d3'},2025-10-04 00:50:28+00:00,2025-10-04T00:56:38Z,43.0,12.46279069767442,84.06976744186046,30.02093023255814,2025-10-04T00:56:44Z,2025-10-04T00:56:44Z,,,,alto,bajo,alto,bajo,,Cultivo 1,2025-10
{'$oid': '68e071acc14968ee5a9303db'},2025-10-04 00:56:48+00:00,2025-10-04T01:00:18Z,23.0,12.282608695652174,84.47826086956522,30.0,2025-10-04T01:00:28Z,2025-10-04T01:00:28Z,2025-10-04T01:00:18Z,,,alto,bajo,alto,bajo,,Cultivo 1,2025-10
{'$oid': '68e0732444962f2ad0b983d4'},2025-10-04 01:00:28+00:00,2025-10-04T01:06:38Z,46.0,12.115217391304347,84.27173913043478,30.0,2025-10-04T01:06:44Z,2025-10-04T01:06:44Z,,,,alto,bajo,alto,bajo,,Cultivo 1,2025-10
{'$oid': '68e07404c14968ee5a9303dc'},2025-10-04 01:06:48+00:00,2025-10-04T01:10:22Z,26.0,12.046153846153846,84.80384615384615,30.0,2025-10-04T01:10:28Z,2025-10-04T01:10:28Z,2025-10-04T01:10:22Z,,,alto,bajo,alto,bajo,,Cultivo 1,2025-10
{'$oid': '68e0757c44962f2ad0b983d5'},2025-10-04 01:10:29+00:00,2025-10-04T01:16:39Z,45.0,12.0,84.73777777777778,30.0,2025-10-04T01:16:44Z,2025-10-04T01:16:44Z,,,,alto,bajo,alto,bajo,,Cultivo 1,2025-10
{'$oid': '68e0765cc14968ee5a9303dd'},2025-10-04 01:16:46+00:00,2025-10-04T01:20:26Z,31.0,12.074193548387097,84.69354838709677,29.996774193548386,2025-10-04T01:20:28Z,2025-10-04T01:20:28Z,2025-10-04T01:20:26Z,,,alto,bajo,alto,bajo,,Cultivo 1,2025-10
{'$oid': '68e077d444962f2ad0b983d6'},2025-10-04 01:20:29+00:00,2025-10-04T01:26:40Z,40.0,12.174999999999999,84.7875,29.9375,2025-10-04T01:26:44Z,2025-10-04T01:26:44Z,,,,alto,bajo,alto,bajo,,Cultivo 1,2025-10
{'$oid': '68e078b4c14968ee5a9303de'},2025-10-04 01:26:51+00:00,2025-10-04T01:30:19Z,25.0,12.284,85.312,29.9,2025-10-04T01:30:28Z,2025-10-04T01:30:28Z,2025-10-04T01:30:19Z,,,alto,bajo,alto,bajo,,Cultivo 1,2025-10
{'$oid': '68e07a2c44962f2ad0b983d7'},2025-10-04 01:30:30+00:00,2025-10-04T01:36:41Z,40.0,12.332500000000001,84.77250000000001,29.9,2025-10-04T01:36:44Z,2025-10-04T01:36:44Z,,,,alto,bajo,alto,bajo,,Cultivo 1,2025-10
{'$oid': '68e07b0cc14968ee5a9303df'},2025-10-04 01:36:51+00:00,2025-10-04T01:40:20Z,24.0,12.441666666666666,84.925,29.9,2025-10-04T01:40:28Z,2025-10-04T01:40:28Z,2025-10-04T01:40:20Z,,,alto,bajo,alto,bajo,,Cultivo 1,2025-10
{'$oid': '68e07c8444962f2ad0b983d8'},2025-10-04 01:40:30+00:00,2025-10-04T01:46:39Z,40.0,12.5275,84.8075,29.9,2025-10-04T01:46:44Z,2025-10-04T01:46:44Z,,,,alto,bajo,alto,bajo,,Cultivo 1,2025-10
{'$oid': '68e07d64c14968ee5a9303e0'},2025-10-04 01:46:45+00:00,2025-10-04T01:50:21Z,25.0,12.623999999999999,84.612,29.9,2025-10-04T01:50:28Z,2025-10-04T01:50:28Z,2025-10-04T01:50:21Z,,,alto,bajo,alto,bajo,,Cultivo 1,2025-10
{'$oid': '68e07edc44962f2ad0b983d9'},2025-10-04 01:50:31+00:00,2025-10-04T01:56:41Z,38.0,12.649999999999999,84.76052631578948,29.9,2025-10-04T01:56:44Z,2025-10-04T01:56:44Z,,,,alto,bajo,alto,bajo,,Cultivo 1,2025-10
{'$oid': '68e07fbcc14968ee5a9303e1'},2025-10-04 01:56:51+00:00,2025-10-04T02:00:21Z,25.0,12.607999999999999,84.34,29.895999999999997,2025-10-04T02:00:28Z,2025-10-04T02:00:28Z,2025-10-04T02:00:21Z,,,alto,bajo,alto,bajo,,Cultivo 1,2025-10
{'$oid': '68e0813444962f2ad0b983da'},2025-10-04 02:00:31+00:00,2025-10-04T02:06:42Z,40.0,12.6825,84.17,29.802500000000002,2025-10-04T02:06:44Z,2025-10-04T02:06:44Z,,,,alto,bajo,alto,bajo,,Cultivo 1,2025-10
{'$oid': '68e08214c14968ee5a9303e2'},2025-10-04 02:06:52+00:00,2025-10-04T02:10:22Z,25.0,12.780000000000001,83.964,29.8,2025-10-04T02:10:28Z,2025-10-04T02:10:28Z,2025-10-04T02:10:22Z,,,alto,bajo,alto,bajo,,Cultivo 1,2025-10
{'$oid': '68e0838c44962f2ad0b983db'},2025-10-04 02:10:32+00:00,2025-10-04T02:16:41Z,38.0,12.826315789473686,83.12368421052632,29.8,2025-10-04T02:16:44Z,2025-10-04T02:16:44Z,,,,alto,bajo,alto,bajo,,Cultivo 1,2025-10
{'$oid': '68e0846cc14968ee5a9303e3'},2025-10-04 02:16:52+00:00,2025-10-04T02:20:25Z,23.0,12.830434782608696,80.27826086956522,29.8,2025-10-04T02:20:28Z,2025-10-04T02:20:28Z,2025-10-04T02:20:25Z,,,alto,bajo,alto,bajo,,Cultivo 1,2025-10
{'$oid': '68e085e444962f2ad0b983dc'},2025-10-04 02:20:29+00:00,2025-10-04T02:26:42Z,41.0,12.751219512195123,80.23658536585366,29.8,2025-10-04T02:26:44Z,2025-10-04T02:26:44Z,,,,alto,bajo,alto,bajo,,Cultivo 1,2025-10
{'$oid': '68e086c4c14968ee5a9303e4'},2025-10-04 02:26:53+00:00,2025-10-04T02:30:23Z,24.0,12.6,81.3625,29.8,2025-10-04T02:30:28Z,2025-10-04T02:30:28Z,2025-10-04T02:30:23Z,,,alto,bajo,alto,bajo,,Cultivo 1,2025-10
{'$oid': '68e0883c44962f2ad0b983dd'},2025-10-04 02:30:34+00:00,2025-10-04T02:36:44Z,38.0,12.397368421052631,81.37894736842105,29.8,2025-10-04T02:36:44Z,2025-10-04T02:36:44Z,,,,alto,bajo,alto,bajo,,Cultivo 1,2025-10
{'$oid': '68e0891cc14968ee5a9303e5'},2025-10-04 02:36:56+00:00,2025-10-04T02:40:24Z,22.0,12.25,82.29545454545455,29.8,2025-10-04T02:40:28Z,2025-10-04T02:40:28Z,2025-10-04T02:40:24Z,,,alto,bajo,alto,bajo,,Cultivo 1,2025-10
{'$oid': '68e08a9444962f2ad0b983de'},2025-10-04 02:40:33+00:00,2025-10-04T02:46:44Z,39.0,12.097435897435897,83.27948717948718,29.8,2025-10-04T02:46:44Z,2025-10-04T02:46:44Z,,,,alto,bajo,alto,bajo,,Cultivo 1,2025-10
{'$oid': '68e08b74c14968ee5a9303e6'},2025-10-04 02:46:54+00:00,2025-10-04T02:50:25Z,22.0,11.99090909090909,83.35909090909091,29.8,2025-10-04T02:50:28Z,2025-10-04T02:50:28Z,2025-10-04T02:50:25Z,,,alto,bajo,alto,bajo,,Cultivo 1,2025-10
{'$oid': '68e08cec44962f2ad0b983df'},2025-10-04 02:50:38+00:00,2025-10-04T02:56:44Z,39.0,11.894871794871795,83.46153846153847,29.8,2025-10-04T02:56:44Z,2025-10-04T02:56:44Z,,,,alto,bajo,alto,bajo,,Cultivo 1,2025-10
{'$oid': '68e08dccc14968ee5a9303e7'},2025-10-04 02:56:56+00:00,2025-10-04T03:00:25Z,22.0,11.818181818181818,83.77727272727273,29.8,2025-10-04T03:00:28Z,2025-10-04T03:00:28Z,2025-10-04T03:00:25Z,,,alto,bajo,alto,bajo,,Cultivo 1,2025-10
{'$oid': '68e08f4444962f2ad0b983e0'},2025-10-04 03:00:35+00:00,2025-10-04T03:06:36Z,37.0,11.756756756756756,83.34864864864865,29.778378378378378,2025-10-04T03:06:44Z,2025-10-04T03:06:44Z,,,,alto,bajo,alto,bajo,,Cultivo 1,2025-10
{'$oid': '68e09024c14968ee5a9303e8'},2025-10-04 03:06:45+00:00,2025-10-04T03:10:25Z,23.0,11.791304347826086,83.22608695652174,29.734782608695653,2025-10-04T03:10:28Z,2025-10-04T03:10:28Z,2025-10-04T03:10:25Z,,,alto,bajo,alto,bajo,,Cultivo 1,2025-10
{'$oid': '68e0919c44962f2ad0b983e1'},2025-10-04 03:10:35+00:00,2025-10-04T03:16:35Z,37.0,11.875675675675677,82.58108108108108,29.71351351351351,2025-10-04T03:16:44Z,2025-10-04T03:16:44Z,,,,alto,bajo,alto,bajo,,Cultivo 1,2025-10
{'$oid': '68e0927cc14968ee5a9303e9'},2025-10-04 03:16:45+00:00,2025-10-04T03:20:25Z,23.0,12.082608695652173,83.00869565217391,29.7,2025-10-04T03:20:28Z,2025-10-04T03:20:28Z,2025-10-04T03:20:25Z,,,alto,bajo,alto,bajo,,Cultivo 1,2025-10
{'$oid': '68e093f444962f2ad0b983e2'},2025-10-04 03:20:35+00:00,2025-10-04T03:26:35Z,37.0,12.205405405405406,82.97027027027028,29.7,2025-10-04T03:26:44Z,2025-10-04T03:26:44Z,,,,alto,bajo,alto,bajo,,Cultivo 1,2025-10
{'$oid': '68e094d4c14968ee5a9303ea'},2025-10-04 03:26:45+00:00,2025-10-04T03:30:25Z,23.0,12.28695652173913,80.87826086956521,29.7,2025-10-04T03:30:28Z,2025-10-04T03:30:28Z,2025-10-04T03:30:25Z,,,alto,bajo,alto,bajo,,Cultivo 1,2025-10
{'$oid': '68e0964c44962f2ad0b983e3'},2025-10-04 03:30:35+00:00,2025-10-04T03:36:36Z,37.0,12.372972972972974,79.73243243243243,29.7,2025-10-04T03:36:44Z,2025-10-04T03:36:44Z,,,,alto,bajo,alto,bajo,,Cultivo 1,2025-10
{'$oid': '68e0972cc14968ee5a9303eb'},2025-10-04 03:36:46+00:00,2025-10-04T03:40:26Z,23.0,12.41304347826087,79.55652173913043,29.7,2025-10-04T03:40:28Z,2025-10-04T03:40:28Z,2025-10-04T03:40:26Z,,,alto,bajo,alto,bajo,,Cultivo 1,2025-10
{'$oid': '68e098a444962f2ad0b983e4'},2025-10-04 03:40:36+00:00,2025-10-04T03:46:37Z,37.0,12.456756756756757,80.09189189189189,29.7,2025-10-04T03:46:44Z,2025-10-04T03:46:44Z,,,,alto,bajo,alto,bajo,,Cultivo 1,2025-10
{'$oid': '68e09984c14968ee5a9303ec'},2025-10-04 03:46:47+00:00,2025-10-04T03:50:27Z,23.0,12.486956521739131,81.73478260869565,29.7,2025-10-04T03:50:28Z,2025-10-04T03:50:28Z,2025-10-04T03:50:27Z,,,alto,bajo,alto,bajo,,Cultivo 1,2025-10
{'$oid': '68e09afc44962f2ad0b983e5'},2025-10-04 03:50:37+00:00,2025-10-04T03:56:37Z,37.0,12.413513513513514,82.32162162162162,29.7,2025-10-04T03:56:44Z,2025-10-04T03:56:44Z,,,,alto,bajo,alto,bajo,,Cultivo 1,2025-10
{'$oid': '68e09bdcc14968ee5a9303ed'},2025-10-04 03:56:47+00:00,2025-10-04T04:00:27Z,23.0,12.378260869565217,82.85652173913043,29.7,2025-10-04T04:00:28Z,2025-10-04T04:00:28Z,2025-10-04T04:00:27Z,,,alto,bajo,alto,bajo,,Cultivo 1,2025-10
{'$oid': '68e09d5444962f2ad0b983e6'},2025-10-04 04:00:37+00:00,2025-10-04T04:06:38Z,37.0,12.386486486486486,82.01891891891891,29.7,2025-10-04T04:06:44Z,2025-10-04T04:06:44Z,,,,alto,bajo,alto,bajo,,Cultivo 1,2025-10
{'$oid': '68e09e34c14968ee5a9303ee'},2025-10-04 04:06:48+00:00,2025-10-04T04:10:28Z,23.0,12.4,80.67391304347827,29.7,2025-10-04T04:10:28Z,2025-10-04T04:10:28Z,2025-10-04T04:10:28Z,,,alto,bajo,alto,bajo,,Cultivo 1,2025-10
{'$oid': '68e09fad44962f2ad0b983e7'},2025-10-04 04:10:38+00:00,2025-10-04T04:16:38Z,37.0,12.42972972972973,79.8108108108108,29.7,2025-10-04T04:16:45Z,2025-10-04T04:16:45Z,,,,alto,bajo,alto,bajo,,Cultivo 1,2025-10
{'$oid': '68e0a08cc14968ee5a9303ef'},2025-10-04 04:16:48+00:00,2025-10-04T04:20:28Z,23.0,12.495652173913044,79.60434782608695,29.7,2025-10-04T04:20:28Z,2025-10-04T04:20:28Z,2025-10-04T04:20:28Z,,,alto,bajo,alto,bajo,,Cultivo 1,2025-10
{'$oid': '68e0a20544962f2ad0b983e8'},2025-10-04 04:20:38+00:00,2025-10-04T04:26:39Z,37.0,12.505405405405405,79.7918918918919,29.7,2025-10-04T04:26:45Z,2025-10-04T04:26:45Z,,,,alto,bajo,alto,bajo,,Cultivo 1,2025-10
{'$oid': '68e0a2e4c14968ee5a9303f0'},2025-10-04 04:26:49+00:00,2025-10-04T04:30:19Z,22.0,12.477272727272727,81.67272727272727,29.7,2025-10-04T04:30:28Z,2025-10-04T04:30:28Z,2025-10-04T04:30:19Z,,,alto,bajo,alto,bajo,,Cultivo 1,2025-10
{'$oid': '68e0a45d44962f2ad0b983e9'},2025-10-04 04:30:29+00:00,2025-10-04T04:36:39Z,38.0,12.43421052631579,82.21842105263158,29.69736842105263,2025-10-04T04:36:45Z,2025-10-04T04:36:45Z,,,,alto,bajo,alto,bajo,,Cultivo 1,2025-10
{'$oid': '68e0a53cc14968ee5a9303f1'},2025-10-04 04:36:49+00:00,2025-10-04T04:40:19Z,22.0,12.354545454545455,82.19090909090909,29.65909090909091,2025-10-04T04:40:28Z,2025-10-04T04:40:28Z,2025-10-04T04:40:19Z,,,alto,bajo,alto,bajo,,Cultivo 1,2025-10
{'$oid': '68e0a6b544962f2ad0b983ea'},2025-10-04 04:40:29+00:00,2025-10-04T04:46:40Z,38.0,12.226315789473684,82.42631578947369,29.623684210526317,2025-10-04T04:46:45Z,2025-10-04T04:46:45Z,,,,alto,bajo,alto,bajo,,Cultivo 1,2025-10
{'$oid': '68e0a794c14968ee5a9303f2'},2025-10-04 04:46:50+00:00,2025-10-04T04:50:20Z,22.0,12.095454545454546,82.05454545454545,29.6,2025-10-04T04:50:28Z,2025-10-04T04:50:28Z,2025-10-04T04:50:20Z,,,alto,bajo,alto,bajo,,Cultivo 1,2025-10
{'$oid': '68e0a90d44962f2ad0b983eb'},2025-10-04 04:50:30+00:00,2025-10-04T04:56:40Z,38.0,11.992105263157894,82.43684210526315,29.621052631578948,2025-10-04T04:56:45Z,2025-10-04T04:56:45Z,,,,alto,bajo,alto,bajo,,Cultivo 1,2025-10
{'$oid': '68e0a9ecc14968ee5a9303f3'},2025-10-04 04:56:50+00:00,2025-10-04T05:00:21Z,22.0,12.013636363636364,82.97727272727273,29.6,2025-10-04T05:00:28Z,2025-10-04T05:00:28Z,2025-10-04T05:00:21Z,,,alto,bajo,alto,bajo,,Cultivo 1,2025-10
{'$oid': '68e0ab6544962f2ad0b983ec'},2025-10-04 05:00:31+00:00,2025-10-04T05:06:41Z,38.0,12.01578947368421,81.81842105263158,29.6,2025-10-04T05:06:45Z,2025-10-04T05:06:45Z,,,,alto,bajo,alto,bajo,,Cultivo 1,2025-10
{'$oid': '68e0ac44c14968ee5a9303f4'},2025-10-04 05:06:51+00:00,2025-10-04T05:10:21Z,22.0,12.054545454545455,81.75454545454545,29.6,2025-10-04T05:10:28Z,2025-10-04T05:10:28Z,2025-10-04T05:10:21Z,,,alto,bajo,alto,bajo,,Cultivo 1,2025-10
{'$oid': '68e0adbd44962f2ad0b983ed'},2025-10-04 05:10:31+00:00,2025-10-04T05:16:42Z,38.0,12.144736842105262,81.92105263157895,29.6,2025-10-04T05:16:45Z,2025-10-04T05:16:45Z,,,,alto,bajo,alto,bajo,,Cultivo 1,2025-10
{'$oid': '68e0ae9dc14968ee5a9303f5'},2025-10-04 05:16:52+00:00,2025-10-04T05:20:22Z,22.0,12.186363636363636,81.74090909090908,29.6,2025-10-04T05:20:29Z,2025-10-04T05:20:29Z,2025-10-04T05:20:22Z,,,alto,bajo,alto,bajo,,Cultivo 1,2025-10
{'$oid': '68e0b01544962f2ad0b983ee'},2025-10-04 05:20:32+00:00,2025-10-04T05:26:42Z,38.0,12.286842105263158,81.22368421052632,29.6,2025-10-04T05:26:45Z,2025-10-04T05:26:45Z,,,,alto,bajo,alto,bajo,,Cultivo 1,2025-10
{'$oid': '68e0b0f5c14968ee5a9303f6'},2025-10-04 05:26:52+00:00,2025-10-04T05:30:22Z,22.0,12.39090909090909,81.47272727272727,29.6,2025-10-04T05:30:29Z,2025-10-04T05:30:29Z,2025-10-04T05:30:22Z,,,alto,bajo,alto,bajo,,Cultivo 1,2025-10
{'$oid': '68e0b26d44962f2ad0b983ef'},2025-10-04 05:30:32+00:00,2025-10-04T05:36:43Z,38.0,12.452631578947368,81.45,29.6,2025-10-04T05:36:45Z,2025-10-04T05:36:45Z,,,,alto,bajo,alto,bajo,,Cultivo 1,2025-10
{'$oid': '68e0b34dc14968ee5a9303f7'},2025-10-04 05:36:53+00:00,2025-10-04T05:40:23Z,22.0,12.481818181818182,81.66363636363637,29.6,2025-10-04T05:40:29Z,2025-10-04T05:40:29Z,2025-10-04T05:40:23Z,,,alto,bajo,alto,bajo,,Cultivo 1,2025-10
{'$oid': '68e0b4c544962f2ad0b983f0'},2025-10-04 05:40:33+00:00,2025-10-04T05:46:43Z,38.0,12.444736842105263,81.56052631578947,29.6,2025-10-04T05:46:45Z,2025-10-04T05:46:45Z,,,,alto,bajo,alto,bajo,,Cultivo 1,2025-10
{'$oid': '68e0b5a5c14968ee5a9303f8'},2025-10-04 05:46:53+00:00,2025-10-04T05:50:24Z,22.0,12.459090909090909,81.5909090909091,29.6,2025-10-04T05:50:29Z,2025-10-04T05:50:29Z,2025-10-04T05:50:24Z,,,alto,bajo,alto,bajo,,Cultivo 1,2025-10
{'$oid': '68e0b71d44962f2ad0b983f1'},2025-10-04 05:50:34+00:00,2025-10-04T05:56:44Z,38.0,12.478947368421053,81.40526315789474,29.6,2025-10-04T05:56:45Z,2025-10-04T05:56:45Z,,,,alto,bajo,alto,bajo,,Cultivo 1,2025-10
{'$oid': '68e0b7fdc14968ee5a9303f9'},2025-10-04 05:56:54+00:00,2025-10-04T06:00:24Z,22.0,12.495454545454546,81.4,29.6,2025-10-04T06:00:29Z,2025-10-04T06:00:29Z,2025-10-04T06:00:24Z,,,alto,bajo,alto,bajo,,Cultivo 1,2025-10
{'$oid': '68e0b97544962f2ad0b983f2'},2025-10-04 06:00:34+00:00,2025-10-04T06:06:45Z,38.0,12.494736842105263,81.55,29.6,2025-10-04T06:06:45Z,2025-10-04T06:06:45Z,,,,alto,bajo,alto,bajo,,Cultivo 1,2025-10
{'$oid': '68e0ba55c14968ee5a9303fa'},2025-10-04 06:06:55+00:00,2025-10-04T06:10:25Z,22.0,12.454545454545455,82.05,29.6,2025-10-04T06:10:29Z,2025-10-04T06:10:29Z,2025-10-04T06:10:25Z,,,alto,bajo,alto,bajo,,Cultivo 1,2025-10
{'$oid': '68e0bbcd44962f2ad0b983f3'},2025-10-04 06:10:35+00:00,2025-10-04T06:16:35Z,37.0,12.413513513513514,81.73513513513514,29.6,2025-10-04T06:16:45Z,2025-10-04T06:16:45Z,,,,alto,bajo,alto,bajo,,Cultivo 1,2025-10
{'$oid': '68e0bcadc14968ee5a9303fb'},2025-10-04 06:16:45+00:00,2025-10-04T06:20:25Z,23.0,12.356521739130436,81.73478260869565,29.6,2025-10-04T06:20:29Z,2025-10-04T06:20:29Z,2025-10-04T06:20:25Z,,,alto,bajo,alto,bajo,,Cultivo 1,2025-10
{'$oid': '68e0be2544962f2ad0b983f4'},2025-10-04 06:20:35+00:00,2025-10-04T06:26:36Z,37.0,12.345945945945946,82.01891891891891,29.6,2025-10-04T06:26:45Z,2025-10-04T06:26:45Z,,,,alto,bajo,alto,bajo,,Cultivo 1,2025-10
{'$oid': '68e0bf05c14968ee5a9303fc'},2025-10-04 06:26:46+00:00,2025-10-04T06:30:26Z,23.0,12.347826086956522,82.18260869565218,29.6,2025-10-04T06:30:29Z,2025-10-04T06:30:29Z,2025-10-04T06:30:26Z,,,alto,bajo,alto,bajo,,Cultivo 1,2025-10
{'$oid': '68e0c07d44962f2ad0b983f5'},2025-10-04 06:30:36+00:00,2025-10-04T06:36:36Z,37.0,12.397297297297298,82.18648648648649,29.6,2025-10-04T06:36:45Z,2025-10-04T06:36:45Z,,,,alto,bajo,alto,bajo,,Cultivo 1,2025-10
{'$oid': '68e0c15dc14968ee5a9303fd'},2025-10-04 06:36:46+00:00,2025-10-04T06:40:27Z,23.0,12.391304347826088,82.14782608695653,29.6,2025-10-04T06:40:29Z,2025-10-04T06:40:29Z,2025-10-04T06:40:27Z,,,alto,bajo,alto,bajo,,Cultivo 1,2025-10
{'$oid': '68e0c2d544962f2ad0b983f6'},2025-10-04 06:40:37+00:00,2025-10-04T06:46:37Z,37.0,12.375675675675677,82.16756756756757,29.6,2025-10-04T06:46:45Z,2025-10-04T06:46:45Z,,,,alto,bajo,alto,bajo,,Cultivo 1,2025-10
{'$oid': '68e0c3b5c14968ee5a9303fe'},2025-10-04 06:46:47+00:00,2025-10-04T06:50:27Z,23.0,12.373913043478261,82.37391304347827,29.6,2025-10-04T06:50:29Z,2025-10-04T06:50:29Z,2025-10-04T06:50:27Z,,,alto,bajo,alto,bajo,,Cultivo 1,2025-10
{'$oid': '68e0c52d44962f2ad0b983f7'},2025-10-04 06:50:37+00:00,2025-10-04T06:56:38Z,37.0,12.302702702702703,82.43783783783783,29.6,2025-10-04T06:56:45Z,2025-10-04T06:56:45Z,,,,alto,bajo,alto,bajo,,Cultivo 1,2025-10
{'$oid': '68e0c60dc14968ee5a9303ff'},2025-10-04 06:56:49+00:00,2025-10-04T07:00:28Z,23.0,12.21304347826087,82.8913043478261,29.6,2025-10-04T07:00:29Z,2025-10-04T07:00:29Z,2025-10-04T07:00:28Z,,,alto,bajo,alto,bajo,,Cultivo 1,2025-10
{'$oid': '68e0c78544962f2ad0b983f8'},2025-10-04 07:00:38+00:00,2025-10-04T07:06:38Z,37.0,12.213513513513513,82.7945945945946,29.6,2025-10-04T07:06:45Z,2025-10-04T07:06:45Z,,,,alto,bajo,alto,bajo,,Cultivo 1,2025-10
{'$oid': '68e0c865c14968ee5a930400'},2025-10-04 07:06:48+00:00,2025-10-04T07:10:28Z,23.0,12.178260869565216,82.66521739130435,29.565217391304348,2025-10-04T07:10:29Z,2025-10-04T07:10:29Z,2025-10-04T07:10:28Z,,,alto,bajo,alto,bajo,,Cultivo 1,2025-10
{'$oid': '68e0c9dd44962f2ad0b983f9'},2025-10-04 07:10:38+00:00,2025-10-04T07:16:39Z,37.0,12.132432432432433,82.97837837837838,29.513513513513512,2025-10-04T07:16:45Z,2025-10-04T07:16:45Z,,,,alto,bajo,alto,bajo,,Cultivo 1,2025-10
{'$oid': '68e0cabdc14968ee5a930401'},2025-10-04 07:16:49+00:00,2025-10-04T07:20:29Z,23.0,12.113043478260868,83.0,29.504347826086956,2025-10-04T07:20:29Z,2025-10-04T07:20:29Z,2025-10-04T07:20:29Z,,,alto,bajo,alto,bajo,,Cultivo 1,2025-10
{'$oid': '68e0cc3544962f2ad0b983fa'},2025-10-04 07:20:39+00:00,2025-10-04T07:26:39Z,37.0,12.089189189189188,83.08918918918918,29.554054054054056,2025-10-04T07:26:45Z,2025-10-04T07:26:45Z,,,,alto,bajo,alto,bajo,,Cultivo 1,2025-10
{'$oid': '68e0cd15c14968ee5a930402'},2025-10-04 07:26:49+00:00,2025-10-04T07:30:20Z,22.0,12.036363636363637,82.94545454545455,29.509090909090908,2025-10-04T07:30:29Z,2025-10-04T07:30:29Z,2025-10-04T07:30:20Z,,,alto,bajo,alto,bajo,,Cultivo 1,2025-10
{'$oid': '68e0ce8e44962f2ad0b983fb'},2025-10-04 07:30:30+00:00,2025-10-04T07:36:40Z,38.0,12.08421052631579,83.05263157894737,29.507894736842104,2025-10-04T07:36:46Z,2025-10-04T07:36:46Z,,,,alto,bajo,alto,bajo,,Cultivo 1,2025-10
{'$oid': '68e0cf6dc14968ee5a930403'},2025-10-04 07:36:50+00:00,2025-10-04T07:40:20Z,22.0,12.05,82.83181818181818,29.509090909090908,2025-10-04T07:40:29Z,2025-10-04T07:40:29Z,2025-10-04T07:40:20Z,,,alto,bajo,alto,bajo,,Cultivo 1,2025-10
{'$oid': '68e0d0e644962f2ad0b983fc'},2025-10-04 07:40:30+00:00,2025-10-04T07:46:41Z,38.0,11.99736842105263,82.65526315789474,29.53157894736842,2025-10-04T07:46:46Z,2025-10-04T07:46:46Z,,,,alto,bajo,alto,bajo,,Cultivo 1,2025-10
{'$oid': '68e0d1c5c14968ee5a930404'},2025-10-04 07:46:51+00:00,2025-10-04T07:50:21Z,22.0,12.004545454545454,82.6590909090909,29.504545454545454,2025-10-04T07:50:29Z,2025-10-04T07:50:29Z,2025-10-04T07:50:21Z,,,alto,bajo,alto,bajo,,Cultivo 1,2025-10
{'$oid': '68e0d33e44962f2ad0b983fd'},2025-10-04 07:50:31+00:00,2025-10-04T07:56:41Z,38.0,11.968421052631578,83.01315789473684,29.5,2025-10-04T07:56:46Z,2025-10-04T07:56:46Z,,,,alto,bajo,alto,bajo,,Cultivo 1,2025-10
{'$oid': '68e0d41dc14968ee5a930405'},2025-10-04 07:56:51+00:00,2025-10-04T08:00:21Z,22.0,11.790909090909091,83.39545454545454,29.5,2025-10-04T08:00:29Z,2025-10-04T08:00:29Z,2025-10-04T08:00:21Z,,,alto,bajo,alto,bajo,,Cultivo 1,2025-10
{'$oid': '68e0d59644962f2ad0b983fe'},2025-10-04 08:00:31+00:00,2025-10-04T08:06:42Z,38.0,11.50263157894737,83.8078947368421,29.5,2025-10-04T08:06:46Z,2025-10-04T08:06:46Z,,,,alto,bajo,alto,bajo,,Cultivo 1,2025-10
{'$oid': '68e0d675c14968ee5a930406'},2025-10-04 08:06:52+00:00,2025-10-04T08:10:22Z,22.0,11.25909090909091,84.2409090909091,29.51818181818182,2025-10-04T08:10:29Z,2025-10-04T08:10:29Z,2025-10-04T08:10:22Z,,,alto,bajo,alto,bajo,,Cultivo 1,2025-10
{'$oid': '68e0d7ee44962f2ad0b983ff'},2025-10-04 08:10:32+00:00,2025-10-04T08:16:42Z,38.0,10.973684210526315,84.62894736842105,29.594736842105263,2025-10-04T08:16:46Z,2025-10-04T08:16:46Z,,,,alto,bajo,alto,bajo,,Cultivo 1,2025-10
{'$oid': '68e0d8cdc14968ee5a930407'},2025-10-04 08:16:52+00:00,2025-10-04T08:20:23Z,19.0,10.757894736842106,84.82105263157895,29.573684210526316,2025-10-04T08:20:29Z,2025-10-04T08:20:29Z,2025-10-04T08:20:23Z,,,alto,bajo,alto,bajo,,Cultivo 1,2025-10
{'$oid': '68e0da4644962f2ad0b98400'},2025-10-04 08:20:33+00:00,2025-10-04T08:26:43Z,38.0,10.607894736842105,85.13684210526316,29.544736842105262,2025-10-04T08:26:46Z,2025-10-04T08:26:46Z,,,,alto,bajo,alto,bajo,,Cultivo 1,2025-10
{'$oid': '68e0db25c14968ee5a930408'},2025-10-04 08:26:53+00:00,2025-10-04T08:30:23Z,22.0,10.49090909090909,85.09545454545454,29.5,2025-10-04T08:30:29Z,2025-10-04T08:30:29Z,2025-10-04T08:30:23Z,,,alto,bajo,alto,bajo,,Cultivo 1,2025-10
{'$oid': '68e0dc9e44962f2ad0b98401'},2025-10-04 08:30:33+00:00,2025-10-04T08:36:44Z,38.0,10.378947368421054,85.12105263157895,29.5,2025-10-04T08:36:46Z,2025-10-04T08:36:46Z,,,,alto,bajo,alto,bajo,,Cultivo 1,2025-10
{'$oid': '68e0dd7ec14968ee5a930409'},2025-10-04 08:36:54+00:00,2025-10-04T08:40:24Z,22.0,10.25909090909091,85.68181818181819,29.5,2025-10-04T08:40:30Z,2025-10-04T08:40:30Z,2025-10-04T08:40:24Z,,,alto,bajo,alto,bajo,,Cultivo 1,2025-10
{'$oid': '68e0def644962f2ad0b98402'},2025-10-04 08:40:34+00:00,2025-10-04T08:46:44Z,38.0,10.202631578947368,85.77894736842106,29.523684210526316,2025-10-04T08:46:46Z,2025-10-04T08:46:46Z,,,,alto,bajo,alto,bajo,,Cultivo 1,2025-10
{'$oid': '68e0dfd6c14968ee5a93040a'},2025-10-04 08:46:54+00:00,2025-10-04T08:50:24Z,22.0,10.14090909090909,85.85909090909091,29.545454545454547,2025-10-04T08:50:30Z,2025-10-04T08:50:30Z,2025-10-04T08:50:24Z,,,alto,bajo,alto,bajo,,Cultivo 1,2025-10
{'$oid': '68e0e14e44962f2ad0b98403'},2025-10-04 08:50:34+00:00,2025-10-04T08:56:45Z,38.0,10.110526315789473,86.01842105263158,29.50526315789474,2025-10-04T08:56:46Z,2025-10-04T08:56:46Z,,,,alto,bajo,alto,bajo,,Cultivo 1,2025-10
{'$oid': '68e0e22ec14968ee5a93040b'},2025-10-04 08:56:55+00:00,2025-10-04T09:00:25Z,22.0,10.095454545454546,86.0909090909091,29.5,2025-10-04T09:00:30Z,2025-10-04T09:00:30Z,2025-10-04T09:00:25Z,,,alto,bajo,alto,bajo,,Cultivo 1,2025-10
{'$oid': '68e0e3a644962f2ad0b98404'},2025-10-04 09:00:35+00:00,2025-10-04T09:06:45Z,38.0,10.068421052631578,86.25,29.5,2025-10-04T09:06:46Z,2025-10-04T09:06:46Z,,,,alto,bajo,alto,bajo,,Cultivo 1,2025-10
{'$oid': '68e0e486c14968ee5a93040c'},2025-10-04 09:06:55+00:00,2025-10-04T09:10:26Z,22.0,10.027272727272727,86.2090909090909,29.5,2025-10-04T09:10:30Z,2025-10-04T09:10:30Z,2025-10-04T09:10:26Z,,,alto,bajo,alto,bajo,,Cultivo 1,2025-10
{'$oid': '68e0e5fe44962f2ad0b98405'},2025-10-04 09:10:36+00:00,2025-10-04T09:16:36Z,37.0,9.986486486486486,86.15945945945946,29.5,2025-10-04T09:16:46Z,2025-10-04T09:16:46Z,,,,alto,bajo,alto,bajo,,Cultivo 1,2025-10
{'$oid': '68e0e6dec14968ee5a93040d'},2025-10-04 09:16:46+00:00,2025-10-04T09:20:26Z,23.0,9.95217391304348,86.17826086956522,29.5,2025-10-04T09:20:30Z,2025-10-04T09:20:30Z,2025-10-04T09:20:26Z,,,alto,bajo,alto,bajo,,Cultivo 1,2025-10
{'$oid': '68e0e85644962f2ad0b98406'},2025-10-04 09:20:36+00:00,2025-10-04T09:26:37Z,37.0,9.945945945945946,86.20270270270271,29.5,2025-10-04T09:26:46Z,2025-10-04T09:26:46Z,,,,alto,bajo,alto,bajo,,Cultivo 1,2025-10
{'$oid': '68e0e936c14968ee5a93040e'},2025-10-04 09:26:47+00:00,2025-10-04T09:30:27Z,23.0,9.91304347826087,86.28260869565217,29.5,2025-10-04T09:30:30Z,2025-10-04T09:30:30Z,2025-10-04T09:30:27Z,,,alto,bajo,alto,bajo,,Cultivo 1,2025-10
{'$oid': '68e0eaae44962f2ad0b98407'},2025-10-04 09:30:37+00:00,2025-10-04T09:36:37Z,37.0,9.916216216216217,86.31351351351351,29.5,2025-10-04T09:36:46Z,2025-10-04T09:36:46Z,,,,alto,bajo,alto,bajo,,Cultivo 1,2025-10
{'$oid': '68e0eb8ec14968ee5a93040f'},2025-10-04 09:36:47+00:00,2025-10-04T09:40:28Z,23.0,9.873913043478261,86.09130434782608,29.5,2025-10-04T09:40:30Z,2025-10-04T09:40:30Z,2025-10-04T09:40:28Z,,,alto,bajo,alto,bajo,,Cultivo 1,2025-10
{'$oid': '68e0ed0644962f2ad0b98408'},2025-10-04 09:40:38+00:00,2025-10-04T09:46:38Z,37.0,9.85945945945946,86.10810810810811,29.5,2025-10-04T09:46:46Z,2025-10-04T09:46:46Z,,,,alto,bajo,alto,bajo,,Cultivo 1,2025-10
{'$oid': '68e0ede6c14968ee5a930410'},2025-10-04 09:46:48+00:00,2025-10-04T09:50:29Z,23.0,9.839130434782609,86.17391304347827,29.5,2025-10-04T09:50:30Z,2025-10-04T09:50:30Z,2025-10-04T09:50:29Z,,,alto,bajo,alto,bajo,,Cultivo 1,2025-10
{'$oid': '68e0ef5e44962f2ad0b98409'},2025-10-04 09:50:38+00:00,2025-10-04T09:56:39Z,37.0,9.8,86.0972972972973,29.5,2025-10-04T09:56:46Z,2025-10-04T09:56:46Z,,,,alto,bajo,alto,bajo,,Cultivo 1,2025-10
{'$oid': '68e0f03ec14968ee5a930411'},2025-10-04 09:56:48+00:00,2025-10-04T10:00:29Z,23.0,9.773913043478261,86.22608695652174,29.5,2025-10-04T10:00:30Z,2025-10-04T10:00:30Z,2025-10-04T10:00:29Z,,,alto,bajo,alto,bajo,,Cultivo 1,2025-10
{'$oid': '68e0f1b644962f2ad0b9840a'},2025-10-04 10:00:39+00:00,2025-10-04T10:06:39Z,37.0,9.735135135135135,86.07837837837837,29.5,2025-10-04T10:06:46Z,2025-10-04T10:06:46Z,,,,alto,bajo,alto,bajo,,Cultivo 1,2025-10
{'$oid': '68e0f296c14968ee5a930412'},2025-10-04 10:06:49+00:00,2025-10-04T10:10:19Z,22.0,9.695454545454545,85.87727272727273,29.5,2025-10-04T10:10:30Z,2025-10-04T10:10:30Z,2025-10-04T10:10:19Z,,,alto,bajo,alto,bajo,,Cultivo 1,2025-10
{'$oid': '68e0f40e44962f2ad0b9840b'},2025-10-04 10:10:32+00:00,2025-10-04T10:16:40Z,38.0,9.694736842105263,86.16052631578947,29.49736842105263,2025-10-04T10:16:46Z,2025-10-04T10:16:46Z,,,,alto,bajo,alto,bajo,,Cultivo 1,2025-10
{'$oid': '68e0f4eec14968ee5a930413'},2025-10-04 10:16:50+00:00,2025-10-04T10:20:20Z,22.0,9.654545454545454,86.24090909090908,29.5,2025-10-04T10:20:30Z,2025-10-04T10:20:30Z,2025-10-04T10:20:20Z,,,alto,bajo,alto,bajo,,Cultivo 1,2025-10
{'$oid': '68e0f66644962f2ad0b9840c'},2025-10-04 10:20:33+00:00,2025-10-04T10:26:40Z,38.0,9.628947368421052,85.96578947368421,29.5,2025-10-04T10:26:46Z,2025-10-04T10:26:46Z,,,,alto,bajo,alto,bajo,,Cultivo 1,2025-10
{'$oid': '68e0f746c14968ee5a930414'},2025-10-04 10:26:50+00:00,2025-10-04T10:30:21Z,22.0,9.604545454545454,86.05909090909091,29.5,2025-10-04T10:30:30Z,2025-10-04T10:30:30Z,2025-10-04T10:30:21Z,,,alto,bajo,alto,bajo,,Cultivo 1,2025-10
{'$oid': '68e0f8be44962f2ad0b9840d'},2025-10-04 10:30:30+00:00,2025-10-04T10:36:41Z,39.0,9.607692307692307,86.12564102564103,29.5,2025-10-04T10:36:46Z,2025-10-04T10:36:46Z,,,,alto,bajo,alto,bajo,,Cultivo 1,2025-10
{'$oid': '68e0f99ec14968ee5a930415'},2025-10-04 10:36:51+00:00,2025-10-04T10:40:21Z,22.0,9.568181818181818,86.19090909090909,29.5,2025-10-04T10:40:30Z,2025-10-04T10:40:30Z,2025-10-04T10:40:21Z,,,alto,bajo,alto,bajo,,Cultivo 1,2025-10
{'$oid': '68e0fb1644962f2ad0b9840e'},2025-10-04 10:40:31+00:00,2025-10-04T10:46:41Z,38.0,9.555263157894737,86.1842105263158,29.5,2025-10-04T10:46:46Z,2025-10-04T10:46:46Z,,,,alto,bajo,alto,bajo,,Cultivo 1,2025-10
{'$oid': '68e0fbf6c14968ee5a930416'},2025-10-04 10:46:51+00:00,2025-10-04T10:50:22Z,22.0,9.536363636363637,86.19090909090909,29.5,2025-10-04T10:50:30Z,2025-10-04T10:50:30Z,2025-10-04T10:50:22Z,,,alto,bajo,alto,bajo,,Cultivo 1,2025-10
{'$oid': '68e0fd6e44962f2ad0b9840f'},2025-10-04 10:50:32+00:00,2025-10-04T10:56:43Z,38.0,9.534210526315789,86.02894736842106,29.5,2025-10-04T10:56:46Z,2025-10-04T10:56:46Z,,,,alto,bajo,alto,bajo,,Cultivo 1,2025-10
{'$oid': '68e0fe4ec14968ee5a930417'},2025-10-04 10:56:52+00:00,2025-10-04T11:00:23Z,22.0,9.522727272727273,86.28636363636363,29.5,2025-10-04T11:00:30Z,2025-10-04T11:00:30Z,2025-10-04T11:00:23Z,,,alto,bajo,alto,bajo,,Cultivo 1,2025-10
{'$oid': '68e0ffc644962f2ad0b98410'},2025-10-04 11:00:34+00:00,2025-10-04T11:06:43Z,38.0,9.576315789473684,86.22105263157894,29.5,2025-10-04T11:06:46Z,2025-10-04T11:06:46Z,,,,alto,bajo,alto,bajo,,Cultivo 1,2025-10
{'$oid': '68e100a6c14968ee5a930418'},2025-10-04 11:06:53+00:00,2025-10-04T11:10:23Z,22.0,9.645454545454545,85.85454545454546,29.5,2025-10-04T11:10:30Z,2025-10-04T11:10:30Z,2025-10-04T11:10:23Z,,,alto,bajo,alto,bajo,,Cultivo 1,2025-10
{'$oid': '68e1021e44962f2ad0b98411'},2025-10-04 11:10:33+00:00,2025-10-04T11:16:43Z,38.0,9.73421052631579,85.51842105263158,29.5,2025-10-04T11:16:46Z,2025-10-04T11:16:46Z,,,,alto,bajo,alto,bajo,,Cultivo 1,2025-10
{'$oid': '68e102fec14968ee5a930419'},2025-10-04 11:16:53+00:00,2025-10-04T11:20:23Z,22.0,9.863636363636363,85.10909090909091,29.5,2025-10-04T11:20:30Z,2025-10-04T11:20:30Z,2025-10-04T11:20:23Z,,,alto,bajo,alto,bajo,,Cultivo 1,2025-10
{'$oid': '68e1047644962f2ad0b98412'},2025-10-04 11:20:34+00:00,2025-10-04T11:26:44Z,38.0,10.060526315789474,84.83947368421053,29.5,2025-10-04T11:26:46Z,2025-10-04T11:26:46Z,,,,alto,bajo,alto,bajo,,Cultivo 1,2025-10
{'$oid': '68e10556c14968ee5a93041a'},2025-10-04 11:26:54+00:00,2025-10-04T11:30:24Z,22.0,10.277272727272727,84.48181818181818,29.5,2025-10-04T11:30:30Z,2025-10-04T11:30:30Z,2025-10-04T11:30:24Z,,,alto,bajo,alto,bajo,,Cultivo 1,2025-10
{'$oid': '68e106ce44962f2ad0b98413'},2025-10-04 11:30:34+00:00,2025-10-04T11:36:45Z,38.0,10.621052631578948,83.97368421052632,29.5,2025-10-04T11:36:46Z,2025-10-04T11:36:46Z,,,,alto,bajo,alto,bajo,,Cultivo 1,2025-10
{'$oid': '68e107aec14968ee5a93041b'},2025-10-04 11:36:54+00:00,2025-10-04T11:40:25Z,22.0,11.077272727272728,83.2,29.5,2025-10-04T11:40:30Z,2025-10-04T11:40:30Z,2025-10-04T11:40:25Z,,,alto,bajo,alto,bajo,,Cultivo 1,2025-10
{'$oid': '68e1092644962f2ad0b98414'},2025-10-04 11:40:35+00:00,2025-10-04T11:46:45Z,38.0,11.728947368421053,82.33157894736843,29.5,2025-10-04T11:46:46Z,2025-10-04T11:46:46Z,,,,alto,bajo,alto,bajo,,Cultivo 1,2025-10
{'$oid': '68e10a06c14968ee5a93041c'},2025-10-04 11:46:55+00:00,2025-10-04T11:50:25Z,22.0,12.254545454545454,81.37727272727273,29.5,2025-10-04T11:50:30Z,2025-10-04T11:50:30Z,2025-10-04T11:50:25Z,,,alto,bajo,alto,bajo,,Cultivo 1,2025-10
{'$oid': '68e10b7f44962f2ad0b98415'},2025-10-04 11:50:35+00:00,2025-10-04T11:56:46Z,38.0,12.707894736842105,80.82368421052631,29.5,2025-10-04T11:56:47Z,2025-10-04T11:56:47Z,,,,alto,bajo,alto,bajo,,Cultivo 1,2025-10
{'$oid': '68e10c5ec14968ee5a93041d'},2025-10-04 11:56:56+00:00,2025-10-04T12:00:27Z,23.0,13.156521739130435,79.71739130434783,29.5,2025-10-04T12:00:30Z,2025-10-04T12:00:30Z,2025-10-04T12:00:27Z,,,alto,bajo,alto,bajo,,Cultivo 1,2025-10
{'$oid': '68e10dd744962f2ad0b98416'},2025-10-04 12:00:37+00:00,2025-10-04T12:06:37Z,38.0,13.592105263157896,78.82631578947368,29.5,2025-10-04T12:06:47Z,2025-10-04T12:06:47Z,,,,alto,bajo,alto,bajo,,Cultivo 1,2025-10
{'$oid': '68e10eb6c14968ee5a93041e'},2025-10-04 12:06:47+00:00,2025-10-04T12:10:27Z,23.0,14.078260869565216,77.97826086956522,29.5,2025-10-04T12:10:30Z,2025-10-04T12:10:30Z,2025-10-04T12:10:27Z,,,alto,bajo,alto,bajo,,Cultivo 1,2025-10
{'$oid': '68e1102f44962f2ad0b98417'},2025-10-04 12:10:37+00:00,2025-10-04T12:16:38Z,39.0,14.638461538461538,76.30512820512821,29.31025641025641,2025-10-04T12:16:47Z,2025-10-04T12:16:47Z,,,,alto,bajo,alto,bajo,,Cultivo 1,2025-10
{'$oid': '68e1110ec14968ee5a93041f'},2025-10-04 12:16:49+00:00,2025-10-04T12:20:27Z,23.0,15.091304347826087,74.93913043478261,28.98695652173913,2025-10-04T12:20:30Z,2025-10-04T12:20:30Z,2025-10-04T12:20:27Z,,,alto,bajo,alto,bajo,,Cultivo 1,2025-10
{'$oid': '68e1128744962f2ad0b98418'},2025-10-04 12:20:38+00:00,2025-10-04T12:26:38Z,37.0,15.45135135135135,74.6108108108108,28.967567567567567,2025-10-04T12:26:47Z,2025-10-04T12:26:47Z,,,,alto,bajo,alto,bajo,,Cultivo 1,2025-10
{'$oid': '68e11366c14968ee5a930420'},2025-10-04 12:26:48+00:00,2025-10-04T12:30:29Z,23.0,15.691304347826087,74.15217391304348,28.982608695652175,2025-10-04T12:30:30Z,2025-10-04T12:30:30Z,2025-10-04T12:30:29Z,,,alto,bajo,alto,bajo,,Cultivo 1,2025-10
{'$oid': '68e114df44962f2ad0b98419'},2025-10-04 12:30:39+00:00,2025-10-04T12:36:38Z,37.0,15.854054054054055,73.6054054054054,28.94324324324324,2025-10-04T12:36:47Z,2025-10-04T12:36:47Z,,,,alto,bajo,alto,bajo,,Cultivo 1,2025-10
{'$oid': '68e115bec14968ee5a930421'},2025-10-04 12:36:48+00:00,2025-10-04T12:40:28Z,23.0,15.965217391304348,74.82608695652173,28.913043478260867,2025-10-04T12:40:30Z,2025-10-04T12:40:30Z,2025-10-04T12:40:28Z,,,alto,bajo,alto,bajo,,Cultivo 1,2025-10
{'$oid': '68e1173844962f2ad0b9841a'},2025-10-04 12:40:38+00:00,2025-10-04T12:46:39Z,37.0,16.197297297297297,74.38378378378378,28.9,2025-10-04T12:46:48Z,2025-10-04T12:46:48Z,,,,alto,bajo,alto,bajo,,Cultivo 1,2025-10
{'$oid': '68e11816c14968ee5a930422'},2025-10-04 12:46:49+00:00,2025-10-04T12:50:29Z,23.0,16.35217391304348,74.25652173913043,28.9,2025-10-04T12:50:30Z,2025-10-04T12:50:30Z,2025-10-04T12:50:29Z,,,alto,bajo,alto,bajo,,Cultivo 1,2025-10
{'$oid': '68e1199044962f2ad0b9841b'},2025-10-04 12:50:40+00:00,2025-10-04T12:56:39Z,37.0,16.613513513513514,73.57837837837837,28.894594594594594,2025-10-04T12:56:48Z,2025-10-04T12:56:48Z,,,,alto,bajo,alto,bajo,,Cultivo 1,2025-10
{'$oid': '68e11a6fc14968ee5a930423'},2025-10-04 12:56:49+00:00,2025-10-04T13:00:29Z,23.0,17.03913043478261,72.52173913043478,28.895652173913042,2025-10-04T13:00:31Z,2025-10-04T13:00:31Z,2025-10-04T13:00:29Z,,,alto,bajo,alto,bajo,,Cultivo 1,2025-10
{'$oid': '68e11be844962f2ad0b9841c'},2025-10-04 13:00:40+00:00,2025-10-04T13:06:40Z,37.0,17.294594594594596,72.16216216216216,31.61081081081081,2025-10-04T13:06:48Z,2025-10-04T13:06:48Z,,,,alto,alto,alto,alto,,Cultivo 1,2025-10
{'$oid': '68e11cc7c14968ee5a930424'},2025-10-04 13:06:50+00:00,2025-10-04T13:10:30Z,23.0,17.41304347826087,71.32173913043478,36.97826086956522,2025-10-04T13:10:31Z,2025-10-04T13:10:31Z,2025-10-04T13:10:30Z,,,alto,alto,alto,alto,,Cultivo 1,2025-10
{'$oid': '68e11e4044962f2ad0b9841d'},2025-10-04 13:10:40+00:00,2025-10-04T13:16:41Z,37.0,17.62162162162162,71.65405405405406,35.5,2025-10-04T13:16:48Z,2025-10-04T13:16:48Z,,,,alto,bajo,alto,bajo,,Cultivo 1,2025-10
{'$oid': '68e11f1fc14968ee5a930425'},2025-10-04 13:16:51+00:00,2025-10-04T13:20:21Z,22.0,18.05909090909091,70.72272727272727,34.89545454545454,2025-10-04T13:20:31Z,2025-10-04T13:20:31Z,2025-10-04T13:20:21Z,,,alto,bajo,alto,bajo,,Cultivo 1,2025-10
{'$oid': '68e1209844962f2ad0b9841e'},2025-10-04 13:20:31+00:00,2025-10-04T13:26:41Z,38.0,19.04736842105263,69.1421052631579,34.72631578947369,2025-10-04T13:26:48Z,2025-10-04T13:26:48Z,,,,alto,bajo,alto,bajo,,Cultivo 1,2025-10
{'$oid': '68e12177c14968ee5a930426'},2025-10-04 13:26:52+00:00,2025-10-04T13:30:22Z,22.0,19.804545454545455,67.06363636363636,34.36363636363636,2025-10-04T13:30:31Z,2025-10-04T13:30:31Z,2025-10-04T13:30:22Z,,,alto,bajo,alto,bajo,,Cultivo 1,2025-10
{'$oid': '68e122f144962f2ad0b9841f'},2025-10-04 13:30:31+00:00,2025-10-04T13:36:43Z,38.0,19.726315789473684,67.01842105263158,33.86842105263158,2025-10-04T13:36:49Z,2025-10-04T13:36:49Z,,,,alto,bajo,alto,bajo,,Cultivo 1,2025-10
{'$oid': '68e123cfc14968ee5a930427'},2025-10-04 13:36:53+00:00,2025-10-04T13:40:22Z,22.0,19.509090909090908,66.99545454545455,33.4,2025-10-04T13:40:31Z,2025-10-04T13:40:31Z,2025-10-04T13:40:22Z,,,alto,bajo,alto,bajo,,Cultivo 1,2025-10
{'$oid': '68e1254944962f2ad0b98420'},2025-10-04 13:40:32+00:00,2025-10-04T13:46:43Z,38.0,20.03421052631579,66.53421052631579,33.01052631578948,2025-10-04T13:46:49Z,2025-10-04T13:46:49Z,,,,alto,bajo,alto,bajo,,Cultivo 1,2025-10
{'$oid': '68e12627c14968ee5a930428'},2025-10-04 13:46:54+00:00,2025-10-04T13:50:23Z,22.0,20.895454545454545,65.33636363636363,32.66818181818182,2025-10-04T13:50:31Z,2025-10-04T13:50:31Z,2025-10-04T13:50:23Z,,,alto,bajo,alto,bajo,,Cultivo 1,2025-10
{'$oid': '68e127a144962f2ad0b98421'},2025-10-04 13:50:33+00:00,2025-10-04T13:56:43Z,38.0,21.402631578947368,64.5657894736842,32.34473684210526,2025-10-04T13:56:49Z,2025-10-04T13:56:49Z,,,,alto,bajo,alto,bajo,,Cultivo 1,2025-10
{'$oid': '68e1287fc14968ee5a930429'},2025-10-04 13:56:53+00:00,2025-10-04T14:00:23Z,22.0,21.818181818181817,63.9,32.054545454545455,2025-10-04T14:00:31Z,2025-10-04T14:00:31Z,2025-10-04T14:00:23Z,,,alto,bajo,alto,bajo,,Cultivo 1,2025-10
{'$oid': '68e129f944962f2ad0b98422'},2025-10-04 14:00:33+00:00,2025-10-04T14:06:43Z,38.0,21.776315789473685,63.27105263157895,31.79736842105263,2025-10-04T14:06:49Z,2025-10-04T14:06:49Z,,,,alto,bajo,alto,bajo,,Cultivo 1,2025-10
{'$oid': '68e12ad7c14968ee5a93042a'},2025-10-04 14:06:54+00:00,2025-10-04T14:10:24Z,22.0,21.67727272727273,63.663636363636364,31.56818181818182,2025-10-04T14:10:31Z,2025-10-04T14:10:31Z,2025-10-04T14:10:24Z,,,alto,bajo,alto,bajo,,Cultivo 1,2025-10
{'$oid': '68e12c5244962f2ad0b98423'},2025-10-04 14:10:34+00:00,2025-10-04T14:16:45Z,38.0,21.30263157894737,63.921052631578945,31.826315789473686,2025-10-04T14:16:50Z,2025-10-04T14:16:50Z,,,,alto,bajo,alto,bajo,,Cultivo 1,2025-10
{'$oid': '68e12d30c14968ee5a93042b'},2025-10-04 14:16:54+00:00,2025-10-04T14:20:24Z,22.0,21.013636363636365,64.80454545454546,31.772727272727273,2025-10-04T14:20:32Z,2025-10-04T14:20:32Z,2025-10-04T14:20:24Z,,,alto,bajo,alto,bajo,,Cultivo 1,2025-10
{'$oid': '68e12eaa44962f2ad0b98424'},2025-10-04 14:20:34+00:00,2025-10-04T14:26:45Z,38.0,20.776315789473685,64.85526315789474,31.03157894736842,2025-10-04T14:26:50Z,2025-10-04T14:26:50Z,,,,alto,bajo,alto,bajo,,Cultivo 1,2025-10
{'$oid': '68e12f88c14968ee5a93042c'},2025-10-04 14:26:55+00:00,2025-10-04T14:30:25Z,22.0,20.454545454545453,65.58181818181818,30.8,2025-10-04T14:30:32Z,2025-10-04T14:30:32Z,2025-10-04T14:30:25Z,,,alto,bajo,alto,bajo,,Cultivo 1,2025-10
{'$oid': '68e1310244962f2ad0b98425'},2025-10-04 14:30:35+00:00,2025-10-04T14:36:45Z,39.0,20.20769230769231,64.18717948717949,30.671794871794873,2025-10-04T14:36:50Z,2025-10-04T14:36:50Z,,,,alto,bajo,alto,bajo,,Cultivo 1,2025-10
{'$oid': '68e131e0c14968ee5a93042d'},2025-10-04 14:36:56+00:00,2025-10-04T14:40:26Z,22.0,20.090909090909093,64.36818181818182,30.56818181818182,2025-10-04T14:40:32Z,2025-10-04T14:40:32Z,2025-10-04T14:40:26Z,,,alto,bajo,alto,bajo,,Cultivo 1,2025-10
{'$oid': '68e1335a44962f2ad0b98426'},2025-10-04 14:40:36+00:00,2025-10-04T14:46:46Z,38.0,20.181578947368422,64.87631578947368,30.457894736842103,2025-10-04T14:46:50Z,2025-10-04T14:46:50Z,,,,alto,bajo,alto,bajo,,Cultivo 1,2025-10
{'$oid': '68e13439c14968ee5a93042e'},2025-10-04 14:46:56+00:00,2025-10-04T14:50:27Z,22.0,20.045454545454547,65.72727272727273,30.4,2025-10-04T14:50:33Z,2025-10-04T14:50:33Z,2025-10-04T14:50:27Z,,,alto,bajo,alto,bajo,,Cultivo 1,2025-10
{'$oid': '68e135b344962f2ad0b98427'},2025-10-04 14:50:36+00:00,2025-10-04T14:56:46Z,38.0,19.705263157894738,66.07631578947368,30.33157894736842,2025-10-04T14:56:51Z,2025-10-04T14:56:51Z,,,,alto,bajo,alto,bajo,,Cultivo 1,2025-10
{'$oid': '68e13691c14968ee5a93042f'},2025-10-04 14:56:57+00:00,2025-10-04T15:00:27Z,22.0,19.459090909090907,66.47727272727273,30.26818181818182,2025-10-04T15:00:33Z,2025-10-04T15:00:33Z,2025-10-04T15:00:27Z,,,alto,bajo,alto,bajo,,Cultivo 1,2025-10
{'$oid': '68e1380b44962f2ad0b98428'},2025-10-04 15:00:37+00:00,2025-10-04T15:06:47Z,38.0,19.74473684210526,66.65263157894736,30.2,2025-10-04T15:06:51Z,2025-10-04T15:06:51Z,,,,alto,bajo,alto,bajo,,Cultivo 1,2025-10
{'$oid': '68e138e9c14968ee5a930430'},2025-10-04 15:06:57+00:00,2025-10-04T15:10:27Z,22.0,20.104545454545455,66.08181818181818,30.18181818181818,2025-10-04T15:10:33Z,2025-10-04T15:10:33Z,2025-10-04T15:10:27Z,,,alto,bajo,alto,bajo,,Cultivo 1,2025-10
{'$oid': '68e13a6344962f2ad0b98429'},2025-10-04 15:10:37+00:00,2025-10-04T15:16:48Z,38.0,20.228947368421053,65.32105263157895,30.10263157894737,2025-10-04T15:16:51Z,2025-10-04T15:16:51Z,,,,alto,bajo,alto,bajo,,Cultivo 1,2025-10
{'$oid': '68e13b41c14968ee5a930431'},2025-10-04 15:16:59+00:00,2025-10-04T15:20:28Z,22.0,20.34090909090909,65.40454545454546,30.090909090909093,2025-10-04T15:20:33Z,2025-10-04T15:20:33Z,2025-10-04T15:20:28Z,,,alto,bajo,alto,bajo,,Cultivo 1,2025-10
{'$oid': '68e13cbb44962f2ad0b9842a'},2025-10-04 15:20:38+00:00,2025-10-04T15:26:49Z,38.0,20.33157894736842,65.37894736842105,30.597368421052632,2025-10-04T15:26:51Z,2025-10-04T15:26:51Z,,,,alto,bajo,alto,bajo,,Cultivo 1,2025-10
{'$oid': '68e13d99c14968ee5a930432'},2025-10-04 15:26:59+00:00,2025-10-04T15:30:28Z,22.0,20.090909090909093,64.88181818181818,30.477272727272727,2025-10-04T15:30:33Z,2025-10-04T15:30:33Z,2025-10-04T15:30:28Z,,,alto,bajo,alto,bajo,,Cultivo 1,2025-10
{'$oid': '68e13f1344962f2ad0b9842b'},2025-10-04 15:30:38+00:00,2025-10-04T15:36:49Z,38.0,20.289473684210527,64.83684210526316,29.99473684210526,2025-10-04T15:36:51Z,2025-10-04T15:36:51Z,,,,alto,bajo,alto,bajo,,Cultivo 1,2025-10
{'$oid': '68e13ff1c14968ee5a930433'},2025-10-04 15:36:59+00:00,2025-10-04T15:40:29Z,22.0,20.70909090909091,64.36363636363636,29.886363636363637,2025-10-04T15:40:33Z,2025-10-04T15:40:33Z,2025-10-04T15:40:29Z,,,alto,bajo,alto,bajo,,Cultivo 1,2025-10
{'$oid': '68e1416b44962f2ad0b9842c'},2025-10-04 15:40:39+00:00,2025-10-04T15:46:49Z,38.0,21.007894736842104,63.410526315789475,29.8,2025-10-04T15:46:51Z,2025-10-04T15:46:51Z,,,,alto,bajo,alto,bajo,,Cultivo 1,2025-10
{'$oid': '68e14249c14968ee5a930434'},2025-10-04 15:47:00+00:00,2025-10-04T15:50:30Z,22.0,21.304545454545455,63.05909090909091,29.8,2025-10-04T15:50:33Z,2025-10-04T15:50:33Z,2025-10-04T15:50:30Z,,,alto,bajo,alto,bajo,,Cultivo 1,2025-10
{'$oid': '68e143c344962f2ad0b9842d'},2025-10-04 15:50:40+00:00,2025-10-04T15:56:50Z,38.0,21.518421052631577,61.502631578947366,29.79736842105263,2025-10-04T15:56:51Z,2025-10-04T15:56:51Z,,,,alto,bajo,alto,bajo,,Cultivo 1,2025-10
{'$oid': '68e144a1c14968ee5a930435'},2025-10-04 15:57:00+00:00,2025-10-04T16:00:30Z,22.0,21.877272727272725,61.43181818181818,29.740909090909092,2025-10-04T16:00:33Z,2025-10-04T16:00:33Z,2025-10-04T16:00:30Z,,,alto,bajo,alto,bajo,,Cultivo 1,2025-10
{'$oid': '68e1461b44962f2ad0b9842e'},2025-10-04 16:00:40+00:00,2025-10-04T16:06:41Z,37.0,22.094594594594597,61.18648648648649,29.7,2025-10-04T16:06:51Z,2025-10-04T16:06:51Z,,,,alto,bajo,alto,bajo,,Cultivo 1,2025-10
{'$oid': '68e146f9c14968ee5a930436'},2025-10-04 16:06:51+00:00,2025-10-04T16:10:31Z,23.0,21.921739130434784,61.13913043478261,29.7,2025-10-04T16:10:33Z,2025-10-04T16:10:33Z,2025-10-04T16:10:31Z,,,alto,bajo,alto,bajo,,Cultivo 1,2025-10
{'$oid': '68e1487344962f2ad0b9842f'},2025-10-04 16:10:41+00:00,2025-10-04T16:16:41Z,37.0,21.7,62.22702702702703,29.7,2025-10-04T16:16:51Z,2025-10-04T16:16:51Z,,,,alto,bajo,alto,bajo,,Cultivo 1,2025-10
{'$oid': '68e14952c14968ee5a930437'},2025-10-04 16:16:51+00:00,2025-10-04T16:20:32Z,23.0,21.452173913043477,62.98695652173913,29.621739130434783,2025-10-04T16:20:34Z,2025-10-04T16:20:34Z,2025-10-04T16:20:32Z,,,alto,bajo,alto,bajo,,Cultivo 1,2025-10
{'$oid': '68e14acb44962f2ad0b98430'},2025-10-04 16:20:41+00:00,2025-10-04T16:26:42Z,37.0,21.235135135135135,63.4,29.6,2025-10-04T16:26:51Z,2025-10-04T16:26:51Z,,,,alto,bajo,alto,bajo,,Cultivo 1,2025-10
{'$oid': '68e14baac14968ee5a930438'},2025-10-04 16:26:52+00:00,2025-10-04T16:30:33Z,23.0,21.213043478260868,62.93478260869565,29.6,2025-10-04T16:30:34Z,2025-10-04T16:30:34Z,2025-10-04T16:30:33Z,,,alto,bajo,alto,bajo,,Cultivo 1,2025-10
{'$oid': '68e14d2344962f2ad0b98431'},2025-10-04 16:30:43+00:00,2025-10-04T16:36:43Z,37.0,21.2027027027027,62.556756756756755,29.621621621621625,2025-10-04T16:36:51Z,2025-10-04T16:36:51Z,,,,alto,bajo,alto,bajo,,Cultivo 1,2025-10
{'$oid': '68e14e02c14968ee5a930439'},2025-10-04 16:36:53+00:00,2025-10-04T16:40:33Z,23.0,21.026086956521738,60.4,30.182608695652174,2025-10-04T16:40:34Z,2025-10-04T16:40:34Z,2025-10-04T16:40:33Z,,,alto,bajo,alto,bajo,,Cultivo 1,2025-10
{'$oid': '68e14f7b44962f2ad0b98432'},2025-10-04 16:40:44+00:00,2025-10-04T16:46:43Z,37.0,21.84864864864865,59.043243243243246,30.05675675675676,2025-10-04T16:46:51Z,2025-10-04T16:46:51Z,,,,alto,bajo,alto,bajo,,Cultivo 1,2025-10
{'$oid': '68e1505ac14968ee5a93043a'},2025-10-04 16:46:53+00:00,2025-10-04T16:50:33Z,23.0,22.765217391304347,58.2,29.682608695652174,2025-10-04T16:50:34Z,2025-10-04T16:50:34Z,2025-10-04T16:50:33Z,,,alto,bajo,alto,bajo,,Cultivo 1,2025-10
{'$oid': '68e151d344962f2ad0b98433'},2025-10-04 16:50:43+00:00,2025-10-04T16:56:44Z,37.0,24.491891891891893,55.85405405405405,29.52972972972973,2025-10-04T16:56:51Z,2025-10-04T16:56:51Z,,,,alto,bajo,alto,bajo,,Cultivo 1,2025-10
{'$oid': '68e152b2c14968ee5a93043b'},2025-10-04 16:56:54+00:00,2025-10-04T17:00:24Z,22.0,26.131818181818183,52.71363636363636,29.5,2025-10-04T17:00:34Z,2025-10-04T17:00:34Z,2025-10-04T17:00:24Z,,,alto,bajo,alto,bajo,,Cultivo 1,2025-10
{'$oid': '68e1542b44962f2ad0b98434'},2025-10-04 17:00:34+00:00,2025-10-04T17:06:44Z,38.0,26.763157894736842,52.56315789473684,29.455263157894738,2025-10-04T17:06:51Z,2025-10-04T17:06:51Z,,,,alto,bajo,alto,bajo,,Cultivo 1,2025-10
{'$oid': '68e1550ac14968ee5a93043c'},2025-10-04 17:06:54+00:00,2025-10-04T17:10:25Z,22.0,27.95909090909091,51.54545454545455,29.4,2025-10-04T17:10:34Z,2025-10-04T17:10:34Z,2025-10-04T17:10:25Z,,,alto,bajo,alto,bajo,,Cultivo 1,2025-10
{'$oid': '68e1568344962f2ad0b98435'},2025-10-04 17:10:34+00:00,2025-10-04T17:16:45Z,38.0,28.66578947368421,50.126315789473686,29.4,2025-10-04T17:16:51Z,2025-10-04T17:16:51Z,,,,alto,bajo,alto,bajo,,Cultivo 1,2025-10
{'$oid': '68e15762c14968ee5a93043d'},2025-10-04 17:16:55+00:00,2025-10-04T17:20:25Z,22.0,29.886363636363637,50.21818181818182,29.4,2025-10-04T17:20:34Z,2025-10-04T17:20:34Z,2025-10-04T17:20:25Z,,,alto,bajo,alto,bajo,,Cultivo 1,2025-10
{'$oid': '68e158db44962f2ad0b98436'},2025-10-04 17:20:35+00:00,2025-10-04T17:26:45Z,38.0,29.394736842105264,48.6,29.392105263157895,2025-10-04T17:26:51Z,2025-10-04T17:26:51Z,,,,alto,bajo,alto,bajo,,Cultivo 1,2025-10
{'$oid': '68e159bac14968ee5a93043e'},2025-10-04 17:26:55+00:00,2025-10-04T17:30:26Z,22.0,27.563636363636363,49.445454545454545,29.4,2025-10-04T17:30:34Z,2025-10-04T17:30:34Z,2025-10-04T17:30:26Z,,,alto,bajo,alto,bajo,,Cultivo 1,2025-10
{'$oid': '68e15b3344962f2ad0b98437'},2025-10-04 17:30:36+00:00,2025-10-04T17:36:46Z,38.0,25.71315789473684,52.09736842105263,29.4,2025-10-04T17:36:51Z,2025-10-04T17:36:51Z,,,,alto,bajo,alto,bajo,,Cultivo 1,2025-10
{'$oid': '68e15c12c14968ee5a93043f'},2025-10-04 17:36:57+00:00,2025-10-04T17:40:26Z,23.0,25.034782608695654,54.13478260869565,29.4,2025-10-04T17:40:34Z,2025-10-04T17:40:34Z,2025-10-04T17:40:26Z,,,alto,bajo,alto,bajo,,Cultivo 1,2025-10
{'$oid': '68e15d8b44962f2ad0b98438'},2025-10-04 17:40:36+00:00,2025-10-04T17:46:46Z,38.0,26.097368421052632,54.00526315789474,29.378947368421052,2025-10-04T17:46:51Z,2025-10-04T17:46:51Z,,,,alto,bajo,alto,bajo,,Cultivo 1,2025-10
{'$oid': '68e15e6ac14968ee5a930440'},2025-10-04 17:46:57+00:00,2025-10-04T17:50:29Z,23.0,27.07391304347826,52.64782608695652,29.3,2025-10-04T17:50:34Z,2025-10-04T17:50:34Z,2025-10-04T17:50:29Z,,,alto,bajo,alto,bajo,,Cultivo 1,2025-10
{'$oid': '68e15fe344962f2ad0b98439'},2025-10-04 17:50:38+00:00,2025-10-04T17:56:47Z,39.0,26.553846153846155,52.45897435897436,29.3,2025-10-04T17:56:51Z,2025-10-04T17:56:51Z,,,,alto,bajo,alto,bajo,,Cultivo 1,2025-10
{'$oid': '68e160c2c14968ee5a930441'},2025-10-04 17:56:58+00:00,2025-10-04T18:00:29Z,22.0,25.79090909090909,52.15909090909091,29.3,2025-10-04T18:00:34Z,2025-10-04T18:00:34Z,2025-10-04T18:00:29Z,,,alto,bajo,alto,bajo,,Cultivo 1,2025-10
{'$oid': '68e1623b44962f2ad0b9843a'},2025-10-04 18:00:39+00:00,2025-10-04T18:06:49Z,39.0,25.574358974358976,52.707692307692305,29.787179487179486,2025-10-04T18:06:51Z,2025-10-04T18:06:51Z,,,,alto,bajo,alto,bajo,,Cultivo 1,2025-10
{'$oid': '68e1631ac14968ee5a930442'},2025-10-04 18:06:58+00:00,2025-10-04T18:10:29Z,22.0,25.095454545454544,54.518181818181816,29.87727272727273,2025-10-04T18:10:34Z,2025-10-04T18:10:34Z,2025-10-04T18:10:29Z,,,alto,bajo,alto,bajo,,Cultivo 1,2025-10
{'$oid': '68e1649344962f2ad0b9843b'},2025-10-04 18:10:39+00:00,2025-10-04T18:16:49Z,43.0,24.802325581395348,55.76046511627907,29.43720930232558,2025-10-04T18:16:51Z,2025-10-04T18:16:51Z,,,,alto,bajo,alto,bajo,,Cultivo 1,2025-10
{'$oid': '68e16572c14968ee5a930443'},2025-10-04 18:17:00+00:00,2025-10-04T18:20:29Z,22.0,25.10909090909091,56.55909090909091,29.3,2025-10-04T18:20:34Z,2025-10-04T18:20:34Z,2025-10-04T18:20:29Z,,,alto,bajo,alto,bajo,,Cultivo 1,2025-10
{'$oid': '68e166eb44962f2ad0b9843c'},2025-10-04 18:20:39+00:00,2025-10-04T18:26:49Z,38.0,24.70263157894737,56.66842105263158,29.3,2025-10-04T18:26:51Z,2025-10-04T18:26:51Z,,,,alto,bajo,alto,bajo,,Cultivo 1,2025-10
{'$oid': '68e167cac14968ee5a930444'},2025-10-04 18:26:59+00:00,2025-10-04T18:30:29Z,22.0,24.036363636363635,57.28636363636364,29.3,2025-10-04T18:30:34Z,2025-10-04T18:30:34Z,2025-10-04T18:30:29Z,,,alto,bajo,alto,bajo,,Cultivo 1,2025-10
{'$oid': '68e1694344962f2ad0b9843d'},2025-10-04 18:30:39+00:00,2025-10-04T18:36:49Z,38.0,24.123684210526317,57.13421052631579,29.260526315789473,2025-10-04T18:36:51Z,2025-10-04T18:36:51Z,,,,alto,bajo,alto,bajo,,Cultivo 1,2025-10
{'$oid': '68e16a22c14968ee5a930445'},2025-10-04 18:37:00+00:00,2025-10-04T18:40:30Z,22.0,24.027272727272727,56.42727272727273,29.2,2025-10-04T18:40:34Z,2025-10-04T18:40:34Z,2025-10-04T18:40:30Z,,,alto,bajo,alto,bajo,,Cultivo 1,2025-10
{'$oid': '68e16b9b44962f2ad0b9843e'},2025-10-04 18:40:40+00:00,2025-10-04T18:46:50Z,38.0,24.48421052631579,56.955263157894734,29.2,2025-10-04T18:46:51Z,2025-10-04T18:46:51Z,,,,alto,bajo,alto,bajo,,Cultivo 1,2025-10
{'$oid': '68e16c7ac14968ee5a930446'},2025-10-04 18:47:00+00:00,2025-10-04T18:50:30Z,22.0,25.504545454545454,55.79090909090909,29.2,2025-10-04T18:50:34Z,2025-10-04T18:50:34Z,2025-10-04T18:50:30Z,,,alto,bajo,alto,bajo,,Cultivo 1,2025-10
{'$oid': '68e16df344962f2ad0b9843f'},2025-10-04 18:50:40+00:00,2025-10-04T18:56:50Z,38.0,26.08157894736842,54.83684210526316,29.126315789473686,2025-10-04T18:56:51Z,2025-10-04T18:56:51Z,,,,alto,bajo,alto,bajo,,Cultivo 1,2025-10
{'$oid': '68e16ed2c14968ee5a930447'},2025-10-04 18:57:00+00:00,2025-10-04T19:00:31Z,22.0,25.163636363636364,54.00454545454546,29.14090909090909,2025-10-04T19:00:34Z,2025-10-04T19:00:34Z,2025-10-04T19:00:31Z,,,alto,bajo,alto,bajo,,Cultivo 1,2025-10
{'$oid': '68e1704b44962f2ad0b98440'},2025-10-04 19:00:41+00:00,2025-10-04T19:06:51Z,38.0,24.194736842105264,57.26842105263158,29.2,2025-10-04T19:06:51Z,2025-10-04T19:06:51Z,,,,alto,bajo,alto,bajo,,Cultivo 1,2025-10
{'$oid': '68e1712ac14968ee5a930448'},2025-10-04 19:07:01+00:00,2025-10-04T19:10:31Z,22.0,23.572727272727274,58.418181818181814,29.2,2025-10-04T19:10:34Z,2025-10-04T19:10:34Z,2025-10-04T19:10:31Z,,,alto,bajo,alto,bajo,,Cultivo 1,2025-10
{'$oid': '68e172a444962f2ad0b98441'},2025-10-04 19:10:41+00:00,2025-10-04T19:16:42Z,37.0,23.327027027027025,58.45135135135135,29.705405405405404,2025-10-04T19:16:52Z,2025-10-04T19:16:52Z,,,,alto,bajo,alto,bajo,,Cultivo 1,2025-10
{'$oid': '68e17382c14968ee5a930449'},2025-10-04 19:16:52+00:00,2025-10-04T19:20:32Z,23.0,24.295652173913044,58.278260869565216,29.63913043478261,2025-10-04T19:20:34Z,2025-10-04T19:20:34Z,2025-10-04T19:20:32Z,,,alto,bajo,alto,bajo,,Cultivo 1,2025-10
{'$oid': '68e174fc44962f2ad0b98442'},2025-10-04 19:20:42+00:00,2025-10-04T19:26:43Z,37.0,24.813513513513513,57.35405405405405,29.175675675675677,2025-10-04T19:26:52Z,2025-10-04T19:26:52Z,,,,alto,bajo,alto,bajo,,Cultivo 1,2025-10
{'$oid': '68e175dac14968ee5a93044a'},2025-10-04 19:26:53+00:00,2025-10-04T19:30:33Z,23.0,24.73913043478261,57.16086956521739,29.160869565217393,2025-10-04T19:30:34Z,2025-10-04T19:30:34Z,2025-10-04T19:30:33Z,,,alto,bajo,alto,bajo,,Cultivo 1,2025-10
{'$oid': '68e1775444962f2ad0b98443'},2025-10-04 19:30:44+00:00,2025-10-04T19:36:43Z,37.0,25.775675675675675,56.678378378378376,29.183783783783785,2025-10-04T19:36:52Z,2025-10-04T19:36:52Z,,,,alto,bajo,alto,bajo,,Cultivo 1,2025-10
{'$oid': '68e17832c14968ee5a93044b'},2025-10-04 19:36:53+00:00,2025-10-04T19:40:34Z,23.0,26.178260869565218,55.02608695652174,29.108695652173914,2025-10-04T19:40:34Z,2025-10-04T19:40:34Z,2025-10-04T19:40:34Z,,,alto,bajo,alto,bajo,,Cultivo 1,2025-10
{'$oid': '68e179ac44962f2ad0b98444'},2025-10-04 19:40:45+00:00,2025-10-04T19:46:44Z,37.0,25.8,56.01891891891892,29.13783783783784,2025-10-04T19:46:52Z,2025-10-04T19:46:52Z,,,,alto,bajo,alto,bajo,,Cultivo 1,2025-10
{'$oid': '68e17a8ac14968ee5a93044c'},2025-10-04 19:46:53+00:00,2025-10-04T19:50:34Z,23.0,25.143478260869564,55.82608695652174,29.130434782608695,2025-10-04T19:50:34Z,2025-10-04T19:50:34Z,2025-10-04T19:50:34Z,,,alto,bajo,alto,bajo,,Cultivo 1,2025-10
{'$oid': '68e17c0444962f2ad0b98445'},2025-10-04 19:50:44+00:00,2025-10-04T19:56:44Z,37.0,23.95945945945946,57.53243243243243,29.191891891891892,2025-10-04T19:56:52Z,2025-10-04T19:56:52Z,,,,alto,bajo,alto,bajo,,Cultivo 1,2025-10
{'$oid': '68e17ce2c14968ee5a93044d'},2025-10-04 19:56:55+00:00,2025-10-04T20:00:25Z,22.0,23.20909090909091,59.10454545454545,29.2,2025-10-04T20:00:34Z,2025-10-04T20:00:34Z,2025-10-04T20:00:25Z,,,alto,bajo,alto,bajo,,Cultivo 1,2025-10
{'$oid': '68e17e5c44962f2ad0b98446'},2025-10-04 20:00:34+00:00,2025-10-04T20:06:45Z,38.0,23.23421052631579,60.339473684210525,29.2,2025-10-04T20:06:52Z,2025-10-04T20:06:52Z,,,,alto,bajo,alto,bajo,,Cultivo 1,2025-10
{'$oid': '68e17f3ac14968ee5a93044e'},2025-10-04 20:06:55+00:00,2025-10-04T20:10:25Z,22.0,23.063636363636363,60.79545454545455,29.19090909090909,2025-10-04T20:10:34Z,2025-10-04T20:10:34Z,2025-10-04T20:10:25Z,,,alto,bajo,alto,bajo,,Cultivo 1,2025-10
{'$oid': '68e180b444962f2ad0b98447'},2025-10-04 20:10:35+00:00,2025-10-04T20:16:45Z,38.0,22.95263157894737,60.86578947368421,29.107894736842105,2025-10-04T20:16:52Z,2025-10-04T20:16:52Z,,,,alto,bajo,alto,bajo,,Cultivo 1,2025-10
{'$oid': '68e18192c14968ee5a93044f'},2025-10-04 20:16:55+00:00,2025-10-04T20:20:25Z,22.0,23.53181818181818,59.95454545454545,29.063636363636366,2025-10-04T20:20:34Z,2025-10-04T20:20:34Z,2025-10-04T20:20:25Z,,,alto,bajo,alto,bajo,,Cultivo 1,2025-10
{'$oid': '68e1830c44962f2ad0b98448'},2025-10-04 20:20:35+00:00,2025-10-04T20:26:46Z,38.0,23.889473684210525,58.507894736842104,29.58684210526316,2025-10-04T20:26:52Z,2025-10-04T20:26:52Z,,,,alto,bajo,alto,bajo,,Cultivo 1,2025-10
{'$oid': '68e183eac14968ee5a930450'},2025-10-04 20:26:56+00:00,2025-10-04T20:30:27Z,22.0,24.213636363636365,57.79090909090909,29.509090909090908,2025-10-04T20:30:34Z,2025-10-04T20:30:34Z,2025-10-04T20:30:27Z,,,alto,bajo,alto,bajo,,Cultivo 1,2025-10
{'$oid': '68e1856444962f2ad0b98449'},2025-10-04 20:30:36+00:00,2025-10-04T20:36:47Z,38.0,24.852631578947367,57.0921052631579,29.189473684210526,2025-10-04T20:36:52Z,2025-10-04T20:36:52Z,,,,alto,bajo,alto,bajo,,Cultivo 1,2025-10
{'$oid': '68e18642c14968ee5a930451'},2025-10-04 20:36:56+00:00,2025-10-04T20:40:27Z,22.0,24.913636363636364,56.75909090909091,29.040909090909093,2025-10-04T20:40:34Z,2025-10-04T20:40:34Z,2025-10-04T20:40:27Z,,,alto,bajo,alto,bajo,,Cultivo 1,2025-10
{'$oid': '68e187bc44962f2ad0b9844a'},2025-10-04 20:40:37+00:00,2025-10-04T20:46:47Z,38.0,24.805263157894736,56.48947368421052,29.071052631578947,2025-10-04T20:46:52Z,2025-10-04T20:46:52Z,,,,alto,bajo,alto,bajo,,Cultivo 1,2025-10
{'$oid': '68e1889ac14968ee5a930452'},2025-10-04 20:46:57+00:00,2025-10-04T20:50:27Z,22.0,24.44090909090909,57.11363636363636,29.1,2025-10-04T20:50:34Z,2025-10-04T20:50:34Z,2025-10-04T20:50:27Z,,,alto,bajo,alto,bajo,,Cultivo 1,2025-10
{'$oid': '68e18a1444962f2ad0b9844b'},2025-10-04 20:50:37+00:00,2025-10-04T20:56:48Z,38.0,24.373684210526317,57.1,29.1,2025-10-04T20:56:52Z,2025-10-04T20:56:52Z,,,,alto,bajo,alto,bajo,,Cultivo 1,2025-10
{'$oid': '68e18af3c14968ee5a930453'},2025-10-04 20:56:59+00:00,2025-10-04T21:00:28Z,22.0,24.87272727272727,56.52727272727273,29.03181818181818,2025-10-04T21:00:35Z,2025-10-04T21:00:35Z,2025-10-04T21:00:28Z,,,alto,bajo,alto,bajo,,Cultivo 1,2025-10
{'$oid': '68e18c6c44962f2ad0b9844c'},2025-10-04 21:00:38+00:00,2025-10-04T21:06:48Z,38.0,24.7,56.16842105263158,29.0,2025-10-04T21:06:52Z,2025-10-04T21:06:52Z,,,,alto,bajo,alto,bajo,,Cultivo 1,2025-10
{'$oid': '68e18d4bc14968ee5a930454'},2025-10-04 21:06:58+00:00,2025-10-04T21:10:29Z,22.0,24.045454545454547,56.122727272727275,29.040909090909093,2025-10-04T21:10:35Z,2025-10-04T21:10:35Z,2025-10-04T21:10:29Z,,,alto,bajo,alto,bajo,,Cultivo 1,2025-10
{'$oid': '68e18ec444962f2ad0b9844d'},2025-10-04 21:10:39+00:00,2025-10-04T21:16:40Z,39.0,23.433333333333334,57.83589743589744,29.07948717948718,2025-10-04T21:16:52Z,2025-10-04T21:16:52Z,,,,alto,bajo,alto,bajo,,Cultivo 1,2025-10
{'$oid': '68e18fa3c14968ee5a930455'},2025-10-04 21:16:53+00:00,2025-10-04T21:20:28Z,29.0,23.075862068965517,57.5551724137931,29.1,2025-10-04T21:20:35Z,2025-10-04T21:20:35Z,2025-10-04T21:20:28Z,,,alto,bajo,alto,bajo,,Cultivo 1,2025-10
{'$oid': '68e1911c44962f2ad0b9844e'},2025-10-04 21:20:39+00:00,2025-10-04T21:26:52Z,43.0,22.506976744186048,59.51860465116279,29.1,2025-10-04T21:26:52Z,2025-10-04T21:26:52Z,,,,alto,bajo,alto,bajo,,Cultivo 1,2025-10
{'$oid': '68e191fbc14968ee5a930456'},2025-10-04 21:26:59+00:00,2025-10-04T21:30:30Z,23.0,22.017391304347825,58.85217391304348,29.1,2025-10-04T21:30:35Z,2025-10-04T21:30:35Z,2025-10-04T21:30:30Z,,,alto,bajo,alto,bajo,,Cultivo 1,2025-10
{'$oid': '68e1937444962f2ad0b9844f'},2025-10-04 21:30:40+00:00,2025-10-04T21:36:51Z,38.0,22.157894736842106,58.63947368421053,29.128947368421056,2025-10-04T21:36:52Z,2025-10-04T21:36:52Z,,,,alto,bajo,alto,bajo,,Cultivo 1,2025-10
{'$oid': '68e19453c14968ee5a930457'},2025-10-04 21:37:01+00:00,2025-10-04T21:40:30Z,22.0,22.713636363636365,57.65909090909091,29.81818181818182,2025-10-04T21:40:35Z,2025-10-04T21:40:35Z,2025-10-04T21:40:30Z,,,alto,bajo,alto,bajo,,Cultivo 1,2025-10
{'$oid': '68e195cc44962f2ad0b98450'},2025-10-04 21:40:41+00:00,2025-10-04T21:46:51Z,38.0,22.99736842105263,59.4,29.563157894736843,2025-10-04T21:46:52Z,2025-10-04T21:46:52Z,,,,alto,bajo,alto,bajo,,Cultivo 1,2025-10
{'$oid': '68e196abc14968ee5a930458'},2025-10-04 21:47:01+00:00,2025-10-04T21:50:32Z,24.0,22.9375,59.858333333333334,29.0375,2025-10-04T21:50:35Z,2025-10-04T21:50:35Z,2025-10-04T21:50:32Z,,,alto,bajo,alto,bajo,,Cultivo 1,2025-10
{'$oid': '68e1982444962f2ad0b98451'},2025-10-04 21:50:41+00:00,2025-10-04T21:56:51Z,41.0,22.790243902439023,59.9,29.041463414634148,2025-10-04T21:56:52Z,2025-10-04T21:56:52Z,,,,alto,bajo,alto,bajo,,Cultivo 1,2025-10
{'$oid': '68e19903c14968ee5a930459'},2025-10-04 21:57:01+00:00,2025-10-04T22:00:32Z,23.0,23.05217391304348,59.11739130434783,29.065217391304348,2025-10-04T22:00:35Z,2025-10-04T22:00:35Z,2025-10-04T22:00:32Z,,,alto,bajo,alto,bajo,,Cultivo 1,2025-10
{'$oid': '68e19a7c44962f2ad0b98452'},2025-10-04 22:00:42+00:00,2025-10-04T22:06:52Z,39.0,23.382051282051282,57.83076923076923,29.0,2025-10-04T22:06:52Z,2025-10-04T22:06:52Z,,,,alto,bajo,alto,bajo,,Cultivo 1,2025-10
{'$oid': '68e19b5bc14968ee5a93045a'},2025-10-04 22:07:04+00:00,2025-10-04T22:10:33Z,22.0,22.90909090909091,57.872727272727275,29.0,2025-10-04T22:10:35Z,2025-10-04T22:10:35Z,2025-10-04T22:10:33Z,,,alto,bajo,alto,bajo,,Cultivo 1,2025-10
{'$oid': '68e19cd444962f2ad0b98453'},2025-10-04 22:10:42+00:00,2025-10-04T22:16:43Z,38.0,22.1,58.73157894736842,29.0,2025-10-04T22:16:52Z,2025-10-04T22:16:52Z,,,,alto,bajo,alto,bajo,,Cultivo 1,2025-10
{'$oid': '68e19db3c14968ee5a93045b'},2025-10-04 22:16:54+00:00,2025-10-04T22:20:33Z,23.0,21.27391304347826,60.88260869565217,29.0,2025-10-04T22:20:35Z,2025-10-04T22:20:35Z,2025-10-04T22:20:33Z,,,alto,bajo,alto,bajo,,Cultivo 1,2025-10
{'$oid': '68e19f2c44962f2ad0b98454'},2025-10-04 22:20:44+00:00,2025-10-04T22:26:45Z,37.0,20.245945945945945,61.524324324324326,29.054054054054056,2025-10-04T22:26:52Z,2025-10-04T22:26:52Z,,,,alto,bajo,alto,bajo,,Cultivo 1,2025-10
{'$oid': '68e1a00bc14968ee5a93045c'},2025-10-04 22:26:59+00:00,2025-10-04T22:30:33Z,24.0,19.34166666666667,62.670833333333334,29.1,2025-10-04T22:30:35Z,2025-10-04T22:30:35Z,2025-10-04T22:30:33Z,,,alto,bajo,alto,bajo,,Cultivo 1,2025-10
{'$oid': '68e1a18444962f2ad0b98455'},2025-10-04 22:30:43+00:00,2025-10-04T22:36:47Z,37.0,18.716216216216218,63.72702702702703,29.1,2025-10-04T22:36:52Z,2025-10-04T22:36:52Z,,,,alto,bajo,alto,bajo,,Cultivo 1,2025-10
{'$oid': '68e1a263c14968ee5a93045d'},2025-10-04 22:36:54+00:00,2025-10-04T22:40:35Z,23.0,18.26086956521739,65.6391304347826,29.065217391304348,2025-10-04T22:40:35Z,2025-10-04T22:40:35Z,2025-10-04T22:40:35Z,,,alto,bajo,alto,bajo,,Cultivo 1,2025-10
{'$oid': '68e1a3dc44962f2ad0b98456'},2025-10-04 22:40:45+00:00,2025-10-04T22:46:46Z,37.0,17.778378378378378,65.95135135135135,29.04054054054054,2025-10-04T22:46:52Z,2025-10-04T22:46:52Z,,,,alto,bajo,alto,bajo,,Cultivo 1,2025-10
{'$oid': '68e1a4bbc14968ee5a93045e'},2025-10-04 22:46:55+00:00,2025-10-04T22:50:35Z,23.0,17.047826086956523,67.82173913043478,29.0,2025-10-04T22:50:35Z,2025-10-04T22:50:35Z,2025-10-04T22:50:35Z,,,alto,bajo,alto,bajo,,Cultivo 1,2025-10
{'$oid': '68e1a63444962f2ad0b98457'},2025-10-04 22:50:45+00:00,2025-10-04T22:56:46Z,37.0,16.51081081081081,70.22972972972973,29.0,2025-10-04T22:56:52Z,2025-10-04T22:56:52Z,,,,alto,bajo,alto,bajo,,Cultivo 1,2025-10
{'$oid': '68e1a713c14968ee5a93045f'},2025-10-04 22:56:55+00:00,2025-10-04T23:00:27Z,22.0,16.022727272727273,72.17272727272727,29.0,2025-10-04T23:00:35Z,2025-10-04T23:00:35Z,2025-10-04T23:00:27Z,,,alto,bajo,alto,bajo,,Cultivo 1,2025-10
{'$oid': '68e1a88c44962f2ad0b98458'},2025-10-04 23:00:37+00:00,2025-10-04T23:06:46Z,39.0,15.523076923076923,74.23076923076923,29.0,2025-10-04T23:06:52Z,2025-10-04T23:06:52Z,,,,alto,bajo,alto,bajo,,Cultivo 1,2025-10
{'$oid': '68e1a96bc14968ee5a930460'},2025-10-04 23:06:57+00:00,2025-10-04T23:10:26Z,22.0,15.031818181818181,76.40454545454546,29.0,2025-10-04T23:10:35Z,2025-10-04T23:10:35Z,2025-10-04T23:10:26Z,,,alto,bajo,alto,bajo,,Cultivo 1,2025-10
{'$oid': '68e1aae444962f2ad0b98459'},2025-10-04 23:10:39+00:00,2025-10-04T23:16:51Z,38.0,14.592105263157896,77.84473684210526,28.99736842105263,2025-10-04T23:16:52Z,2025-10-04T23:16:52Z,,,,alto,bajo,alto,bajo,,Cultivo 1,2025-10
{'$oid': '68e1abc3c14968ee5a930461'},2025-10-04 23:16:56+00:00,2025-10-04T23:20:28Z,22.0,14.2,79.05,29.0,2025-10-04T23:20:35Z,2025-10-04T23:20:35Z,2025-10-04T23:20:28Z,,,alto,bajo,alto,bajo,,Cultivo 1,2025-10
{'$oid': '68e1ad3c44962f2ad0b9845a'},2025-10-04 23:20:37+00:00,2025-10-04T23:26:47Z,39.0,13.876923076923077,80.08974358974359,28.99230769230769,2025-10-04T23:26:52Z,2025-10-04T23:26:52Z,,,,alto,bajo,alto,bajo,,Cultivo 1,2025-10
{'$oid': '68e1ae1bc14968ee5a930462'},2025-10-04 23:26:58+00:00,2025-10-04T23:30:28Z,22.0,13.604545454545454,80.80909090909091,28.913636363636364,2025-10-04T23:30:35Z,2025-10-04T23:30:35Z,2025-10-04T23:30:28Z,,,alto,bajo,alto,bajo,,Cultivo 1,2025-10
{'$oid': '68e1af9544962f2ad0b9845b'},2025-10-04 23:30:37+00:00,2025-10-04T23:36:47Z,39.0,13.356410256410257,81.63333333333334,28.925641025641024,2025-10-04T23:36:53Z,2025-10-04T23:36:53Z,,,,alto,bajo,alto,bajo,,Cultivo 1,2025-10
{'$oid': '68e1b073c14968ee5a930463'},2025-10-04 23:36:57+00:00,2025-10-04T23:40:28Z,24.0,13.145833333333332,82.10833333333333,28.912499999999998,2025-10-04T23:40:35Z,2025-10-04T23:40:35Z,2025-10-04T23:40:28Z,,,alto,bajo,alto,bajo,,Cultivo 1,2025-10
{'$oid': '68e1b1ed44962f2ad0b9845c'},2025-10-04 23:40:38+00:00,2025-10-04T23:46:49Z,38.0,12.98157894736842,82.14736842105263,28.9,2025-10-04T23:46:53Z,2025-10-04T23:46:53Z,,,,alto,bajo,alto,bajo,,Cultivo 1,2025-10
{'$oid': '68e1b2cbc14968ee5a930464'},2025-10-04 23:46:59+00:00,2025-10-04T23:50:30Z,22.0,12.795454545454545,82.4,28.904545454545453,2025-10-04T23:50:35Z,2025-10-04T23:50:35Z,2025-10-04T23:50:30Z,,,alto,bajo,alto,bajo,,Cultivo 1,2025-10
{'$oid': '68e1b44544962f2ad0b9845d'},2025-10-04 23:50:40+00:00,2025-10-04T23:56:40Z,46.0,12.634782608695652,82.55869565217391,28.95,2025-10-04T23:56:53Z,2025-10-04T23:56:53Z,,,,alto,bajo,alto,bajo,,Cultivo 1,2025-10
{'$oid': '68e1b523c14968ee5a930465'},2025-10-04 23:56:53+00:00,2025-10-05T00:00:30Z,24.0,12.520833333333334,82.6125,28.9,2025-10-05T00:00:35Z,2025-10-05T00:00:35Z,2025-10-05T00:00:30Z,,,alto,bajo,alto,bajo,,Cultivo 1,2025-10
{'$oid': '68e1b69d44962f2ad0b9845e'},2025-10-05 00:00:41+00:00,2025-10-05T00:06:51Z,44.0,12.343181818181819,83.05454545454545,28.9,2025-10-05T00:06:53Z,2025-10-05T00:06:53Z,,,,alto,bajo,alto,bajo,,Cultivo 1,2025-10
{'$oid': '68e1b77bc14968ee5a930466'},2025-10-05 00:07:00+00:00,2025-10-05T00:10:31Z,24.0,12.229166666666666,83.08749999999999,28.929166666666667,2025-10-05T00:10:35Z,2025-10-05T00:10:35Z,2025-10-05T00:10:31Z,,,alto,bajo,alto,bajo,,Cultivo 1,2025-10
{'$oid': '68e1b8f544962f2ad0b9845f'},2025-10-05 00:10:41+00:00,2025-10-05T00:16:50Z,39.0,12.153846153846153,83.34358974358975,28.91025641025641,2025-10-05T00:16:53Z,2025-10-05T00:16:53Z,,,,alto,bajo,alto,bajo,,Cultivo 1,2025-10
{'$oid': '68e1b9d3c14968ee5a930467'},2025-10-05 00:17:00+00:00,2025-10-05T00:20:32Z,22.0,12.077272727272726,83.56363636363636,28.9,2025-10-05T00:20:35Z,2025-10-05T00:20:35Z,2025-10-05T00:20:32Z,,,alto,bajo,alto,bajo,,Cultivo 1,2025-10
{'$oid': '68e1bb4d44962f2ad0b98460'},2025-10-05 00:20:43+00:00,2025-10-05T00:26:52Z,44.0,11.952272727272728,83.67954545454545,28.9,2025-10-05T00:26:53Z,2025-10-05T00:26:53Z,,,,alto,bajo,alto,bajo,,Cultivo 1,2025-10
{'$oid': '68e1bc2bc14968ee5a930468'},2025-10-05 00:27:02+00:00,2025-10-05T00:30:32Z,22.0,11.8,83.79545454545455,28.9,2025-10-05T00:30:35Z,2025-10-05T00:30:35Z,2025-10-05T00:30:32Z,,,alto,bajo,alto,bajo,,Cultivo 1,2025-10
{'$oid': '68e1bda544962f2ad0b98461'},2025-10-05 00:30:42+00:00,2025-10-05T00:36:52Z,39.0,11.717948717948717,83.81794871794872,28.9,2025-10-05T00:36:53Z,2025-10-05T00:36:53Z,,,,alto,bajo,alto,bajo,,Cultivo 1,2025-10
{'$oid': '68e1be83c14968ee5a930469'},2025-10-05 00:37:03+00:00,2025-10-05T00:40:33Z,25.0,11.632,84.068,28.916,2025-10-05T00:40:35Z,2025-10-05T00:40:35Z,2025-10-05T00:40:33Z,,,alto,bajo,alto,bajo,,Cultivo 1,2025-10
{'$oid': '68e1bffd44962f2ad0b98462'},2025-10-05 00:40:43+00:00,2025-10-05T00:46:48Z,42.0,11.554761904761905,84.04047619047618,28.904761904761905,2025-10-05T00:46:53Z,2025-10-05T00:46:53Z,,,,alto,bajo,alto,bajo,,Cultivo 1,2025-10
{'$oid': '68e1c0dbc14968ee5a93046a'},2025-10-05 00:47:17+00:00,2025-10-05T00:50:35Z,18.0,11.516666666666666,83.87222222222222,28.9,2025-10-05T00:50:35Z,2025-10-05T00:50:35Z,2025-10-05T00:50:35Z,,,alto,bajo,alto,bajo,,Cultivo 1,2025-10
{'$oid': '68e1c25544962f2ad0b98463'},2025-10-05 00:50:38+00:00,2025-10-05T00:56:49Z,43.0,11.434883720930232,84.20697674418605,28.911627906976744,2025-10-05T00:56:53Z,2025-10-05T00:56:53Z,,,,alto,bajo,alto,bajo,,Cultivo 1,2025-10
{'$oid': '68e1c333c14968ee5a93046b'},2025-10-05 00:56:57+00:00,2025-10-05T01:00:33Z,23.0,11.330434782608696,84.21304347826087,28.9,2025-10-05T01:00:35Z,2025-10-05T01:00:35Z,2025-10-05T01:00:33Z,,,alto,bajo,alto,bajo,,Cultivo 1,2025-10
{'$oid': '68e1c4ad44962f2ad0b98464'},2025-10-05 01:00:43+00:00,2025-10-05T01:06:32Z,39.0,11.248717948717948,84.15641025641025,28.912820512820513,2025-10-05T01:06:53Z,2025-10-05T01:06:53Z,,,,alto,bajo,alto,bajo,,Cultivo 1,2025-10
{'$oid': '68e1c58bc14968ee5a93046c'},2025-10-05 01:06:53+00:00,2025-10-05T01:10:33Z,25.0,11.18,83.896,28.9,2025-10-05T01:10:35Z,2025-10-05T01:10:35Z,2025-10-05T01:10:33Z,,,alto,bajo,alto,bajo,,Cultivo 1,2025-10
{'$oid': '68e1c70544962f2ad0b98465'},2025-10-05 01:10:47+00:00,2025-10-05T01:16:46Z,49.0,11.012244897959183,84.23877551020408,28.90204081632653,2025-10-05T01:16:53Z,2025-10-05T01:16:53Z,,,,alto,bajo,alto,bajo,,Cultivo 1,2025-10
{'$oid': '68e1c7e3c14968ee5a93046d'},2025-10-05 01:16:56+00:00,2025-10-05T01:20:27Z,25.0,10.932,84.62,28.9,2025-10-05T01:20:35Z,2025-10-05T01:20:35Z,2025-10-05T01:20:27Z,,,alto,bajo,alto,bajo,,Cultivo 1,2025-10
{'$oid': '68e1c95d44962f2ad0b98466'},2025-10-05 01:20:39+00:00,2025-10-05T01:26:51Z,51.0,10.886274509803922,84.83333333333333,28.9,2025-10-05T01:26:53Z,2025-10-05T01:26:53Z,,,,alto,bajo,alto,bajo,,Cultivo 1,2025-10
{'$oid': '68e1ca3cc14968ee5a93046e'},2025-10-05 01:26:57+00:00,2025-10-05T01:30:32Z,38.0,10.865789473684211,84.91052631578947,28.9,2025-10-05T01:30:36Z,2025-10-05T01:30:36Z,2025-10-05T01:30:32Z,,,alto,bajo,alto,bajo,,Cultivo 1,2025-10
{'$oid': '68e1cbb544962f2ad0b98467'},2025-10-05 01:30:36+00:00,2025-10-05T01:36:46Z,48.0,10.797916666666667,84.72291666666666,28.9,2025-10-05T01:36:53Z,2025-10-05T01:36:53Z,,,,alto,bajo,alto,bajo,,Cultivo 1,2025-10
{'$oid': '68e1cc94c14968ee5a93046f'},2025-10-05 01:36:56+00:00,2025-10-05T01:40:27Z,26.0,10.75,84.88076923076923,28.9,2025-10-05T01:40:36Z,2025-10-05T01:40:36Z,2025-10-05T01:40:27Z,,,alto,bajo,alto,bajo,,Cultivo 1,2025-10
{'$oid': '68e1ce0d44962f2ad0b98468'},2025-10-05 01:40:40+00:00,2025-10-05T01:46:44Z,46.0,10.784782608695652,84.8391304347826,28.9,2025-10-05T01:46:53Z,2025-10-05T01:46:53Z,,,,alto,bajo,alto,bajo,,Cultivo 1,2025-10
{'$oid': '68e1ceecc14968ee5a930470'},2025-10-05 01:46:59+00:00,2025-10-05T01:50:19Z,32.0,10.703125,84.615625,28.90625,2025-10-05T01:50:36Z,2025-10-05T01:50:36Z,2025-10-05T01:50:19Z,,,alto,bajo,alto,bajo,,Cultivo 1,2025-10
{'$oid': '68e1d06544962f2ad0b98469'},2025-10-05 01:50:40+00:00,2025-10-05T01:56:52Z,60.0,10.6,84.43833333333333,28.903333333333332,2025-10-05T01:56:53Z,2025-10-05T01:56:53Z,,,,alto,bajo,alto,bajo,,Cultivo 1,2025-10
{'$oid': '68e1d144c14968ee5a930471'},2025-10-05 01:56:56+00:00,2025-10-05T02:00:27Z,41.0,10.487804878048781,84.62439024390244,28.9,2025-10-05T02:00:36Z,2025-10-05T02:00:36Z,2025-10-05T02:00:27Z,,,alto,bajo,alto,bajo,,Cultivo 1,2025-10
{'$oid': '68e1d2bd44962f2ad0b9846a'},2025-10-05 02:00:39+00:00,2025-10-05T02:06:50Z,52.0,10.39423076923077,84.98076923076923,28.9,2025-10-05T02:06:53Z,2025-10-05T02:06:53Z,,,,alto,bajo,alto,bajo,,Cultivo 1,2025-10
{'$oid': '68e1d39cc14968ee5a930472'},2025-10-05 02:06:55+00:00,2025-10-05T02:10:33Z,29.0,10.40344827586207,84.93448275862069,28.9,2025-10-05T02:10:36Z,2025-10-05T02:10:36Z,2025-10-05T02:10:33Z,,,,,,,,Cultivo 1,2025-10
{'$oid': '68e1d51544962f2ad0b9846b'},2025-10-05 02:10:40+00:00,2025-10-05T02:16:44Z,49.0,10.326530612244898,85.05714285714285,28.9,2025-10-05T02:16:53Z,2025-10-05T02:16:53Z,,,,,,,,,Cultivo 1,2025-10
{'$oid': '68e1d5f4c14968ee5a930473'},2025-10-05 02:16:54+00:00,2025-10-05T02:20:32Z,29.0,10.317241379310346,85.02758620689656,28.9,2025-10-05T02:20:36Z,2025-10-05T02:20:36Z,2025-10-05T02:20:32Z,,,,,,,,Cultivo 1,2025-10
{'$oid': '68e1d76d44962f2ad0b9846c'},2025-10-05 02:20:36+00:00,2025-10-05T02:26:43Z,52.0,10.311538461538461,84.84807692307692,28.9,2025-10-05T02:26:53Z,2025-10-05T02:26:53Z,,,,,,,,,Cultivo 1,2025-10
{'$oid': '68e1d84cc14968ee5a930474'},2025-10-05 02:26:54+00:00,2025-10-05T02:30:34Z,28.0,10.232142857142858,84.77142857142857,28.9,2025-10-05T02:30:36Z,2025-10-05T02:30:36Z,2025-10-05T02:30:34Z,,,,,,,,Cultivo 1,2025-10
{'$oid': '68e1d9c544962f2ad0b9846d'},2025-10-05 02:30:45+00:00,2025-10-05T02:36:46Z,47.0,10.170212765957446,84.63404255319149,28.9,2025-10-05T02:36:53Z,2025-10-05T02:36:53Z,,,,,,,,,Cultivo 1,2025-10
{'$oid': '68e1daa4c14968ee5a930475'},2025-10-05 02:36:55+00:00,2025-10-05T02:40:31Z,27.0,10.11111111111111,84.79629629629629,28.9,2025-10-05T02:40:36Z,2025-10-05T02:40:36Z,2025-10-05T02:40:31Z,,,,,,,,Cultivo 1,2025-10
{'$oid': '68e1dc1d44962f2ad0b9846e'},2025-10-05 02:40:47+00:00,2025-10-05T02:46:45Z,47.0,10.097872340425532,85.0595744680851,28.9,2025-10-05T02:46:53Z,2025-10-05T02:46:53Z,,,,,,,,,Cultivo 1,2025-10
{'$oid': '68e1dcfcc14968ee5a930476'},2025-10-05 02:46:55+00:00,2025-10-05T02:46:55Z,1.0,10.1,85.1,28.9,2025-10-05T02:50:36Z,2025-10-05T02:50:36Z,2025-10-05T02:46:55Z,,,,,,,,Cultivo 1,2025-10
{'$oid': '68e66569899eff36a9a34f32'},2025-10-08 13:18:12+00:00,2025-10-08T13:21:42Z,48.0,13.425,76.94583333333333,,2025-10-08T13:21:45Z,2025-10-08T13:21:45Z,2025-10-08T13:21:42Z,,,,,,,,Cultivo 1,2025-10
{'$oid': '68e667c2899eff36a9a34f33'},2025-10-08 13:21:48+00:00,2025-10-08T13:24:01Z,30.0,13.913333333333334,74.84,,2025-10-08T13:31:46Z,2025-10-08T13:31:46Z,2025-10-08T13:24:01Z,,,,,,,,Cultivo 1,2025-10
{'$oid': '68e66c72899eff36a9a34f34'},2025-10-08 13:44:32+00:00,2025-10-08T13:44:32Z,2.0,15.0,72.9,,2025-10-08T13:51:46Z,2025-10-08T13:51:46Z,2025-10-08T13:44:32Z,,,,,,,,Cultivo 1,2025-10
{'$oid': '68e66eca899eff36a9a34f35'},2025-10-08 13:53:30+00:00,2025-10-08T14:01:30Z,4.0,15.75,72.0,,2025-10-08T14:01:46Z,2025-10-08T14:01:46Z,2025-10-08T14:01:30Z,6.496909355093783,12.0,,,,,,Cultivo 1,2025-10
{'$oid': '68e67122899eff36a9a34f36'},2025-10-08 14:09:30+00:00,2025-10-08T14:09:30Z,2.0,16.8,69.1,,2025-10-08T14:11:46Z,2025-10-08T14:11:46Z,2025-10-08T14:09:30Z,,,,,,,,Cultivo 1,2025-10
{'$oid': '68e6737a899eff36a9a34f37'},2025-10-08 14:17:31+00:00,2025-10-08T14:17:31Z,2.0,16.8,68.9,,2025-10-08T14:21:46Z,2025-10-08T14:21:46Z,2025-10-08T14:17:31Z,6.410042736424111,17.88,,,,,,Cultivo 1,2025-10
{'$oid': '68e675d3899eff36a9a34f38'},2025-10-08 14:25:31+00:00,2025-10-08T14:25:31Z,2.0,18.2,65.7,,2025-10-08T14:31:47Z,2025-10-08T14:31:47Z,2025-10-08T14:25:31Z,,,,,,,,Cultivo 1,2025-10
{'$oid': '68e6782b899eff36a9a34f39'},2025-10-08 14:33:31+00:00,2025-10-08T14:33:31Z,2.0,18.7,64.9,,2025-10-08T14:41:47Z,2025-10-08T14:41:47Z,2025-10-08T14:33:31Z,,,,,,,,Cultivo 1,2025-10
{'$oid': '68e67cdc899eff36a9a34f3a'},2025-10-08 14:52:32+00:00,2025-10-08T15:00:34Z,4.0,19.25,63.3,,2025-10-08T15:01:48Z,2025-10-08T15:01:48Z,2025-10-08T15:00:34Z,6.275745113164414,19.38,,,,,,Cultivo 1,2025-10
{'$oid': '68e680bb5988c3d4cb08c175'},2025-10-08 15:08:31+00:00,2025-10-08T15:16:31Z,4.0,19.25,63.45,,2025-10-08T15:18:19Z,2025-10-08T15:18:19Z,2025-10-08T15:16:31Z,,,,,,,,Cultivo 1,2025-10
{'$oid': '68e68454495d439ac61bbc38'},2025-10-08 15:24:31+00:00,2025-10-08T15:32:31Z,4.0,19.0,61.75,,2025-10-08T15:33:40Z,2025-10-08T15:33:40Z,2025-10-08T15:32:31Z,,,,,,,,Cultivo 1,2025-10
{'$oid': '68e68aebfb1b0af464dc9f95'},2025-10-08 15:48:32+00:00,2025-10-08T15:56:33Z,3.0,20.8,55.96666666666667,,2025-10-08T16:01:47Z,2025-10-08T16:01:47Z,2025-10-08T15:56:33Z,,,,,,,,Cultivo 1,2025-10
{'$oid': '68e68e824d4149093dd5dca0'},2025-10-08 16:04:32+00:00,2025-10-08T16:12:30Z,3.0,21.2,55.800000000000004,,2025-10-08T16:17:06Z,2025-10-08T16:17:06Z,2025-10-08T16:12:30Z,,,,,,,,Cultivo 1,2025-10
{'$oid': '68e690da4d4149093dd5dca1'},2025-10-08 16:20:32+00:00,2025-10-08T16:20:32Z,2.0,22.1,54.4,,2025-10-08T16:27:06Z,2025-10-08T16:27:06Z,2025-10-08T16:20:32Z,,,,,,,,Cultivo 1,2025-10
{'$oid': '68e693324d4149093dd5dca2'},2025-10-08 16:28:32+00:00,2025-10-08T16:36:32Z,4.0,22.700000000000003,53.0,,2025-10-08T16:37:06Z,2025-10-08T16:37:06Z,2025-10-08T16:36:32Z,,,,,,,,Cultivo 1,2025-10
{'$oid': '68e6a39a4d4149093dd5dca3'},2025-10-08 17:41:39+00:00,2025-10-08T17:41:39Z,2.0,28.0,51.0,,2025-10-08T17:47:06Z,2025-10-08T17:47:06Z,2025-10-08T17:41:39Z,6.1551863987284285,17.38,alto,bajo,alto,bajo,,Cultivo 1,2025-10
{'$oid': '68e6a5f24d4149093dd5dca4'},2025-10-08 17:48:20+00:00,2025-10-08T17:54:59Z,4.0,29.4,50.599999999999994,,2025-10-08T17:57:06Z,2025-10-08T17:57:06Z,2025-10-08T17:54:59Z,6.209834614326603,17.94,alto,bajo,alto,bajo,,Cultivo 1,2025-10
{'$oid': '68e6a84a4d4149093dd5dca5'},2025-10-08 18:01:39+00:00,2025-10-08T18:01:39Z,2.0,29.8,49.5,,2025-10-08T18:07:06Z,2025-10-08T18:07:06Z,2025-10-08T18:01:39Z,6.267342159311802,18.56,alto,bajo,alto,bajo,,Cultivo 1,2025-10
{'$oid': '68e6aaa24d4149093dd5dca6'},2025-10-08 18:08:19+00:00,2025-10-08T18:14:59Z,4.0,29.45,49.1,,2025-10-08T18:17:06Z,2025-10-08T18:17:06Z,2025-10-08T18:14:59Z,6.053185845421084,18.845,alto,bajo,alto,bajo,,Cultivo 1,2025-10
{'$oid': '68e6acfa4d4149093dd5dca7'},2025-10-08 18:21:39+00:00,2025-10-08T18:21:39Z,2.0,28.4,47.5,,2025-10-08T18:27:06Z,2025-10-08T18:27:06Z,2025-10-08T18:21:39Z,6.287710906821852,19.12,alto,bajo,alto,bajo,,Cultivo 1,2025-10
{'$oid': '68e6af534d4149093dd5dca8'},2025-10-08 18:28:19+00:00,2025-10-08T18:34:59Z,4.0,29.1,49.25,,2025-10-08T18:37:07Z,2025-10-08T18:37:07Z,2025-10-08T18:34:59Z,6.160582476141871,19.28,alto,bajo,alto,bajo,,Cultivo 1,2025-10
{'$oid': '68e6b1ab4d4149093dd5dca9'},2025-10-08 18:41:39+00:00,2025-10-08T18:41:39Z,2.0,29.5,47.1,,2025-10-08T18:47:07Z,2025-10-08T18:47:07Z,2025-10-08T18:41:39Z,6.325862927428502,19.5,,,,,,Cultivo 1,2025-10
{'$oid': '68e6b4034d4149093dd5dcaa'},2025-10-08 18:48:19+00:00,2025-10-08T18:55:00Z,4.0,29.4,47.6,,2025-10-08T18:57:07Z,2025-10-08T18:57:07Z,2025-10-08T18:55:00Z,6.300031387633304,19.655,,,,,,Cultivo 1,2025-10
{'$oid': '68e6b65b4d4149093dd5dcab'},2025-10-08 19:01:39+00:00,2025-10-08T19:01:39Z,2.0,29.3,47.3,,2025-10-08T19:07:07Z,2025-10-08T19:07:07Z,2025-10-08T19:01:39Z,6.120731653173241,19.88,,,,,,Cultivo 1,2025-10
{'$oid': '68e6b8b34d4149093dd5dcac'},2025-10-08 19:08:21+00:00,2025-10-08T19:14:59Z,4.0,31.25,46.15,,2025-10-08T19:17:07Z,2025-10-08T19:17:07Z,2025-10-08T19:14:59Z,6.117259847341493,20.155,,,,,,Cultivo 1,2025-10
{'$oid': '68e6bb0b4d4149093dd5dcad'},2025-10-08 19:21:39+00:00,2025-10-08T19:21:39Z,2.0,32.4,45.3,,2025-10-08T19:27:07Z,2025-10-08T19:27:07Z,2025-10-08T19:21:39Z,6.139129968944474,20.44,,,,,,Cultivo 1,2025-10
{'$oid': '68e6bd634d4149093dd5dcae'},2025-10-08 19:28:19+00:00,2025-10-08T19:34:59Z,4.0,30.7,46.6,,2025-10-08T19:37:07Z,2025-10-08T19:37:07Z,2025-10-08T19:34:59Z,6.347107262280036,20.72,,,,,,Cultivo 1,2025-10
{'$oid': '68e6bfbb4d4149093dd5dcaf'},2025-10-08 19:41:39+00:00,2025-10-08T19:41:39Z,2.0,29.7,48.1,36.8,2025-10-08T19:47:07Z,2025-10-08T19:47:07Z,2025-10-08T19:41:39Z,6.082579546641089,20.81,,,,,,Cultivo 1,2025-10
{'$oid': '68e6c2134d4149093dd5dcb0'},2025-10-08 19:48:20+00:00,2025-10-08T19:55:00Z,4.0,29.75,47.4,36.75,2025-10-08T19:57:07Z,2025-10-08T19:57:07Z,2025-10-08T19:55:00Z,6.068924009263364,20.939999999999998,,,,,,Cultivo 1,2025-10
{'$oid': '68e6c546194704c4a7b997ab'},2025-10-08 20:01:39+00:00,2025-10-08T20:08:19Z,4.0,28.9,48.15,36.7,2025-10-08T20:10:46Z,2025-10-08T20:10:46Z,2025-10-08T20:08:19Z,6.171554020356287,20.97,,,,,,Cultivo 1,2025-10
{'$oid': '68e6c79e194704c4a7b997ac'},2025-10-08 20:15:00+00:00,2025-10-08T20:15:00Z,2.0,28.4,50.7,36.7,2025-10-08T20:20:46Z,2025-10-08T20:20:46Z,2025-10-08T20:15:00Z,6.20895573747173,20.94,,,,,,Cultivo 1,2025-10
{'$oid': '68e6c9f6194704c4a7b997ad'},2025-10-08 20:21:39+00:00,2025-10-08T20:28:21Z,4.0,27.75,48.7,37.1,2025-10-08T20:30:46Z,2025-10-08T20:30:46Z,2025-10-08T20:28:21Z,6.034769421546565,20.845,,,,,,Cultivo 1,2025-10
{'$oid': '68e6cc4e194704c4a7b997ae'},2025-10-08 20:34:59+00:00,2025-10-08T20:34:59Z,2.0,27.1,49.6,37.3,2025-10-08T20:40:46Z,2025-10-08T20:40:46Z,2025-10-08T20:34:59Z,6.138952810560219,20.81,,,,,,Cultivo 1,2025-10
{'$oid': '68e6cea6194704c4a7b997af'},2025-10-08 20:41:39+00:00,2025-10-08T20:48:19Z,4.0,25.55,50.650000000000006,36.7,2025-10-08T20:50:46Z,2025-10-08T20:50:46Z,2025-10-08T20:48:19Z,6.020341478453578,20.53,,,,,,Cultivo 1,2025-10
{'$oid': '68e6d0fe194704c4a7b997b0'},2025-10-08 20:54:59+00:00,2025-10-08T20:54:59Z,2.0,24.5,53.1,36.6,2025-10-08T21:00:46Z,2025-10-08T21:00:46Z,2025-10-08T20:54:59Z,6.150833507674719,20.31,,,,,,Cultivo 1,2025-10
{'$oid': '68e6d356194704c4a7b997b1'},2025-10-08 21:01:40+00:00,2025-10-08T21:08:19Z,4.0,23.5,53.35,36.6,2025-10-08T21:10:46Z,2025-10-08T21:10:46Z,2025-10-08T21:08:19Z,6.0005737243030985,20.0,,,,,,Cultivo 1,2025-10
{'$oid': '68e6d5af194704c4a7b997b2'},2025-10-08 21:14:59+00:00,2025-10-08T21:14:59Z,2.0,22.8,54.4,36.6,2025-10-08T21:20:47Z,2025-10-08T21:20:47Z,2025-10-08T21:14:59Z,6.230325663490846,19.62,,,,,,Cultivo 1,2025-10
{'$oid': '68e6d807194704c4a7b997b3'},2025-10-08 21:21:39+00:00,2025-10-08T21:28:19Z,4.0,22.1,54.849999999999994,36.5,2025-10-08T21:30:47Z,2025-10-08T21:30:47Z,2025-10-08T21:28:19Z,6.318423671377888,19.375,,,,,,Cultivo 1,2025-10
{'$oid': '68e6da60194704c4a7b997b4'},2025-10-08 21:34:59+00:00,2025-10-08T21:34:59Z,2.0,21.9,55.5,36.5,2025-10-08T21:40:48Z,2025-10-08T21:40:48Z,2025-10-08T21:34:59Z,6.348395915087839,19.06,,,,,,Cultivo 1,2025-10
{'$oid': '68e6dcb8194704c4a7b997b5'},2025-10-08 21:41:39+00:00,2025-10-08T21:48:19Z,4.0,21.75,56.6,37.05,2025-10-08T21:50:48Z,2025-10-08T21:50:48Z,2025-10-08T21:48:19Z,6.318886800697998,18.905,,,,,,Cultivo 1,2025-10
{'$oid': '68e6df10194704c4a7b997b6'},2025-10-08 21:54:59+00:00,2025-10-08T21:54:59Z,2.0,21.4,57.5,36.5,2025-10-08T22:00:48Z,2025-10-08T22:00:48Z,2025-10-08T21:54:59Z,6.248805523162155,18.69,,,,,,Cultivo 1,2025-10
{'$oid': '68e6e168194704c4a7b997b7'},2025-10-08 22:01:39+00:00,2025-10-08T22:08:19Z,4.0,20.85,59.25,36.5,2025-10-08T22:10:48Z,2025-10-08T22:10:48Z,2025-10-08T22:08:19Z,6.109604748218057,18.439999999999998,,,,,,Cultivo 1,2025-10
{'$oid': '68e6e3c0194704c4a7b997b8'},2025-10-08 22:14:59+00:00,2025-10-08T22:14:59Z,2.0,19.8,59.9,36.5,2025-10-08T22:20:48Z,2025-10-08T22:20:48Z,2025-10-08T22:14:59Z,6.369378609060513,18.12,,,,,,Cultivo 1,2025-10
{'$oid': '68e6e618194704c4a7b997b9'},2025-10-08 22:21:39+00:00,2025-10-08T22:28:20Z,4.0,18.549999999999997,63.45,36.5,2025-10-08T22:30:48Z,2025-10-08T22:30:48Z,2025-10-08T22:28:20Z,6.343823878473747,17.715,,,,,,Cultivo 1,2025-10
{'$oid': '68e6e870194704c4a7b997ba'},2025-10-08 22:34:59+00:00,2025-10-08T22:34:59Z,2.0,17.4,66.1,36.5,2025-10-08T22:40:48Z,2025-10-08T22:40:48Z,2025-10-08T22:34:59Z,6.320708062919874,17.31,,,,,,Cultivo 1,2025-10
{'$oid': '68e6eac8194704c4a7b997bb'},2025-10-08 22:41:39+00:00,2025-10-08T22:48:19Z,4.0,16.45,71.15,36.5,2025-10-08T22:50:48Z,2025-10-08T22:50:48Z,2025-10-08T22:48:19Z,6.283678931089063,16.845,,,,,,Cultivo 1,2025-10
{'$oid': '68e6ed20194704c4a7b997bc'},2025-10-08 22:55:00+00:00,2025-10-08T22:55:00Z,2.0,15.7,72.9,36.5,2025-10-08T23:00:48Z,2025-10-08T23:00:48Z,2025-10-08T22:55:00Z,6.451793228848194,16.44,,,,,,Cultivo 1,2025-10
{'$oid': '68e6ef78194704c4a7b997bd'},2025-10-08 23:01:40+00:00,2025-10-08T23:08:20Z,4.0,15.05,76.05,36.4,2025-10-08T23:10:48Z,2025-10-08T23:10:48Z,2025-10-08T23:08:20Z,6.411590734125176,16.0,,,,,,Cultivo 1,2025-10
{'$oid': '68e6f1d0194704c4a7b997be'},2025-10-08 23:14:59+00:00,2025-10-08T23:14:59Z,2.0,14.5,78.3,36.4,2025-10-08T23:20:48Z,2025-10-08T23:20:48Z,2025-10-08T23:14:59Z,6.3766553464144105,15.62,,,,,,Cultivo 1,2025-10
{'$oid': '68e6f428194704c4a7b997bf'},2025-10-08 23:21:40+00:00,2025-10-08T23:28:20Z,4.0,14.05,79.9,36.4,2025-10-08T23:30:48Z,2025-10-08T23:30:48Z,2025-10-08T23:28:20Z,6.359602279555476,15.22,,,,,,Cultivo 1,2025-10
{'$oid': '68e6f680194704c4a7b997c0'},2025-10-08 23:35:01+00:00,2025-10-08T23:35:01Z,2.0,13.8,81.4,36.4,2025-10-08T23:40:48Z,2025-10-08T23:40:48Z,2025-10-08T23:35:01Z,6.317025888328216,14.81,,,,,,Cultivo 1,2025-10
{'$oid': '68e6f8d8194704c4a7b997c1'},2025-10-08 23:41:41+00:00,2025-10-08T23:48:20Z,4.0,13.55,82.35,36.4,2025-10-08T23:50:48Z,2025-10-08T23:50:48Z,2025-10-08T23:48:20Z,6.126287947076377,14.435,,,,,,Cultivo 1,2025-10
{'$oid': '68e6fb30194704c4a7b997c2'},2025-10-08 23:55:00+00:00,2025-10-08T23:55:00Z,2.0,13.3,83.5,36.4,2025-10-09T00:00:48Z,2025-10-09T00:00:48Z,2025-10-08T23:55:00Z,6.178329039919567,14.06,,,,,,Cultivo 1,2025-10
{'$oid': '68e6fd88194704c4a7b997c3'},2025-10-09 00:01:41+00:00,2025-10-09T00:08:20Z,4.0,13.1,84.25,36.4,2025-10-09T00:10:48Z,2025-10-09T00:10:48Z,2025-10-09T00:08:20Z,6.274642523004537,13.815,,,,,,Cultivo 1,2025-10
{'$oid': '68e6ffe0194704c4a7b997c4'},2025-10-09 00:15:01+00:00,2025-10-09T00:15:01Z,2.0,13.0,85.0,36.4,2025-10-09T00:20:48Z,2025-10-09T00:20:48Z,2025-10-09T00:15:01Z,6.522618624303083,13.5,,,,,,Cultivo 1,2025-10
{'$oid': '68e70238194704c4a7b997c5'},2025-10-09 00:21:44+00:00,2025-10-09T00:28:21Z,6.0,13.0,85.3,36.4,2025-10-09T00:30:48Z,2025-10-09T00:30:48Z,2025-10-09T00:28:21Z,6.2593627973983335,13.316666666666666,,,,,,Cultivo 1,2025-10
{'$oid': '68e70491194704c4a7b997c6'},2025-10-09 00:35:01+00:00,2025-10-09T00:35:01Z,2.0,13.1,85.4,36.4,2025-10-09T00:40:49Z,2025-10-09T00:40:49Z,2025-10-09T00:35:01Z,6.370782100040989,13.06,,,,,,Cultivo 1,2025-10
{'$oid': '68e706e9194704c4a7b997c7'},2025-10-09 00:41:41+00:00,2025-10-09T00:48:29Z,8.0,12.850000000000001,84.65,36.4,2025-10-09T00:50:49Z,2025-10-09T00:50:49Z,2025-10-09T00:48:29Z,6.523378621239048,12.875,,,,,,Cultivo 1,2025-10
{'$oid': '68e70941194704c4a7b997c8'},2025-10-09 00:55:01+00:00,2025-10-09T00:55:01Z,2.0,12.7,85.4,36.4,2025-10-09T01:00:49Z,2025-10-09T01:00:49Z,2025-10-09T00:55:01Z,6.28491841304549,12.69,,,,,,Cultivo 1,2025-10
{'$oid': '68e70b99194704c4a7b997c9'},2025-10-09 01:01:42+00:00,2025-10-09T01:08:21Z,4.0,12.4,85.05,36.4,2025-10-09T01:10:49Z,2025-10-09T01:10:49Z,2025-10-09T01:08:21Z,6.236739167769261,12.440000000000001,,,,,,Cultivo 1,2025-10
{'$oid': '68e70df1194704c4a7b997ca'},2025-10-09 01:15:02+00:00,2025-10-09T01:15:02Z,2.0,12.4,86.2,36.4,2025-10-09T01:20:49Z,2025-10-09T01:20:49Z,2025-10-09T01:15:02Z,6.259732886989993,12.25,,,,,,Cultivo 1,2025-10
{'$oid': '68e71049194704c4a7b997cb'},2025-10-09 01:21:41+00:00,2025-10-09T01:28:22Z,4.0,12.6,86.5,36.4,2025-10-09T01:30:49Z,2025-10-09T01:30:49Z,2025-10-09T01:28:22Z,6.278453129701489,12.12,,,,,,Cultivo 1,2025-10
{'$oid': '68e712a1194704c4a7b997cc'},2025-10-09 01:35:04+00:00,2025-10-09T01:35:08Z,4.0,12.7,86.1,36.4,2025-10-09T01:40:49Z,2025-10-09T01:40:49Z,2025-10-09T01:35:08Z,6.168636683066132,12.06,,,,,,Cultivo 1,2025-10
{'$oid': '68e714f9194704c4a7b997cd'},2025-10-09 01:41:42+00:00,2025-10-09T01:48:22Z,4.0,12.7,86.1,36.4,2025-10-09T01:50:49Z,2025-10-09T01:50:49Z,2025-10-09T01:48:22Z,6.494504277950081,11.969999999999999,,,,,,Cultivo 1,2025-10
{'$oid': '68e71751194704c4a7b997ce'},2025-10-09 01:55:01+00:00,2025-10-09T01:55:01Z,2.0,12.7,86.5,36.4,2025-10-09T02:00:49Z,2025-10-09T02:00:49Z,2025-10-09T01:55:01Z,6.356813312467121,11.81,,,,,,Cultivo 1,2025-10
{'$oid': '68e719a9194704c4a7b997cf'},2025-10-09 02:01:42+00:00,2025-10-09T02:08:22Z,4.0,13.05,86.75,36.4,2025-10-09T02:10:49Z,2025-10-09T02:10:49Z,2025-10-09T02:08:22Z,6.511789242143575,11.81,,,,,,Cultivo 1,2025-10
{'$oid': '68e71c01194704c4a7b997d0'},2025-10-09 02:15:02+00:00,2025-10-09T02:15:02Z,2.0,13.3,86.3,36.4,2025-10-09T02:20:49Z,2025-10-09T02:20:49Z,2025-10-09T02:15:02Z,6.496989316456201,11.81,,,,,,Cultivo 1,2025-10
{'$oid': '68e71e59194704c4a7b997d1'},2025-10-09 02:21:43+00:00,2025-10-09T02:28:22Z,4.0,13.4,86.05,36.4,2025-10-09T02:30:49Z,2025-10-09T02:30:49Z,2025-10-09T02:28:22Z,6.300572535910476,11.81,,,,,,Cultivo 1,2025-10
{'$oid': '68e720b1194704c4a7b997d2'},2025-10-09 02:35:01+00:00,2025-10-09T02:35:01Z,2.0,13.4,85.8,36.4,2025-10-09T02:40:49Z,2025-10-09T02:40:49Z,2025-10-09T02:35:01Z,6.380538050953803,11.81,,,,,,Cultivo 1,2025-10
{'$oid': '68e72309194704c4a7b997d3'},2025-10-09 02:41:42+00:00,2025-10-09T02:48:21Z,4.0,13.55,85.8,36.4,2025-10-09T02:50:49Z,2025-10-09T02:50:49Z,2025-10-09T02:48:21Z,6.412394577150435,11.845,,,,,,Cultivo 1,2025-10
{'$oid': '68e72561194704c4a7b997d4'},2025-10-09 02:55:01+00:00,2025-10-09T02:55:01Z,2.0,13.7,85.8,36.4,2025-10-09T03:00:49Z,2025-10-09T03:00:49Z,2025-10-09T02:55:01Z,6.453790533128079,11.88,,,,,,Cultivo 1,2025-10
{'$oid': '68e727b9194704c4a7b997d5'},2025-10-09 03:01:41+00:00,2025-10-09T03:08:21Z,4.0,13.7,85.65,36.4,2025-10-09T03:10:49Z,2025-10-09T03:10:49Z,2025-10-09T03:08:21Z,6.317164351956578,11.88,,,,,,Cultivo 1,2025-10
{'$oid': '68e72a11194704c4a7b997d6'},2025-10-09 03:15:01+00:00,2025-10-09T03:15:01Z,2.0,13.7,85.6,36.4,2025-10-09T03:20:49Z,2025-10-09T03:20:49Z,2025-10-09T03:15:01Z,6.484385116123246,11.88,,,,,,Cultivo 1,2025-10
{'$oid': '68e72c69194704c4a7b997d7'},2025-10-09 03:21:41+00:00,2025-10-09T03:28:20Z,4.0,13.649999999999999,85.80000000000001,36.4,2025-10-09T03:30:49Z,2025-10-09T03:30:49Z,2025-10-09T03:28:20Z,6.241823199663669,11.845,,,,,,Cultivo 1,2025-10
{'$oid': '68e72ec1194704c4a7b997d8'},2025-10-09 03:35:01+00:00,2025-10-09T03:35:01Z,2.0,13.6,86.1,36.4,2025-10-09T03:40:49Z,2025-10-09T03:40:49Z,2025-10-09T03:35:01Z,6.553852639300256,11.81,,,,,,Cultivo 1,2025-10
{'$oid': '68e73119194704c4a7b997d9'},2025-10-09 03:41:41+00:00,2025-10-09T03:48:22Z,4.0,13.55,85.7,36.4,2025-10-09T03:50:49Z,2025-10-09T03:50:49Z,2025-10-09T03:48:22Z,6.4475310747394,11.845,,,,,,Cultivo 1,2025-10
{'$oid': '68e73371194704c4a7b997da'},2025-10-09 03:55:00+00:00,2025-10-09T03:55:00Z,2.0,13.4,85.6,36.4,2025-10-09T04:00:49Z,2025-10-09T04:00:49Z,2025-10-09T03:55:00Z,6.519869796891092,11.81,,,,,,Cultivo 1,2025-10
{'$oid': '68e735c9194704c4a7b997db'},2025-10-09 04:01:40+00:00,2025-10-09T04:08:20Z,4.0,13.3,85.5,36.4,2025-10-09T04:10:49Z,2025-10-09T04:10:49Z,2025-10-09T04:08:20Z,6.204433671873542,11.780000000000001,,,,,,Cultivo 1,2025-10
{'$oid': '68e73821194704c4a7b997dc'},2025-10-09 04:15:00+00:00,2025-10-09T04:15:00Z,2.0,13.2,85.7,36.4,2025-10-09T04:20:49Z,2025-10-09T04:20:49Z,2025-10-09T04:15:00Z,6.436916522788458,11.69,,,,,,Cultivo 1,2025-10
{'$oid': '68e73a79194704c4a7b997dd'},2025-10-09 04:21:40+00:00,2025-10-09T04:28:20Z,4.0,13.0,85.65,36.4,2025-10-09T04:30:49Z,2025-10-09T04:30:49Z,2025-10-09T04:28:20Z,6.317081671826801,11.62,,,,,,Cultivo 1,2025-10
{'$oid': '68e73cd1194704c4a7b997de'},2025-10-09 04:35:00+00:00,2025-10-09T04:35:00Z,2.0,12.9,85.8,36.4,2025-10-09T04:40:49Z,2025-10-09T04:40:49Z,2025-10-09T04:35:00Z,6.4926081942631795,11.56,,,,,,Cultivo 1,2025-10
{'$oid': '68e73f29194704c4a7b997df'},2025-10-09 04:41:40+00:00,2025-10-09T04:48:20Z,4.0,12.850000000000001,85.9,36.4,2025-10-09T04:50:49Z,2025-10-09T04:50:49Z,2025-10-09T04:48:20Z,6.317184446190025,11.530000000000001,,,,,,Cultivo 1,2025-10
{'$oid': '68e74181194704c4a7b997e0'},2025-10-09 04:55:00+00:00,2025-10-09T04:55:00Z,2.0,12.8,85.9,36.4,2025-10-09T05:00:49Z,2025-10-09T05:00:49Z,2025-10-09T04:55:00Z,6.478301555764398,11.5,,,,,,Cultivo 1,2025-10
{'$oid': '68e743da194704c4a7b997e1'},2025-10-09 05:01:40+00:00,2025-10-09T05:08:20Z,4.0,12.7,85.95,36.4,2025-10-09T05:10:50Z,2025-10-09T05:10:50Z,2025-10-09T05:08:20Z,6.42991245041253,11.38,,,,,,Cultivo 1,2025-10
{'$oid': '68e74632194704c4a7b997e2'},2025-10-09 05:15:00+00:00,2025-10-09T05:15:00Z,2.0,12.7,86.4,36.4,2025-10-09T05:20:50Z,2025-10-09T05:20:50Z,2025-10-09T05:15:00Z,6.198982455055437,11.38,,,,,,Cultivo 1,2025-10
{'$oid': '68e7488a194704c4a7b997e3'},2025-10-09 05:21:40+00:00,2025-10-09T05:28:21Z,4.0,12.7,86.30000000000001,36.4,2025-10-09T05:30:50Z,2025-10-09T05:30:50Z,2025-10-09T05:28:21Z,6.476121001164502,11.31,,,,,,Cultivo 1,2025-10
{'$oid': '68e74ae2194704c4a7b997e4'},2025-10-09 05:35:00+00:00,2025-10-09T05:35:00Z,2.0,12.7,86.2,36.4,2025-10-09T05:40:50Z,2025-10-09T05:40:50Z,2025-10-09T05:35:00Z,6.412018066303266,11.25,,,,,,Cultivo 1,2025-10
{'$oid': '68e74d3a194704c4a7b997e5'},2025-10-09 05:41:40+00:00,2025-10-09T05:48:20Z,4.0,12.55,86.05,36.4,2025-10-09T05:50:50Z,2025-10-09T05:50:50Z,2025-10-09T05:48:20Z,6.463548657939603,11.219999999999999,,,,,,Cultivo 1,2025-10
{'$oid': '68e74f92194704c4a7b997e6'},2025-10-09 05:55:00+00:00,2025-10-09T05:55:00Z,2.0,12.4,86.2,36.4,2025-10-09T06:00:50Z,2025-10-09T06:00:50Z,2025-10-09T05:55:00Z,6.410742286778139,11.19,,,,,,Cultivo 1,2025-10
{'$oid': '68e751ea194704c4a7b997e7'},2025-10-09 06:01:40+00:00,2025-10-09T06:08:20Z,4.0,12.5,86.35,36.4,2025-10-09T06:10:50Z,2025-10-09T06:10:50Z,2025-10-09T06:08:20Z,6.209124551864869,11.12,,,,,,Cultivo 1,2025-10
{'$oid': '68e75442194704c4a7b997e8'},2025-10-09 06:15:00+00:00,2025-10-09T06:15:00Z,2.0,12.5,86.2,36.4,2025-10-09T06:20:50Z,2025-10-09T06:20:50Z,2025-10-09T06:15:00Z,6.3352191975258005,11.06,,,,,,Cultivo 1,2025-10
{'$oid': '68e7569a194704c4a7b997e9'},2025-10-09 06:21:40+00:00,2025-10-09T06:28:20Z,4.0,12.3,86.15,36.4,2025-10-09T06:30:50Z,2025-10-09T06:30:50Z,2025-10-09T06:28:20Z,6.400981765641372,10.969999999999999,,,,,,Cultivo 1,2025-10
{'$oid': '68e758f2194704c4a7b997ea'},2025-10-09 06:35:00+00:00,2025-10-09T06:35:00Z,2.0,12.1,86.3,36.3,2025-10-09T06:40:50Z,2025-10-09T06:40:50Z,2025-10-09T06:35:00Z,6.480863166971051,10.94,,,,,,Cultivo 1,2025-10
{'$oid': '68e75b4a194704c4a7b997eb'},2025-10-09 06:41:41+00:00,2025-10-09T06:48:20Z,4.0,12.05,86.4,36.4,2025-10-09T06:50:50Z,2025-10-09T06:50:50Z,2025-10-09T06:48:20Z,6.291741763543037,10.845,,,,,,Cultivo 1,2025-10
{'$oid': '68e75da2194704c4a7b997ec'},2025-10-09 06:55:00+00:00,2025-10-09T06:55:00Z,2.0,11.9,86.5,36.4,2025-10-09T07:00:50Z,2025-10-09T07:00:50Z,2025-10-09T06:55:00Z,6.513789810200651,10.75,,,,,,Cultivo 1,2025-10
{'$oid': '68e75ffa194704c4a7b997ed'},2025-10-09 07:01:40+00:00,2025-10-09T07:08:20Z,4.0,12.0,86.55,36.349999999999994,2025-10-09T07:10:50Z,2025-10-09T07:10:50Z,2025-10-09T07:08:20Z,6.474250733664607,10.69,,,,,,Cultivo 1,2025-10
{'$oid': '68e76252194704c4a7b997ee'},2025-10-09 07:15:00+00:00,2025-10-09T07:15:00Z,2.0,12.0,86.4,36.4,2025-10-09T07:20:50Z,2025-10-09T07:20:50Z,2025-10-09T07:15:00Z,6.537691033575401,10.62,,,,,,Cultivo 1,2025-10
{'$oid': '68e764aa194704c4a7b997ef'},2025-10-09 07:21:40+00:00,2025-10-09T07:28:20Z,4.0,11.95,86.5,36.349999999999994,2025-10-09T07:30:50Z,2025-10-09T07:30:50Z,2025-10-09T07:28:20Z,6.448993986617303,10.59,,,,,,Cultivo 1,2025-10
{'$oid': '68e76702194704c4a7b997f0'},2025-10-09 07:35:00+00:00,2025-10-09T07:35:00Z,2.0,11.9,86.5,36.3,2025-10-09T07:40:50Z,2025-10-09T07:40:50Z,2025-10-09T07:35:00Z,6.244337000099416,10.5,,,,,,Cultivo 1,2025-10
{'$oid': '68e7695a194704c4a7b997f1'},2025-10-09 07:41:40+00:00,2025-10-09T07:48:20Z,4.0,11.9,86.65,36.3,2025-10-09T07:50:50Z,2025-10-09T07:50:50Z,2025-10-09T07:48:20Z,6.390598500705591,10.5,,,,,,Cultivo 1,2025-10
{'$oid': '68e76bb2194704c4a7b997f2'},2025-10-09 07:55:00+00:00,2025-10-09T07:55:00Z,2.0,11.8,86.3,36.3,2025-10-09T08:00:50Z,2025-10-09T08:00:50Z,2025-10-09T07:55:00Z,6.512649189345976,10.44,,,,,,Cultivo 1,2025-10
{'$oid': '68e76e0a194704c4a7b997f3'},2025-10-09 08:01:40+00:00,2025-10-09T08:08:21Z,4.0,11.6,86.5,36.4,2025-10-09T08:10:50Z,2025-10-09T08:10:50Z,2025-10-09T08:08:21Z,6.232935313813833,10.38,,,,,,Cultivo 1,2025-10
{'$oid': '68e77062194704c4a7b997f4'},2025-10-09 08:15:00+00:00,2025-10-09T08:15:00Z,2.0,11.6,86.3,36.4,2025-10-09T08:20:50Z,2025-10-09T08:20:50Z,2025-10-09T08:15:00Z,6.425191665768356,10.31,,,,,,Cultivo 1,2025-10
{'$oid': '68e772ba194704c4a7b997f5'},2025-10-09 08:21:40+00:00,2025-10-09T08:28:20Z,4.0,11.350000000000001,86.35,36.4,2025-10-09T08:30:50Z,2025-10-09T08:30:50Z,2025-10-09T08:28:20Z,6.433138221685877,10.25,,,,,,Cultivo 1,2025-10
{'$oid': '68e77512194704c4a7b997f6'},2025-10-09 08:35:00+00:00,2025-10-09T08:35:00Z,2.0,11.2,86.5,36.4,2025-10-09T08:40:50Z,2025-10-09T08:40:50Z,2025-10-09T08:35:00Z,6.544727354843781,10.19,,,,,,Cultivo 1,2025-10
{'$oid': '68e7776a194704c4a7b997f7'},2025-10-09 08:41:40+00:00,2025-10-09T08:48:20Z,4.0,11.25,86.5,36.4,2025-10-09T08:50:50Z,2025-10-09T08:50:50Z,2025-10-09T08:48:20Z,6.430325702637237,10.155,,,,,,Cultivo 1,2025-10
{'$oid': '68e779c2194704c4a7b997f8'},2025-10-09 08:55:00+00:00,2025-10-09T08:55:00Z,2.0,11.1,86.8,36.4,2025-10-09T09:00:50Z,2025-10-09T09:00:50Z,2025-10-09T08:55:00Z,6.291228857126535,10.06,,,,,,Cultivo 1,2025-10
{'$oid': '68e77c1a194704c4a7b997f9'},2025-10-09 09:01:40+00:00,2025-10-09T09:08:20Z,4.0,11.05,86.9,36.4,2025-10-09T09:10:50Z,2025-10-09T09:10:50Z,2025-10-09T09:08:20Z,6.250046736909749,10.0,,,,,,Cultivo 1,2025-10
{'$oid': '68e77e72194704c4a7b997fa'},2025-10-09 09:15:00+00:00,2025-10-09T09:15:00Z,2.0,11.1,86.9,36.4,2025-10-09T09:20:50Z,2025-10-09T09:20:50Z,2025-10-09T09:15:00Z,6.345048262315672,19.026044923159272,,,,,,Cultivo 1,2025-10
{'$oid': '68e780ca194704c4a7b997fb'},2025-10-09 09:21:40+00:00,2025-10-09T09:28:20Z,4.0,11.149999999999999,86.85,36.4,2025-10-09T09:30:50Z,2025-10-09T09:30:50Z,2025-10-09T09:28:20Z,6.137545398561937,19.85869947613098,,,,,,Cultivo 1,2025-10
{'$oid': '68e78323194704c4a7b997fc'},2025-10-09 09:35:00+00:00,2025-10-09T09:35:00Z,2.0,11.2,86.7,36.4,2025-10-09T09:40:51Z,2025-10-09T09:40:51Z,2025-10-09T09:35:00Z,6.276648775271729,20.717180719217257,,,,,,Cultivo 1,2025-10
{'$oid': '68e7857b194704c4a7b997fd'},2025-10-09 09:41:40+00:00,2025-10-09T09:48:20Z,4.0,11.05,86.75,36.4,2025-10-09T09:50:51Z,2025-10-09T09:50:51Z,2025-10-09T09:48:20Z,6.148658363345881,21.489163327641734,,,,,,Cultivo 1,2025-10
{'$oid': '68e787d3194704c4a7b997fe'},2025-10-09 09:55:01+00:00,2025-10-09T09:55:01Z,2.0,11.0,87.0,36.4,2025-10-09T10:00:51Z,2025-10-09T10:00:51Z,2025-10-09T09:55:01Z,6.376504773178688,19.816476558176248,,,,,,Cultivo 1,2025-10
{'$oid': '68e78a2b194704c4a7b997ff'},2025-10-09 10:01:40+00:00,2025-10-09T10:08:20Z,4.0,11.05,86.9,36.4,2025-10-09T10:10:51Z,2025-10-09T10:10:51Z,2025-10-09T10:08:20Z,6.119380059173693,18.492992082578162,,,,,,Cultivo 1,2025-10
{'$oid': '68e78c83194704c4a7b99800'},2025-10-09 10:15:00+00:00,2025-10-09T10:15:00Z,2.0,11.1,87.0,36.4,2025-10-09T10:20:51Z,2025-10-09T10:20:51Z,2025-10-09T10:15:00Z,6.250496846852939,19.49135954348782,,,,,,Cultivo 1,2025-10
{'$oid': '68e78edb194704c4a7b99801'},2025-10-09 10:21:41+00:00,2025-10-09T10:28:21Z,4.0,11.2,86.85,36.4,2025-10-09T10:30:51Z,2025-10-09T10:30:51Z,2025-10-09T10:28:21Z,6.086493955198763,20.55839999951863,,,,,,Cultivo 1,2025-10
{'$oid': '68e79133194704c4a7b99802'},2025-10-09 10:35:01+00:00,2025-10-09T10:35:01Z,2.0,11.3,86.8,36.4,2025-10-09T10:40:51Z,2025-10-09T10:40:51Z,2025-10-09T10:35:01Z,6.272136368841926,20.973048415042314,,,,,,Cultivo 1,2025-10
{'$oid': '68e7938b194704c4a7b99803'},2025-10-09 10:41:41+00:00,2025-10-09T10:48:21Z,4.0,11.25,86.8,36.4,2025-10-09T10:50:51Z,2025-10-09T10:50:51Z,2025-10-09T10:48:21Z,6.243178777380776,21.092668326732394,,,,,,Cultivo 1,2025-10
{'$oid': '68e795e3194704c4a7b99804'},2025-10-09 10:55:01+00:00,2025-10-09T10:55:01Z,2.0,11.3,87.1,36.3,2025-10-09T11:00:51Z,2025-10-09T11:00:51Z,2025-10-09T10:55:01Z,6.117355642303927,20.210249394612838,,,,,,Cultivo 1,2025-10
{'$oid': '68e7983b194704c4a7b99805'},2025-10-09 11:01:41+00:00,2025-10-09T11:08:21Z,4.0,11.350000000000001,86.8,36.4,2025-10-09T11:10:51Z,2025-10-09T11:10:51Z,2025-10-09T11:08:21Z,6.016208406831653,21.070005308708627,,,,,,Cultivo 1,2025-10
{'$oid': '68e79a93194704c4a7b99806'},2025-10-09 11:15:01+00:00,2025-10-09T11:15:01Z,2.0,11.5,86.5,36.4,2025-10-09T11:20:51Z,2025-10-09T11:20:51Z,2025-10-09T11:15:01Z,6.377496999454323,18.09647470542003,,,,,,Cultivo 1,2025-10
{'$oid': '68e79ceb194704c4a7b99807'},2025-10-09 11:21:41+00:00,2025-10-09T11:28:21Z,4.0,11.649999999999999,86.4,36.4,2025-10-09T11:30:51Z,2025-10-09T11:30:51Z,2025-10-09T11:28:21Z,6.319179818538773,20.671313835552244,,,,,,Cultivo 1,2025-10
{'$oid': '68e79f43194704c4a7b99808'},2025-10-09 11:35:01+00:00,2025-10-09T11:35:01Z,2.0,11.9,86.2,36.4,2025-10-09T11:40:51Z,2025-10-09T11:40:51Z,2025-10-09T11:35:01Z,6.143339244860318,19.09216803269816,,,,,,Cultivo 1,2025-10
{'$oid': '68e7a19b194704c4a7b99809'},2025-10-09 11:41:41+00:00,2025-10-09T11:48:21Z,4.0,12.3,85.55000000000001,36.349999999999994,2025-10-09T11:50:51Z,2025-10-09T11:50:51Z,2025-10-09T11:48:21Z,6.191340316417664,19.205199891875964,,,,,,Cultivo 1,2025-10
{'$oid': '68e7a3f3194704c4a7b9980a'},2025-10-09 11:55:01+00:00,2025-10-09T11:55:01Z,2.0,13.0,84.4,36.3,2025-10-09T12:00:51Z,2025-10-09T12:00:51Z,2025-10-09T11:55:01Z,6.246667779954725,20.841544809101872,,,,,,Cultivo 1,2025-10
{'$oid': '68e7a64b194704c4a7b9980b'},2025-10-09 12:01:41+00:00,2025-10-09T12:08:21Z,4.0,13.65,83.0,36.4,2025-10-09T12:10:51Z,2025-10-09T12:10:51Z,2025-10-09T12:08:21Z,6.362551711471609,21.566651572310956,,,,,,Cultivo 1,2025-10
{'$oid': '68e7a8a3194704c4a7b9980c'},2025-10-09 12:15:03+00:00,2025-10-09T12:15:03Z,2.0,14.3,81.6,36.4,2025-10-09T12:20:51Z,2025-10-09T12:20:51Z,2025-10-09T12:15:03Z,6.441743994601096,10.12,,,,,,Cultivo 1,2025-10
{'$oid': '68e7aafb194704c4a7b9980d'},2025-10-09 12:21:41+00:00,2025-10-09T12:28:21Z,4.0,14.95,79.95,36.349999999999994,2025-10-09T12:30:51Z,2025-10-09T12:30:51Z,2025-10-09T12:28:21Z,6.205124089366179,10.280000000000001,,,,,,Cultivo 1,2025-10
{'$oid': '68e7ad53194704c4a7b9980e'},2025-10-09 12:35:01+00:00,2025-10-09T12:35:01Z,2.0,15.5,77.9,36.4,2025-10-09T12:40:51Z,2025-10-09T12:40:51Z,2025-10-09T12:35:01Z,6.426361473707865,10.44,,,,,,Cultivo 1,2025-10
{'$oid': '68e7afab194704c4a7b9980f'},2025-10-09 12:41:41+00:00,2025-10-09T12:48:21Z,4.0,16.25,77.80000000000001,36.2,2025-10-09T12:50:51Z,2025-10-09T12:50:51Z,2025-10-09T12:48:21Z,6.297402339490102,10.625,,,,,,Cultivo 1,2025-10
{'$oid': '68e7b203194704c4a7b99810'},2025-10-09 12:55:02+00:00,2025-10-09T12:55:02Z,2.0,17.1,76.4,35.7,2025-10-09T13:00:51Z,2025-10-09T13:00:51Z,2025-10-09T12:55:02Z,6.570486717258833,10.88,,,,,,Cultivo 1,2025-10
{'$oid': '68e7b45b194704c4a7b99811'},2025-10-09 13:01:43+00:00,2025-10-09T13:08:22Z,4.0,18.75,72.55,38.95,2025-10-09T13:10:51Z,2025-10-09T13:10:51Z,2025-10-09T13:08:22Z,6.24456733441826,11.185,,,,,,Cultivo 1,2025-10
{'$oid': '68e7b6b3194704c4a7b99812'},2025-10-09 13:15:02+00:00,2025-10-09T13:15:02Z,2.0,20.7,67.4,44.1,2025-10-09T13:20:51Z,2025-10-09T13:20:51Z,2025-10-09T13:15:02Z,6.315542690437449,11.5,,,,,,Cultivo 1,2025-10
{'$oid': '68e7b90b194704c4a7b99813'},2025-10-09 13:21:43+00:00,2025-10-09T13:28:22Z,4.0,22.1,63.1,43.7,2025-10-09T13:30:51Z,2025-10-09T13:30:51Z,2025-10-09T13:28:22Z,6.27863152814686,11.5,,,,,,Cultivo 1,2025-10
{'$oid': '68e7bb63194704c4a7b99814'},2025-10-09 13:35:01+00:00,2025-10-09T13:35:01Z,2.0,22.3,62.6,43.1,2025-10-09T13:40:51Z,2025-10-09T13:40:51Z,2025-10-09T13:35:01Z,6.310055416413933,11.81,,,,,,Cultivo 1,2025-10
{'$oid': '68e7bdbb194704c4a7b99815'},2025-10-09 13:41:41+00:00,2025-10-09T13:48:21Z,4.0,22.65,61.849999999999994,42.25,2025-10-09T13:50:51Z,2025-10-09T13:50:51Z,2025-10-09T13:48:21Z,6.4746581178782865,12.185,,,,,,Cultivo 1,2025-10
{'$oid': '68e7c014194704c4a7b99816'},2025-10-09 13:55:01+00:00,2025-10-09T13:55:01Z,2.0,25.9,57.7,41.3,2025-10-09T14:00:52Z,2025-10-09T14:00:52Z,2025-10-09T13:55:01Z,6.274101732288269,12.69,,,,,,Cultivo 1,2025-10
{'$oid': '68e7c26c194704c4a7b99817'},2025-10-09 14:01:41+00:00,2025-10-09T14:08:21Z,4.0,29.7,52.3,40.25,2025-10-09T14:10:52Z,2025-10-09T14:10:52Z,2025-10-09T14:08:21Z,6.441098679965057,13.19,,,,,,Cultivo 1,2025-10
{'$oid': '68e7c4c4194704c4a7b99818'},2025-10-09 14:15:01+00:00,2025-10-09T14:15:01Z,2.0,38.3,43.9,41.5,2025-10-09T14:20:52Z,2025-10-09T14:20:52Z,2025-10-09T14:15:01Z,6.343184435824184,14.19,,,,,,Cultivo 1,2025-10
{'$oid': '68e7c71c194704c4a7b99819'},2025-10-09 14:21:41+00:00,2025-10-09T14:28:21Z,4.0,39.05,41.45,47.5,2025-10-09T14:30:52Z,2025-10-09T14:30:52Z,2025-10-09T14:28:21Z,6.206101755007125,15.19,,,,,,Cultivo 1,2025-10
{'$oid': '68e7c974194704c4a7b9981a'},2025-10-09 14:35:01+00:00,2025-10-09T14:35:01Z,2.0,41.6,41.0,46.7,2025-10-09T14:40:52Z,2025-10-09T14:40:52Z,2025-10-09T14:35:01Z,6.249701220365966,16.5,,,,,,Cultivo 1,2025-10
{'$oid': '68e7cbcc194704c4a7b9981b'},2025-10-09 14:41:41+00:00,2025-10-09T14:48:21Z,4.0,32.85752717588922,35.9,45.75,2025-10-09T14:50:52Z,2025-10-09T14:50:52Z,2025-10-09T14:48:21Z,6.170153383306949,17.47,,,,,,Cultivo 1,2025-10
{'$oid': '68e7ce24194704c4a7b9981c'},2025-10-09 14:55:01+00:00,2025-10-09T14:55:01Z,2.0,33.18655627591517,35.5,43.0,2025-10-09T15:00:52Z,2025-10-09T15:00:52Z,2025-10-09T14:55:01Z,6.367285427533552,18.38,,,,,,Cultivo 1,2025-10
{'$oid': '68e7d07c194704c4a7b9981d'},2025-10-09 15:01:41+00:00,2025-10-09T15:08:21Z,4.0,20.30524981160444,35.15,41.45,2025-10-09T15:10:52Z,2025-10-09T15:10:52Z,2025-10-09T15:08:21Z,6.391136148775466,16.485,,,,,1.5196331055105516,Cultivo 1,2025-10
{'$oid': '68e7d2d4194704c4a7b9981e'},2025-10-09 15:15:01+00:00,2025-10-09T15:15:01Z,2.0,27.550552724323154,35.9,40.1,2025-10-09T15:20:52Z,2025-10-09T15:20:52Z,2025-10-09T15:15:01Z,6.104566078785456,16.97,,,,,,Cultivo 1,2025-10
{'$oid': '68e7d52c194704c4a7b9981f'},2025-10-09 15:21:41+00:00,2025-10-09T15:21:41Z,2.0,24.806926344641663,36.3,,2025-10-09T15:30:52Z,2025-10-09T15:30:52Z,2025-10-09T15:21:41Z,6.373301587374211,17.25,,,,,,Cultivo 1,2025-10
{'$oid': '68e7d784194704c4a7b99820'},2025-10-09 15:32:18+00:00,2025-10-09T15:38:59Z,4.0,43.2,35.599999999999994,,2025-10-09T15:40:52Z,2025-10-09T15:40:52Z,2025-10-09T15:38:59Z,6.116815284546655,18.925,,,,,,Cultivo 1,2025-10
{'$oid': '68e7d9dc194704c4a7b99821'},2025-10-09 15:45:39+00:00,2025-10-09T15:45:39Z,2.0,43.4,37.2,,2025-10-09T15:50:52Z,2025-10-09T15:50:52Z,2025-10-09T15:45:39Z,6.356188130435484,19.75,,,,,,Cultivo 1,2025-10
{'$oid': '68e7dc34194704c4a7b99822'},2025-10-09 15:52:20+00:00,2025-10-09T15:59:00Z,4.0,44.3,36.3,,2025-10-09T16:00:52Z,2025-10-09T16:00:52Z,2025-10-09T15:59:00Z,6.202805048791101,20.064999999999998,,,,,,Cultivo 1,2025-10
{'$oid': '68e7de8c194704c4a7b99823'},2025-10-09 16:05:39+00:00,2025-10-09T16:05:39Z,2.0,42.2,34.6,,2025-10-09T16:10:52Z,2025-10-09T16:10:52Z,2025-10-09T16:05:39Z,6.168359153205498,20.25,,,,,,Cultivo 1,2025-10
{'$oid': '68e7e0e5194704c4a7b99824'},2025-10-09 16:12:18+00:00,2025-10-09T16:18:59Z,4.0,42.150000000000006,37.85,,2025-10-09T16:20:53Z,2025-10-09T16:20:53Z,2025-10-09T16:18:59Z,6.25289811668642,20.405,,,,,,Cultivo 1,2025-10
{'$oid': '68e7e33d194704c4a7b99825'},2025-10-09 16:25:39+00:00,2025-10-09T16:25:39Z,2.0,43.0,33.7,,2025-10-09T16:30:53Z,2025-10-09T16:30:53Z,2025-10-09T16:25:39Z,6.379106646391152,20.75,,,,,,Cultivo 1,2025-10
{'$oid': '68e7e595194704c4a7b99826'},2025-10-09 16:32:19+00:00,2025-10-09T16:38:59Z,4.0,40.2,36.55,,2025-10-09T16:40:53Z,2025-10-09T16:40:53Z,2025-10-09T16:38:59Z,6.293502761731625,20.939999999999998,,,,,,Cultivo 1,2025-10
{'$oid': '68e7e7ed194704c4a7b99827'},2025-10-09 16:45:39+00:00,2025-10-09T16:45:39Z,2.0,41.2,34.4,,2025-10-09T16:50:53Z,2025-10-09T16:50:53Z,2025-10-09T16:45:39Z,6.259118589126289,21.12,,,,,,Cultivo 1,2025-10
{'$oid': '68e7ea45194704c4a7b99828'},2025-10-09 16:52:19+00:00,2025-10-09T16:58:59Z,4.0,38.95,36.05,,2025-10-09T17:00:53Z,2025-10-09T17:00:53Z,2025-10-09T16:58:59Z,6.318358997845537,21.485,,,,,,Cultivo 1,2025-10
{'$oid': '68e7ec9d194704c4a7b99829'},2025-10-09 17:05:39+00:00,2025-10-09T17:05:39Z,2.0,36.1,37.1,,2025-10-09T17:10:53Z,2025-10-09T17:10:53Z,2025-10-09T17:05:39Z,6.164168594573454,21.44,,,,,,Cultivo 1,2025-10
{'$oid': '68e7eef5194704c4a7b9982a'},2025-10-09 17:12:19+00:00,2025-10-09T17:18:59Z,4.0,34.849999999999994,39.6,,2025-10-09T17:20:53Z,2025-10-09T17:20:53Z,2025-10-09T17:18:59Z,6.080342719635643,21.36,,,,,,Cultivo 1,2025-10
{'$oid': '68e7f14d194704c4a7b9982b'},2025-10-09 17:25:39+00:00,2025-10-09T17:25:39Z,2.0,37.1,39.2,,2025-10-09T17:30:53Z,2025-10-09T17:30:53Z,2025-10-09T17:25:39Z,6.2401676418873375,21.53,,,,,,Cultivo 1,2025-10
{'$oid': '68e7f3a5194704c4a7b9982c'},2025-10-09 17:32:19+00:00,2025-10-09T17:38:59Z,4.0,37.5,39.75,,2025-10-09T17:40:53Z,2025-10-09T17:40:53Z,2025-10-09T17:38:59Z,6.256392053173356,21.735,,,,,,Cultivo 1,2025-10
{'$oid': '68e7f5fd194704c4a7b9982d'},2025-10-09 17:45:39+00:00,2025-10-09T17:45:39Z,2.0,36.7,39.5,,2025-10-09T17:50:53Z,2025-10-09T17:50:53Z,2025-10-09T17:45:39Z,6.339445230655989,21.81,,,,,,Cultivo 1,2025-10
{'$oid': '68e7f855194704c4a7b9982e'},2025-10-09 17:52:19+00:00,2025-10-09T17:58:59Z,4.0,35.650000000000006,40.0,,2025-10-09T18:00:53Z,2025-10-09T18:00:53Z,2025-10-09T17:58:59Z,6.239244981067704,21.655,,,,,,Cultivo 1,2025-10
{'$oid': '68e7faad194704c4a7b9982f'},2025-10-09 18:05:39+00:00,2025-10-09T18:05:39Z,2.0,35.2,42.1,,2025-10-09T18:10:53Z,2025-10-09T18:10:53Z,2025-10-09T18:05:39Z,6.0598022149654645,21.5,,,,,,Cultivo 1,2025-10
{'$oid': '68e7fd06194704c4a7b99830'},2025-10-09 18:12:19+00:00,2025-10-09T18:18:59Z,4.0,33.2,43.849999999999994,,2025-10-09T18:20:54Z,2025-10-09T18:20:54Z,2025-10-09T18:18:59Z,6.185735258736559,21.060000000000002,,,,,,Cultivo 1,2025-10
{'$oid': '68e7ff5e194704c4a7b99831'},2025-10-09 18:25:39+00:00,2025-10-09T18:25:39Z,2.0,34.6,40.7,,2025-10-09T18:30:54Z,2025-10-09T18:30:54Z,2025-10-09T18:25:39Z,6.181947721588547,21.34,,,,,,Cultivo 1,2025-10
{'$oid': '68e801b7194704c4a7b99832'},2025-10-09 18:32:19+00:00,2025-10-09T18:38:59Z,4.0,33.25,40.95,,2025-10-09T18:40:55Z,2025-10-09T18:40:55Z,2025-10-09T18:38:59Z,6.1554265930013985,21.28,,,,,,Cultivo 1,2025-10
{'$oid': '68e8040f194704c4a7b99833'},2025-10-09 18:45:39+00:00,2025-10-09T18:45:39Z,2.0,32.7,45.0,,2025-10-09T18:50:55Z,2025-10-09T18:50:55Z,2025-10-09T18:45:39Z,6.108622543949848,21.19,,,,,,Cultivo 1,2025-10
{'$oid': '68e80668194704c4a7b99834'},2025-10-09 18:52:20+00:00,2025-10-09T18:58:59Z,4.0,32.55,45.65,,2025-10-09T19:00:56Z,2025-10-09T19:00:56Z,2025-10-09T18:58:59Z,6.063221364394617,21.155,,,,,,Cultivo 1,2025-10
{'$oid': '68e808c1194704c4a7b99835'},2025-10-09 19:05:39+00:00,2025-10-09T19:05:39Z,2.0,32.1,46.3,,2025-10-09T19:10:57Z,2025-10-09T19:10:57Z,2025-10-09T19:05:39Z,6.331930888030902,21.0,,,,,,Cultivo 1,2025-10
{'$oid': '68e80b19194704c4a7b99836'},2025-10-09 19:12:19+00:00,2025-10-09T19:19:00Z,4.0,31.4,46.55,,2025-10-09T19:20:57Z,2025-10-09T19:20:57Z,2025-10-09T19:19:00Z,6.254549384518835,20.795,,,,,,Cultivo 1,2025-10
{'$oid': '68e80d71194704c4a7b99837'},2025-10-09 19:25:39+00:00,2025-10-09T19:25:39Z,2.0,31.1,46.3,,2025-10-09T19:30:57Z,2025-10-09T19:30:57Z,2025-10-09T19:25:39Z,6.253523985172292,20.88,,,,,,Cultivo 1,2025-10
{'$oid': '68e80fc9194704c4a7b99838'},2025-10-09 19:32:19+00:00,2025-10-09T19:38:59Z,4.0,30.65,47.75,,2025-10-09T19:40:57Z,2025-10-09T19:40:57Z,2025-10-09T19:38:59Z,6.35998098390309,19.33,,,,,,Cultivo 1,2025-10
{'$oid': '68e81221194704c4a7b99839'},2025-10-09 19:45:39+00:00,2025-10-09T19:45:39Z,2.0,28.7,48.5,,2025-10-09T19:50:57Z,2025-10-09T19:50:57Z,2025-10-09T19:45:39Z,6.283535315477424,19.12,,,,,,Cultivo 1,2025-10
{'$oid': '68e81479194704c4a7b9983a'},2025-10-09 19:52:19+00:00,2025-10-09T19:58:59Z,4.0,26.9,49.55,,2025-10-09T20:00:57Z,2025-10-09T20:00:57Z,2025-10-09T19:58:59Z,6.098553833088304,18.955,,,,,,Cultivo 1,2025-10
{'$oid': '68e816d1194704c4a7b9983b'},2025-10-09 20:05:39+00:00,2025-10-09T20:05:39Z,2.0,26.1,50.3,,2025-10-09T20:10:57Z,2025-10-09T20:10:57Z,2025-10-09T20:05:39Z,6.029711750744181,18.88,,,,,,Cultivo 1,2025-10
{'$oid': '68e81929194704c4a7b9983c'},2025-10-09 20:12:19+00:00,2025-10-09T20:19:00Z,4.0,24.9,52.3,,2025-10-09T20:20:57Z,2025-10-09T20:20:57Z,2025-10-09T20:19:00Z,6.178892220230025,18.72,,,,,,Cultivo 1,2025-10
{'$oid': '68e81b81194704c4a7b9983d'},2025-10-09 20:25:39+00:00,2025-10-09T20:25:39Z,2.0,24.5,54.3,,2025-10-09T20:30:57Z,2025-10-09T20:30:57Z,2025-10-09T20:25:39Z,6.318035793990864,18.59,,,,,,Cultivo 1,2025-10
{'$oid': '68e81dd9194704c4a7b9983e'},2025-10-09 20:32:19+00:00,2025-10-09T20:38:59Z,4.0,23.35,53.7,,2025-10-09T20:40:57Z,2025-10-09T20:40:57Z,2025-10-09T20:38:59Z,6.107613525865395,18.33,,,,,,Cultivo 1,2025-10
{'$oid': '68e82031194704c4a7b9983f'},2025-10-09 20:45:39+00:00,2025-10-09T20:45:39Z,2.0,22.6,55.4,,2025-10-09T20:50:57Z,2025-10-09T20:50:57Z,2025-10-09T20:45:39Z,6.318585619399155,17.84,,,,,,Cultivo 1,2025-10
{'$oid': '68e82289194704c4a7b99840'},2025-10-09 20:52:19+00:00,2025-10-09T20:59:00Z,4.0,22.450000000000003,57.35,,2025-10-09T21:00:57Z,2025-10-09T21:00:57Z,2025-10-09T20:59:00Z,6.407360841383738,17.78,,,,,,Cultivo 1,2025-10
{'$oid': '68e824e1194704c4a7b99841'},2025-10-09 21:05:39+00:00,2025-10-09T21:05:39Z,2.0,22.6,57.7,,2025-10-09T21:10:57Z,2025-10-09T21:10:57Z,2025-10-09T21:05:39Z,6.199255826357719,17.72,,,,,,Cultivo 1,2025-10
{'$oid': '68e82739194704c4a7b99842'},2025-10-09 21:12:19+00:00,2025-10-09T21:18:59Z,4.0,22.6,56.900000000000006,,2025-10-09T21:20:57Z,2025-10-09T21:20:57Z,2025-10-09T21:18:59Z,6.436898080133599,17.64,,,,,,Cultivo 1,2025-10
{'$oid': '68e82991194704c4a7b99843'},2025-10-09 21:25:39+00:00,2025-10-09T21:25:39Z,2.0,22.8,56.1,,2025-10-09T21:30:57Z,2025-10-09T21:30:57Z,2025-10-09T21:25:39Z,6.154968599293825,17.59,,,,,,Cultivo 1,2025-10
{'$oid': '68e82be9194704c4a7b99844'},2025-10-09 21:32:19+00:00,2025-10-09T21:38:59Z,4.0,22.55,57.400000000000006,,2025-10-09T21:40:57Z,2025-10-09T21:40:57Z,2025-10-09T21:38:59Z,6.357882634269709,17.53,,,,,,Cultivo 1,2025-10
{'$oid': '68e82e41194704c4a7b99845'},2025-10-09 21:45:39+00:00,2025-10-09T21:45:39Z,2.0,22.5,56.8,,2025-10-09T21:50:57Z,2025-10-09T21:50:57Z,2025-10-09T21:45:39Z,6.067951817873915,17.5,,,,,,Cultivo 1,2025-10
{'$oid': '68e83099194704c4a7b99846'},2025-10-09 21:52:19+00:00,2025-10-09T21:59:00Z,4.0,20.9,58.0,,2025-10-09T22:00:57Z,2025-10-09T22:00:57Z,2025-10-09T21:59:00Z,6.280599851704281,17.36,,,,,,Cultivo 1,2025-10
{'$oid': '68e832f1194704c4a7b99847'},2025-10-09 22:05:41+00:00,2025-10-09T22:05:41Z,2.0,19.9,60.0,,2025-10-09T22:10:57Z,2025-10-09T22:10:57Z,2025-10-09T22:05:41Z,6.2225483642973956,17.19,,,,,,Cultivo 1,2025-10
{'$oid': '68e83549194704c4a7b99848'},2025-10-09 22:12:19+00:00,2025-10-09T22:18:59Z,4.0,19.5,64.85,,2025-10-09T22:20:57Z,2025-10-09T22:20:57Z,2025-10-09T22:18:59Z,6.440903556121599,17.12,,,,,,Cultivo 1,2025-10
{'$oid': '68e839fa194704c4a7b99849'},2025-10-09 22:32:21+00:00,2025-10-09T22:39:01Z,4.0,19.15,71.0,,2025-10-09T22:40:58Z,2025-10-09T22:40:58Z,2025-10-09T22:39:01Z,6.086506887480642,18.25,,,,,,Cultivo 1,2025-10
{'$oid': '68e83c52194704c4a7b9984a'},2025-10-09 22:45:41+00:00,2025-10-09T22:45:41Z,2.0,18.5,72.6,,2025-10-09T22:50:58Z,2025-10-09T22:50:58Z,2025-10-09T22:45:41Z,6.3536532643813235,18.06,,,,,,Cultivo 1,2025-10
{'$oid': '68e83eaa194704c4a7b9984b'},2025-10-09 22:52:21+00:00,2025-10-09T22:59:02Z,4.0,18.25,75.35,,2025-10-09T23:00:58Z,2025-10-09T23:00:58Z,2025-10-09T22:59:02Z,6.128869673577581,17.845,,,,,,Cultivo 1,2025-10
{'$oid': '68e90a92194704c4a7b9984c'},2025-10-10 13:23:15+00:00,2025-10-10T13:29:55Z,4.0,26.75,52.8,,2025-10-10T13:30:58Z,2025-10-10T13:30:58Z,2025-10-10T13:29:55Z,,,alto,bajo,alto,bajo,,Cultivo 1,2025-10
{'$oid': '68e90cea194704c4a7b9984d'},2025-10-10 13:36:34+00:00,2025-10-10T13:36:34Z,2.0,27.6,51.3,,2025-10-10T13:40:58Z,2025-10-10T13:40:58Z,2025-10-10T13:36:34Z,,,alto,bajo,alto,bajo,,Cultivo 1,2025-10
{'$oid': '68e90f42194704c4a7b9984e'},2025-10-10 13:43:14+00:00,2025-10-10T13:49:54Z,4.0,28.0,50.849999999999994,,2025-10-10T13:50:58Z,2025-10-10T13:50:58Z,2025-10-10T13:49:54Z,,,alto,bajo,alto,bajo,,Cultivo 1,2025-10
{'$oid': '68e9119a194704c4a7b9984f'},2025-10-10 13:56:34+00:00,2025-10-10T13:56:34Z,2.0,28.1,50.1,,2025-10-10T14:00:58Z,2025-10-10T14:00:58Z,2025-10-10T13:56:34Z,,,alto,bajo,alto,bajo,,Cultivo 1,2025-10
{'$oid': '68e913f2194704c4a7b99850'},2025-10-10 14:03:14+00:00,2025-10-10T14:09:54Z,4.0,28.3,50.0,,2025-10-10T14:10:58Z,2025-10-10T14:10:58Z,2025-10-10T14:09:54Z,,,alto,bajo,alto,bajo,,Cultivo 1,2025-10
{'$oid': '68e9164a194704c4a7b99851'},2025-10-10 14:16:34+00:00,2025-10-10T14:16:34Z,2.0,28.3,50.0,,2025-10-10T14:20:58Z,2025-10-10T14:20:58Z,2025-10-10T14:16:34Z,,,alto,bajo,alto,bajo,,Cultivo 1,2025-10
{'$oid': '68e918a2194704c4a7b99852'},2025-10-10 14:23:14+00:00,2025-10-10T14:29:54Z,4.0,28.3,50.05,,2025-10-10T14:30:58Z,2025-10-10T14:30:58Z,2025-10-10T14:29:54Z,,,alto,bajo,alto,bajo,,Cultivo 1,2025-10
{'$oid': '68e91afa194704c4a7b99853'},2025-10-10 14:36:34+00:00,2025-10-10T14:36:34Z,2.0,26.6,52.7,,2025-10-10T14:40:58Z,2025-10-10T14:40:58Z,2025-10-10T14:36:34Z,,,alto,bajo,alto,bajo,,Cultivo 1,2025-10
{'$oid': '68e91d52194704c4a7b99854'},2025-10-10 14:43:14+00:00,2025-10-10T14:49:54Z,4.0,22.35,61.2,,2025-10-10T14:50:58Z,2025-10-10T14:50:58Z,2025-10-10T14:49:54Z,,,alto,bajo,alto,bajo,,Cultivo 1,2025-10
{'$oid': '68e91faa194704c4a7b99855'},2025-10-10 14:56:34+00:00,2025-10-10T14:56:34Z,2.0,21.0,64.4,,2025-10-10T15:00:58Z,2025-10-10T15:00:58Z,2025-10-10T14:56:34Z,,,alto,bajo,alto,bajo,,Cultivo 1,2025-10
{'$oid': '68e92202194704c4a7b99856'},2025-10-10 15:03:14+00:00,2025-10-10T15:09:54Z,4.0,20.799999999999997,65.5,,2025-10-10T15:10:58Z,2025-10-10T15:10:58Z,2025-10-10T15:09:54Z,,,alto,bajo,alto,bajo,,Cultivo 1,2025-10
{'$oid': '68e9245a194704c4a7b99857'},2025-10-10 15:16:34+00:00,2025-10-10T15:16:34Z,2.0,20.8,65.7,,2025-10-10T15:20:58Z,2025-10-10T15:20:58Z,2025-10-10T15:16:34Z,,,alto,bajo,alto,bajo,,Cultivo 1,2025-10
{'$oid': '68e926b2194704c4a7b99858'},2025-10-10 15:23:14+00:00,2025-10-10T15:29:54Z,4.0,20.9,65.65,,2025-10-10T15:30:58Z,2025-10-10T15:30:58Z,2025-10-10T15:29:54Z,,,alto,bajo,alto,bajo,,Cultivo 1,2025-10
{'$oid': '68e9290a194704c4a7b99859'},2025-10-10 15:36:34+00:00,2025-10-10T15:36:34Z,2.0,21.2,65.4,,2025-10-10T15:40:58Z,2025-10-10T15:40:58Z,2025-10-10T15:36:34Z,,,,,,,,Cultivo 1,2025-10
{'$oid': '68e92b62194704c4a7b9985a'},2025-10-10 15:43:14+00:00,2025-10-10T15:49:54Z,4.0,21.4,64.75,,2025-10-10T15:50:58Z,2025-10-10T15:50:58Z,2025-10-10T15:49:54Z,,,,,,,,Cultivo 1,2025-10
{'$oid': '68e92dba194704c4a7b9985b'},2025-10-10 15:56:34+00:00,2025-10-10T15:56:34Z,2.0,21.4,64.6,,2025-10-10T16:00:58Z,2025-10-10T16:00:58Z,2025-10-10T15:56:34Z,,,alto,bajo,alto,bajo,,Cultivo 1,2025-10
{'$oid': '68e93012194704c4a7b9985c'},2025-10-10 16:03:14+00:00,2025-10-10T16:09:54Z,4.0,21.6,63.9,,2025-10-10T16:10:58Z,2025-10-10T16:10:58Z,2025-10-10T16:09:54Z,,,alto,bajo,alto,bajo,,Cultivo 1,2025-10
{'$oid': '68e9326a194704c4a7b9985d'},2025-10-10 16:16:34+00:00,2025-10-10T16:16:34Z,2.0,21.9,63.6,,2025-10-10T16:20:58Z,2025-10-10T16:20:58Z,2025-10-10T16:16:34Z,,,,,,,,Cultivo 1,2025-10
{'$oid': '68e934c2194704c4a7b9985e'},2025-10-10 16:23:14+00:00,2025-10-10T16:29:54Z,4.0,22.05,63.7,,2025-10-10T16:30:58Z,2025-10-10T16:30:58Z,2025-10-10T16:29:54Z,,,alto,bajo,alto,bajo,,Cultivo 1,2025-10
{'$oid': '68e9371a194704c4a7b9985f'},2025-10-10 16:36:34+00:00,2025-10-10T16:36:34Z,2.0,22.3,63.2,,2025-10-10T16:40:58Z,2025-10-10T16:40:58Z,2025-10-10T16:36:34Z,,,alto,bajo,alto,bajo,,Cultivo 1,2025-10
{'$oid': '68e93972194704c4a7b99860'},2025-10-10 16:43:14+00:00,2025-10-10T16:49:54Z,4.0,23.15,62.099999999999994,,2025-10-10T16:50:58Z,2025-10-10T16:50:58Z,2025-10-10T16:49:54Z,,,alto,bajo,alto,alto,,Cultivo 1,2025-10
{'$oid': '68e93bca194704c4a7b99861'},2025-10-10 16:56:34+00:00,2025-10-10T16:56:34Z,2.0,23.8,61.0,,2025-10-10T17:00:58Z,2025-10-10T17:00:58Z,2025-10-10T16:56:34Z,,,alto,bajo,alto,bajo,,Cultivo 1,2025-10
{'$oid': '68ea3ff3194704c4a7b99862'},2025-10-11 11:26:24+00:00,2025-10-11T11:26:24Z,2.0,11.8,86.1,,2025-10-11T11:30:59Z,2025-10-11T11:30:59Z,2025-10-11T11:26:24Z,,,alto,bajo,alto,bajo,,Cultivo 1,2025-10
{'$oid': '68ea424b194704c4a7b99863'},2025-10-11 11:33:04+00:00,2025-10-11T11:39:44Z,4.0,12.149999999999999,85.6,,2025-10-11T11:40:59Z,2025-10-11T11:40:59Z,2025-10-11T11:39:44Z,,,alto,bajo,alto,bajo,,Cultivo 1,2025-10
{'$oid': '68ea44a3194704c4a7b99864'},2025-10-11 11:46:24+00:00,2025-10-11T11:46:24Z,2.0,12.6,85.0,,2025-10-11T11:50:59Z,2025-10-11T11:50:59Z,2025-10-11T11:46:24Z,,,alto,bajo,alto,bajo,,Cultivo 1,2025-10
{'$oid': '68ea46fb194704c4a7b99865'},2025-10-11 11:53:04+00:00,2025-10-11T11:59:44Z,4.0,13.35,83.69999999999999,,2025-10-11T12:00:59Z,2025-10-11T12:00:59Z,2025-10-11T11:59:44Z,,,alto,bajo,alto,bajo,,Cultivo 1,2025-10
{'$oid': '68ea4953194704c4a7b99866'},2025-10-11 12:06:25+00:00,2025-10-11T12:06:25Z,2.0,13.5,82.9,,2025-10-11T12:10:59Z,2025-10-11T12:10:59Z,2025-10-11T12:06:25Z,,,alto,bajo,alto,bajo,,Cultivo 1,2025-10
{'$oid': '68ea4bab194704c4a7b99867'},2025-10-11 12:13:05+00:00,2025-10-11T12:19:44Z,4.0,13.5,83.0,,2025-10-11T12:20:59Z,2025-10-11T12:20:59Z,2025-10-11T12:19:44Z,,,alto,bajo,alto,bajo,,Cultivo 1,2025-10
{'$oid': '68ea4e03194704c4a7b99868'},2025-10-11 12:26:24+00:00,2025-10-11T12:26:24Z,2.0,13.8,82.7,,2025-10-11T12:30:59Z,2025-10-11T12:30:59Z,2025-10-11T12:26:24Z,,,alto,bajo,alto,bajo,,Cultivo 1,2025-10
{'$oid': '68ea505b194704c4a7b99869'},2025-10-11 12:33:04+00:00,2025-10-11T12:39:44Z,4.0,14.35,82.05,,2025-10-11T12:40:59Z,2025-10-11T12:40:59Z,2025-10-11T12:39:44Z,,,alto,bajo,alto,bajo,,Cultivo 1,2025-10
{'$oid': '68ea52b3194704c4a7b9986a'},2025-10-11 12:46:24+00:00,2025-10-11T12:46:24Z,2.0,14.9,80.5,,2025-10-11T12:50:59Z,2025-10-11T12:50:59Z,2025-10-11T12:46:24Z,,,alto,bajo,alto,bajo,,Cultivo 1,2025-10
{'$oid': '68ea550b194704c4a7b9986b'},2025-10-11 12:53:04+00:00,2025-10-11T12:59:44Z,4.0,17.75,74.65,,2025-10-11T13:00:59Z,2025-10-11T13:00:59Z,2025-10-11T12:59:44Z,,,alto,bajo,alto,bajo,,Cultivo 1,2025-10
{'$oid': '68ea5763194704c4a7b9986c'},2025-10-11 13:06:24+00:00,2025-10-11T13:06:24Z,2.0,19.7,69.4,,2025-10-11T13:10:59Z,2025-10-11T13:10:59Z,2025-10-11T13:06:24Z,,,alto,bajo,alto,bajo,,Cultivo 1,2025-10
{'$oid': '68ea59bb194704c4a7b9986d'},2025-10-11 13:13:05+00:00,2025-10-11T13:19:44Z,4.0,21.45,62.9,,2025-10-11T13:20:59Z,2025-10-11T13:20:59Z,2025-10-11T13:19:44Z,,,alto,bajo,alto,bajo,,Cultivo 1,2025-10
{'$oid': '68ea5c13194704c4a7b9986e'},2025-10-11 13:26:25+00:00,2025-10-11T13:26:25Z,2.0,22.3,63.2,,2025-10-11T13:30:59Z,2025-10-11T13:30:59Z,2025-10-11T13:26:25Z,,,alto,bajo,alto,bajo,,Cultivo 1,2025-10
{'$oid': '68ea5e6b194704c4a7b9986f'},2025-10-11 13:33:04+00:00,2025-10-11T13:39:44Z,4.0,22.9,61.5,,2025-10-11T13:40:59Z,2025-10-11T13:40:59Z,2025-10-11T13:39:44Z,,,alto,bajo,alto,bajo,,Cultivo 1,2025-10
{'$oid': '68ea60c3194704c4a7b99870'},2025-10-11 13:46:24+00:00,2025-10-11T13:46:24Z,2.0,25.0,59.2,,2025-10-11T13:50:59Z,2025-10-11T13:50:59Z,2025-10-11T13:46:24Z,,,alto,bajo,alto,bajo,,Cultivo 1,2025-10
{'$oid': '68ea631b194704c4a7b99871'},2025-10-11 13:53:04+00:00,2025-10-11T13:59:44Z,4.0,24.5,59.75,,2025-10-11T14:00:59Z,2025-10-11T14:00:59Z,2025-10-11T13:59:44Z,,,alto,bajo,alto,bajo,,Cultivo 1,2025-10
{'$oid': '68ea6573194704c4a7b99872'},2025-10-11 14:06:24+00:00,2025-10-11T14:06:24Z,2.0,24.2,59.4,,2025-10-11T14:10:59Z,2025-10-11T14:10:59Z,2025-10-11T14:06:24Z,,,alto,bajo,alto,bajo,,Cultivo 1,2025-10
{'$oid': '68ea67cb194704c4a7b99873'},2025-10-11 14:13:06+00:00,2025-10-11T14:19:44Z,4.0,26.3,55.7,,2025-10-11T14:20:59Z,2025-10-11T14:20:59Z,2025-10-11T14:19:44Z,,,alto,alto,alto,alto,,Cultivo 1,2025-10
{'$oid': '68ea6a23194704c4a7b99874'},2025-10-11 14:26:25+00:00,2025-10-11T14:26:25Z,2.0,28.6,54.8,,2025-10-11T14:30:59Z,2025-10-11T14:30:59Z,2025-10-11T14:26:25Z,,,alto,bajo,alto,bajo,,Cultivo 1,2025-10
{'$oid': '68ea6c7c194704c4a7b99875'},2025-10-11 14:33:05+00:00,2025-10-11T14:39:45Z,4.0,30.75,50.3,,2025-10-11T14:41:00Z,2025-10-11T14:41:00Z,2025-10-11T14:39:45Z,,,alto,bajo,alto,bajo,,Cultivo 1,2025-10
{'$oid': '68ea6ed4194704c4a7b99876'},2025-10-11 14:46:24+00:00,2025-10-11T14:46:24Z,2.0,27.8,52.9,,2025-10-11T14:51:00Z,2025-10-11T14:51:00Z,2025-10-11T14:46:24Z,,,alto,bajo,alto,bajo,,Cultivo 1,2025-10
{'$oid': '68ea712c194704c4a7b99877'},2025-10-11 14:53:04+00:00,2025-10-11T14:59:44Z,4.0,28.0,52.25,,2025-10-11T15:01:00Z,2025-10-11T15:01:00Z,2025-10-11T14:59:44Z,,,alto,bajo,alto,bajo,,Cultivo 1,2025-10
{'$oid': '68ea7384194704c4a7b99878'},2025-10-11 15:06:25+00:00,2025-10-11T15:06:25Z,2.0,27.5,54.9,,2025-10-11T15:11:00Z,2025-10-11T15:11:00Z,2025-10-11T15:06:25Z,,,alto,bajo,alto,bajo,,Cultivo 1,2025-10
{'$oid': '68ea75dc194704c4a7b99879'},2025-10-11 15:13:04+00:00,2025-10-11T15:19:44Z,4.0,34.0,47.7,,2025-10-11T15:21:00Z,2025-10-11T15:21:00Z,2025-10-11T15:19:44Z,,,alto,bajo,alto,bajo,,Cultivo 1,2025-10
{'$oid': '68ea7834194704c4a7b9987a'},2025-10-11 15:26:24+00:00,2025-10-11T15:26:24Z,2.0,37.5,44.9,,2025-10-11T15:31:00Z,2025-10-11T15:31:00Z,2025-10-11T15:26:24Z,,,alto,bajo,alto,bajo,,Cultivo 1,2025-10
{'$oid': '68ea7a8c194704c4a7b9987b'},2025-10-11 15:33:04+00:00,2025-10-11T15:39:45Z,4.0,31.9,48.65,,2025-10-11T15:41:00Z,2025-10-11T15:41:00Z,2025-10-11T15:39:45Z,,,alto,bajo,alto,bajo,,Cultivo 1,2025-10
{'$oid': '68ea7ce4194704c4a7b9987c'},2025-10-11 15:46:24+00:00,2025-10-11T15:46:24Z,2.0,28.1,53.4,,2025-10-11T15:51:00Z,2025-10-11T15:51:00Z,2025-10-11T15:46:24Z,,,alto,bajo,alto,bajo,,Cultivo 1,2025-10
{'$oid': '68ea7f3c194704c4a7b9987d'},2025-10-11 15:53:05+00:00,2025-10-11T15:59:47Z,4.0,26.299999999999997,54.85,,2025-10-11T16:01:00Z,2025-10-11T16:01:00Z,2025-10-11T15:59:47Z,,,alto,bajo,alto,bajo,,Cultivo 1,2025-10
{'$oid': '68ea8194194704c4a7b9987e'},2025-10-11 16:06:24+00:00,2025-10-11T16:06:24Z,2.0,26.0,56.3,,2025-10-11T16:11:00Z,2025-10-11T16:11:00Z,2025-10-11T16:06:24Z,,,alto,bajo,alto,bajo,,Cultivo 1,2025-10
{'$oid': '68ea83ec194704c4a7b9987f'},2025-10-11 16:13:04+00:00,2025-10-11T16:19:44Z,4.0,26.1,54.5,,2025-10-11T16:21:00Z,2025-10-11T16:21:00Z,2025-10-11T16:19:44Z,,,alto,bajo,alto,bajo,,Cultivo 1,2025-10
{'$oid': '68ea8644194704c4a7b99880'},2025-10-11 16:26:25+00:00,2025-10-11T16:26:25Z,2.0,26.5,54.9,,2025-10-11T16:31:00Z,2025-10-11T16:31:00Z,2025-10-11T16:26:25Z,,,alto,bajo,alto,bajo,,Cultivo 1,2025-10
{'$oid': '68ea889c194704c4a7b99881'},2025-10-11 16:33:04+00:00,2025-10-11T16:39:44Z,4.0,27.0,54.3,,2025-10-11T16:41:00Z,2025-10-11T16:41:00Z,2025-10-11T16:39:44Z,,,alto,bajo,alto,bajo,,Cultivo 1,2025-10
{'$oid': '68ea8af4194704c4a7b99882'},2025-10-11 16:46:24+00:00,2025-10-11T16:46:24Z,2.0,30.6,49.2,,2025-10-11T16:51:00Z,2025-10-11T16:51:00Z,2025-10-11T16:46:24Z,,,alto,alto,alto,alto,,Cultivo 1,2025-10
{'$oid': '68ea8d4c194704c4a7b99883'},2025-10-11 16:53:05+00:00,2025-10-11T16:59:44Z,4.0,33.2,47.75,,2025-10-11T17:01:00Z,2025-10-11T17:01:00Z,2025-10-11T16:59:44Z,,,alto,bajo,alto,bajo,,Cultivo 1,2025-10
{'$oid': '68ea8fa4194704c4a7b99884'},2025-10-11 17:06:24+00:00,2025-10-11T17:06:24Z,2.0,34.6,46.1,,2025-10-11T17:11:00Z,2025-10-11T17:11:00Z,2025-10-11T17:06:24Z,,,alto,bajo,alto,bajo,,Cultivo 1,2025-10
{'$oid': '68ea91fc194704c4a7b99885'},2025-10-11 17:13:04+00:00,2025-10-11T17:19:44Z,4.0,31.55,47.8,,2025-10-11T17:21:00Z,2025-10-11T17:21:00Z,2025-10-11T17:19:44Z,,,alto,bajo,alto,bajo,,Cultivo 1,2025-10
{'$oid': '68ea9454194704c4a7b99886'},2025-10-11 17:26:24+00:00,2025-10-11T17:26:24Z,2.0,24.7,58.2,,2025-10-11T17:31:00Z,2025-10-11T17:31:00Z,2025-10-11T17:26:24Z,,,alto,bajo,alto,bajo,,Cultivo 1,2025-10
{'$oid': '68ea96ac194704c4a7b99887'},2025-10-11 17:33:05+00:00,2025-10-11T17:39:45Z,4.0,24.2,60.25,,2025-10-11T17:41:00Z,2025-10-11T17:41:00Z,2025-10-11T17:39:45Z,,,alto,bajo,alto,bajo,,Cultivo 1,2025-10
{'$oid': '68ea9904194704c4a7b99888'},2025-10-11 17:46:25+00:00,2025-10-11T17:46:25Z,2.0,26.9,57.7,,2025-10-11T17:51:00Z,2025-10-11T17:51:00Z,2025-10-11T17:46:25Z,,,alto,bajo,alto,bajo,,Cultivo 1,2025-10
{'$oid': '68ea9b5c194704c4a7b99889'},2025-10-11 17:53:05+00:00,2025-10-11T17:59:45Z,4.0,27.2,55.55,,2025-10-11T18:01:00Z,2025-10-11T18:01:00Z,2025-10-11T17:59:45Z,,,alto,bajo,alto,bajo,,Cultivo 1,2025-10
{'$oid': '68ea9db4194704c4a7b9988a'},2025-10-11 18:06:24+00:00,2025-10-11T18:06:24Z,2.0,26.3,55.1,,2025-10-11T18:11:00Z,2025-10-11T18:11:00Z,2025-10-11T18:06:24Z,,,alto,alto,alto,alto,,Cultivo 1,2025-10
{'$oid': '68eaa00c194704c4a7b9988b'},2025-10-11 18:13:05+00:00,2025-10-11T18:19:44Z,4.0,24.85,57.400000000000006,,2025-10-11T18:21:00Z,2025-10-11T18:21:00Z,2025-10-11T18:19:44Z,,,alto,bajo,alto,bajo,,Cultivo 1,2025-10
{'$oid': '68eaa264194704c4a7b9988c'},2025-10-11 18:26:26+00:00,2025-10-11T18:26:26Z,2.0,22.9,61.0,,2025-10-11T18:31:00Z,2025-10-11T18:31:00Z,2025-10-11T18:26:26Z,,,alto,bajo,alto,bajo,,Cultivo 1,2025-10
{'$oid': '68eaa4bc194704c4a7b9988d'},2025-10-11 18:33:05+00:00,2025-10-11T18:39:44Z,4.0,21.700000000000003,63.1,,2025-10-11T18:41:00Z,2025-10-11T18:41:00Z,2025-10-11T18:39:44Z,,,alto,bajo,alto,bajo,,Cultivo 1,2025-10
{'$oid': '68eaa714194704c4a7b9988e'},2025-10-11 18:46:25+00:00,2025-10-11T18:46:25Z,2.0,20.8,65.9,,2025-10-11T18:51:00Z,2025-10-11T18:51:00Z,2025-10-11T18:46:25Z,,,alto,bajo,alto,bajo,,Cultivo 1,2025-10
{'$oid': '68eaa96d194704c4a7b9988f'},2025-10-11 18:53:06+00:00,2025-10-11T18:59:44Z,4.0,21.75,62.75,,2025-10-11T19:01:01Z,2025-10-11T19:01:01Z,2025-10-11T18:59:44Z,,,alto,bajo,alto,bajo,,Cultivo 1,2025-10
{'$oid': '68eaabc5194704c4a7b99890'},2025-10-11 19:06:24+00:00,2025-10-11T19:06:24Z,2.0,22.9,60.6,,2025-10-11T19:11:01Z,2025-10-11T19:11:01Z,2025-10-11T19:06:24Z,,,alto,bajo,alto,bajo,,Cultivo 1,2025-10
{'$oid': '68eaae1d194704c4a7b99891'},2025-10-11 19:13:04+00:00,2025-10-11T19:19:45Z,4.0,24.1,58.7,,2025-10-11T19:21:01Z,2025-10-11T19:21:01Z,2025-10-11T19:19:45Z,,,alto,alto,alto,alto,,Cultivo 1,2025-10
{'$oid': '68eab075194704c4a7b99892'},2025-10-11 19:26:25+00:00,2025-10-11T19:26:25Z,2.0,25.9,57.5,,2025-10-11T19:31:01Z,2025-10-11T19:31:01Z,2025-10-11T19:26:25Z,,,alto,bajo,alto,alto,,Cultivo 1,2025-10
{'$oid': '68eab2cd194704c4a7b99893'},2025-10-11 19:33:05+00:00,2025-10-11T19:39:45Z,4.0,24.049999999999997,59.0,,2025-10-11T19:41:01Z,2025-10-11T19:41:01Z,2025-10-11T19:39:45Z,,,alto,bajo,alto,bajo,,Cultivo 1,2025-10
{'$oid': '68eab525194704c4a7b99894'},2025-10-11 19:46:25+00:00,2025-10-11T19:46:25Z,2.0,24.0,59.6,,2025-10-11T19:51:01Z,2025-10-11T19:51:01Z,2025-10-11T19:46:25Z,,,alto,bajo,alto,bajo,,Cultivo 1,2025-10
{'$oid': '68eab77d194704c4a7b99895'},2025-10-11 19:53:05+00:00,2025-10-11T19:59:45Z,4.0,21.8,63.4,,2025-10-11T20:01:01Z,2025-10-11T20:01:01Z,2025-10-11T19:59:45Z,,,alto,bajo,alto,bajo,,Cultivo 1,2025-10
{'$oid': '68eab9d5194704c4a7b99896'},2025-10-11 20:06:25+00:00,2025-10-11T20:06:25Z,2.0,20.3,66.7,,2025-10-11T20:11:01Z,2025-10-11T20:11:01Z,2025-10-11T20:06:25Z,,,alto,bajo,alto,bajo,,Cultivo 1,2025-10
{'$oid': '68eabc2d194704c4a7b99897'},2025-10-11 20:13:05+00:00,2025-10-11T20:19:45Z,4.0,20.45,67.5,,2025-10-11T20:21:01Z,2025-10-11T20:21:01Z,2025-10-11T20:19:45Z,,,alto,bajo,alto,bajo,,Cultivo 1,2025-10
{'$oid': '68eabe85194704c4a7b99898'},2025-10-11 20:26:25+00:00,2025-10-11T20:26:25Z,2.0,21.7,65.7,,2025-10-11T20:31:01Z,2025-10-11T20:31:01Z,2025-10-11T20:26:25Z,,,alto,alto,alto,alto,,Cultivo 1,2025-10
{'$oid': '68eac0dd194704c4a7b99899'},2025-10-11 20:33:05+00:00,2025-10-11T20:39:45Z,4.0,22.450000000000003,63.45,,2025-10-11T20:41:01Z,2025-10-11T20:41:01Z,2025-10-11T20:39:45Z,,,alto,bajo,alto,bajo,,Cultivo 1,2025-10
{'$oid': '68eac335194704c4a7b9989a'},2025-10-11 20:46:25+00:00,2025-10-11T20:46:25Z,2.0,22.9,63.6,,2025-10-11T20:51:01Z,2025-10-11T20:51:01Z,2025-10-11T20:46:25Z,,,alto,bajo,alto,bajo,,Cultivo 1,2025-10
{'$oid': '68eac58d194704c4a7b9989b'},2025-10-11 20:53:05+00:00,2025-10-11T20:59:47Z,4.0,22.9,62.599999999999994,,2025-10-11T21:01:01Z,2025-10-11T21:01:01Z,2025-10-11T20:59:47Z,,,alto,bajo,alto,bajo,,Cultivo 1,2025-10
{'$oid': '68eac7e5194704c4a7b9989c'},2025-10-11 21:06:25+00:00,2025-10-11T21:06:25Z,2.0,21.1,64.9,,2025-10-11T21:11:01Z,2025-10-11T21:11:01Z,2025-10-11T21:06:25Z,,,alto,bajo,alto,bajo,,Cultivo 1,2025-10
{'$oid': '68eaca3d194704c4a7b9989d'},2025-10-11 21:13:05+00:00,2025-10-11T21:19:45Z,4.0,21.3,66.2,,2025-10-11T21:21:01Z,2025-10-11T21:21:01Z,2025-10-11T21:19:45Z,,,alto,bajo,alto,bajo,,Cultivo 1,2025-10
{'$oid': '68eacc95194704c4a7b9989e'},2025-10-11 21:26:25+00:00,2025-10-11T21:26:25Z,2.0,21.6,64.9,,2025-10-11T21:31:01Z,2025-10-11T21:31:01Z,2025-10-11T21:26:25Z,,,alto,bajo,alto,bajo,,Cultivo 1,2025-10
{'$oid': '68eaceed194704c4a7b9989f'},2025-10-11 21:33:05+00:00,2025-10-11T21:39:45Z,4.0,21.35,65.3,,2025-10-11T21:41:01Z,2025-10-11T21:41:01Z,2025-10-11T21:39:45Z,,,alto,alto,alto,bajo,,Cultivo 1,2025-10
{'$oid': '68ead145194704c4a7b998a0'},2025-10-11 21:46:25+00:00,2025-10-11T21:46:25Z,2.0,20.7,66.6,,2025-10-11T21:51:01Z,2025-10-11T21:51:01Z,2025-10-11T21:46:25Z,,,alto,alto,alto,alto,,Cultivo 1,2025-10
{'$oid': '68ead39d194704c4a7b998a1'},2025-10-11 21:53:05+00:00,2025-10-11T21:59:46Z,4.0,18.700000000000003,71.69999999999999,,2025-10-11T22:01:01Z,2025-10-11T22:01:01Z,2025-10-11T21:59:46Z,,,alto,bajo,alto,bajo,,Cultivo 1,2025-10
{'$oid': '68ead5f5194704c4a7b998a2'},2025-10-11 22:06:25+00:00,2025-10-11T22:06:25Z,2.0,17.8,74.1,,2025-10-11T22:11:01Z,2025-10-11T22:11:01Z,2025-10-11T22:06:25Z,,,alto,bajo,alto,bajo,,Cultivo 1,2025-10
{'$oid': '68ead84d194704c4a7b998a3'},2025-10-11 22:13:05+00:00,2025-10-11T22:19:45Z,4.0,17.549999999999997,74.75,,2025-10-11T22:21:01Z,2025-10-11T22:21:01Z,2025-10-11T22:19:45Z,,,alto,bajo,alto,bajo,,Cultivo 1,2025-10
{'$oid': '68eadaa5194704c4a7b998a4'},2025-10-11 22:26:25+00:00,2025-10-11T22:26:25Z,2.0,17.4,75.8,,2025-10-11T22:31:01Z,2025-10-11T22:31:01Z,2025-10-11T22:26:25Z,,,alto,bajo,alto,bajo,,Cultivo 1,2025-10
{'$oid': '68eadcfd194704c4a7b998a5'},2025-10-11 22:33:07+00:00,2025-10-11T22:39:45Z,4.0,16.5,76.95,,2025-10-11T22:41:01Z,2025-10-11T22:41:01Z,2025-10-11T22:39:45Z,,,alto,bajo,alto,bajo,,Cultivo 1,2025-10
{'$oid': '68eadf55194704c4a7b998a6'},2025-10-11 22:46:25+00:00,2025-10-11T22:46:25Z,2.0,15.4,79.5,,2025-10-11T22:51:01Z,2025-10-11T22:51:01Z,2025-10-11T22:46:25Z,,,alto,bajo,alto,bajo,,Cultivo 1,2025-10
{'$oid': '68eae1ad194704c4a7b998a7'},2025-10-11 22:53:05+00:00,2025-10-11T22:59:45Z,4.0,14.8,81.8,,2025-10-11T23:01:01Z,2025-10-11T23:01:01Z,2025-10-11T22:59:45Z,,,alto,bajo,alto,bajo,,Cultivo 1,2025-10
{'$oid': '68eae405194704c4a7b998a8'},2025-10-11 23:06:26+00:00,2025-10-11T23:06:26Z,2.0,14.4,83.2,,2025-10-11T23:11:01Z,2025-10-11T23:11:01Z,2025-10-11T23:06:26Z,,,alto,bajo,alto,bajo,,Cultivo 1,2025-10
{'$oid': '68eae65d194704c4a7b998a9'},2025-10-11 23:13:05+00:00,2025-10-11T23:19:45Z,4.0,14.149999999999999,83.75,,2025-10-11T23:21:01Z,2025-10-11T23:21:01Z,2025-10-11T23:19:45Z,,,alto,bajo,alto,bajo,,Cultivo 1,2025-10
{'$oid': '68eae8b6194704c4a7b998aa'},2025-10-11 23:26:25+00:00,2025-10-11T23:26:25Z,2.0,14.0,84.0,,2025-10-11T23:31:02Z,2025-10-11T23:31:02Z,2025-10-11T23:26:25Z,,,alto,bajo,alto,bajo,,Cultivo 1,2025-10
{'$oid': '68eaeb0e194704c4a7b998ab'},2025-10-11 23:33:06+00:00,2025-10-11T23:39:45Z,4.0,13.8,84.6,,2025-10-11T23:41:02Z,2025-10-11T23:41:02Z,2025-10-11T23:39:45Z,,,alto,bajo,alto,bajo,,Cultivo 1,2025-10
{'$oid': '68eaed66194704c4a7b998ac'},2025-10-11 23:46:25+00:00,2025-10-11T23:46:25Z,2.0,13.7,85.0,,2025-10-11T23:51:02Z,2025-10-11T23:51:02Z,2025-10-11T23:46:25Z,,,alto,bajo,alto,bajo,,Cultivo 1,2025-10
{'$oid': '68eaefbe194704c4a7b998ad'},2025-10-11 23:53:06+00:00,2025-10-11T23:59:46Z,4.0,13.649999999999999,85.25,,2025-10-12T00:01:02Z,2025-10-12T00:01:02Z,2025-10-11T23:59:46Z,,,alto,bajo,alto,bajo,,Cultivo 1,2025-10
{'$oid': '68eaf216194704c4a7b998ae'},2025-10-12 00:06:25+00:00,2025-10-12T00:06:25Z,2.0,13.7,85.7,,2025-10-12T00:11:02Z,2025-10-12T00:11:02Z,2025-10-12T00:06:25Z,,,alto,bajo,alto,bajo,,Cultivo 1,2025-10
{'$oid': '68eaf46e194704c4a7b998af'},2025-10-12 00:13:06+00:00,2025-10-12T00:19:46Z,4.0,13.7,85.5,,2025-10-12T00:21:02Z,2025-10-12T00:21:02Z,2025-10-12T00:19:46Z,,,alto,bajo,alto,bajo,,Cultivo 1,2025-10
{'$oid': '68eaf6c6194704c4a7b998b0'},2025-10-12 00:26:25+00:00,2025-10-12T00:26:25Z,2.0,13.7,85.6,,2025-10-12T00:31:02Z,2025-10-12T00:31:02Z,2025-10-12T00:26:25Z,,,alto,bajo,alto,bajo,,Cultivo 1,2025-10
{'$oid': '68eaf91e194704c4a7b998b1'},2025-10-12 00:33:06+00:00,2025-10-12T00:39:46Z,4.0,13.8,85.55,,2025-10-12T00:41:02Z,2025-10-12T00:41:02Z,2025-10-12T00:39:46Z,,,alto,bajo,alto,bajo,,Cultivo 1,2025-10
{'$oid': '68eafb76194704c4a7b998b2'},2025-10-12 00:46:26+00:00,2025-10-12T00:46:26Z,2.0,13.8,85.6,,2025-10-12T00:51:02Z,2025-10-12T00:51:02Z,2025-10-12T00:46:26Z,,,alto,bajo,alto,bajo,,Cultivo 1,2025-10
{'$oid': '68eafdce194704c4a7b998b3'},2025-10-12 00:53:05+00:00,2025-10-12T00:59:46Z,4.0,13.9,85.75,,2025-10-12T01:01:02Z,2025-10-12T01:01:02Z,2025-10-12T00:59:46Z,,,alto,bajo,alto,bajo,,Cultivo 1,2025-10
{'$oid': '68eb0026194704c4a7b998b4'},2025-10-12 01:06:26+00:00,2025-10-12T01:06:26Z,2.0,14.1,85.7,,2025-10-12T01:11:02Z,2025-10-12T01:11:02Z,2025-10-12T01:06:26Z,,,alto,bajo,alto,bajo,,Cultivo 1,2025-10
{'$oid': '68eb027e194704c4a7b998b5'},2025-10-12 01:13:07+00:00,2025-10-12T01:19:59Z,8.0,14.275,85.6,,2025-10-12T01:21:02Z,2025-10-12T01:21:02Z,2025-10-12T01:19:59Z,,,alto,bajo,alto,bajo,,Cultivo 1,2025-10
{'$oid': '68eb04d6194704c4a7b998b6'},2025-10-12 01:26:26+00:00,2025-10-12T01:26:26Z,2.0,14.4,85.2,,2025-10-12T01:31:02Z,2025-10-12T01:31:02Z,2025-10-12T01:26:26Z,,,alto,bajo,alto,bajo,,Cultivo 1,2025-10
{'$oid': '68eb072e194704c4a7b998b7'},2025-10-12 01:33:07+00:00,2025-10-12T01:39:47Z,4.0,14.5,85.15,,2025-10-12T01:41:02Z,2025-10-12T01:41:02Z,2025-10-12T01:39:47Z,,,alto,bajo,alto,bajo,,Cultivo 1,2025-10
{'$oid': '68eb0986194704c4a7b998b8'},2025-10-12 01:46:27+00:00,2025-10-12T01:46:27Z,2.0,14.5,84.6,,2025-10-12T01:51:02Z,2025-10-12T01:51:02Z,2025-10-12T01:46:27Z,,,alto,bajo,alto,bajo,,Cultivo 1,2025-10
{'$oid': '68eb0bde194704c4a7b998b9'},2025-10-12 01:53:07+00:00,2025-10-12T01:59:47Z,4.0,14.6,85.35,,2025-10-12T02:01:02Z,2025-10-12T02:01:02Z,2025-10-12T01:59:47Z,,,alto,bajo,alto,bajo,,Cultivo 1,2025-10
{'$oid': '68eb0e36194704c4a7b998ba'},2025-10-12 02:06:26+00:00,2025-10-12T02:06:26Z,2.0,14.5,85.4,,2025-10-12T02:11:02Z,2025-10-12T02:11:02Z,2025-10-12T02:06:26Z,,,alto,bajo,alto,bajo,,Cultivo 1,2025-10
{'$oid': '68eb108e194704c4a7b998bb'},2025-10-12 02:13:05+00:00,2025-10-12T02:19:47Z,4.0,14.45,85.55,,2025-10-12T02:21:02Z,2025-10-12T02:21:02Z,2025-10-12T02:19:47Z,,,alto,bajo,alto,bajo,,Cultivo 1,2025-10
{'$oid': '68eb12e6194704c4a7b998bc'},2025-10-12 02:26:27+00:00,2025-10-12T02:26:27Z,2.0,14.5,85.9,,2025-10-12T02:31:02Z,2025-10-12T02:31:02Z,2025-10-12T02:26:27Z,,,alto,bajo,alto,bajo,,Cultivo 1,2025-10
{'$oid': '68eb153e194704c4a7b998bd'},2025-10-12 02:33:07+00:00,2025-10-12T02:39:55Z,6.0,14.533333333333333,85.73333333333333,,2025-10-12T02:41:02Z,2025-10-12T02:41:02Z,2025-10-12T02:39:55Z,,,alto,bajo,alto,bajo,,Cultivo 1,2025-10
{'$oid': '68eb1796194704c4a7b998be'},2025-10-12 02:46:30+00:00,2025-10-12T02:46:30Z,2.0,14.5,86.1,,2025-10-12T02:51:02Z,2025-10-12T02:51:02Z,2025-10-12T02:46:30Z,,,alto,bajo,alto,bajo,,Cultivo 1,2025-10
{'$oid': '68eb19ee194704c4a7b998bf'},2025-10-12 02:53:08+00:00,2025-10-12T02:59:53Z,6.0,14.5,85.6,,2025-10-12T03:01:02Z,2025-10-12T03:01:02Z,2025-10-12T02:59:53Z,,,alto,bajo,alto,bajo,,Cultivo 1,2025-10
{'$oid': '68eb1c46194704c4a7b998c0'},2025-10-12 03:06:27+00:00,2025-10-12T03:06:27Z,2.0,14.5,85.5,,2025-10-12T03:11:02Z,2025-10-12T03:11:02Z,2025-10-12T03:06:27Z,,,alto,bajo,alto,bajo,,Cultivo 1,2025-10
{'$oid': '68eb1e9e194704c4a7b998c1'},2025-10-12 03:13:08+00:00,2025-10-12T03:19:47Z,4.0,14.45,85.35,,2025-10-12T03:21:02Z,2025-10-12T03:21:02Z,2025-10-12T03:19:47Z,,,alto,bajo,alto,bajo,,Cultivo 1,2025-10
{'$oid': '68eb20f6194704c4a7b998c2'},2025-10-12 03:26:27+00:00,2025-10-12T03:26:27Z,2.0,14.5,85.5,,2025-10-12T03:31:02Z,2025-10-12T03:31:02Z,2025-10-12T03:26:27Z,,,,,,,,Cultivo 1,2025-10
{'$oid': '68eb234e194704c4a7b998c3'},2025-10-12 03:33:07+00:00,2025-10-12T03:39:47Z,4.0,14.4,86.0,,2025-10-12T03:41:02Z,2025-10-12T03:41:02Z,2025-10-12T03:39:47Z,,,,,,,,Cultivo 1,2025-10
{'$oid': '68eb25a6194704c4a7b998c4'},2025-10-12 03:46:27+00:00,2025-10-12T03:46:27Z,2.0,14.4,85.7,,2025-10-12T03:51:02Z,2025-10-12T03:51:02Z,2025-10-12T03:46:27Z,,,,,,,,Cultivo 1,2025-10
{'$oid': '68eb27ff194704c4a7b998c5'},2025-10-12 03:53:07+00:00,2025-10-12T03:59:47Z,4.0,14.25,85.85,,2025-10-12T04:01:03Z,2025-10-12T04:01:03Z,2025-10-12T03:59:47Z,,,,,,,,Cultivo 1,2025-10
{'$oid': '68eb2a57194704c4a7b998c6'},2025-10-12 04:06:25+00:00,2025-10-12T04:06:25Z,2.0,14.2,85.9,,2025-10-12T04:11:03Z,2025-10-12T04:11:03Z,2025-10-12T04:06:25Z,,,,,,,,Cultivo 1,2025-10
{'$oid': '68eb2caf194704c4a7b998c7'},2025-10-12 04:13:05+00:00,2025-10-12T04:19:45Z,4.0,14.3,85.8,,2025-10-12T04:21:03Z,2025-10-12T04:21:03Z,2025-10-12T04:19:45Z,,,,,,,,Cultivo 1,2025-10
{'$oid': '68eb2f07194704c4a7b998c8'},2025-10-12 04:26:26+00:00,2025-10-12T04:26:26Z,2.0,14.1,85.8,,2025-10-12T04:31:03Z,2025-10-12T04:31:03Z,2025-10-12T04:26:26Z,,,,,,,,Cultivo 1,2025-10
{'$oid': '68eb315f194704c4a7b998c9'},2025-10-12 04:33:06+00:00,2025-10-12T04:39:46Z,4.0,14.1,85.8,,2025-10-12T04:41:03Z,2025-10-12T04:41:03Z,2025-10-12T04:39:46Z,,,,,,,,Cultivo 1,2025-10
{'$oid': '68eb33b7194704c4a7b998ca'},2025-10-12 04:46:26+00:00,2025-10-12T04:46:26Z,2.0,14.2,85.8,,2025-10-12T04:51:03Z,2025-10-12T04:51:03Z,2025-10-12T04:46:26Z,,,,,,,,Cultivo 1,2025-10
{'$oid': '68eb360f194704c4a7b998cb'},2025-10-12 04:53:06+00:00,2025-10-12T04:59:46Z,4.0,14.2,86.2,,2025-10-12T05:01:03Z,2025-10-12T05:01:03Z,2025-10-12T04:59:46Z,,,,,,,,Cultivo 1,2025-10
{'$oid': '68eb3867194704c4a7b998cc'},2025-10-12 05:06:27+00:00,2025-10-12T05:06:27Z,2.0,14.2,86.0,,2025-10-12T05:11:03Z,2025-10-12T05:11:03Z,2025-10-12T05:06:27Z,,,,,,,,Cultivo 1,2025-10
{'$oid': '68eb3abf194704c4a7b998cd'},2025-10-12 05:13:06+00:00,2025-10-12T05:19:45Z,4.0,14.1,85.9,,2025-10-12T05:21:03Z,2025-10-12T05:21:03Z,2025-10-12T05:19:45Z,,,,,,,,Cultivo 1,2025-10
{'$oid': '68eb3d17194704c4a7b998ce'},2025-10-12 05:26:26+00:00,2025-10-12T05:26:26Z,2.0,14.1,86.3,,2025-10-12T05:31:03Z,2025-10-12T05:31:03Z,2025-10-12T05:26:26Z,,,,,,,,Cultivo 1,2025-10
{'$oid': '68eb3f6f194704c4a7b998cf'},2025-10-12 05:33:07+00:00,2025-10-12T05:39:46Z,4.0,13.95,85.65,,2025-10-12T05:41:03Z,2025-10-12T05:41:03Z,2025-10-12T05:39:46Z,,,,,,,,Cultivo 1,2025-10
{'$oid': '68eb41c7194704c4a7b998d0'},2025-10-12 05:46:27+00:00,2025-10-12T05:46:27Z,2.0,13.8,85.8,,2025-10-12T05:51:03Z,2025-10-12T05:51:03Z,2025-10-12T05:46:27Z,,,,,,,,Cultivo 1,2025-10
{'$oid': '68eb441f194704c4a7b998d1'},2025-10-12 05:53:06+00:00,2025-10-12T05:59:46Z,4.0,13.649999999999999,85.8,,2025-10-12T06:01:03Z,2025-10-12T06:01:03Z,2025-10-12T05:59:46Z,,,,,,,,Cultivo 1,2025-10
{'$oid': '68eb4677194704c4a7b998d2'},2025-10-12 06:06:26+00:00,2025-10-12T06:06:26Z,2.0,13.4,85.9,,2025-10-12T06:11:03Z,2025-10-12T06:11:03Z,2025-10-12T06:06:26Z,,,,,,,,Cultivo 1,2025-10
{'$oid': '68eb48cf194704c4a7b998d3'},2025-10-12 06:13:06+00:00,2025-10-12T06:19:46Z,4.0,13.350000000000001,86.4,,2025-10-12T06:21:03Z,2025-10-12T06:21:03Z,2025-10-12T06:19:46Z,,,,,,,,Cultivo 1,2025-10
{'$oid': '68eb4b27194704c4a7b998d4'},2025-10-12 06:26:26+00:00,2025-10-12T06:26:26Z,2.0,13.3,86.2,,2025-10-12T06:31:03Z,2025-10-12T06:31:03Z,2025-10-12T06:26:26Z,,,,,,,,Cultivo 1,2025-10
{'$oid': '68eb4d7f194704c4a7b998d5'},2025-10-12 06:33:06+00:00,2025-10-12T06:39:46Z,4.0,13.3,86.4,,2025-10-12T06:41:03Z,2025-10-12T06:41:03Z,2025-10-12T06:39:46Z,,,,,,,,Cultivo 1,2025-10
{'$oid': '68eb4fd7194704c4a7b998d6'},2025-10-12 06:46:26+00:00,2025-10-12T06:46:26Z,2.0,13.4,86.7,,2025-10-12T06:51:03Z,2025-10-12T06:51:03Z,2025-10-12T06:46:26Z,,,,,,,,Cultivo 1,2025-10
{'$oid': '68eb522f194704c4a7b998d7'},2025-10-12 06:53:06+00:00,2025-10-12T06:59:46Z,4.0,13.649999999999999,86.69999999999999,,2025-10-12T07:01:03Z,2025-10-12T07:01:03Z,2025-10-12T06:59:46Z,,,,,,,,Cultivo 1,2025-10
{'$oid': '68eb5487194704c4a7b998d8'},2025-10-12 07:06:26+00:00,2025-10-12T07:06:26Z,2.0,13.6,86.7,,2025-10-12T07:11:03Z,2025-10-12T07:11:03Z,2025-10-12T07:06:26Z,,,,,,,,Cultivo 1,2025-10
{'$oid': '68eb56df194704c4a7b998d9'},2025-10-12 07:13:06+00:00,2025-10-12T07:19:46Z,4.0,13.6,86.65,,2025-10-12T07:21:03Z,2025-10-12T07:21:03Z,2025-10-12T07:19:46Z,,,,,,,,Cultivo 1,2025-10
{'$oid': '68eb5937194704c4a7b998da'},2025-10-12 07:26:26+00:00,2025-10-12T07:26:26Z,2.0,13.6,86.7,,2025-10-12T07:31:03Z,2025-10-12T07:31:03Z,2025-10-12T07:26:26Z,,,,,,,,Cultivo 1,2025-10
{'$oid': '68eb5b8f194704c4a7b998db'},2025-10-12 07:33:06+00:00,2025-10-12T07:39:46Z,4.0,13.8,86.65,,2025-10-12T07:41:03Z,2025-10-12T07:41:03Z,2025-10-12T07:39:46Z,,,,,,,,Cultivo 1,2025-10
{'$oid': '68eb5de7194704c4a7b998dc'},2025-10-12 07:46:26+00:00,2025-10-12T07:46:26Z,2.0,13.7,86.6,,2025-10-12T07:51:03Z,2025-10-12T07:51:03Z,2025-10-12T07:46:26Z,,,,,,,,Cultivo 1,2025-10
{'$oid': '68eb603f194704c4a7b998dd'},2025-10-12 07:53:06+00:00,2025-10-12T07:59:46Z,4.0,13.75,86.55,,2025-10-12T08:01:03Z,2025-10-12T08:01:03Z,2025-10-12T07:59:46Z,,,,,,,,Cultivo 1,2025-10
{'$oid': '68eb6297194704c4a7b998de'},2025-10-12 08:06:26+00:00,2025-10-12T08:06:26Z,2.0,13.7,86.4,,2025-10-12T08:11:03Z,2025-10-12T08:11:03Z,2025-10-12T08:06:26Z,,,,,,,,Cultivo 1,2025-10
{'$oid': '68eb64ef194704c4a7b998df'},2025-10-12 08:13:06+00:00,2025-10-12T08:19:46Z,4.0,13.4,86.15,,2025-10-12T08:21:03Z,2025-10-12T08:21:03Z,2025-10-12T08:19:46Z,,,,,,,,Cultivo 1,2025-10
{'$oid': '68eb6748194704c4a7b998e0'},2025-10-12 08:26:26+00:00,2025-10-12T08:26:26Z,2.0,12.9,86.4,,2025-10-12T08:31:04Z,2025-10-12T08:31:04Z,2025-10-12T08:26:26Z,,,,,,,,Cultivo 1,2025-10
{'$oid': '68eb69a0194704c4a7b998e1'},2025-10-12 08:33:06+00:00,2025-10-12T08:39:46Z,4.0,12.9,86.35,,2025-10-12T08:41:04Z,2025-10-12T08:41:04Z,2025-10-12T08:39:46Z,,,,,,,,Cultivo 1,2025-10
{'$oid': '68eb6bf8194704c4a7b998e2'},2025-10-12 08:46:26+00:00,2025-10-12T08:46:26Z,2.0,12.8,86.5,,2025-10-12T08:51:04Z,2025-10-12T08:51:04Z,2025-10-12T08:46:26Z,,,,,,,,Cultivo 1,2025-10
{'$oid': '68eb6e50194704c4a7b998e3'},2025-10-12 08:53:06+00:00,2025-10-12T08:59:46Z,4.0,12.8,86.3,,2025-10-12T09:01:04Z,2025-10-12T09:01:04Z,2025-10-12T08:59:46Z,,,,,,,,Cultivo 1,2025-10
{'$oid': '68eb70a8194704c4a7b998e4'},2025-10-12 09:06:26+00:00,2025-10-12T09:06:26Z,2.0,12.8,85.7,,2025-10-12T09:11:04Z,2025-10-12T09:11:04Z,2025-10-12T09:06:26Z,,,,,,,,Cultivo 1,2025-10
{'$oid': '68eb7300194704c4a7b998e5'},2025-10-12 09:13:06+00:00,2025-10-12T09:19:46Z,4.0,12.8,85.55,,2025-10-12T09:21:04Z,2025-10-12T09:21:04Z,2025-10-12T09:19:46Z,,,,,,,,Cultivo 1,2025-10
{'$oid': '68eb7558194704c4a7b998e6'},2025-10-12 09:26:27+00:00,2025-10-12T09:26:27Z,2.0,12.8,86.3,,2025-10-12T09:31:04Z,2025-10-12T09:31:04Z,2025-10-12T09:26:27Z,,,,,,,,Cultivo 1,2025-10
{'$oid': '68eb77b0194704c4a7b998e7'},2025-10-12 09:33:06+00:00,2025-10-12T09:39:46Z,4.0,12.95,86.4,,2025-10-12T09:41:04Z,2025-10-12T09:41:04Z,2025-10-12T09:39:46Z,,,,,,,,Cultivo 1,2025-10
{'$oid': '68eb7a08194704c4a7b998e8'},2025-10-12 09:46:26+00:00,2025-10-12T09:46:26Z,2.0,13.0,86.5,,2025-10-12T09:51:04Z,2025-10-12T09:51:04Z,2025-10-12T09:46:26Z,,,,,,,,Cultivo 1,2025-10
{'$oid': '68eb7c60194704c4a7b998e9'},2025-10-12 09:53:06+00:00,2025-10-12T09:59:46Z,4.0,13.05,86.45,,2025-10-12T10:01:04Z,2025-10-12T10:01:04Z,2025-10-12T09:59:46Z,,,,,,,,Cultivo 1,2025-10
{'$oid': '68eb7eb8194704c4a7b998ea'},2025-10-12 10:06:26+00:00,2025-10-12T10:06:26Z,2.0,13.0,86.1,,2025-10-12T10:11:04Z,2025-10-12T10:11:04Z,2025-10-12T10:06:26Z,,,,,,,,Cultivo 1,2025-10
{'$oid': '68eb8110194704c4a7b998eb'},2025-10-12 10:13:06+00:00,2025-10-12T10:19:46Z,4.0,13.0,86.0,,2025-10-12T10:21:04Z,2025-10-12T10:21:04Z,2025-10-12T10:19:46Z,,,,,,,,Cultivo 1,2025-10
{'$oid': '68eb8368194704c4a7b998ec'},2025-10-12 10:26:26+00:00,2025-10-12T10:26:26Z,2.0,13.0,86.2,,2025-10-12T10:31:04Z,2025-10-12T10:31:04Z,2025-10-12T10:26:26Z,,,,,,,,Cultivo 1,2025-10
{'$oid': '68eb85c0194704c4a7b998ed'},2025-10-12 10:33:06+00:00,2025-10-12T10:39:46Z,4.0,13.0,86.45,,2025-10-12T10:41:04Z,2025-10-12T10:41:04Z,2025-10-12T10:39:46Z,,,,,,,,Cultivo 1,2025-10
{'$oid': '68eb8818194704c4a7b998ee'},2025-10-12 10:46:26+00:00,2025-10-12T10:46:26Z,2.0,13.0,86.4,,2025-10-12T10:51:04Z,2025-10-12T10:51:04Z,2025-10-12T10:46:26Z,,,,,,,,Cultivo 1,2025-10
{'$oid': '68eb8a70194704c4a7b998ef'},2025-10-12 10:53:06+00:00,2025-10-12T10:59:46Z,4.0,13.05,86.35,,2025-10-12T11:01:04Z,2025-10-12T11:01:04Z,2025-10-12T10:59:46Z,,,,,,,,Cultivo 1,2025-10
{'$oid': '68eb8cc8194704c4a7b998f0'},2025-10-12 11:06:26+00:00,2025-10-12T11:06:26Z,2.0,13.0,86.4,,2025-10-12T11:11:04Z,2025-10-12T11:11:04Z,2025-10-12T11:06:26Z,,,,,,,,Cultivo 1,2025-10
{'$oid': '68eb8f20194704c4a7b998f1'},2025-10-12 11:13:07+00:00,2025-10-12T11:19:46Z,4.0,13.25,86.05,,2025-10-12T11:21:04Z,2025-10-12T11:21:04Z,2025-10-12T11:19:46Z,,,,,,,,Cultivo 1,2025-10
{'$oid': '68eb9178194704c4a7b998f2'},2025-10-12 11:26:26+00:00,2025-10-12T11:26:26Z,2.0,13.5,85.6,,2025-10-12T11:31:04Z,2025-10-12T11:31:04Z,2025-10-12T11:26:26Z,,,,,,,,Cultivo 1,2025-10
{'$oid': '68eb93d0194704c4a7b998f3'},2025-10-12 11:33:06+00:00,2025-10-12T11:39:47Z,4.0,13.95,84.69999999999999,,2025-10-12T11:41:04Z,2025-10-12T11:41:04Z,2025-10-12T11:39:47Z,,,,,,,,Cultivo 1,2025-10
{'$oid': '68eb9628194704c4a7b998f4'},2025-10-12 11:46:26+00:00,2025-10-12T11:46:26Z,2.0,14.4,83.5,,2025-10-12T11:51:04Z,2025-10-12T11:51:04Z,2025-10-12T11:46:26Z,,,,,,,,Cultivo 1,2025-10
{'$oid': '68eb9880194704c4a7b998f5'},2025-10-12 11:53:08+00:00,2025-10-12T11:59:47Z,4.0,15.0,82.05000000000001,,2025-10-12T12:01:04Z,2025-10-12T12:01:04Z,2025-10-12T11:59:47Z,,,,,,,,Cultivo 1,2025-10
{'$oid': '68eb9ad8194704c4a7b998f6'},2025-10-12 12:06:27+00:00,2025-10-12T12:06:27Z,2.0,15.8,79.6,,2025-10-12T12:11:04Z,2025-10-12T12:11:04Z,2025-10-12T12:06:27Z,,,,,,,,Cultivo 1,2025-10
{'$oid': '68eb9d30194704c4a7b998f7'},2025-10-12 12:13:07+00:00,2025-10-12T12:19:47Z,4.0,16.299999999999997,79.85,,2025-10-12T12:21:04Z,2025-10-12T12:21:04Z,2025-10-12T12:19:47Z,,,,,,,,Cultivo 1,2025-10
{'$oid': '68eb9f88194704c4a7b998f8'},2025-10-12 12:26:28+00:00,2025-10-12T12:26:28Z,2.0,16.6,79.6,,2025-10-12T12:31:04Z,2025-10-12T12:31:04Z,2025-10-12T12:26:28Z,,,,,,,,Cultivo 1,2025-10
{'$oid': '68eba1e0194704c4a7b998f9'},2025-10-12 12:33:06+00:00,2025-10-12T12:39:47Z,4.0,17.25,78.45,,2025-10-12T12:41:04Z,2025-10-12T12:41:04Z,2025-10-12T12:39:47Z,,,,,,,,Cultivo 1,2025-10
{'$oid': '68eba438194704c4a7b998fa'},2025-10-12 12:46:27+00:00,2025-10-12T12:46:27Z,2.0,18.3,76.4,,2025-10-12T12:51:04Z,2025-10-12T12:51:04Z,2025-10-12T12:46:27Z,,,,,,,,Cultivo 1,2025-10
{'$oid': '68eba691194704c4a7b998fb'},2025-10-12 12:53:06+00:00,2025-10-12T12:59:48Z,4.0,18.65,75.6,,2025-10-12T13:01:05Z,2025-10-12T13:01:05Z,2025-10-12T12:59:48Z,,,,,,,,Cultivo 1,2025-10
{'$oid': '68eba8e9194704c4a7b998fc'},2025-10-12 13:06:27+00:00,2025-10-12T13:06:27Z,2.0,18.1,74.0,,2025-10-12T13:11:05Z,2025-10-12T13:11:05Z,2025-10-12T13:06:27Z,,,,,,,,Cultivo 1,2025-10
{'$oid': '68ebab41194704c4a7b998fd'},2025-10-12 13:13:08+00:00,2025-10-12T13:19:47Z,4.0,17.55,76.0,,2025-10-12T13:21:05Z,2025-10-12T13:21:05Z,2025-10-12T13:19:47Z,,,,,,,,Cultivo 1,2025-10
{'$oid': '68ebad99194704c4a7b998fe'},2025-10-12 13:26:27+00:00,2025-10-12T13:26:27Z,2.0,18.0,74.2,,2025-10-12T13:31:05Z,2025-10-12T13:31:05Z,2025-10-12T13:26:27Z,,,,,,,,Cultivo 1,2025-10
{'$oid': '68ebaff1194704c4a7b998ff'},2025-10-12 13:33:07+00:00,2025-10-12T13:39:47Z,4.0,18.5,72.44999999999999,,2025-10-12T13:41:05Z,2025-10-12T13:41:05Z,2025-10-12T13:39:47Z,,,,,,,,Cultivo 1,2025-10
{'$oid': '68ebb249194704c4a7b99900'},2025-10-12 13:46:28+00:00,2025-10-12T13:46:28Z,2.0,18.3,73.9,,2025-10-12T13:51:05Z,2025-10-12T13:51:05Z,2025-10-12T13:46:28Z,,,,,,,,Cultivo 1,2025-10
{'$oid': '68ebb4a1194704c4a7b99901'},2025-10-12 13:53:07+00:00,2025-10-12T13:59:47Z,4.0,18.0,73.75,,2025-10-12T14:01:05Z,2025-10-12T14:01:05Z,2025-10-12T13:59:47Z,,,,,,,,Cultivo 1,2025-10
{'$oid': '68ebb6f9194704c4a7b99902'},2025-10-12 14:06:28+00:00,2025-10-12T14:06:28Z,2.0,17.8,73.6,,2025-10-12T14:11:05Z,2025-10-12T14:11:05Z,2025-10-12T14:06:28Z,,,,,,,,Cultivo 1,2025-10
{'$oid': '68ebb951194704c4a7b99903'},2025-10-12 14:13:07+00:00,2025-10-12T14:19:48Z,4.0,18.15,72.65,,2025-10-12T14:21:05Z,2025-10-12T14:21:05Z,2025-10-12T14:19:48Z,,,,,,,,Cultivo 1,2025-10
{'$oid': '68ebbba9194704c4a7b99904'},2025-10-12 14:26:27+00:00,2025-10-12T14:26:27Z,2.0,18.7,72.7,,2025-10-12T14:31:05Z,2025-10-12T14:31:05Z,2025-10-12T14:26:27Z,,,,,,,,Cultivo 1,2025-10
{'$oid': '68ebbe01194704c4a7b99905'},2025-10-12 14:33:08+00:00,2025-10-12T14:39:46Z,4.0,19.0,72.4,,2025-10-12T14:41:05Z,2025-10-12T14:41:05Z,2025-10-12T14:39:46Z,,,,,,,,Cultivo 1,2025-10
{'$oid': '68ebc059194704c4a7b99906'},2025-10-12 14:46:27+00:00,2025-10-12T14:46:27Z,2.0,18.3,72.4,,2025-10-12T14:51:05Z,2025-10-12T14:51:05Z,2025-10-12T14:46:27Z,,,,,,,,Cultivo 1,2025-10
{'$oid': '68ebc2b1194704c4a7b99907'},2025-10-12 14:53:06+00:00,2025-10-12T14:59:48Z,4.0,18.0,73.80000000000001,,2025-10-12T15:01:05Z,2025-10-12T15:01:05Z,2025-10-12T14:59:48Z,,,,,,,,Cultivo 1,2025-10
{'$oid': '68ebc509194704c4a7b99908'},2025-10-12 15:06:28+00:00,2025-10-12T15:06:28Z,2.0,17.4,75.8,,2025-10-12T15:11:05Z,2025-10-12T15:11:05Z,2025-10-12T15:06:28Z,,,,,,,,Cultivo 1,2025-10
{'$oid': '68ebc761194704c4a7b99909'},2025-10-12 15:13:09+00:00,2025-10-12T15:19:47Z,4.0,17.6,75.1,,2025-10-12T15:21:05Z,2025-10-12T15:21:05Z,2025-10-12T15:19:47Z,,,,,,,,Cultivo 1,2025-10
{'$oid': '68ebc9b9194704c4a7b9990a'},2025-10-12 15:26:27+00:00,2025-10-12T15:26:27Z,2.0,18.3,72.8,,2025-10-12T15:31:05Z,2025-10-12T15:31:05Z,2025-10-12T15:26:27Z,,,,,,,,Cultivo 1,2025-10
{'$oid': '68ebcc11194704c4a7b9990b'},2025-10-12 15:33:07+00:00,2025-10-12T15:39:47Z,4.0,18.05,74.35,,2025-10-12T15:41:05Z,2025-10-12T15:41:05Z,2025-10-12T15:39:47Z,,,,,,,,Cultivo 1,2025-10
{'$oid': '68ebce6a194704c4a7b9990c'},2025-10-12 15:46:27+00:00,2025-10-12T15:46:27Z,2.0,18.2,73.5,,2025-10-12T15:51:06Z,2025-10-12T15:51:06Z,2025-10-12T15:46:27Z,,,,,,,,Cultivo 1,2025-10
{'$oid': '68ebd0c3194704c4a7b9990d'},2025-10-12 15:53:09+00:00,2025-10-12T15:59:49Z,4.0,18.55,73.15,,2025-10-12T16:01:07Z,2025-10-12T16:01:07Z,2025-10-12T15:59:49Z,,,,,,,,Cultivo 1,2025-10
{'$oid': '68ebd31c194704c4a7b9990e'},2025-10-12 16:06:27+00:00,2025-10-12T16:06:27Z,2.0,19.0,71.7,,2025-10-12T16:11:08Z,2025-10-12T16:11:08Z,2025-10-12T16:06:27Z,,,,,,,,Cultivo 1,2025-10
{'$oid': '68ebd574194704c4a7b9990f'},2025-10-12 16:13:08+00:00,2025-10-12T16:19:48Z,4.0,19.95,69.1,,2025-10-12T16:21:08Z,2025-10-12T16:21:08Z,2025-10-12T16:19:48Z,,,,,,,,Cultivo 1,2025-10
{'$oid': '68ebd7cc194704c4a7b99910'},2025-10-12 16:26:27+00:00,2025-10-12T16:26:27Z,2.0,20.2,68.3,,2025-10-12T16:31:08Z,2025-10-12T16:31:08Z,2025-10-12T16:26:27Z,,,,,,,,Cultivo 1,2025-10
{'$oid': '68ebda24194704c4a7b99911'},2025-10-12 16:33:07+00:00,2025-10-12T16:39:47Z,4.0,20.5,66.80000000000001,,2025-10-12T16:41:08Z,2025-10-12T16:41:08Z,2025-10-12T16:39:47Z,,,,,,,,Cultivo 1,2025-10
{'$oid': '68ebdc7c194704c4a7b99912'},2025-10-12 16:46:27+00:00,2025-10-12T16:46:27Z,2.0,20.7,67.7,,2025-10-12T16:51:08Z,2025-10-12T16:51:08Z,2025-10-12T16:46:27Z,,,,,,,,Cultivo 1,2025-10
{'$oid': '68ebded4194704c4a7b99913'},2025-10-12 16:53:07+00:00,2025-10-12T16:59:47Z,4.0,20.799999999999997,67.0,,2025-10-12T17:01:08Z,2025-10-12T17:01:08Z,2025-10-12T16:59:47Z,,,,,,,,Cultivo 1,2025-10
{'$oid': '68ebe12c194704c4a7b99914'},2025-10-12 17:06:27+00:00,2025-10-12T17:06:27Z,2.0,20.2,68.1,,2025-10-12T17:11:08Z,2025-10-12T17:11:08Z,2025-10-12T17:06:27Z,,,,,,,,Cultivo 1,2025-10
{'$oid': '68ebe384194704c4a7b99915'},2025-10-12 17:13:08+00:00,2025-10-12T17:19:47Z,4.0,20.35,68.6,,2025-10-12T17:21:08Z,2025-10-12T17:21:08Z,2025-10-12T17:19:47Z,,,,,,,,Cultivo 1,2025-10
{'$oid': '68ebe5dc194704c4a7b99916'},2025-10-12 17:26:39+00:00,2025-10-12T17:26:39Z,2.0,21.6,64.7,,2025-10-12T17:31:08Z,2025-10-12T17:31:08Z,2025-10-12T17:26:39Z,,,,,,,,Cultivo 1,2025-10
{'$oid': '68ebe834194704c4a7b99917'},2025-10-12 17:33:23+00:00,2025-10-12T17:40:00Z,4.0,22.5,63.55,,2025-10-12T17:41:08Z,2025-10-12T17:41:08Z,2025-10-12T17:40:00Z,,,,,,,,Cultivo 1,2025-10
{'$oid': '68ebea8c194704c4a7b99918'},2025-10-12 17:46:39+00:00,2025-10-12T17:46:39Z,2.0,24.5,61.1,,2025-10-12T17:51:08Z,2025-10-12T17:51:08Z,2025-10-12T17:46:39Z,,,,,,,,Cultivo 1,2025-10
{'$oid': '68ebece4194704c4a7b99919'},2025-10-12 17:53:18+00:00,2025-10-12T17:59:59Z,4.0,26.4,57.15,,2025-10-12T18:01:08Z,2025-10-12T18:01:08Z,2025-10-12T17:59:59Z,,,,,,,,Cultivo 1,2025-10
{'$oid': '68ebef3c194704c4a7b9991a'},2025-10-12 18:06:40+00:00,2025-10-12T18:06:40Z,2.0,25.6,58.1,,2025-10-12T18:11:08Z,2025-10-12T18:11:08Z,2025-10-12T18:06:40Z,,,,,,,,Cultivo 1,2025-10
{'$oid': '68f16674194704c4a7b9991b'},2025-10-16 21:38:39+00:00,2025-10-16T21:38:39Z,2.0,19.4,72.8,,2025-10-16T21:41:08Z,2025-10-16T21:41:08Z,2025-10-16T21:38:39Z,6.089248926511013,20.25,alto,bajo,bajo,bajo,,Cultivo 1,2025-10
{'$oid': '68f168cd194704c4a7b9991c'},2025-10-16 21:45:19+00:00,2025-10-16T21:45:19Z,2.0,18.9,72.0,,2025-10-16T21:51:09Z,2025-10-16T21:51:09Z,2025-10-16T21:45:19Z,6.106594597861599,19.94,alto,bajo,bajo,bajo,,Cultivo 1,2025-10
{'$oid': '68f16b25194704c4a7b9991d'},2025-10-16 21:51:59+00:00,2025-10-16T21:58:39Z,4.0,18.2,73.44999999999999,,2025-10-16T22:01:09Z,2025-10-16T22:01:09Z,2025-10-16T21:58:39Z,6.355192788684564,19.405,alto,bajo,bajo,bajo,,Cultivo 1,2025-10
{'$oid': '68f16d7d194704c4a7b9991e'},2025-10-16 22:05:19+00:00,2025-10-16T22:05:19Z,2.0,17.9,74.6,,2025-10-16T22:11:09Z,2025-10-16T22:11:09Z,2025-10-16T22:05:19Z,6.023600801068531,19.25,alto,bajo,bajo,bajo,,Cultivo 1,2025-10
{'$oid': '68f16fd5194704c4a7b9991f'},2025-10-16 22:11:59+00:00,2025-10-16T22:18:39Z,4.0,17.25,75.65,,2025-10-16T22:21:09Z,2025-10-16T22:21:09Z,2025-10-16T22:18:39Z,6.39220788087732,19.12,alto,bajo,bajo,bajo,,Cultivo 1,2025-10
{'$oid': '68f1722d194704c4a7b99920'},2025-10-16 22:25:19+00:00,2025-10-16T22:25:19Z,2.0,16.9,77.5,,2025-10-16T22:31:09Z,2025-10-16T22:31:09Z,2025-10-16T22:25:19Z,,,alto,bajo,bajo,bajo,,Cultivo 1,2025-10
{'$oid': '68f17485194704c4a7b99921'},2025-10-16 22:31:59+00:00,2025-10-16T22:38:39Z,4.0,16.9,78.05,,2025-10-16T22:41:09Z,2025-10-16T22:41:09Z,2025-10-16T22:38:39Z,,,alto,bajo,bajo,bajo,,Cultivo 1,2025-10
{'$oid': '68f176dd194704c4a7b99922'},2025-10-16 22:45:19+00:00,2025-10-16T22:45:19Z,2.0,16.9,78.4,,2025-10-16T22:51:09Z,2025-10-16T22:51:09Z,2025-10-16T22:45:19Z,,,alto,bajo,bajo,bajo,,Cultivo 1,2025-10
{'$oid': '68f17935194704c4a7b99923'},2025-10-16 22:51:59+00:00,2025-10-16T22:58:39Z,4.0,16.450000000000003,78.94999999999999,,2025-10-16T23:01:09Z,2025-10-16T23:01:09Z,2025-10-16T22:58:39Z,,,alto,bajo,bajo,bajo,,Cultivo 1,2025-10
{'$oid': '68f17b8d194704c4a7b99924'},2025-10-16 23:05:19+00:00,2025-10-16T23:05:19Z,2.0,16.0,80.2,,2025-10-16T23:11:09Z,2025-10-16T23:11:09Z,2025-10-16T23:05:19Z,,,alto,bajo,bajo,bajo,,Cultivo 1,2025-10
{'$oid': '68f17de5194704c4a7b99925'},2025-10-16 23:11:59+00:00,2025-10-16T23:18:40Z,4.0,15.65,80.85,,2025-10-16T23:21:09Z,2025-10-16T23:21:09Z,2025-10-16T23:18:40Z,,,alto,bajo,bajo,bajo,,Cultivo 1,2025-10
{'$oid': '68f1803d194704c4a7b99926'},2025-10-16 23:25:19+00:00,2025-10-16T23:25:19Z,2.0,15.4,81.4,,2025-10-16T23:31:09Z,2025-10-16T23:31:09Z,2025-10-16T23:25:19Z,,,alto,bajo,bajo,bajo,,Cultivo 1,2025-10
{'$oid': '68f18295194704c4a7b99927'},2025-10-16 23:31:59+00:00,2025-10-16T23:38:40Z,4.0,15.2,81.65,,2025-10-16T23:41:09Z,2025-10-16T23:41:09Z,2025-10-16T23:38:40Z,,,alto,bajo,bajo,bajo,,Cultivo 1,2025-10
{'$oid': '68f184ed194704c4a7b99928'},2025-10-16 23:45:19+00:00,2025-10-16T23:45:19Z,2.0,15.0,81.9,,2025-10-16T23:51:09Z,2025-10-16T23:51:09Z,2025-10-16T23:45:19Z,,,alto,bajo,bajo,bajo,,Cultivo 1,2025-10
{'$oid': '68f18745194704c4a7b99929'},2025-10-16 23:51:59+00:00,2025-10-16T23:58:39Z,4.0,14.75,82.2,,2025-10-17T00:01:09Z,2025-10-17T00:01:09Z,2025-10-16T23:58:39Z,,,alto,bajo,bajo,bajo,,Cultivo 1,2025-10
{'$oid': '68f1899d194704c4a7b9992a'},2025-10-17 00:05:19+00:00,2025-10-17T00:05:19Z,2.0,14.7,82.7,,2025-10-17T00:11:09Z,2025-10-17T00:11:09Z,2025-10-17T00:05:19Z,,,,,,,,Cultivo 1,2025-10
{'$oid': '68f18bf5194704c4a7b9992b'},2025-10-17 00:11:59+00:00,2025-10-17T00:18:39Z,4.0,14.8,82.69999999999999,,2025-10-17T00:21:09Z,2025-10-17T00:21:09Z,2025-10-17T00:18:39Z,,,,,,,,Cultivo 1,2025-10
{'$oid': '68f18e4d194704c4a7b9992c'},2025-10-17 00:25:20+00:00,2025-10-17T00:25:20Z,2.0,14.9,83.0,,2025-10-17T00:31:09Z,2025-10-17T00:31:09Z,2025-10-17T00:25:20Z,,,,,,,,Cultivo 1,2025-10
{'$oid': '68f190a5194704c4a7b9992d'},2025-10-17 00:32:00+00:00,2025-10-17T00:38:39Z,4.0,14.850000000000001,82.75,,2025-10-17T00:41:09Z,2025-10-17T00:41:09Z,2025-10-17T00:38:39Z,,,,,,,,Cultivo 1,2025-10
{'$oid': '68f192fd194704c4a7b9992e'},2025-10-17 00:45:19+00:00,2025-10-17T00:45:19Z,2.0,15.0,82.8,,2025-10-17T00:51:09Z,2025-10-17T00:51:09Z,2025-10-17T00:45:19Z,,,,,,,,Cultivo 1,2025-10
{'$oid': '68f19555194704c4a7b9992f'},2025-10-17 00:52:00+00:00,2025-10-17T00:58:41Z,4.0,14.9,82.9,,2025-10-17T01:01:09Z,2025-10-17T01:01:09Z,2025-10-17T00:58:41Z,,,,,,,,Cultivo 1,2025-10
{'$oid': '68f197ad194704c4a7b99930'},2025-10-17 01:05:21+00:00,2025-10-17T01:05:21Z,2.0,15.0,83.4,,2025-10-17T01:11:09Z,2025-10-17T01:11:09Z,2025-10-17T01:05:21Z,,,,,,,,Cultivo 1,2025-10
{'$oid': '68f19a05194704c4a7b99931'},2025-10-17 01:12:00+00:00,2025-10-17T01:18:41Z,4.0,14.850000000000001,82.9,,2025-10-17T01:21:09Z,2025-10-17T01:21:09Z,2025-10-17T01:18:41Z,,,,,,,,Cultivo 1,2025-10
{'$oid': '68f19c5e194704c4a7b99932'},2025-10-17 01:25:24+00:00,2025-10-17T01:25:24Z,2.0,14.8,83.3,,2025-10-17T01:31:10Z,2025-10-17T01:31:10Z,2025-10-17T01:25:24Z,,,,,,,,Cultivo 1,2025-10
{'$oid': '68f19eb6194704c4a7b99933'},2025-10-17 01:32:00+00:00,2025-10-17T01:38:40Z,4.0,14.649999999999999,83.44999999999999,,2025-10-17T01:41:10Z,2025-10-17T01:41:10Z,2025-10-17T01:38:40Z,,,,,,,,Cultivo 1,2025-10
{'$oid': '68f1a10e194704c4a7b99934'},2025-10-17 01:45:19+00:00,2025-10-17T01:45:19Z,2.0,14.6,83.7,,2025-10-17T01:51:10Z,2025-10-17T01:51:10Z,2025-10-17T01:45:19Z,,,,,,,,Cultivo 1,2025-10
{'$oid': '68f1a366194704c4a7b99935'},2025-10-17 01:52:01+00:00,2025-10-17T01:58:39Z,4.0,14.5,84.0,,2025-10-17T02:01:10Z,2025-10-17T02:01:10Z,2025-10-17T01:58:39Z,,,,,,,,Cultivo 1,2025-10
{'$oid': '68f1a5be194704c4a7b99936'},2025-10-17 02:05:24+00:00,2025-10-17T02:05:34Z,6.0,14.6,84.2,,2025-10-17T02:11:10Z,2025-10-17T02:11:10Z,2025-10-17T02:05:34Z,,,,,,,,Cultivo 1,2025-10
{'$oid': '68f1a816194704c4a7b99937'},2025-10-17 02:12:01+00:00,2025-10-17T02:18:40Z,4.0,14.6,84.15,,2025-10-17T02:21:10Z,2025-10-17T02:21:10Z,2025-10-17T02:18:40Z,,,,,,,,Cultivo 1,2025-10
{'$oid': '68f1aa6e194704c4a7b99938'},2025-10-17 02:25:19+00:00,2025-10-17T02:25:19Z,2.0,14.7,84.1,,2025-10-17T02:31:10Z,2025-10-17T02:31:10Z,2025-10-17T02:25:19Z,,,,,,,,Cultivo 1,2025-10
{'$oid': '68f1acc6194704c4a7b99939'},2025-10-17 02:32:00+00:00,2025-10-17T02:38:40Z,4.0,14.6,83.75,,2025-10-17T02:41:10Z,2025-10-17T02:41:10Z,2025-10-17T02:38:40Z,,,,,,,,Cultivo 1,2025-10
{'$oid': '68f1af1e194704c4a7b9993a'},2025-10-17 02:45:21+00:00,2025-10-17T02:45:21Z,2.0,14.7,83.7,,2025-10-17T02:51:10Z,2025-10-17T02:51:10Z,2025-10-17T02:45:21Z,,,,,,,,Cultivo 1,2025-10
{'$oid': '68f1b176194704c4a7b9993b'},2025-10-17 02:52:01+00:00,2025-10-17T02:58:41Z,4.0,14.7,84.1,,2025-10-17T03:01:10Z,2025-10-17T03:01:10Z,2025-10-17T02:58:41Z,,,,,,,,Cultivo 1,2025-10
{'$oid': '68f1b3ce194704c4a7b9993c'},2025-10-17 03:05:21+00:00,2025-10-17T03:05:21Z,2.0,14.7,84.2,,2025-10-17T03:11:10Z,2025-10-17T03:11:10Z,2025-10-17T03:05:21Z,,,,,,,,Cultivo 1,2025-10
{'$oid': '68f1b626194704c4a7b9993d'},2025-10-17 03:12:01+00:00,2025-10-17T03:18:41Z,4.0,14.7,84.35,,2025-10-17T03:21:10Z,2025-10-17T03:21:10Z,2025-10-17T03:18:41Z,,,,,,,,Cultivo 1,2025-10
{'$oid': '68f1b87e194704c4a7b9993e'},2025-10-17 03:25:21+00:00,2025-10-17T03:25:21Z,2.0,14.6,84.4,,2025-10-17T03:31:10Z,2025-10-17T03:31:10Z,2025-10-17T03:25:21Z,,,,,,,,Cultivo 1,2025-10
{'$oid': '68f1bad6194704c4a7b9993f'},2025-10-17 03:32:01+00:00,2025-10-17T03:38:39Z,4.0,14.5,84.4,,2025-10-17T03:41:10Z,2025-10-17T03:41:10Z,2025-10-17T03:38:39Z,,,,,,,,Cultivo 1,2025-10
{'$oid': '68f1bd2e194704c4a7b99940'},2025-10-17 03:45:20+00:00,2025-10-17T03:45:20Z,2.0,14.5,84.3,,2025-10-17T03:51:10Z,2025-10-17T03:51:10Z,2025-10-17T03:45:20Z,,,,,,,,Cultivo 1,2025-10
{'$oid': '68f1bf86194704c4a7b99941'},2025-10-17 03:52:01+00:00,2025-10-17T03:58:40Z,4.0,14.5,84.35,,2025-10-17T04:01:10Z,2025-10-17T04:01:10Z,2025-10-17T03:58:40Z,,,,,,,,Cultivo 1,2025-10
{'$oid': '68f1c1de194704c4a7b99942'},2025-10-17 04:05:20+00:00,2025-10-17T04:05:20Z,2.0,14.5,84.5,,2025-10-17T04:11:10Z,2025-10-17T04:11:10Z,2025-10-17T04:05:20Z,,,,,,,,Cultivo 1,2025-10
{'$oid': '68f1c436194704c4a7b99943'},2025-10-17 04:11:59+00:00,2025-10-17T04:18:39Z,4.0,14.5,84.75,,2025-10-17T04:21:10Z,2025-10-17T04:21:10Z,2025-10-17T04:18:39Z,,,,,,,,Cultivo 1,2025-10
{'$oid': '68f1c68e194704c4a7b99944'},2025-10-17 04:25:19+00:00,2025-10-17T04:25:19Z,2.0,14.4,84.5,,2025-10-17T04:31:10Z,2025-10-17T04:31:10Z,2025-10-17T04:25:19Z,,,,,,,,Cultivo 1,2025-10
{'$oid': '68f1c8e7194704c4a7b99945'},2025-10-17 04:31:59+00:00,2025-10-17T04:38:40Z,4.0,14.4,84.75,,2025-10-17T04:41:11Z,2025-10-17T04:41:11Z,2025-10-17T04:38:40Z,,,,,,,,Cultivo 1,2025-10
{'$oid': '68f1cd97194704c4a7b99946'},2025-10-17 04:52:01+00:00,2025-10-17T04:58:41Z,4.0,14.3,84.85,,2025-10-17T05:01:11Z,2025-10-17T05:01:11Z,2025-10-17T04:58:41Z,,,,,,,,Cultivo 1,2025-10
{'$oid': '68f1cfef194704c4a7b99947'},2025-10-17 05:05:21+00:00,2025-10-17T05:05:21Z,2.0,14.3,84.9,,2025-10-17T05:11:11Z,2025-10-17T05:11:11Z,2025-10-17T05:05:21Z,,,,,,,,Cultivo 1,2025-10
{'$oid': '68f1d247194704c4a7b99948'},2025-10-17 05:12:01+00:00,2025-10-17T05:18:41Z,4.0,14.149999999999999,84.85,,2025-10-17T05:21:11Z,2025-10-17T05:21:11Z,2025-10-17T05:18:41Z,,,,,,,,Cultivo 1,2025-10
{'$oid': '68f1d49f194704c4a7b99949'},2025-10-17 05:25:21+00:00,2025-10-17T05:25:21Z,2.0,14.2,84.7,,2025-10-17T05:31:11Z,2025-10-17T05:31:11Z,2025-10-17T05:25:21Z,,,,,,,,Cultivo 1,2025-10
{'$oid': '68f1d6f7194704c4a7b9994a'},2025-10-17 05:32:01+00:00,2025-10-17T05:32:01Z,2.0,14.2,84.9,,2025-10-17T05:41:11Z,2025-10-17T05:41:11Z,2025-10-17T05:32:01Z,,,,,,,,Cultivo 1,2025-10
{'$oid': '68f6303f194704c4a7b9994b'},2025-10-20 12:50:37+00:00,2025-10-20T12:50:37Z,2.0,25.5,54.8,,2025-10-20T12:51:11Z,2025-10-20T12:51:11Z,2025-10-20T12:50:37Z,,14.88,,,,,1.6632168749004108,Cultivo 1,2025-10
{'$oid': '68f63297194704c4a7b9994c'},2025-10-20 12:57:17+00:00,2025-10-20T12:57:17Z,2.0,28.0,50.7,,2025-10-20T13:01:11Z,2025-10-20T13:01:11Z,2025-10-20T12:57:17Z,,,,,,,,Cultivo 1,2025-10
{'$oid': '68f634ef194704c4a7b9994d'},2025-10-20 13:03:57+00:00,2025-10-20T13:10:37Z,4.0,28.9,48.05,,2025-10-20T13:11:11Z,2025-10-20T13:11:11Z,2025-10-20T13:10:37Z,,,,,,,,Cultivo 1,2025-10
{'$oid': '68f63747194704c4a7b9994e'},2025-10-20 13:17:17+00:00,2025-10-20T13:17:17Z,2.0,31.1,45.6,,2025-10-20T13:21:11Z,2025-10-20T13:21:11Z,2025-10-20T13:17:17Z,,,,,,,,Cultivo 1,2025-10
{'$oid': '68f6399f194704c4a7b9994f'},2025-10-20 13:23:57+00:00,2025-10-20T13:30:37Z,4.0,33.3,43.400000000000006,,2025-10-20T13:31:11Z,2025-10-20T13:31:11Z,2025-10-20T13:30:37Z,,,,,,,,Cultivo 1,2025-10
{'$oid': '68f63bf7194704c4a7b99950'},2025-10-20 13:37:17+00:00,2025-10-20T13:37:17Z,2.0,35.3,41.3,,2025-10-20T13:41:11Z,2025-10-20T13:41:11Z,2025-10-20T13:37:17Z,,,,,,,,Cultivo 1,2025-10
{'$oid': '68f63e4f194704c4a7b99951'},2025-10-20 13:43:57+00:00,2025-10-20T13:50:37Z,4.0,42.25,35.8,,2025-10-20T13:51:11Z,2025-10-20T13:51:11Z,2025-10-20T13:50:37Z,,,,,,,,Cultivo 1,2025-10
{'$oid': '68f640a7194704c4a7b99952'},2025-10-20 13:57:17+00:00,2025-10-20T13:57:17Z,2.0,40.8,36.7,,2025-10-20T14:01:11Z,2025-10-20T14:01:11Z,2025-10-20T13:57:17Z,,,,,,,,Cultivo 1,2025-10
{'$oid': '68f642ff194704c4a7b99953'},2025-10-20 14:03:57+00:00,2025-10-20T14:10:37Z,4.0,36.95,38.8,,2025-10-20T14:11:11Z,2025-10-20T14:11:11Z,2025-10-20T14:10:37Z,6.116585008932363,17.125,,,,,,Cultivo 1,2025-10
{'$oid': '68f64557194704c4a7b99954'},2025-10-20 14:17:17+00:00,2025-10-20T14:17:17Z,2.0,35.9,39.1,,2025-10-20T14:21:11Z,2025-10-20T14:21:11Z,2025-10-20T14:17:17Z,6.234098749753604,17.94,,,,,,Cultivo 1,2025-10
{'$oid': '68f647af194704c4a7b99955'},2025-10-20 14:23:57+00:00,2025-10-20T14:30:37Z,4.0,35.650000000000006,39.15,,2025-10-20T14:31:11Z,2025-10-20T14:31:11Z,2025-10-20T14:30:37Z,6.226862531190051,18.265,,,,,,Cultivo 1,2025-10
{'$oid': '68f64a07194704c4a7b99956'},2025-10-20 14:37:17+00:00,2025-10-20T14:37:17Z,2.0,35.3,39.4,,2025-10-20T14:41:11Z,2025-10-20T14:41:11Z,2025-10-20T14:37:17Z,6.356969497725634,18.41,,,,,,Cultivo 1,2025-10
{'$oid': '68f64c5f194704c4a7b99957'},2025-10-20 14:43:57+00:00,2025-10-20T14:50:37Z,4.0,34.2,39.900000000000006,,2025-10-20T14:51:11Z,2025-10-20T14:51:11Z,2025-10-20T14:50:37Z,6.363731940239442,18.41,,,,,,Cultivo 1,2025-10
{'$oid': '68f64eb8194704c4a7b99958'},2025-10-20 14:57:17+00:00,2025-10-20T14:57:17Z,2.0,33.4,40.4,,2025-10-20T15:01:12Z,2025-10-20T15:01:12Z,2025-10-20T14:57:17Z,6.1197967375298585,18.41,,,,,,Cultivo 1,2025-10
{'$oid': '68f65110194704c4a7b99959'},2025-10-20 15:03:57+00:00,2025-10-20T15:10:37Z,4.0,32.95,41.4,,2025-10-20T15:11:12Z,2025-10-20T15:11:12Z,2025-10-20T15:10:37Z,6.03802569846777,18.41,,,,,,Cultivo 1,2025-10
{'$oid': '68f65368194704c4a7b9995a'},2025-10-20 15:17:17+00:00,2025-10-20T15:17:17Z,2.0,32.5,41.3,,2025-10-20T15:21:12Z,2025-10-20T15:21:12Z,2025-10-20T15:17:17Z,6.2720009115906326,18.41,,,,,,Cultivo 1,2025-10
{'$oid': '68f655c1194704c4a7b9995b'},2025-10-20 15:23:57+00:00,2025-10-20T15:30:37Z,4.0,31.35,42.2,,2025-10-20T15:31:13Z,2025-10-20T15:31:13Z,2025-10-20T15:30:37Z,6.245697999194843,18.41,,,,,,Cultivo 1,2025-10
{'$oid': '68f65819194704c4a7b9995c'},2025-10-20 15:37:17+00:00,2025-10-20T15:37:17Z,2.0,30.7,42.5,,2025-10-20T15:41:13Z,2025-10-20T15:41:13Z,2025-10-20T15:37:17Z,6.144782967516367,18.41,,,,,,Cultivo 1,2025-10
{'$oid': '68f65a71194704c4a7b9995d'},2025-10-20 15:43:57+00:00,2025-10-20T15:50:37Z,4.0,30.799999999999997,43.150000000000006,,2025-10-20T15:51:13Z,2025-10-20T15:51:13Z,2025-10-20T15:50:37Z,6.282767863181149,18.41,,,,,,Cultivo 1,2025-10
{'$oid': '68f65cc9194704c4a7b9995e'},2025-10-20 15:57:17+00:00,2025-10-20T15:57:17Z,2.0,30.7,43.5,,2025-10-20T16:01:13Z,2025-10-20T16:01:13Z,2025-10-20T15:57:17Z,6.217845362051088,18.41,,,,,,Cultivo 1,2025-10
{'$oid': '68f65f21194704c4a7b9995f'},2025-10-20 16:03:57+00:00,2025-10-20T16:10:37Z,4.0,30.7,43.6,,2025-10-20T16:11:13Z,2025-10-20T16:11:13Z,2025-10-20T16:10:37Z,6.317130025880709,18.41,,,,,,Cultivo 1,2025-10
{'$oid': '68f66179194704c4a7b99960'},2025-10-20 16:17:17+00:00,2025-10-20T16:17:17Z,2.0,30.6,43.8,,2025-10-20T16:21:13Z,2025-10-20T16:21:13Z,2025-10-20T16:17:17Z,6.048609126095294,18.41,,,,,,Cultivo 1,2025-10
{'$oid': '68f663d1194704c4a7b99961'},2025-10-20 16:23:57+00:00,2025-10-20T16:30:37Z,4.0,30.4,44.05,,2025-10-20T16:31:13Z,2025-10-20T16:31:13Z,2025-10-20T16:30:37Z,6.134996197564014,18.41,,,,,,Cultivo 1,2025-10
{'$oid': '68f66629194704c4a7b99962'},2025-10-20 16:37:17+00:00,2025-10-20T16:37:17Z,2.0,30.4,44.6,,2025-10-20T16:41:13Z,2025-10-20T16:41:13Z,2025-10-20T16:37:17Z,6.282645412689068,18.41,,,,,,Cultivo 1,2025-10
{'$oid': '68f66881194704c4a7b99963'},2025-10-20 16:43:57+00:00,2025-10-20T16:50:37Z,4.0,30.55,44.4,,2025-10-20T16:51:13Z,2025-10-20T16:51:13Z,2025-10-20T16:50:37Z,6.324897969931555,18.41,,,,,,Cultivo 1,2025-10
{'$oid': '68f66ad9194704c4a7b99964'},2025-10-20 16:57:17+00:00,2025-10-20T16:57:17Z,2.0,30.7,44.4,,2025-10-20T17:01:13Z,2025-10-20T17:01:13Z,2025-10-20T16:57:17Z,6.38303566716801,18.41,,,,,,Cultivo 1,2025-10
{'$oid': '68f66d31194704c4a7b99965'},2025-10-20 17:03:57+00:00,2025-10-20T17:10:37Z,4.0,30.85,44.599999999999994,,2025-10-20T17:11:13Z,2025-10-20T17:11:13Z,2025-10-20T17:10:37Z,6.30026387787761,18.41,,,,,,Cultivo 1,2025-10
{'$oid': '68f66f89194704c4a7b99966'},2025-10-20 17:17:17+00:00,2025-10-20T17:17:17Z,2.0,30.7,44.8,,2025-10-20T17:21:13Z,2025-10-20T17:21:13Z,2025-10-20T17:17:17Z,6.307841771481409,18.41,,,,,,Cultivo 1,2025-10
{'$oid': '68f671e1194704c4a7b99967'},2025-10-20 17:23:57+00:00,2025-10-20T17:30:37Z,4.0,30.55,45.099999999999994,,2025-10-20T17:31:13Z,2025-10-20T17:31:13Z,2025-10-20T17:30:37Z,6.341198221231424,18.41,,,,,,Cultivo 1,2025-10
{'$oid': '68f67439194704c4a7b99968'},2025-10-20 17:37:17+00:00,2025-10-20T17:37:17Z,2.0,30.3,45.6,,2025-10-20T17:41:13Z,2025-10-20T17:41:13Z,2025-10-20T17:37:17Z,6.426843958583042,18.41,,,,,,Cultivo 1,2025-10
{'$oid': '68f67691194704c4a7b99969'},2025-10-20 17:43:57+00:00,2025-10-20T17:50:37Z,4.0,30.25,45.650000000000006,,2025-10-20T17:51:13Z,2025-10-20T17:51:13Z,2025-10-20T17:50:37Z,6.044147063957374,18.41,,,,,,Cultivo 1,2025-10
{'$oid': '68f678e9194704c4a7b9996a'},2025-10-20 17:57:17+00:00,2025-10-20T17:57:17Z,2.0,29.9,44.7,,2025-10-20T18:01:13Z,2025-10-20T18:01:13Z,2025-10-20T17:57:17Z,6.419854648894693,18.41,,,,,,Cultivo 1,2025-10
{'$oid': '68f67b41194704c4a7b9996b'},2025-10-20 18:03:57+00:00,2025-10-20T18:10:37Z,4.0,29.5,45.65,,2025-10-20T18:11:13Z,2025-10-20T18:11:13Z,2025-10-20T18:10:37Z,6.251538534459462,18.41,,,,,,Cultivo 1,2025-10
{'$oid': '68f67d99194704c4a7b9996c'},2025-10-20 18:17:17+00:00,2025-10-20T18:17:17Z,2.0,29.4,46.7,,2025-10-20T18:21:13Z,2025-10-20T18:21:13Z,2025-10-20T18:17:17Z,6.402908459848568,18.41,,,,,,Cultivo 1,2025-10
{'$oid': '68f67ff1194704c4a7b9996d'},2025-10-20 18:23:57+00:00,2025-10-20T18:30:37Z,4.0,29.0,47.1,,2025-10-20T18:31:13Z,2025-10-20T18:31:13Z,2025-10-20T18:30:37Z,6.2557149012185675,18.41,,,,,,Cultivo 1,2025-10
{'$oid': '68f68249194704c4a7b9996e'},2025-10-20 18:37:17+00:00,2025-10-20T18:37:17Z,2.0,29.1,47.2,,2025-10-20T18:41:13Z,2025-10-20T18:41:13Z,2025-10-20T18:37:17Z,6.084723419942508,18.41,,,,,,Cultivo 1,2025-10
{'$oid': '68f684a1194704c4a7b9996f'},2025-10-20 18:43:57+00:00,2025-10-20T18:50:37Z,4.0,28.85,47.65,,2025-10-20T18:51:13Z,2025-10-20T18:51:13Z,2025-10-20T18:50:37Z,6.068005923209128,18.41,,,,,,Cultivo 1,2025-10
{'$oid': '68f686f9194704c4a7b99970'},2025-10-20 18:57:17+00:00,2025-10-20T18:57:17Z,2.0,28.1,47.2,,2025-10-20T19:01:13Z,2025-10-20T19:01:13Z,2025-10-20T18:57:17Z,6.224731820294308,18.41,,,,,,Cultivo 1,2025-10
{'$oid': '68f68951194704c4a7b99971'},2025-10-20 19:03:57+00:00,2025-10-20T19:10:37Z,4.0,27.75,49.0,,2025-10-20T19:11:13Z,2025-10-20T19:11:13Z,2025-10-20T19:10:37Z,6.2802314927367515,18.41,,,,,,Cultivo 1,2025-10
{'$oid': '68f68ba9194704c4a7b99972'},2025-10-20 19:17:17+00:00,2025-10-20T19:17:17Z,2.0,27.5,49.1,,2025-10-20T19:21:13Z,2025-10-20T19:21:13Z,2025-10-20T19:17:17Z,6.2465273500853025,18.41,,,,,,Cultivo 1,2025-10
{'$oid': '68f68e01194704c4a7b99973'},2025-10-20 19:23:57+00:00,2025-10-20T19:30:37Z,4.0,27.0,49.099999999999994,,2025-10-20T19:31:13Z,2025-10-20T19:31:13Z,2025-10-20T19:30:37Z,6.056764686621874,18.41,,,,,,Cultivo 1,2025-10
{'$oid': '68f69059194704c4a7b99974'},2025-10-20 19:37:17+00:00,2025-10-20T19:37:17Z,2.0,26.6,50.5,,2025-10-20T19:41:13Z,2025-10-20T19:41:13Z,2025-10-20T19:37:17Z,6.105071544404555,18.41,,,,,,Cultivo 1,2025-10
{'$oid': '68f692b1194704c4a7b99975'},2025-10-20 19:43:57+00:00,2025-10-20T19:50:38Z,4.0,26.4,51.05,,2025-10-20T19:51:13Z,2025-10-20T19:51:13Z,2025-10-20T19:50:38Z,6.175255507975076,18.41,,,,,,Cultivo 1,2025-10
{'$oid': '68f6950a194704c4a7b99976'},2025-10-20 19:57:17+00:00,2025-10-20T19:57:17Z,2.0,26.2,50.2,,2025-10-20T20:01:14Z,2025-10-20T20:01:14Z,2025-10-20T19:57:17Z,6.080874361318085,18.41,,,,,,Cultivo 1,2025-10
{'$oid': '68f69762194704c4a7b99977'},2025-10-20 20:03:58+00:00,2025-10-20T20:10:37Z,4.0,25.9,50.8,,2025-10-20T20:11:14Z,2025-10-20T20:11:14Z,2025-10-20T20:10:37Z,6.348070336916835,18.41,,,,,,Cultivo 1,2025-10
{'$oid': '68f699ba194704c4a7b99978'},2025-10-20 20:17:17+00:00,2025-10-20T20:17:17Z,2.0,25.4,52.1,,2025-10-20T20:21:14Z,2025-10-20T20:21:14Z,2025-10-20T20:17:17Z,6.411680706701665,18.41,,,,,,Cultivo 1,2025-10
{'$oid': '68f69c12194704c4a7b99979'},2025-10-20 20:23:58+00:00,2025-10-20T20:30:37Z,4.0,24.9,52.45,,2025-10-20T20:31:14Z,2025-10-20T20:31:14Z,2025-10-20T20:30:37Z,6.209051678804866,18.41,,,,,,Cultivo 1,2025-10
{'$oid': '68f69e6a194704c4a7b9997a'},2025-10-20 20:37:18+00:00,2025-10-20T20:37:18Z,2.0,24.6,52.8,,2025-10-20T20:41:14Z,2025-10-20T20:41:14Z,2025-10-20T20:37:18Z,6.117456517294723,18.41,,,,,,Cultivo 1,2025-10
{'$oid': '68f6a0c2194704c4a7b9997b'},2025-10-20 20:43:57+00:00,2025-10-20T20:50:38Z,4.0,24.55,53.65,,2025-10-20T20:51:14Z,2025-10-20T20:51:14Z,2025-10-20T20:50:38Z,6.261969674510917,18.41,,,,,,Cultivo 1,2025-10
{'$oid': '68f6a31a194704c4a7b9997c'},2025-10-20 20:57:18+00:00,2025-10-20T20:57:18Z,2.0,24.5,52.9,,2025-10-20T21:01:14Z,2025-10-20T21:01:14Z,2025-10-20T20:57:18Z,6.387163535415267,18.41,,,,,,Cultivo 1,2025-10
{'$oid': '68f6a572194704c4a7b9997d'},2025-10-20 21:03:59+00:00,2025-10-20T21:10:37Z,4.0,24.55,54.0,,2025-10-20T21:11:14Z,2025-10-20T21:11:14Z,2025-10-20T21:10:37Z,6.2889977283873435,18.41,,,,,,Cultivo 1,2025-10
{'$oid': '68f6a7ca194704c4a7b9997e'},2025-10-20 21:17:18+00:00,2025-10-20T21:17:18Z,2.0,24.7,54.2,,2025-10-20T21:21:14Z,2025-10-20T21:21:14Z,2025-10-20T21:17:18Z,6.121329600880593,18.41,,,,,,Cultivo 1,2025-10
{'$oid': '68f6aa22194704c4a7b9997f'},2025-10-20 21:23:58+00:00,2025-10-20T21:30:38Z,4.0,24.6,54.099999999999994,,2025-10-20T21:31:14Z,2025-10-20T21:31:14Z,2025-10-20T21:30:38Z,6.413906059063044,18.41,,,,,,Cultivo 1,2025-10
{'$oid': '68f6ac7a194704c4a7b99980'},2025-10-20 21:37:18+00:00,2025-10-20T21:37:18Z,2.0,24.2,53.0,,2025-10-20T21:41:14Z,2025-10-20T21:41:14Z,2025-10-20T21:37:18Z,6.125460669162805,18.41,,,,,,Cultivo 1,2025-10
{'$oid': '68f6aed2194704c4a7b99981'},2025-10-20 21:43:58+00:00,2025-10-20T21:50:38Z,4.0,23.5,53.6,,2025-10-20T21:51:14Z,2025-10-20T21:51:14Z,2025-10-20T21:50:38Z,6.311678223782932,18.41,,,,,,Cultivo 1,2025-10
{'$oid': '68f6b12a194704c4a7b99982'},2025-10-20 21:57:18+00:00,2025-10-20T21:57:18Z,2.0,22.8,53.9,,2025-10-20T22:01:14Z,2025-10-20T22:01:14Z,2025-10-20T21:57:18Z,6.343496822572437,18.41,,,,,,Cultivo 1,2025-10
{'$oid': '68f6b382194704c4a7b99983'},2025-10-20 22:04:00+00:00,2025-10-20T22:10:38Z,4.0,22.2,54.45,,2025-10-20T22:11:14Z,2025-10-20T22:11:14Z,2025-10-20T22:10:38Z,6.239248906786232,18.41,,,,,,Cultivo 1,2025-10
{'$oid': '68f6b5da194704c4a7b99984'},2025-10-20 22:17:18+00:00,2025-10-20T22:17:18Z,2.0,21.6,54.9,,2025-10-20T22:21:14Z,2025-10-20T22:21:14Z,2025-10-20T22:17:18Z,6.338080743577293,18.41,,,,,,Cultivo 1,2025-10
{'$oid': '68f6b832194704c4a7b99985'},2025-10-20 22:23:58+00:00,2025-10-20T22:30:39Z,4.0,21.1,56.3,,2025-10-20T22:31:14Z,2025-10-20T22:31:14Z,2025-10-20T22:30:39Z,6.2034753362116986,18.41,,,,,,Cultivo 1,2025-10
{'$oid': '68f6ba8a194704c4a7b99986'},2025-10-20 22:37:18+00:00,2025-10-20T22:37:18Z,2.0,20.8,58.3,,2025-10-20T22:41:14Z,2025-10-20T22:41:14Z,2025-10-20T22:37:18Z,6.132718427397527,18.41,,,,,,Cultivo 1,2025-10
{'$oid': '68f6bce2194704c4a7b99987'},2025-10-20 22:43:58+00:00,2025-10-20T22:50:38Z,4.0,20.35,59.25,,2025-10-20T22:51:14Z,2025-10-20T22:51:14Z,2025-10-20T22:50:38Z,6.177265926235476,18.41,,,,,,Cultivo 1,2025-10
{'$oid': '68f6bf3a194704c4a7b99988'},2025-10-20 22:57:20+00:00,2025-10-20T22:57:20Z,2.0,20.0,60.2,,2025-10-20T23:01:14Z,2025-10-20T23:01:14Z,2025-10-20T22:57:20Z,6.336498134159964,18.41,,,,,,Cultivo 1,2025-10
{'$oid': '68f77f6a194704c4a7b99989'},2025-10-21 12:39:46+00:00,2025-10-21T12:39:46Z,2.0,17.3,69.6,,2025-10-21T12:41:14Z,2025-10-21T12:41:14Z,2025-10-21T12:39:46Z,6.1992537975715765,11.56,,,,,,Cultivo 1,2025-10
{'$oid': '68f781c3194704c4a7b9998a'},2025-10-21 12:46:27+00:00,2025-10-21T12:46:27Z,2.0,18.8,66.8,,2025-10-21T12:51:15Z,2025-10-21T12:51:15Z,2025-10-21T12:46:27Z,6.316456560612661,11.56,,,,,,Cultivo 1,2025-10
{'$oid': '68f7841b194704c4a7b9998b'},2025-10-21 12:53:07+00:00,2025-10-21T12:59:47Z,4.0,21.05,62.45,,2025-10-21T13:01:15Z,2025-10-21T13:01:15Z,2025-10-21T12:59:47Z,6.239859267142867,11.905000000000001,,,,,,Cultivo 1,2025-10
{'$oid': '68f78673194704c4a7b9998c'},2025-10-21 13:06:27+00:00,2025-10-21T13:06:27Z,2.0,27.6,53.2,,2025-10-21T13:11:15Z,2025-10-21T13:11:15Z,2025-10-21T13:06:27Z,6.2136061750743306,12.44,,,,,,Cultivo 1,2025-10
{'$oid': '68f788cb194704c4a7b9998d'},2025-10-21 13:13:07+00:00,2025-10-21T13:19:48Z,4.0,35.85,43.65,,2025-10-21T13:21:15Z,2025-10-21T13:21:15Z,2025-10-21T13:19:48Z,6.187197303587814,12.690000000000001,,,,,,Cultivo 1,2025-10
{'$oid': '68f78b23194704c4a7b9998e'},2025-10-21 13:26:27+00:00,2025-10-21T13:26:27Z,2.0,37.4,41.6,,2025-10-21T13:31:15Z,2025-10-21T13:31:15Z,2025-10-21T13:26:27Z,5.91,13.12,,,,,,Cultivo 1,2025-10
{'$oid': '68f78d7b194704c4a7b9998f'},2025-10-21 13:33:07+00:00,2025-10-21T13:39:47Z,4.0,34.55,43.75,,2025-10-21T13:41:15Z,2025-10-21T13:41:15Z,2025-10-21T13:39:47Z,5.92,13.72,,,,,,Cultivo 1,2025-10
{'$oid': '68f78fd3194704c4a7b99990'},2025-10-21 13:46:27+00:00,2025-10-21T13:46:27Z,2.0,34.1,43.8,,2025-10-21T13:51:15Z,2025-10-21T13:51:15Z,2025-10-21T13:46:27Z,5.94,14.38,,,,,,Cultivo 1,2025-10
{'$oid': '68f7922b194704c4a7b99991'},2025-10-21 13:53:07+00:00,2025-10-21T13:59:47Z,4.0,37.9,39.8,,2025-10-21T14:01:15Z,2025-10-21T14:01:15Z,2025-10-21T13:59:47Z,6.015000000000001,15.435,,,,,,Cultivo 1,2025-10
{'$oid': '68f79483194704c4a7b99992'},2025-10-21 14:06:27+00:00,2025-10-21T14:06:27Z,2.0,33.1,44.1,,2025-10-21T14:11:15Z,2025-10-21T14:11:15Z,2025-10-21T14:06:27Z,5.88,16.19,,,,,,Cultivo 1,2025-10
{'$oid': '68f796db194704c4a7b99993'},2025-10-21 14:13:07+00:00,2025-10-21T14:19:47Z,4.0,30.549999999999997,47.900000000000006,,2025-10-21T14:21:15Z,2025-10-21T14:21:15Z,2025-10-21T14:19:47Z,5.805,16.5,,,,,,Cultivo 1,2025-10
{'$oid': '68f79933194704c4a7b99994'},2025-10-21 14:26:27+00:00,2025-10-21T14:26:27Z,2.0,28.0,49.3,,2025-10-21T14:31:15Z,2025-10-21T14:31:15Z,2025-10-21T14:26:27Z,6.04,16.5,,,,,,Cultivo 1,2025-10
{'$oid': '68f79b8b194704c4a7b99995'},2025-10-21 14:33:07+00:00,2025-10-21T14:39:47Z,4.0,26.25,52.6,,2025-10-21T14:41:15Z,2025-10-21T14:41:15Z,2025-10-21T14:39:47Z,6.18,17.09,,,,,,Cultivo 1,2025-10
{'$oid': '68f79de3194704c4a7b99996'},2025-10-21 14:46:27+00:00,2025-10-21T14:46:27Z,2.0,24.9,55.2,,2025-10-21T14:51:15Z,2025-10-21T14:51:15Z,2025-10-21T14:46:27Z,6.22,17.12,,,,,,Cultivo 1,2025-10
{'$oid': '68f7a03b194704c4a7b99997'},2025-10-21 14:53:07+00:00,2025-10-21T14:59:47Z,4.0,24.55,54.45,,2025-10-21T15:01:15Z,2025-10-21T15:01:15Z,2025-10-21T14:59:47Z,6.215,17.12,,,,,,Cultivo 1,2025-10
{'$oid': '68f7a293194704c4a7b99998'},2025-10-21 15:06:27+00:00,2025-10-21T15:06:27Z,2.0,25.4,52.6,,2025-10-21T15:11:15Z,2025-10-21T15:11:15Z,2025-10-21T15:06:27Z,6.24,17.25,,,,,,Cultivo 1,2025-10
{'$oid': '68f7a4eb194704c4a7b99999'},2025-10-21 15:13:07+00:00,2025-10-21T15:19:47Z,4.0,26.0,52.25,,2025-10-21T15:21:15Z,2025-10-21T15:21:15Z,2025-10-21T15:19:47Z,6.135,17.47,,,,,,Cultivo 1,2025-10
{'$oid': '68f7a744194704c4a7b9999a'},2025-10-21 15:26:27+00:00,2025-10-21T15:26:27Z,2.0,28.6,48.8,,2025-10-21T15:31:16Z,2025-10-21T15:31:16Z,2025-10-21T15:26:27Z,6.19,17.88,,,,,,Cultivo 1,2025-10
{'$oid': '68f7a99d194704c4a7b9999b'},2025-10-21 15:33:07+00:00,2025-10-21T15:39:47Z,4.0,27.95,49.5,,2025-10-21T15:41:17Z,2025-10-21T15:41:17Z,2025-10-21T15:39:47Z,6.16,18.185,,,,,,Cultivo 1,2025-10
{'$oid': '68f7abf5194704c4a7b9999c'},2025-10-21 15:46:27+00:00,2025-10-21T15:46:27Z,2.0,28.2,52.1,,2025-10-21T15:51:17Z,2025-10-21T15:51:17Z,2025-10-21T15:46:27Z,6.3,18.06,,,,,,Cultivo 1,2025-10
{'$oid': '68f7ae4d194704c4a7b9999d'},2025-10-21 15:53:07+00:00,2025-10-21T15:59:47Z,4.0,28.05,50.0,,2025-10-21T16:01:17Z,2025-10-21T16:01:17Z,2025-10-21T15:59:47Z,6.245,18.12,,,,,,Cultivo 1,2025-10
{'$oid': '68f7b0a5194704c4a7b9999e'},2025-10-21 16:06:27+00:00,2025-10-21T16:06:27Z,2.0,31.5,48.1,,2025-10-21T16:11:17Z,2025-10-21T16:11:17Z,2025-10-21T16:06:27Z,6.22,18.62,,,,,,Cultivo 1,2025-10
{'$oid': '68f7b2fd194704c4a7b9999f'},2025-10-21 16:13:07+00:00,2025-10-21T16:19:47Z,4.0,29.15,49.45,,2025-10-21T16:21:17Z,2025-10-21T16:21:17Z,2025-10-21T16:19:47Z,6.1850000000000005,19.03,,,,,,Cultivo 1,2025-10
{'$oid': '68f7b555194704c4a7b999a0'},2025-10-21 16:26:27+00:00,2025-10-21T16:26:27Z,2.0,27.7,48.7,,2025-10-21T16:31:17Z,2025-10-21T16:31:17Z,2025-10-21T16:26:27Z,6.16,19.12,,,,,,Cultivo 1,2025-10
{'$oid': '68f7b7ad194704c4a7b999a1'},2025-10-21 16:33:07+00:00,2025-10-21T16:39:47Z,4.0,27.950000000000003,49.1,,2025-10-21T16:41:17Z,2025-10-21T16:41:17Z,2025-10-21T16:39:47Z,6.109999999999999,19.285,,,,,,Cultivo 1,2025-10
{'$oid': '68f7ba05194704c4a7b999a2'},2025-10-21 16:46:27+00:00,2025-10-21T16:46:27Z,2.0,27.0,52.0,,2025-10-21T16:51:17Z,2025-10-21T16:51:17Z,2025-10-21T16:46:27Z,5.99,19.38,,,,,,Cultivo 1,2025-10
{'$oid': '68f7bc5d194704c4a7b999a3'},2025-10-21 16:53:07+00:00,2025-10-21T16:59:47Z,4.0,26.450000000000003,53.8,,2025-10-21T17:01:17Z,2025-10-21T17:01:17Z,2025-10-21T16:59:47Z,6.095,19.310000000000002,,,,,,Cultivo 1,2025-10
{'$oid': '68f7beb5194704c4a7b999a4'},2025-10-21 17:06:27+00:00,2025-10-21T17:06:27Z,2.0,28.2,48.1,,2025-10-21T17:11:17Z,2025-10-21T17:11:17Z,2025-10-21T17:06:27Z,6.19,19.25,,,,,,Cultivo 1,2025-10
{'$oid': '68f7c10d194704c4a7b999a5'},2025-10-21 17:13:07+00:00,2025-10-21T17:19:47Z,4.0,27.95,48.8,,2025-10-21T17:21:17Z,2025-10-21T17:21:17Z,2025-10-21T17:19:47Z,6.125,19.439999999999998,,,,,,Cultivo 1,2025-10
{'$oid': '68f7c365194704c4a7b999a6'},2025-10-21 17:26:27+00:00,2025-10-21T17:26:27Z,2.0,29.5,48.5,,2025-10-21T17:31:17Z,2025-10-21T17:31:17Z,2025-10-21T17:26:27Z,6.08,19.75,,,,,,Cultivo 1,2025-10
{'$oid': '68f7c5bd194704c4a7b999a7'},2025-10-21 17:33:07+00:00,2025-10-21T17:39:47Z,4.0,31.85,43.75,,2025-10-21T17:41:17Z,2025-10-21T17:41:17Z,2025-10-21T17:39:47Z,6.095000000000001,20.564999999999998,,,,,,Cultivo 1,2025-10
{'$oid': '68f7c815194704c4a7b999a8'},2025-10-21 17:46:27+00:00,2025-10-21T17:46:27Z,2.0,31.2,46.6,,2025-10-21T17:51:17Z,2025-10-21T17:51:17Z,2025-10-21T17:46:27Z,6.02,21.12,,,,,,Cultivo 1,2025-10
{'$oid': '68f7ca6d194704c4a7b999a9'},2025-10-21 17:53:07+00:00,2025-10-21T17:59:48Z,4.0,30.450000000000003,46.65,,2025-10-21T18:01:17Z,2025-10-21T18:01:17Z,2025-10-21T17:59:48Z,5.995,21.345,,,,,,Cultivo 1,2025-10
{'$oid': '68f7ccc5194704c4a7b999aa'},2025-10-21 18:06:27+00:00,2025-10-21T18:06:27Z,2.0,33.2,44.8,,2025-10-21T18:11:17Z,2025-10-21T18:11:17Z,2025-10-21T18:06:27Z,5.98,21.81,,,,,,Cultivo 1,2025-10
{'$oid': '68f7cf1d194704c4a7b999ab'},2025-10-21 18:13:07+00:00,2025-10-21T18:19:47Z,4.0,34.8,43.0,,2025-10-21T18:21:17Z,2025-10-21T18:21:17Z,2025-10-21T18:19:47Z,5.9,22.5,,,,,,Cultivo 1,2025-10
{'$oid': '68f7d175194704c4a7b999ac'},2025-10-21 18:26:27+00:00,2025-10-21T18:26:27Z,2.0,34.3,39.8,,2025-10-21T18:31:17Z,2025-10-21T18:31:17Z,2025-10-21T18:26:27Z,5.96,22.38,,,,,,Cultivo 1,2025-10
{'$oid': '68f7d3cd194704c4a7b999ad'},2025-10-21 18:33:07+00:00,2025-10-21T18:39:47Z,4.0,30.799999999999997,46.2,,2025-10-21T18:41:17Z,2025-10-21T18:41:17Z,2025-10-21T18:39:47Z,5.865,22.345,,,,,,Cultivo 1,2025-10
{'$oid': '68f7d625194704c4a7b999ae'},2025-10-21 18:46:27+00:00,2025-10-21T18:46:27Z,2.0,26.8,49.1,,2025-10-21T18:51:17Z,2025-10-21T18:51:17Z,2025-10-21T18:46:27Z,5.85,22.0,,,,,,Cultivo 1,2025-10
{'$oid': '68f7d87d194704c4a7b999af'},2025-10-21 18:53:07+00:00,2025-10-21T18:59:47Z,4.0,24.5,54.85,,2025-10-21T19:01:17Z,2025-10-21T19:01:17Z,2025-10-21T18:59:47Z,5.805,21.535,,,,,,Cultivo 1,2025-10
{'$oid': '68f7dad5194704c4a7b999b0'},2025-10-21 19:06:27+00:00,2025-10-21T19:06:27Z,2.0,22.6,59.2,,2025-10-21T19:11:17Z,2025-10-21T19:11:17Z,2025-10-21T19:06:27Z,5.84,20.94,,,,,,Cultivo 1,2025-10
{'$oid': '68f7dd2d194704c4a7b999b1'},2025-10-21 19:13:08+00:00,2025-10-21T19:19:47Z,4.0,21.9,60.55,,2025-10-21T19:21:17Z,2025-10-21T19:21:17Z,2025-10-21T19:19:47Z,5.73,20.310000000000002,,,,,,Cultivo 1,2025-10
{'$oid': '68f7df86194704c4a7b999b2'},2025-10-21 19:26:27+00:00,2025-10-21T19:26:27Z,2.0,20.8,63.2,,2025-10-21T19:31:18Z,2025-10-21T19:31:18Z,2025-10-21T19:26:27Z,5.81,20.25,,,,,,Cultivo 1,2025-10
{'$oid': '68f7e1de194704c4a7b999b3'},2025-10-21 19:33:07+00:00,2025-10-21T19:39:48Z,4.0,20.1,65.95,,2025-10-21T19:41:18Z,2025-10-21T19:41:18Z,2025-10-21T19:39:48Z,5.875,19.47,,,,,,Cultivo 1,2025-10
{'$oid': '68f7e436194704c4a7b999b4'},2025-10-21 19:46:27+00:00,2025-10-21T19:46:27Z,2.0,20.3,66.7,,2025-10-21T19:51:18Z,2025-10-21T19:51:18Z,2025-10-21T19:46:27Z,5.92,18.81,,,,,,Cultivo 1,2025-10
{'$oid': '68f7e68e194704c4a7b999b5'},2025-10-21 19:53:07+00:00,2025-10-21T19:59:47Z,4.0,20.65,65.9,,2025-10-21T20:01:18Z,2025-10-21T20:01:18Z,2025-10-21T19:59:47Z,5.824999999999999,18.560000000000002,,,,,,Cultivo 1,2025-10
{'$oid': '68f7e8e6194704c4a7b999b6'},2025-10-21 20:06:27+00:00,2025-10-21T20:06:27Z,2.0,21.4,62.7,,2025-10-21T20:11:18Z,2025-10-21T20:11:18Z,2025-10-21T20:06:27Z,5.65,18.44,,,,,,Cultivo 1,2025-10
{'$oid': '68f7eb3e194704c4a7b999b7'},2025-10-21 20:13:09+00:00,2025-10-21T20:19:47Z,6.0,21.5,63.86666666666667,,2025-10-21T20:21:18Z,2025-10-21T20:21:18Z,2025-10-21T20:19:47Z,5.826666666666666,18.356666666666666,,,,,,Cultivo 1,2025-10
{'$oid': '68f7ed96194704c4a7b999b8'},2025-10-21 20:26:27+00:00,2025-10-21T20:26:27Z,2.0,21.4,63.7,,2025-10-21T20:31:18Z,2025-10-21T20:31:18Z,2025-10-21T20:26:27Z,5.67,18.31,,,,,,Cultivo 1,2025-10
{'$oid': '68f7efee194704c4a7b999b9'},2025-10-21 20:33:07+00:00,2025-10-21T20:39:47Z,4.0,21.4,63.5,,2025-10-21T20:41:18Z,2025-10-21T20:41:18Z,2025-10-21T20:39:47Z,5.85,18.22,,,,,,Cultivo 1,2025-10
{'$oid': '68f7f246194704c4a7b999ba'},2025-10-21 20:46:27+00:00,2025-10-21T20:46:27Z,2.0,21.3,63.5,,2025-10-21T20:51:18Z,2025-10-21T20:51:18Z,2025-10-21T20:46:27Z,5.93,17.81,,,,,,Cultivo 1,2025-10
{'$oid': '68f7f49e194704c4a7b999bb'},2025-10-21 20:53:07+00:00,2025-10-21T20:59:47Z,4.0,21.0,64.8,,2025-10-21T21:01:18Z,2025-10-21T21:01:18Z,2025-10-21T20:59:47Z,5.92,17.75,,,,,,Cultivo 1,2025-10
{'$oid': '68f7f6f6194704c4a7b999bc'},2025-10-21 21:06:27+00:00,2025-10-21T21:06:27Z,2.0,21.1,65.4,,2025-10-21T21:11:18Z,2025-10-21T21:11:18Z,2025-10-21T21:06:27Z,5.79,17.69,,,,,,Cultivo 1,2025-10
{'$oid': '68f7f94e194704c4a7b999bd'},2025-10-21 21:13:07+00:00,2025-10-21T21:19:47Z,4.0,23.6,60.6,,2025-10-21T21:21:18Z,2025-10-21T21:21:18Z,2025-10-21T21:19:47Z,5.84,17.905,,,,,,Cultivo 1,2025-10
{'$oid': '68f7fba6194704c4a7b999be'},2025-10-21 21:26:27+00:00,2025-10-21T21:26:27Z,2.0,23.5,60.8,,2025-10-21T21:31:18Z,2025-10-21T21:31:18Z,2025-10-21T21:26:27Z,5.87,18.19,,,,,,Cultivo 1,2025-10
{'$oid': '68f7fdfe194704c4a7b999bf'},2025-10-21 21:33:08+00:00,2025-10-21T21:39:47Z,4.0,21.9,64.0,,2025-10-21T21:41:18Z,2025-10-21T21:41:18Z,2025-10-21T21:39:47Z,5.88,18.09,,,,,,Cultivo 1,2025-10
{'$oid': '68f80056194704c4a7b999c0'},2025-10-21 21:46:27+00:00,2025-10-21T21:46:27Z,2.0,20.3,66.9,,2025-10-21T21:51:18Z,2025-10-21T21:51:18Z,2025-10-21T21:46:27Z,5.77,17.94,,,,,,Cultivo 1,2025-10
{'$oid': '68f802ae194704c4a7b999c1'},2025-10-21 21:53:08+00:00,2025-10-21T21:59:48Z,4.0,19.6,69.5,,2025-10-21T22:01:18Z,2025-10-21T22:01:18Z,2025-10-21T21:59:48Z,5.619999999999999,17.845,,,,,,Cultivo 1,2025-10
{'$oid': '68f80506194704c4a7b999c2'},2025-10-21 22:06:28+00:00,2025-10-21T22:06:28Z,2.0,18.5,72.2,,2025-10-21T22:11:18Z,2025-10-21T22:11:18Z,2025-10-21T22:06:28Z,5.86,17.56,,,,,,Cultivo 1,2025-10
{'$oid': '68f8075e194704c4a7b999c3'},2025-10-21 22:13:08+00:00,2025-10-21T22:19:48Z,4.0,18.0,73.5,,2025-10-21T22:21:18Z,2025-10-21T22:21:18Z,2025-10-21T22:19:48Z,5.84,17.285,,,,,,Cultivo 1,2025-10
{'$oid': '68f809b6194704c4a7b999c4'},2025-10-21 22:26:28+00:00,2025-10-21T22:26:28Z,2.0,17.9,73.4,,2025-10-21T22:31:18Z,2025-10-21T22:31:18Z,2025-10-21T22:26:28Z,5.75,17.06,,,,,,Cultivo 1,2025-10
{'$oid': '68f80c0e194704c4a7b999c5'},2025-10-21 22:33:08+00:00,2025-10-21T22:39:48Z,4.0,17.2,74.95,,2025-10-21T22:41:18Z,2025-10-21T22:41:18Z,2025-10-21T22:39:48Z,5.87,16.715,,,,,,Cultivo 1,2025-10
{'$oid': '68f80e66194704c4a7b999c6'},2025-10-21 22:46:28+00:00,2025-10-21T22:46:28Z,2.0,16.3,78.5,,2025-10-21T22:51:18Z,2025-10-21T22:51:18Z,2025-10-21T22:46:28Z,5.85,16.44,,,,,,Cultivo 1,2025-10
{'$oid': '68f810be194704c4a7b999c7'},2025-10-21 22:53:08+00:00,2025-10-21T22:59:48Z,4.0,15.600000000000001,79.80000000000001,,2025-10-21T23:01:18Z,2025-10-21T23:01:18Z,2025-10-21T22:59:48Z,5.87,16.095,,,,,,Cultivo 1,2025-10
{'$oid': '68f81316194704c4a7b999c8'},2025-10-21 23:06:28+00:00,2025-10-21T23:06:28Z,2.0,14.9,81.2,,2025-10-21T23:11:18Z,2025-10-21T23:11:18Z,2025-10-21T23:06:28Z,5.87,15.69,,,,,,Cultivo 1,2025-10
{'$oid': '68f8156e194704c4a7b999c9'},2025-10-21 23:13:08+00:00,2025-10-21T23:19:48Z,4.0,14.45,81.95,,2025-10-21T23:21:18Z,2025-10-21T23:21:18Z,2025-10-21T23:19:48Z,5.875,15.28,,,,,,Cultivo 1,2025-10
{'$oid': '68f817c6194704c4a7b999ca'},2025-10-21 23:26:28+00:00,2025-10-21T23:26:28Z,2.0,14.1,83.0,,2025-10-21T23:31:18Z,2025-10-21T23:31:18Z,2025-10-21T23:26:28Z,5.88,14.88,,,,,,Cultivo 1,2025-10
{'$oid': '68f81a1e194704c4a7b999cb'},2025-10-21 23:33:09+00:00,2025-10-21T23:39:49Z,4.0,13.9,83.5,,2025-10-21T23:41:18Z,2025-10-21T23:41:18Z,2025-10-21T23:39:49Z,5.88,14.625,,,,,,Cultivo 1,2025-10
{'$oid': '68f81c76194704c4a7b999cc'},2025-10-21 23:46:29+00:00,2025-10-21T23:46:29Z,2.0,13.7,84.1,,2025-10-21T23:51:18Z,2025-10-21T23:51:18Z,2025-10-21T23:46:29Z,5.88,14.31,,,,,,Cultivo 1,2025-10
{'$oid': '68f81ecf194704c4a7b999cd'},2025-10-21 23:53:09+00:00,2025-10-21T23:59:50Z,4.0,13.649999999999999,84.5,,2025-10-22T00:01:19Z,2025-10-22T00:01:19Z,2025-10-21T23:59:50Z,5.85,14.0,,,,,,Cultivo 1,2025-10
{'$oid': '68f82127194704c4a7b999ce'},2025-10-22 00:06:30+00:00,2025-10-22T00:06:30Z,2.0,13.8,85.1,,2025-10-22T00:11:19Z,2025-10-22T00:11:19Z,2025-10-22T00:06:30Z,5.84,13.75,,,,,,Cultivo 1,2025-10
{'$oid': '68f8237f194704c4a7b999cf'},2025-10-22 00:13:09+00:00,2025-10-22T00:19:50Z,4.0,14.05,85.0,,2025-10-22T00:21:19Z,2025-10-22T00:21:19Z,2025-10-22T00:19:50Z,5.825,13.655,,,,,,Cultivo 1,2025-10
{'$oid': '68f825d7194704c4a7b999d0'},2025-10-22 00:26:30+00:00,2025-10-22T00:26:30Z,2.0,14.3,85.0,,2025-10-22T00:31:19Z,2025-10-22T00:31:19Z,2025-10-22T00:26:30Z,5.8,13.56,,,,,,Cultivo 1,2025-10
{'$oid': '68f8282f194704c4a7b999d1'},2025-10-22 00:33:09+00:00,2025-10-22T00:39:56Z,6.0,14.3,85.53333333333333,,2025-10-22T00:41:19Z,2025-10-22T00:41:19Z,2025-10-22T00:39:56Z,5.8,13.459999999999999,,,,,,Cultivo 1,2025-10
{'$oid': '68f82a87194704c4a7b999d2'},2025-10-22 00:46:29+00:00,2025-10-22T00:46:29Z,2.0,14.2,85.6,,2025-10-22T00:51:19Z,2025-10-22T00:51:19Z,2025-10-22T00:46:29Z,5.82,13.38,,,,,,Cultivo 1,2025-10
{'$oid': '68f82cdf194704c4a7b999d3'},2025-10-22 00:53:10+00:00,2025-10-22T00:59:50Z,4.0,14.0,85.5,,2025-10-22T01:01:19Z,2025-10-22T01:01:19Z,2025-10-22T00:59:50Z,5.845000000000001,13.25,,,,,,Cultivo 1,2025-10
{'$oid': '68f82f37194704c4a7b999d4'},2025-10-22 01:06:30+00:00,2025-10-22T01:06:30Z,2.0,13.6,85.5,,2025-10-22T01:11:19Z,2025-10-22T01:11:19Z,2025-10-22T01:06:30Z,5.88,13.06,,,,,,Cultivo 1,2025-10
{'$oid': '68f8318f194704c4a7b999d5'},2025-10-22 01:13:10+00:00,2025-10-22T01:19:50Z,4.0,13.5,85.7,,2025-10-22T01:21:19Z,2025-10-22T01:21:19Z,2025-10-22T01:19:50Z,5.875,12.91,,,,,,Cultivo 1,2025-10
{'$oid': '68f833e7194704c4a7b999d6'},2025-10-22 01:26:30+00:00,2025-10-22T01:26:30Z,2.0,13.5,85.9,,2025-10-22T01:31:19Z,2025-10-22T01:31:19Z,2025-10-22T01:26:30Z,5.89,12.75,,,,,,Cultivo 1,2025-10
{'$oid': '68f8363f194704c4a7b999d7'},2025-10-22 01:33:10+00:00,2025-10-22T01:39:50Z,4.0,13.35,85.6,,2025-10-22T01:41:19Z,2025-10-22T01:41:19Z,2025-10-22T01:39:50Z,5.895,12.655,,,,,,Cultivo 1,2025-10
{'$oid': '68f83897194704c4a7b999d8'},2025-10-22 01:46:30+00:00,2025-10-22T01:46:30Z,2.0,13.2,85.7,,2025-10-22T01:51:19Z,2025-10-22T01:51:19Z,2025-10-22T01:46:30Z,5.91,12.5,,,,,,Cultivo 1,2025-10
{'$oid': '68f83aef194704c4a7b999d9'},2025-10-22 01:53:10+00:00,2025-10-22T01:59:50Z,4.0,13.1,85.95,,2025-10-22T02:01:19Z,2025-10-22T02:01:19Z,2025-10-22T01:59:50Z,5.9,12.41,,,,,,Cultivo 1,2025-10
{'$oid': '68f83d47194704c4a7b999da'},2025-10-22 02:06:29+00:00,2025-10-22T02:06:29Z,2.0,13.0,86.0,,2025-10-22T02:11:19Z,2025-10-22T02:11:19Z,2025-10-22T02:06:29Z,5.89,12.25,,,,,,Cultivo 1,2025-10
{'$oid': '68f83f9f194704c4a7b999db'},2025-10-22 02:13:10+00:00,2025-10-22T02:19:50Z,4.0,13.05,85.80000000000001,,2025-10-22T02:21:19Z,2025-10-22T02:21:19Z,2025-10-22T02:19:50Z,5.9,12.155,,,,,,Cultivo 1,2025-10
{'$oid': '68f841f7194704c4a7b999dc'},2025-10-22 02:26:30+00:00,2025-10-22T02:26:30Z,2.0,13.0,86.2,,2025-10-22T02:31:19Z,2025-10-22T02:31:19Z,2025-10-22T02:26:30Z,5.91,12.12,,,,,,Cultivo 1,2025-10
{'$oid': '68f8444f194704c4a7b999dd'},2025-10-22 02:33:10+00:00,2025-10-22T02:39:50Z,4.0,13.0,86.15,,2025-10-22T02:41:19Z,2025-10-22T02:41:19Z,2025-10-22T02:39:50Z,5.9,12.0,,,,,,Cultivo 1,2025-10
{'$oid': '68f846a7194704c4a7b999de'},2025-10-22 02:46:29+00:00,2025-10-22T02:46:29Z,2.0,13.0,85.9,,2025-10-22T02:51:19Z,2025-10-22T02:51:19Z,2025-10-22T02:46:29Z,5.91,11.94,,,,,,Cultivo 1,2025-10
{'$oid': '68f848ff194704c4a7b999df'},2025-10-22 02:53:10+00:00,2025-10-22T02:59:48Z,4.0,12.850000000000001,86.15,,2025-10-22T03:01:19Z,2025-10-22T03:01:19Z,2025-10-22T02:59:48Z,5.915,11.88,,,,,,Cultivo 1,2025-10
{'$oid': '68f84b57194704c4a7b999e0'},2025-10-22 03:06:28+00:00,2025-10-22T03:06:28Z,2.0,12.7,85.8,,2025-10-22T03:11:19Z,2025-10-22T03:11:19Z,2025-10-22T03:06:28Z,5.93,11.75,,,,,,Cultivo 1,2025-10
{'$oid': '68f84daf194704c4a7b999e1'},2025-10-22 03:13:10+00:00,2025-10-22T03:19:50Z,4.0,12.7,85.85,,2025-10-22T03:21:19Z,2025-10-22T03:21:19Z,2025-10-22T03:19:50Z,5.92,11.625,,,,,,Cultivo 1,2025-10
{'$oid': '68f85008194704c4a7b999e2'},2025-10-22 03:26:28+00:00,2025-10-22T03:26:28Z,2.0,12.6,85.9,,2025-10-22T03:31:20Z,2025-10-22T03:31:20Z,2025-10-22T03:26:28Z,5.91,11.56,,,,,,Cultivo 1,2025-10
{'$oid': '68f85260194704c4a7b999e3'},2025-10-22 03:33:09+00:00,2025-10-22T03:39:48Z,4.0,12.95,86.3,,2025-10-22T03:41:20Z,2025-10-22T03:41:20Z,2025-10-22T03:39:48Z,5.9,11.56,,,,,,Cultivo 1,2025-10
{'$oid': '68f854b8194704c4a7b999e4'},2025-10-22 03:46:29+00:00,2025-10-22T03:46:29Z,2.0,13.1,86.3,,2025-10-22T03:51:20Z,2025-10-22T03:51:20Z,2025-10-22T03:46:29Z,5.91,11.56,,,,,,Cultivo 1,2025-10
{'$oid': '68f85710194704c4a7b999e5'},2025-10-22 03:53:09+00:00,2025-10-22T03:59:49Z,4.0,13.3,86.05,,2025-10-22T04:01:20Z,2025-10-22T04:01:20Z,2025-10-22T03:59:49Z,5.92,11.56,,,,,,Cultivo 1,2025-10
{'$oid': '68f85968194704c4a7b999e6'},2025-10-22 04:06:28+00:00,2025-10-22T04:06:28Z,2.0,13.3,86.1,,2025-10-22T04:11:20Z,2025-10-22T04:11:20Z,2025-10-22T04:06:28Z,5.89,11.62,,,,,,Cultivo 1,2025-10
{'$oid': '68f85bc0194704c4a7b999e7'},2025-10-22 04:13:08+00:00,2025-10-22T04:19:48Z,4.0,13.3,85.8,,2025-10-22T04:21:20Z,2025-10-22T04:21:20Z,2025-10-22T04:19:48Z,5.895,11.59,,,,,,Cultivo 1,2025-10
{'$oid': '68f85e18194704c4a7b999e8'},2025-10-22 04:26:28+00:00,2025-10-22T04:26:28Z,2.0,13.3,85.8,,2025-10-22T04:31:20Z,2025-10-22T04:31:20Z,2025-10-22T04:26:28Z,5.9,11.62,,,,,,Cultivo 1,2025-10
{'$oid': '68f86070194704c4a7b999e9'},2025-10-22 04:33:08+00:00,2025-10-22T04:39:48Z,4.0,13.350000000000001,86.1,,2025-10-22T04:41:20Z,2025-10-22T04:41:20Z,2025-10-22T04:39:48Z,5.9,11.59,,,,,,Cultivo 1,2025-10
{'$oid': '68f862c8194704c4a7b999ea'},2025-10-22 04:46:28+00:00,2025-10-22T04:46:28Z,2.0,13.5,85.8,,2025-10-22T04:51:20Z,2025-10-22T04:51:20Z,2025-10-22T04:46:28Z,5.88,11.62,,,,,,Cultivo 1,2025-10
{'$oid': '68f86520194704c4a7b999eb'},2025-10-22 04:53:08+00:00,2025-10-22T04:59:48Z,4.0,13.3,85.8,,2025-10-22T05:01:20Z,2025-10-22T05:01:20Z,2025-10-22T04:59:48Z,5.895,11.62,,,,,,Cultivo 1,2025-10
{'$oid': '68f86778194704c4a7b999ec'},2025-10-22 05:06:28+00:00,2025-10-22T05:06:28Z,2.0,13.3,85.7,,2025-10-22T05:11:20Z,2025-10-22T05:11:20Z,2025-10-22T05:06:28Z,5.92,11.56,,,,,,Cultivo 1,2025-10
{'$oid': '68f869d0194704c4a7b999ed'},2025-10-22 05:13:08+00:00,2025-10-22T05:19:48Z,4.0,13.25,85.75,,2025-10-22T05:21:20Z,2025-10-22T05:21:20Z,2025-10-22T05:19:48Z,5.885,11.56,,,,,,Cultivo 1,2025-10
{'$oid': '68f86c28194704c4a7b999ee'},2025-10-22 05:26:28+00:00,2025-10-22T05:26:28Z,2.0,13.2,85.8,,2025-10-22T05:31:20Z,2025-10-22T05:31:20Z,2025-10-22T05:26:28Z,5.91,11.56,,,,,,Cultivo 1,2025-10
{'$oid': '68f86e80194704c4a7b999ef'},2025-10-22 05:33:08+00:00,2025-10-22T05:39:48Z,4.0,13.1,85.75,,2025-10-22T05:41:20Z,2025-10-22T05:41:20Z,2025-10-22T05:39:48Z,5.915,11.530000000000001,,,,,,Cultivo 1,2025-10
{'$oid': '68f870d8194704c4a7b999f0'},2025-10-22 05:46:28+00:00,2025-10-22T05:46:28Z,2.0,13.0,85.5,,2025-10-22T05:51:20Z,2025-10-22T05:51:20Z,2025-10-22T05:46:28Z,5.88,11.5,,,,,,Cultivo 1,2025-10
{'$oid': '68f87330194704c4a7b999f1'},2025-10-22 05:53:08+00:00,2025-10-22T05:59:48Z,4.0,12.95,85.65,,2025-10-22T06:01:20Z,2025-10-22T06:01:20Z,2025-10-22T05:59:48Z,5.895,11.44,,,,,,Cultivo 1,2025-10
{'$oid': '68f87588194704c4a7b999f2'},2025-10-22 06:06:28+00:00,2025-10-22T06:06:28Z,2.0,13.0,86.0,,2025-10-22T06:11:20Z,2025-10-22T06:11:20Z,2025-10-22T06:06:28Z,5.89,11.44,,,,,,Cultivo 1,2025-10
{'$oid': '68f877e0194704c4a7b999f3'},2025-10-22 06:13:08+00:00,2025-10-22T06:19:48Z,4.0,12.95,86.05,,2025-10-22T06:21:20Z,2025-10-22T06:21:20Z,2025-10-22T06:19:48Z,5.895,11.41,,,,,,Cultivo 1,2025-10
{'$oid': '68f87a38194704c4a7b999f4'},2025-10-22 06:26:28+00:00,2025-10-22T06:26:28Z,2.0,13.0,86.1,,2025-10-22T06:31:20Z,2025-10-22T06:31:20Z,2025-10-22T06:26:28Z,5.9,11.38,,,,,,Cultivo 1,2025-10
{'$oid': '68f87c90194704c4a7b999f5'},2025-10-22 06:33:08+00:00,2025-10-22T06:39:48Z,4.0,13.05,86.15,,2025-10-22T06:41:20Z,2025-10-22T06:41:20Z,2025-10-22T06:39:48Z,5.895,11.38,,,,,,Cultivo 1,2025-10
{'$oid': '68f87ee8194704c4a7b999f6'},2025-10-22 06:46:28+00:00,2025-10-22T06:46:28Z,2.0,12.9,86.1,,2025-10-22T06:51:20Z,2025-10-22T06:51:20Z,2025-10-22T06:46:28Z,5.92,11.38,,,,,,Cultivo 1,2025-10
{'$oid': '68f88140194704c4a7b999f7'},2025-10-22 06:53:08+00:00,2025-10-22T06:59:48Z,4.0,12.9,86.1,,2025-10-22T07:01:20Z,2025-10-22T07:01:20Z,2025-10-22T06:59:48Z,5.9350000000000005,11.31,,,,,,Cultivo 1,2025-10
{'$oid': '68f88398194704c4a7b999f8'},2025-10-22 07:06:28+00:00,2025-10-22T07:06:28Z,2.0,12.9,86.1,,2025-10-22T07:11:20Z,2025-10-22T07:11:20Z,2025-10-22T07:06:28Z,5.91,11.31,,,,,,Cultivo 1,2025-10
{'$oid': '68f885f0194704c4a7b999f9'},2025-10-22 07:13:08+00:00,2025-10-22T07:19:48Z,4.0,12.7,86.4,,2025-10-22T07:21:20Z,2025-10-22T07:21:20Z,2025-10-22T07:19:48Z,5.904999999999999,11.25,,,,,,Cultivo 1,2025-10
{'$oid': '68f88848194704c4a7b999fa'},2025-10-22 07:26:28+00:00,2025-10-22T07:26:28Z,2.0,12.6,86.0,,2025-10-22T07:31:20Z,2025-10-22T07:31:20Z,2025-10-22T07:26:28Z,5.91,11.25,,,,,,Cultivo 1,2025-10
{'$oid': '68f88aa1194704c4a7b999fb'},2025-10-22 07:33:08+00:00,2025-10-22T07:39:48Z,4.0,12.6,86.1,,2025-10-22T07:41:21Z,2025-10-22T07:41:21Z,2025-10-22T07:39:48Z,5.92,11.155,,,,,,Cultivo 1,2025-10
{'$oid': '68f88cf9194704c4a7b999fc'},2025-10-22 07:46:28+00:00,2025-10-22T07:46:28Z,2.0,12.6,86.1,,2025-10-22T07:51:21Z,2025-10-22T07:51:21Z,2025-10-22T07:46:28Z,5.94,11.12,,,,,,Cultivo 1,2025-10
{'$oid': '68f88f51194704c4a7b999fd'},2025-10-22 07:53:08+00:00,2025-10-22T07:59:48Z,4.0,12.7,86.3,,2025-10-22T08:01:21Z,2025-10-22T08:01:21Z,2025-10-22T07:59:48Z,5.905,11.12,,,,,,Cultivo 1,2025-10
{'$oid': '68f891a9194704c4a7b999fe'},2025-10-22 08:06:28+00:00,2025-10-22T08:06:28Z,2.0,12.7,86.2,,2025-10-22T08:11:21Z,2025-10-22T08:11:21Z,2025-10-22T08:06:28Z,5.91,11.12,,,,,,Cultivo 1,2025-10
{'$oid': '68f89401194704c4a7b999ff'},2025-10-22 08:13:08+00:00,2025-10-22T08:19:48Z,4.0,12.8,86.6,,2025-10-22T08:21:21Z,2025-10-22T08:21:21Z,2025-10-22T08:19:48Z,5.91,11.06,,,,,,Cultivo 1,2025-10
{'$oid': '68f89659194704c4a7b99a00'},2025-10-22 08:26:28+00:00,2025-10-22T08:26:28Z,2.0,12.8,86.7,,2025-10-22T08:31:21Z,2025-10-22T08:31:21Z,2025-10-22T08:26:28Z,5.88,11.06,,,,,,Cultivo 1,2025-10
{'$oid': '68f898b1194704c4a7b99a01'},2025-10-22 08:33:08+00:00,2025-10-22T08:39:48Z,4.0,12.8,86.69999999999999,,2025-10-22T08:41:21Z,2025-10-22T08:41:21Z,2025-10-22T08:39:48Z,5.855,11.12,,,,,,Cultivo 1,2025-10
{'$oid': '68f89b09194704c4a7b99a02'},2025-10-22 08:46:29+00:00,2025-10-22T08:46:29Z,2.0,12.9,86.5,,2025-10-22T08:51:21Z,2025-10-22T08:51:21Z,2025-10-22T08:46:29Z,5.86,11.12,,,,,,Cultivo 1,2025-10
{'$oid': '68f89d61194704c4a7b99a03'},2025-10-22 08:53:08+00:00,2025-10-22T08:59:48Z,4.0,12.7,86.35,,2025-10-22T09:01:21Z,2025-10-22T09:01:21Z,2025-10-22T08:59:48Z,5.825,11.12,,,,,,Cultivo 1,2025-10
{'$oid': '68f89fb9194704c4a7b99a04'},2025-10-22 09:06:28+00:00,2025-10-22T09:06:28Z,2.0,12.7,86.5,,2025-10-22T09:11:21Z,2025-10-22T09:11:21Z,2025-10-22T09:06:28Z,5.8,11.12,,,,,,Cultivo 1,2025-10
{'$oid': '68f8a211194704c4a7b99a05'},2025-10-22 09:13:08+00:00,2025-10-22T09:19:49Z,4.0,12.6,86.55,,2025-10-22T09:21:21Z,2025-10-22T09:21:21Z,2025-10-22T09:19:49Z,5.835,11.06,,,,,,Cultivo 1,2025-10
{'$oid': '68f8a469194704c4a7b99a06'},2025-10-22 09:26:29+00:00,2025-10-22T09:26:29Z,2.0,12.5,86.6,,2025-10-22T09:31:21Z,2025-10-22T09:31:21Z,2025-10-22T09:26:29Z,5.87,11.0,,,,,,Cultivo 1,2025-10
{'$oid': '68f8a6c1194704c4a7b99a07'},2025-10-22 09:33:09+00:00,2025-10-22T09:39:49Z,4.0,12.5,86.55,,2025-10-22T09:41:21Z,2025-10-22T09:41:21Z,2025-10-22T09:39:49Z,5.87,10.969999999999999,,,,,,Cultivo 1,2025-10
{'$oid': '68f8a919194704c4a7b99a08'},2025-10-22 09:46:29+00:00,2025-10-22T09:46:29Z,2.0,12.4,86.7,,2025-10-22T09:51:21Z,2025-10-22T09:51:21Z,2025-10-22T09:46:29Z,5.87,10.94,,,,,,Cultivo 1,2025-10
{'$oid': '68f8ab71194704c4a7b99a09'},2025-10-22 09:53:09+00:00,2025-10-22T09:59:49Z,4.0,12.350000000000001,86.5,,2025-10-22T10:01:21Z,2025-10-22T10:01:21Z,2025-10-22T09:59:49Z,5.895,10.91,,,,,,Cultivo 1,2025-10
{'$oid': '68f8adc9194704c4a7b99a0a'},2025-10-22 10:06:29+00:00,2025-10-22T10:06:29Z,2.0,12.2,86.6,,2025-10-22T10:11:21Z,2025-10-22T10:11:21Z,2025-10-22T10:06:29Z,5.92,10.81,,,,,,Cultivo 1,2025-10
{'$oid': '68f8b021194704c4a7b99a0b'},2025-10-22 10:13:09+00:00,2025-10-22T10:19:49Z,4.0,11.9,86.75,,2025-10-22T10:21:21Z,2025-10-22T10:21:21Z,2025-10-22T10:19:49Z,5.91,10.780000000000001,,,,,,Cultivo 1,2025-10
{'$oid': '68f8b279194704c4a7b99a0c'},2025-10-22 10:26:29+00:00,2025-10-22T10:26:29Z,2.0,11.4,86.7,,2025-10-22T10:31:21Z,2025-10-22T10:31:21Z,2025-10-22T10:26:29Z,5.87,10.69,,,,,,Cultivo 1,2025-10
{'$oid': '68f8b4d1194704c4a7b99a0d'},2025-10-22 10:33:09+00:00,2025-10-22T10:39:49Z,4.0,11.149999999999999,86.75,,2025-10-22T10:41:21Z,2025-10-22T10:41:21Z,2025-10-22T10:39:49Z,5.84,10.530000000000001,,,,,,Cultivo 1,2025-10
{'$oid': '68f8b729194704c4a7b99a0e'},2025-10-22 10:46:29+00:00,2025-10-22T10:46:29Z,2.0,11.1,86.8,,2025-10-22T10:51:21Z,2025-10-22T10:51:21Z,2025-10-22T10:46:29Z,5.84,10.38,,,,,,Cultivo 1,2025-10
{'$oid': '68f8b981194704c4a7b99a0f'},2025-10-22 10:53:09+00:00,2025-10-22T10:59:49Z,4.0,11.25,86.8,,2025-10-22T11:01:21Z,2025-10-22T11:01:21Z,2025-10-22T10:59:49Z,5.855,10.345,,,,,,Cultivo 1,2025-10
{'$oid': '68f8bbd9194704c4a7b99a10'},2025-10-22 11:06:29+00:00,2025-10-22T11:06:29Z,2.0,11.6,87.1,,2025-10-22T11:11:21Z,2025-10-22T11:11:21Z,2025-10-22T11:06:29Z,5.87,10.31,,,,,,Cultivo 1,2025-10
{'$oid': '68f8be31194704c4a7b99a11'},2025-10-22 11:13:09+00:00,2025-10-22T11:19:49Z,4.0,12.85,84.85,,2025-10-22T11:21:21Z,2025-10-22T11:21:21Z,2025-10-22T11:19:49Z,5.905,10.31,,,,,,Cultivo 1,2025-10
{'$oid': '68f8c089194704c4a7b99a12'},2025-10-22 11:26:29+00:00,2025-10-22T11:26:29Z,2.0,15.8,78.0,,2025-10-22T11:31:21Z,2025-10-22T11:31:21Z,2025-10-22T11:26:29Z,5.83,10.44,,,,,,Cultivo 1,2025-10
{'$oid': '68f8c2e1194704c4a7b99a13'},2025-10-22 11:33:09+00:00,2025-10-22T11:39:49Z,4.0,20.3,67.1,,2025-10-22T11:41:21Z,2025-10-22T11:41:21Z,2025-10-22T11:39:49Z,5.865,10.875,,,,,,Cultivo 1,2025-10
{'$oid': '68f8c539194704c4a7b99a14'},2025-10-22 11:46:29+00:00,2025-10-22T11:46:29Z,2.0,24.5,58.8,,2025-10-22T11:51:21Z,2025-10-22T11:51:21Z,2025-10-22T11:46:29Z,5.86,11.44,,,,,,Cultivo 1,2025-10
{'$oid': '68f8c791194704c4a7b99a15'},2025-10-22 11:53:09+00:00,2025-10-22T11:59:49Z,4.0,27.75,53.1,,2025-10-22T12:01:21Z,2025-10-22T12:01:21Z,2025-10-22T11:59:49Z,5.82,12.035,,,,,,Cultivo 1,2025-10
{'$oid': '68f8c9ea194704c4a7b99a16'},2025-10-22 12:06:30+00:00,2025-10-22T12:06:30Z,2.0,30.2,50.2,,2025-10-22T12:11:22Z,2025-10-22T12:11:22Z,2025-10-22T12:06:30Z,5.78,12.69,,,,,,Cultivo 1,2025-10
{'$oid': '68f8cc42194704c4a7b99a17'},2025-10-22 12:13:09+00:00,2025-10-22T12:19:51Z,4.0,23.15,88.5,,2025-10-22T12:21:22Z,2025-10-22T12:21:22Z,2025-10-22T12:19:51Z,5.73,13.09,,,,,,Cultivo 1,2025-10
{'$oid': '68f8ce9a194704c4a7b99a18'},2025-10-22 12:26:29+00:00,2025-10-22T12:26:29Z,2.0,26.8,74.2,,2025-10-22T12:31:22Z,2025-10-22T12:31:22Z,2025-10-22T12:26:29Z,5.62,13.88,,,,,1.3412877897063793,Cultivo 1,2025-10
{'$oid': '68f8d0f2194704c4a7b99a19'},2025-10-22 12:33:09+00:00,2025-10-22T12:39:49Z,4.0,30.9,62.099999999999994,,2025-10-22T12:41:22Z,2025-10-22T12:41:22Z,2025-10-22T12:39:49Z,5.53,14.184999999999999,,,,,,Cultivo 1,2025-10
{'$oid': '68f8d34a194704c4a7b99a1a'},2025-10-22 12:46:29+00:00,2025-10-22T12:46:29Z,2.0,34.1,52.6,,2025-10-22T12:51:22Z,2025-10-22T12:51:22Z,2025-10-22T12:46:29Z,6.222358389765523,14.41,,,,,,Cultivo 1,2025-10
{'$oid': '68f8d5a2194704c4a7b99a1b'},2025-10-22 12:53:09+00:00,2025-10-22T12:59:50Z,4.0,38.650000000000006,42.15,,2025-10-22T13:01:22Z,2025-10-22T13:01:22Z,2025-10-22T12:59:50Z,6.414613277331059,14.715,,,,,,Cultivo 1,2025-10
{'$oid': '68f8d7fa194704c4a7b99a1c'},2025-10-22 13:06:30+00:00,2025-10-22T13:06:30Z,2.0,40.7,38.8,,2025-10-22T13:11:22Z,2025-10-22T13:11:22Z,2025-10-22T13:06:30Z,6.208918039493354,15.09,,,,,,Cultivo 1,2025-10
{'$oid': '68f8da52194704c4a7b99a1d'},2025-10-22 13:13:09+00:00,2025-10-22T13:19:49Z,4.0,38.45,40.35,,2025-10-22T13:21:22Z,2025-10-22T13:21:22Z,2025-10-22T13:19:49Z,6.482892555408955,15.295,,,,,,Cultivo 1,2025-10
{'$oid': '68f8dcaa194704c4a7b99a1e'},2025-10-22 13:26:29+00:00,2025-10-22T13:26:29Z,2.0,36.9,42.5,,2025-10-22T13:31:22Z,2025-10-22T13:31:22Z,2025-10-22T13:26:29Z,6.363609639758893,15.09,,,,,,Cultivo 1,2025-10
{'$oid': '68f8df02194704c4a7b99a1f'},2025-10-22 13:33:09+00:00,2025-10-22T13:39:49Z,4.0,44.599999999999994,34.3,,2025-10-22T13:41:22Z,2025-10-22T13:41:22Z,2025-10-22T13:39:49Z,6.456093517777431,15.285,,,,,,Cultivo 1,2025-10
{'$oid': '68f8e15a194704c4a7b99a20'},2025-10-22 13:46:29+00:00,2025-10-22T13:46:29Z,2.0,22.394734812892793,33.1,,2025-10-22T13:51:22Z,2025-10-22T13:51:22Z,2025-10-22T13:46:29Z,6.393058836782905,15.69,,,,,,Cultivo 1,2025-10
{'$oid': '68f8e3b2194704c4a7b99a21'},2025-10-22 13:53:09+00:00,2025-10-22T13:59:49Z,4.0,33.50540561496407,31.45,,2025-10-22T14:01:22Z,2025-10-22T14:01:22Z,2025-10-22T13:59:49Z,6.3018631353045045,16.310000000000002,,,,,,Cultivo 1,2025-10
{'$oid': '68f8e60a194704c4a7b99a22'},2025-10-22 14:06:29+00:00,2025-10-22T14:06:29Z,2.0,21.64452945207478,33.9,,2025-10-22T14:11:22Z,2025-10-22T14:11:22Z,2025-10-22T14:06:29Z,6.181902773836184,16.88,,,,,,Cultivo 1,2025-10
{'$oid': '68f8e862194704c4a7b99a23'},2025-10-22 14:13:09+00:00,2025-10-22T14:19:50Z,4.0,37.650000000000006,39.099999999999994,,2025-10-22T14:21:22Z,2025-10-22T14:21:22Z,2025-10-22T14:19:50Z,6.44776438703681,16.97,,,,,,Cultivo 1,2025-10
{'$oid': '68f8eaba194704c4a7b99a24'},2025-10-22 14:26:29+00:00,2025-10-22T14:26:29Z,2.0,35.5,41.0,,2025-10-22T14:31:22Z,2025-10-22T14:31:22Z,2025-10-22T14:26:29Z,6.437285578050782,17.12,,,,,,Cultivo 1,2025-10
{'$oid': '68f8ed12194704c4a7b99a25'},2025-10-22 14:33:09+00:00,2025-10-22T14:39:50Z,4.0,33.349999999999994,43.7,,2025-10-22T14:41:22Z,2025-10-22T14:41:22Z,2025-10-22T14:39:50Z,6.287688072009906,17.310000000000002,,,,,,Cultivo 1,2025-10
{'$oid': '68f8ef6a194704c4a7b99a26'},2025-10-22 14:46:29+00:00,2025-10-22T14:46:29Z,2.0,38.2,36.8,,2025-10-22T14:51:22Z,2025-10-22T14:51:22Z,2025-10-22T14:46:29Z,6.257259574869536,17.62,,,,,,Cultivo 1,2025-10
{'$oid': '68f8f1c2194704c4a7b99a27'},2025-10-22 14:53:09+00:00,2025-10-22T14:59:49Z,4.0,32.7,42.25,,2025-10-22T15:01:22Z,2025-10-22T15:01:22Z,2025-10-22T14:59:49Z,6.1492581870390595,17.705,,,,,,Cultivo 1,2025-10
{'$oid': '68f8f41a194704c4a7b99a28'},2025-10-22 15:06:29+00:00,2025-10-22T15:06:29Z,2.0,30.4,45.1,,2025-10-22T15:11:22Z,2025-10-22T15:11:22Z,2025-10-22T15:06:29Z,6.213228166532217,17.72,,,,,,Cultivo 1,2025-10
{'$oid': '68f8f672194704c4a7b99a29'},2025-10-22 15:13:09+00:00,2025-10-22T15:19:49Z,4.0,29.75,46.849999999999994,,2025-10-22T15:21:22Z,2025-10-22T15:21:22Z,2025-10-22T15:19:49Z,6.182272227816074,17.72,,,,,,Cultivo 1,2025-10
{'$oid': '68f8f8ca194704c4a7b99a2a'},2025-10-22 15:26:29+00:00,2025-10-22T15:26:29Z,2.0,30.0,47.7,,2025-10-22T15:31:22Z,2025-10-22T15:31:22Z,2025-10-22T15:26:29Z,6.139747380648569,17.72,,,,,,Cultivo 1,2025-10
{'$oid': '68f8fb23194704c4a7b99a2b'},2025-10-22 15:33:09+00:00,2025-10-22T15:39:49Z,4.0,29.5,44.8,,2025-10-22T15:41:23Z,2025-10-22T15:41:23Z,2025-10-22T15:39:49Z,6.083685967909155,17.72,,,,,,Cultivo 1,2025-10
{'$oid': '68f8fd7b194704c4a7b99a2c'},2025-10-22 15:46:29+00:00,2025-10-22T15:46:29Z,2.0,31.7,45.3,,2025-10-22T15:51:23Z,2025-10-22T15:51:23Z,2025-10-22T15:46:29Z,6.2914093947037095,17.84,,,,,,Cultivo 1,2025-10
{'$oid': '68f8ffd3194704c4a7b99a2d'},2025-10-22 15:53:09+00:00,2025-10-22T15:59:49Z,4.0,36.5,39.5,,2025-10-22T16:01:23Z,2025-10-22T16:01:23Z,2025-10-22T15:59:49Z,6.308465890377667,18.235,,,,,,Cultivo 1,2025-10
{'$oid': '68f9022b194704c4a7b99a2e'},2025-10-22 16:06:29+00:00,2025-10-22T16:06:29Z,2.0,38.7,36.0,,2025-10-22T16:11:23Z,2025-10-22T16:11:23Z,2025-10-22T16:06:29Z,6.391848459401259,18.88,,,,,,Cultivo 1,2025-10
{'$oid': '68f90483194704c4a7b99a2f'},2025-10-22 16:13:09+00:00,2025-10-22T16:19:49Z,4.0,37.099999999999994,40.2,,2025-10-22T16:21:23Z,2025-10-22T16:21:23Z,2025-10-22T16:19:49Z,6.3005565282012475,19.095,,,,,,Cultivo 1,2025-10
{'$oid': '68f906db194704c4a7b99a30'},2025-10-22 16:26:29+00:00,2025-10-22T16:26:29Z,2.0,41.8,36.1,,2025-10-22T16:31:23Z,2025-10-22T16:31:23Z,2025-10-22T16:26:29Z,6.316786780999115,19.72,,,,,,Cultivo 1,2025-10
{'$oid': '68f90933194704c4a7b99a31'},2025-10-22 16:33:09+00:00,2025-10-22T16:39:49Z,4.0,39.75,38.2,,2025-10-22T16:41:23Z,2025-10-22T16:41:23Z,2025-10-22T16:39:49Z,6.062458128695725,19.97,,,,,,Cultivo 1,2025-10
{'$oid': '68f90b8b194704c4a7b99a32'},2025-10-22 16:46:29+00:00,2025-10-22T16:46:29Z,2.0,35.7,41.9,,2025-10-22T16:51:23Z,2025-10-22T16:51:23Z,2025-10-22T16:46:29Z,6.158116175453405,19.91,,,,,,Cultivo 1,2025-10
{'$oid': '68f90de3194704c4a7b99a33'},2025-10-22 16:53:09+00:00,2025-10-22T16:59:49Z,4.0,32.75,41.3,,2025-10-22T17:01:23Z,2025-10-22T17:01:23Z,2025-10-22T16:59:49Z,6.235735745434662,19.655,,,,,,Cultivo 1,2025-10
{'$oid': '68f9103b194704c4a7b99a34'},2025-10-22 17:06:29+00:00,2025-10-22T17:06:29Z,2.0,31.3,42.4,,2025-10-22T17:11:23Z,2025-10-22T17:11:23Z,2025-10-22T17:06:29Z,6.268505230130769,19.38,,,,,,Cultivo 1,2025-10
{'$oid': '68f91293194704c4a7b99a35'},2025-10-22 17:13:09+00:00,2025-10-22T17:19:49Z,4.0,30.9,44.7,,2025-10-22T17:21:23Z,2025-10-22T17:21:23Z,2025-10-22T17:19:49Z,6.36734460304966,19.205,,,,,,Cultivo 1,2025-10
{'$oid': '68f914eb194704c4a7b99a36'},2025-10-22 17:26:29+00:00,2025-10-22T17:26:29Z,2.0,33.0,41.3,,2025-10-22T17:31:23Z,2025-10-22T17:31:23Z,2025-10-22T17:26:29Z,6.052981786902161,19.16,,,,,,Cultivo 1,2025-10
{'$oid': '68f91743194704c4a7b99a37'},2025-10-22 17:33:11+00:00,2025-10-22T17:39:49Z,4.0,37.9,40.599999999999994,,2025-10-22T17:41:23Z,2025-10-22T17:41:23Z,2025-10-22T17:39:49Z,6.0677303833002725,19.564999999999998,,,,,,Cultivo 1,2025-10
{'$oid': '68f9199b194704c4a7b99a38'},2025-10-22 17:46:30+00:00,2025-10-22T17:46:30Z,2.0,40.9,36.3,,2025-10-22T17:51:23Z,2025-10-22T17:51:23Z,2025-10-22T17:46:30Z,6.103085469801496,20.19,,,,,,Cultivo 1,2025-10
{'$oid': '68f91bf3194704c4a7b99a39'},2025-10-22 17:53:09+00:00,2025-10-22T17:59:49Z,4.0,38.95,37.25,,2025-10-22T18:01:23Z,2025-10-22T18:01:23Z,2025-10-22T17:59:49Z,6.347035418103607,20.455,,,,,,Cultivo 1,2025-10
{'$oid': '68f91e4b194704c4a7b99a3a'},2025-10-22 18:06:29+00:00,2025-10-22T18:06:29Z,2.0,36.8,40.2,,2025-10-22T18:11:23Z,2025-10-22T18:11:23Z,2025-10-22T18:06:29Z,6.0328708281737375,20.44,,,,,,Cultivo 1,2025-10
{'$oid': '68f920a3194704c4a7b99a3b'},2025-10-22 18:13:10+00:00,2025-10-22T18:19:51Z,4.0,34.4,41.2,,2025-10-22T18:21:23Z,2025-10-22T18:21:23Z,2025-10-22T18:19:51Z,6.368345882650356,20.299999999999997,,,,,,Cultivo 1,2025-10
{'$oid': '68f922fb194704c4a7b99a3c'},2025-10-22 18:26:30+00:00,2025-10-22T18:26:30Z,2.0,32.2,42.8,,2025-10-22T18:31:23Z,2025-10-22T18:31:23Z,2025-10-22T18:26:30Z,6.307778810695389,20.0,,,,,,Cultivo 1,2025-10
{'$oid': '68f92554194704c4a7b99a3d'},2025-10-22 18:33:09+00:00,2025-10-22T18:39:50Z,4.0,34.9,39.7,,2025-10-22T18:41:24Z,2025-10-22T18:41:24Z,2025-10-22T18:39:50Z,6.103418191174278,19.925,,,,,,Cultivo 1,2025-10
{'$oid': '68f927ac194704c4a7b99a3e'},2025-10-22 18:46:29+00:00,2025-10-22T18:46:29Z,2.0,35.1,37.8,,2025-10-22T18:51:24Z,2025-10-22T18:51:24Z,2025-10-22T18:46:29Z,6.069960545944351,19.91,,,,,,Cultivo 1,2025-10
{'$oid': '68f92a04194704c4a7b99a3f'},2025-10-22 18:53:09+00:00,2025-10-22T18:59:50Z,4.0,30.55,44.2,,2025-10-22T19:01:24Z,2025-10-22T19:01:24Z,2025-10-22T18:59:50Z,6.047007498962148,19.565,,,,,,Cultivo 1,2025-10
{'$oid': '68f92c5d194704c4a7b99a40'},2025-10-22 19:06:29+00:00,2025-10-22T19:06:29Z,2.0,29.5,46.5,,2025-10-22T19:11:25Z,2025-10-22T19:11:25Z,2025-10-22T19:06:29Z,6.150781513803116,19.19,,,,,,Cultivo 1,2025-10
{'$oid': '68f92eb5194704c4a7b99a41'},2025-10-22 19:13:09+00:00,2025-10-22T19:19:50Z,4.0,30.299999999999997,44.2,,2025-10-22T19:21:25Z,2025-10-22T19:21:25Z,2025-10-22T19:19:50Z,6.281107021935158,19.060000000000002,,,,,,Cultivo 1,2025-10
{'$oid': '68f9310d194704c4a7b99a42'},2025-10-22 19:26:30+00:00,2025-10-22T19:26:30Z,2.0,31.1,43.0,,2025-10-22T19:31:25Z,2025-10-22T19:31:25Z,2025-10-22T19:26:30Z,6.167242571703166,18.97,,,,,,Cultivo 1,2025-10
{'$oid': '68f93365194704c4a7b99a43'},2025-10-22 19:33:09+00:00,2025-10-22T19:39:49Z,4.0,31.3,43.2,,2025-10-22T19:41:25Z,2025-10-22T19:41:25Z,2025-10-22T19:39:49Z,6.099392148898009,18.91,,,,,,Cultivo 1,2025-10
{'$oid': '68f935bd194704c4a7b99a44'},2025-10-22 19:46:30+00:00,2025-10-22T19:46:30Z,2.0,32.4,41.1,,2025-10-22T19:51:25Z,2025-10-22T19:51:25Z,2025-10-22T19:46:30Z,6.053328585221912,18.91,,,,,,Cultivo 1,2025-10
{'$oid': '68f93815194704c4a7b99a45'},2025-10-22 19:53:10+00:00,2025-10-22T19:59:51Z,4.0,32.55,43.099999999999994,,2025-10-22T20:01:25Z,2025-10-22T20:01:25Z,2025-10-22T19:59:51Z,6.1040170151489885,18.88,,,,,,Cultivo 1,2025-10
{'$oid': '68f93a6d194704c4a7b99a46'},2025-10-22 20:06:30+00:00,2025-10-22T20:06:30Z,2.0,32.6,41.4,,2025-10-22T20:11:25Z,2025-10-22T20:11:25Z,2025-10-22T20:06:30Z,6.362455382638153,18.88,,,,,,Cultivo 1,2025-10
{'$oid': '68f93cc5194704c4a7b99a47'},2025-10-22 20:13:10+00:00,2025-10-22T20:19:50Z,4.0,32.1,41.55,,2025-10-22T20:21:25Z,2025-10-22T20:21:25Z,2025-10-22T20:19:50Z,6.061698399078999,18.84,,,,,,Cultivo 1,2025-10
{'$oid': '68f93f1d194704c4a7b99a48'},2025-10-22 20:26:30+00:00,2025-10-22T20:26:30Z,2.0,32.6,42.0,,2025-10-22T20:31:25Z,2025-10-22T20:31:25Z,2025-10-22T20:26:30Z,6.4129746449565035,18.81,,,,,,Cultivo 1,2025-10
{'$oid': '68f94175194704c4a7b99a49'},2025-10-22 20:33:10+00:00,2025-10-22T20:39:50Z,4.0,32.55,41.5,,2025-10-22T20:41:25Z,2025-10-22T20:41:25Z,2025-10-22T20:39:50Z,6.38059966117842,18.86,,,,,,Cultivo 1,2025-10
{'$oid': '68f943cd194704c4a7b99a4a'},2025-10-22 20:46:30+00:00,2025-10-22T20:46:30Z,2.0,33.4,41.4,,2025-10-22T20:51:25Z,2025-10-22T20:51:25Z,2025-10-22T20:46:30Z,6.391585195602709,18.94,,,,,,Cultivo 1,2025-10
{'$oid': '68f94625194704c4a7b99a4b'},2025-10-22 20:53:10+00:00,2025-10-22T20:59:50Z,4.0,31.75,44.0,,2025-10-22T21:01:25Z,2025-10-22T21:01:25Z,2025-10-22T20:59:50Z,6.198015301894795,18.985,,,,,,Cultivo 1,2025-10
{'$oid': '68f9487d194704c4a7b99a4c'},2025-10-22 21:06:30+00:00,2025-10-22T21:06:30Z,2.0,27.8,49.0,,2025-10-22T21:11:25Z,2025-10-22T21:11:25Z,2025-10-22T21:06:30Z,6.2832488350032945,18.78,,,,,,Cultivo 1,2025-10
{'$oid': '68f94ad5194704c4a7b99a4d'},2025-10-22 21:13:10+00:00,2025-10-22T21:19:50Z,4.0,25.25,54.4,,2025-10-22T21:21:25Z,2025-10-22T21:21:25Z,2025-10-22T21:19:50Z,6.178444645655598,18.485,,,,,,Cultivo 1,2025-10
{'$oid': '68f94d2d194704c4a7b99a4e'},2025-10-22 21:26:30+00:00,2025-10-22T21:26:30Z,2.0,23.8,57.6,,2025-10-22T21:31:25Z,2025-10-22T21:31:25Z,2025-10-22T21:26:30Z,6.264059476874789,18.19,,,,,,Cultivo 1,2025-10
{'$oid': '68f94f85194704c4a7b99a4f'},2025-10-22 21:33:10+00:00,2025-10-22T21:39:50Z,4.0,22.2,60.8,,2025-10-22T21:41:25Z,2025-10-22T21:41:25Z,2025-10-22T21:39:50Z,6.371205084615699,17.83,,,,,,Cultivo 1,2025-10
{'$oid': '68f95435194704c4a7b99a50'},2025-10-22 21:52:27+00:00,2025-10-22T21:59:08Z,4.0,20.35,64.6,,2025-10-22T22:01:25Z,2025-10-22T22:01:25Z,2025-10-22T21:59:08Z,6.0521175174284005,19.905,,,,,,Cultivo 1,2025-10
{'$oid': '68f9568d194704c4a7b99a51'},2025-10-22 22:05:47+00:00,2025-10-22T22:05:47Z,2.0,19.7,67.9,,2025-10-22T22:11:25Z,2025-10-22T22:11:25Z,2025-10-22T22:05:47Z,6.2153942819152395,19.31,,,,,,Cultivo 1,2025-10
{'$oid': '68f958e5194704c4a7b99a52'},2025-10-22 22:12:27+00:00,2025-10-22T22:19:09Z,4.0,19.7,70.1,,2025-10-22T22:21:25Z,2025-10-22T22:21:25Z,2025-10-22T22:19:09Z,6.366454273293636,18.875,,,,,,Cultivo 1,2025-10
{'$oid': '68f95b3d194704c4a7b99a53'},2025-10-22 22:25:47+00:00,2025-10-22T22:25:47Z,2.0,19.4,70.3,,2025-10-22T22:31:25Z,2025-10-22T22:31:25Z,2025-10-22T22:25:47Z,6.303479583723128,18.56,,,,,,Cultivo 1,2025-10
{'$oid': '68f95d95194704c4a7b99a54'},2025-10-22 22:32:27+00:00,2025-10-22T22:32:27Z,2.0,18.9,72.8,,2025-10-22T22:41:25Z,2025-10-22T22:41:25Z,2025-10-22T22:32:27Z,6.27562465946809,18.31,,,,,,Cultivo 1,2025-10
{'$oid': '68ffac6e194704c4a7b99a55'},2025-10-27 17:30:49+00:00,2025-10-27T17:30:49Z,2.0,21.4,68.6,,2025-10-27T17:31:26Z,2025-10-27T17:31:26Z,2025-10-27T17:30:49Z,6.314383138019675,17.44,,,,,,Cultivo 1,2025-10
{'$oid': '68ffaec6194704c4a7b99a56'},2025-10-27 17:37:30+00:00,2025-10-27T17:37:30Z,2.0,21.2,71.6,,2025-10-27T17:41:26Z,2025-10-27T17:41:26Z,2025-10-27T17:37:30Z,6.316328436234745,17.38,,,,,,Cultivo 1,2025-10
{'$oid': '68ffb11e194704c4a7b99a57'},2025-10-27 17:44:09+00:00,2025-10-27T17:50:49Z,4.0,19.95,71.85,,2025-10-27T17:51:26Z,2025-10-27T17:51:26Z,2025-10-27T17:50:49Z,6.068860664609108,17.185000000000002,,,,,,Cultivo 1,2025-10
{'$oid': '68ffb376194704c4a7b99a58'},2025-10-27 17:57:29+00:00,2025-10-27T17:57:29Z,2.0,19.5,72.4,,2025-10-27T18:01:26Z,2025-10-27T18:01:26Z,2025-10-27T17:57:29Z,6.358332266527776,17.06,,,,,,Cultivo 1,2025-10
{'$oid': '68ffb5cf194704c4a7b99a59'},2025-10-27 18:04:09+00:00,2025-10-27T18:10:49Z,4.0,20.200000000000003,71.65,,2025-10-27T18:11:27Z,2025-10-27T18:11:27Z,2025-10-27T18:10:49Z,6.054409680494329,17.28,,,,,,Cultivo 1,2025-10
{'$oid': '68ffb827194704c4a7b99a5a'},2025-10-27 18:17:29+00:00,2025-10-27T18:17:29Z,2.0,21.7,68.1,,2025-10-27T18:21:27Z,2025-10-27T18:21:27Z,2025-10-27T18:17:29Z,5.97,17.81,,,,,,Cultivo 1,2025-10
{'$oid': '68ffba7f194704c4a7b99a5b'},2025-10-27 18:24:09+00:00,2025-10-27T18:30:49Z,4.0,22.25,66.85,,2025-10-27T18:31:27Z,2025-10-27T18:31:27Z,2025-10-27T18:30:49Z,5.875,17.88,,,,,,Cultivo 1,2025-10
{'$oid': '68ffbcd7194704c4a7b99a5c'},2025-10-27 18:37:29+00:00,2025-10-27T18:37:29Z,2.0,22.4,65.9,,2025-10-27T18:41:27Z,2025-10-27T18:41:27Z,2025-10-27T18:37:29Z,5.74,17.88,,,,,,Cultivo 1,2025-10
{'$oid': '68ffbf2f194704c4a7b99a5d'},2025-10-27 18:44:09+00:00,2025-10-27T18:50:49Z,4.0,24.25,64.85,,2025-10-27T18:51:27Z,2025-10-27T18:51:27Z,2025-10-27T18:50:49Z,5.609999999999999,18.060000000000002,,,,,,Cultivo 1,2025-10
{'$oid': '68ffc187194704c4a7b99a5e'},2025-10-27 18:57:29+00:00,2025-10-27T18:57:29Z,2.0,26.9,62.5,,2025-10-27T19:01:27Z,2025-10-27T19:01:27Z,2025-10-27T18:57:29Z,5.61,18.31,,,,,,Cultivo 1,2025-10
{'$oid': '68ffc3df194704c4a7b99a5f'},2025-10-27 19:04:09+00:00,2025-10-27T19:10:49Z,4.0,27.05,60.3,,2025-10-27T19:11:27Z,2025-10-27T19:11:27Z,2025-10-27T19:10:49Z,5.505,18.75,,,,,,Cultivo 1,2025-10
{'$oid': '68ffc637194704c4a7b99a60'},2025-10-27 19:17:29+00:00,2025-10-27T19:17:29Z,2.0,25.4,62.6,,2025-10-27T19:21:27Z,2025-10-27T19:21:27Z,2025-10-27T19:17:29Z,6.068125462820813,19.0,,,,,,Cultivo 1,2025-10
{'$oid': '68ffc88f194704c4a7b99a61'},2025-10-27 19:24:09+00:00,2025-10-27T19:30:49Z,4.0,25.1,64.80000000000001,,2025-10-27T19:31:27Z,2025-10-27T19:31:27Z,2025-10-27T19:30:49Z,5.645,19.310000000000002,,,,,,Cultivo 1,2025-10
{'$oid': '68ffcae8194704c4a7b99a62'},2025-10-27 19:37:29+00:00,2025-10-27T19:37:29Z,2.0,25.6,63.0,,2025-10-27T19:41:28Z,2025-10-27T19:41:28Z,2025-10-27T19:37:29Z,5.67,19.0,,,,,,Cultivo 1,2025-10
{'$oid': '68ffcd40194704c4a7b99a63'},2025-10-27 19:44:09+00:00,2025-10-27T19:50:49Z,4.0,25.75,61.35,,2025-10-27T19:51:28Z,2025-10-27T19:51:28Z,2025-10-27T19:50:49Z,5.68,19.060000000000002,,,,,,Cultivo 1,2025-10
{'$oid': '68ffcf98194704c4a7b99a64'},2025-10-27 19:57:29+00:00,2025-10-27T19:57:29Z,2.0,24.1,64.3,,2025-10-27T20:01:28Z,2025-10-27T20:01:28Z,2025-10-27T19:57:29Z,5.54,19.12,,,,,,Cultivo 1,2025-10
{'$oid': '68ffd1f0194704c4a7b99a65'},2025-10-27 20:04:09+00:00,2025-10-27T20:10:49Z,4.0,22.15,67.6,,2025-10-27T20:11:28Z,2025-10-27T20:11:28Z,2025-10-27T20:10:49Z,5.51,19.0,,,,,,Cultivo 1,2025-10
{'$oid': '68ffd448194704c4a7b99a66'},2025-10-27 20:17:29+00:00,2025-10-27T20:17:29Z,2.0,20.2,72.4,,2025-10-27T20:21:28Z,2025-10-27T20:21:28Z,2025-10-27T20:17:29Z,5.53,18.81,,,,,,Cultivo 1,2025-10
{'$oid': '68ffd6a0194704c4a7b99a67'},2025-10-27 20:24:09+00:00,2025-10-27T20:30:49Z,4.0,19.5,74.5,,2025-10-27T20:31:28Z,2025-10-27T20:31:28Z,2025-10-27T20:30:49Z,6.29823928730925,18.715,,,,,,Cultivo 1,2025-10
{'$oid': '68ffd8f8194704c4a7b99a68'},2025-10-27 20:37:30+00:00,2025-10-27T20:37:30Z,2.0,19.5,74.7,,2025-10-27T20:41:28Z,2025-10-27T20:41:28Z,2025-10-27T20:37:30Z,5.68,18.19,,,,,,Cultivo 1,2025-10
{'$oid': '68ffdb50194704c4a7b99a69'},2025-10-27 20:44:09+00:00,2025-10-27T20:50:49Z,4.0,21.5,70.69999999999999,,2025-10-27T20:51:28Z,2025-10-27T20:51:28Z,2025-10-27T20:50:49Z,5.66,18.0,,,,,,Cultivo 1,2025-10
{'$oid': '68ffdda8194704c4a7b99a6a'},2025-10-27 20:57:29+00:00,2025-10-27T20:57:29Z,2.0,23.1,65.2,,2025-10-27T21:01:28Z,2025-10-27T21:01:28Z,2025-10-27T20:57:29Z,5.65,18.0,,,,,,Cultivo 1,2025-10
{'$oid': '68ffe000194704c4a7b99a6b'},2025-10-27 21:04:10+00:00,2025-10-27T21:10:49Z,4.0,24.1,64.55,,2025-10-27T21:11:28Z,2025-10-27T21:11:28Z,2025-10-27T21:10:49Z,5.575,18.09,,,,,,Cultivo 1,2025-10
{'$oid': '68ffe258194704c4a7b99a6c'},2025-10-27 21:17:29+00:00,2025-10-27T21:17:29Z,2.0,25.1,62.6,,2025-10-27T21:21:28Z,2025-10-27T21:21:28Z,2025-10-27T21:17:29Z,6.190055788254513,18.19,,,,,,Cultivo 1,2025-10
{'$oid': '68ffe4b0194704c4a7b99a6d'},2025-10-27 21:24:11+00:00,2025-10-27T21:30:50Z,4.0,24.95,62.65,,2025-10-27T21:31:28Z,2025-10-27T21:31:28Z,2025-10-27T21:30:50Z,6.425863788303645,18.345,,,,,,Cultivo 1,2025-10
{'$oid': '68ffe708194704c4a7b99a6e'},2025-10-27 21:37:30+00:00,2025-10-27T21:37:30Z,2.0,24.4,64.1,,2025-10-27T21:41:28Z,2025-10-27T21:41:28Z,2025-10-27T21:37:30Z,6.293342002085417,18.44,,,,,,Cultivo 1,2025-10
{'$oid': '68ffe960194704c4a7b99a6f'},2025-10-27 21:44:10+00:00,2025-10-27T21:50:49Z,4.0,22.25,66.7,,2025-10-27T21:51:28Z,2025-10-27T21:51:28Z,2025-10-27T21:50:49Z,6.183692252530606,18.5,,,,,,Cultivo 1,2025-10
{'$oid': '68ffebb8194704c4a7b99a70'},2025-10-27 21:57:30+00:00,2025-10-27T21:57:30Z,2.0,20.1,71.6,,2025-10-27T22:01:28Z,2025-10-27T22:01:28Z,2025-10-27T21:57:30Z,5.53,18.31,,,,,,Cultivo 1,2025-10
{'$oid': '68ffee10194704c4a7b99a71'},2025-10-27 22:04:10+00:00,2025-10-27T22:10:50Z,4.0,19.45,74.1,,2025-10-27T22:11:28Z,2025-10-27T22:11:28Z,2025-10-27T22:10:50Z,6.111522563550592,18.03,,,,,,Cultivo 1,2025-10
{'$oid': '68fff068194704c4a7b99a72'},2025-10-27 22:17:29+00:00,2025-10-27T22:17:29Z,2.0,18.6,75.5,,2025-10-27T22:21:28Z,2025-10-27T22:21:28Z,2025-10-27T22:17:29Z,6.421982730927195,17.81,,,,,,Cultivo 1,2025-10
{'$oid': '68fff2c0194704c4a7b99a73'},2025-10-27 22:24:10+00:00,2025-10-27T22:30:50Z,4.0,17.8,77.05,,2025-10-27T22:31:28Z,2025-10-27T22:31:28Z,2025-10-27T22:30:50Z,6.216284266841247,17.53,,,,,,Cultivo 1,2025-10
{'$oid': '68fff518194704c4a7b99a74'},2025-10-27 22:37:29+00:00,2025-10-27T22:37:29Z,2.0,17.1,79.1,,2025-10-27T22:41:28Z,2025-10-27T22:41:28Z,2025-10-27T22:37:29Z,6.158022289471855,17.31,,,,,,Cultivo 1,2025-10
{'$oid': '68fff770194704c4a7b99a75'},2025-10-27 22:44:10+00:00,2025-10-27T22:50:49Z,4.0,16.4,80.55000000000001,,2025-10-27T22:51:28Z,2025-10-27T22:51:28Z,2025-10-27T22:50:49Z,6.400532791778631,17.03,,,,,,Cultivo 1,2025-10
{'$oid': '68fff9c8194704c4a7b99a76'},2025-10-27 22:57:30+00:00,2025-10-27T22:57:30Z,2.0,15.7,82.3,,2025-10-27T23:01:28Z,2025-10-27T23:01:28Z,2025-10-27T22:57:30Z,6.408562334829012,16.69,,,,,,Cultivo 1,2025-10
{'$oid': '68fffc20194704c4a7b99a77'},2025-10-27 23:04:10+00:00,2025-10-27T23:10:51Z,4.0,15.25,83.19999999999999,,2025-10-27T23:11:28Z,2025-10-27T23:11:28Z,2025-10-27T23:10:51Z,6.263328034186518,16.345,,,,,,Cultivo 1,2025-10
{'$oid': '68fffe78194704c4a7b99a78'},2025-10-27 23:17:31+00:00,2025-10-27T23:17:31Z,2.0,15.0,83.4,,2025-10-27T23:21:28Z,2025-10-27T23:21:28Z,2025-10-27T23:17:31Z,6.119884192294469,16.0,,,,,,Cultivo 1,2025-10
{'$oid': '690000d0194704c4a7b99a79'},2025-10-27 23:24:11+00:00,2025-10-27T23:30:50Z,4.0,14.7,84.44999999999999,,2025-10-27T23:31:28Z,2025-10-27T23:31:28Z,2025-10-27T23:30:50Z,6.091609358967625,15.815,,,,,,Cultivo 1,2025-10
{'$oid': '69000328194704c4a7b99a7a'},2025-10-27 23:37:30+00:00,2025-10-27T23:37:40Z,4.0,14.6,84.7,,2025-10-27T23:41:28Z,2025-10-27T23:41:28Z,2025-10-27T23:37:40Z,6.489935013442818,15.5,,,,,,Cultivo 1,2025-10
{'$oid': '69000580194704c4a7b99a7b'},2025-10-27 23:44:10+00:00,2025-10-27T23:50:50Z,4.0,14.45,84.65,,2025-10-27T23:51:28Z,2025-10-27T23:51:28Z,2025-10-27T23:50:50Z,6.177135386143129,15.215,,,,,,Cultivo 1,2025-10
{'$oid': '690007d8194704c4a7b99a7c'},2025-10-27 23:57:31+00:00,2025-10-27T23:57:31Z,2.0,14.4,84.7,,2025-10-28T00:01:28Z,2025-10-28T00:01:28Z,2025-10-27T23:57:31Z,6.258328256017197,15.0,,,,,,Cultivo 1,2025-10
{'$oid': '69000a30194704c4a7b99a7d'},2025-10-28 00:04:10+00:00,2025-10-28T00:10:51Z,4.0,14.45,85.1,,2025-10-28T00:11:28Z,2025-10-28T00:11:28Z,2025-10-28T00:10:51Z,6.417466406095371,14.845,,,,,,Cultivo 1,2025-10
{'$oid': '69000c89194704c4a7b99a7e'},2025-10-28 00:17:31+00:00,2025-10-28T00:17:37Z,4.0,14.3,84.7,,2025-10-28T00:21:29Z,2025-10-28T00:21:29Z,2025-10-28T00:17:37Z,6.41025801246936,14.69,,,,,,Cultivo 1,2025-10
{'$oid': '69000ee1194704c4a7b99a7f'},2025-10-28 00:24:10+00:00,2025-10-28T00:31:05Z,8.0,14.35,85.25,,2025-10-28T00:31:29Z,2025-10-28T00:31:29Z,2025-10-28T00:31:05Z,6.33445983777661,14.469999999999999,,,,,,Cultivo 1,2025-10
{'$oid': '69001139194704c4a7b99a80'},2025-10-28 00:37:32+00:00,2025-10-28T00:37:32Z,2.0,14.3,85.2,,2025-10-28T00:41:29Z,2025-10-28T00:41:29Z,2025-10-28T00:37:32Z,6.180717810179949,14.38,,,,,,Cultivo 1,2025-10
{'$oid': '69001391194704c4a7b99a81'},2025-10-28 00:44:11+00:00,2025-10-28T00:50:52Z,4.0,14.350000000000001,85.55000000000001,,2025-10-28T00:51:29Z,2025-10-28T00:51:29Z,2025-10-28T00:50:52Z,6.501614481650775,14.219999999999999,,,,,,Cultivo 1,2025-10
{'$oid': '690015e9194704c4a7b99a82'},2025-10-28 00:57:30+00:00,2025-10-28T00:57:30Z,2.0,14.4,85.6,,2025-10-28T01:01:29Z,2025-10-28T01:01:29Z,2025-10-28T00:57:30Z,6.316416619102675,14.19,,,,,,Cultivo 1,2025-10
{'$oid': '69001841194704c4a7b99a83'},2025-10-28 01:04:12+00:00,2025-10-28T01:10:51Z,4.0,14.45,85.95,,2025-10-28T01:11:29Z,2025-10-28T01:11:29Z,2025-10-28T01:10:51Z,6.271738696472734,14.030000000000001,,,,,,Cultivo 1,2025-10
{'$oid': '69001a99194704c4a7b99a84'},2025-10-28 01:17:32+00:00,2025-10-28T01:17:32Z,2.0,14.5,85.9,,2025-10-28T01:21:29Z,2025-10-28T01:21:29Z,2025-10-28T01:17:32Z,6.137565557956875,13.94,,,,,,Cultivo 1,2025-10
{'$oid': '69001cf1194704c4a7b99a85'},2025-10-28 01:24:12+00:00,2025-10-28T01:30:51Z,4.0,14.45,86.30000000000001,,2025-10-28T01:31:29Z,2025-10-28T01:31:29Z,2025-10-28T01:30:51Z,6.467338082527761,13.88,,,,,,Cultivo 1,2025-10
{'$oid': '69001f49194704c4a7b99a86'},2025-10-28 01:37:30+00:00,2025-10-28T01:37:30Z,2.0,14.5,86.3,,2025-10-28T01:41:29Z,2025-10-28T01:41:29Z,2025-10-28T01:37:30Z,6.229876741596187,13.81,,,,,,Cultivo 1,2025-10
{'$oid': '690021a1194704c4a7b99a87'},2025-10-28 01:44:10+00:00,2025-10-28T01:50:51Z,4.0,14.5,86.5,,2025-10-28T01:51:29Z,2025-10-28T01:51:29Z,2025-10-28T01:50:51Z,6.2931658661522185,13.75,,,,,,Cultivo 1,2025-10
{'$oid': '690023f9194704c4a7b99a88'},2025-10-28 01:57:30+00:00,2025-10-28T01:57:30Z,2.0,14.5,86.6,,2025-10-28T02:01:29Z,2025-10-28T02:01:29Z,2025-10-28T01:57:30Z,6.169537194027735,13.69,,,,,,Cultivo 1,2025-10
{'$oid': '69002651194704c4a7b99a89'},2025-10-28 02:04:11+00:00,2025-10-28T02:10:50Z,4.0,14.55,86.75,,2025-10-28T02:11:29Z,2025-10-28T02:11:29Z,2025-10-28T02:10:50Z,6.246725051469369,13.655,,,,,,Cultivo 1,2025-10
{'$oid': '690028a9194704c4a7b99a8a'},2025-10-28 02:17:31+00:00,2025-10-28T02:17:31Z,2.0,14.6,86.8,,2025-10-28T02:21:29Z,2025-10-28T02:21:29Z,2025-10-28T02:17:31Z,6.278613092606225,13.56,,,,,,Cultivo 1,2025-10
{'$oid': '69002b01194704c4a7b99a8b'},2025-10-28 02:24:10+00:00,2025-10-28T02:30:50Z,4.0,14.6,86.80000000000001,,2025-10-28T02:31:29Z,2025-10-28T02:31:29Z,2025-10-28T02:30:50Z,6.370897316967551,13.530000000000001,,,,,,Cultivo 1,2025-10
{'$oid': '69002d59194704c4a7b99a8c'},2025-10-28 02:37:31+00:00,2025-10-28T02:37:31Z,2.0,14.6,86.8,,2025-10-28T02:41:29Z,2025-10-28T02:41:29Z,2025-10-28T02:37:31Z,6.219221071211838,13.5,,,,,,Cultivo 1,2025-10
{'$oid': '69002fb1194704c4a7b99a8d'},2025-10-28 02:44:12+00:00,2025-10-28T02:50:57Z,4.0,14.55,86.95,,2025-10-28T02:51:29Z,2025-10-28T02:51:29Z,2025-10-28T02:50:57Z,6.365146971412098,13.469999999999999,,,,,,Cultivo 1,2025-10
{'$oid': '69003209194704c4a7b99a8e'},2025-10-28 02:57:32+00:00,2025-10-28T02:57:32Z,2.0,14.6,87.0,,2025-10-28T03:01:29Z,2025-10-28T03:01:29Z,2025-10-28T02:57:32Z,6.360116936408185,13.44,,,,,,Cultivo 1,2025-10
{'$oid': '69003461194704c4a7b99a8f'},2025-10-28 03:04:10+00:00,2025-10-28T03:10:51Z,4.0,14.45,87.0,,2025-10-28T03:11:29Z,2025-10-28T03:11:29Z,2025-10-28T03:10:51Z,6.242007320331575,13.38,,,,,,Cultivo 1,2025-10
{'$oid': '690036b9194704c4a7b99a90'},2025-10-28 03:17:31+00:00,2025-10-28T03:17:31Z,2.0,14.5,86.9,,2025-10-28T03:21:29Z,2025-10-28T03:21:29Z,2025-10-28T03:17:31Z,6.410343914798295,13.38,,,,,,Cultivo 1,2025-10
{'$oid': '69003911194704c4a7b99a91'},2025-10-28 03:24:11+00:00,2025-10-28T03:30:50Z,4.0,14.5,86.80000000000001,,2025-10-28T03:31:29Z,2025-10-28T03:31:29Z,2025-10-28T03:30:50Z,6.485542240688417,13.31,,,,,,Cultivo 1,2025-10
{'$oid': '69003b69194704c4a7b99a92'},2025-10-28 03:37:30+00:00,2025-10-28T03:37:30Z,2.0,14.4,86.4,,2025-10-28T03:41:29Z,2025-10-28T03:41:29Z,2025-10-28T03:37:30Z,6.382879478053383,13.31,,,,,,Cultivo 1,2025-10
{'$oid': '69003dc1194704c4a7b99a93'},2025-10-28 03:44:10+00:00,2025-10-28T03:50:50Z,4.0,14.350000000000001,87.1,,2025-10-28T03:51:29Z,2025-10-28T03:51:29Z,2025-10-28T03:50:50Z,6.501639376692941,13.25,,,,,,Cultivo 1,2025-10
{'$oid': '69004019194704c4a7b99a94'},2025-10-28 03:57:30+00:00,2025-10-28T03:57:30Z,2.0,14.4,87.2,,2025-10-28T04:01:29Z,2025-10-28T04:01:29Z,2025-10-28T03:57:30Z,6.346428216892287,13.19,,,,,,Cultivo 1,2025-10
{'$oid': '69004271194704c4a7b99a95'},2025-10-28 04:04:10+00:00,2025-10-28T04:10:50Z,4.0,14.5,87.30000000000001,,2025-10-28T04:11:29Z,2025-10-28T04:11:29Z,2025-10-28T04:10:50Z,6.188318114072245,13.19,,,,,,Cultivo 1,2025-10
{'$oid': '690044c9194704c4a7b99a96'},2025-10-28 04:17:30+00:00,2025-10-28T04:17:30Z,2.0,14.5,87.4,,2025-10-28T04:21:29Z,2025-10-28T04:21:29Z,2025-10-28T04:17:30Z,6.313734419282372,13.19,,,,,,Cultivo 1,2025-10
{'$oid': '69004721194704c4a7b99a97'},2025-10-28 04:24:10+00:00,2025-10-28T04:30:50Z,4.0,14.5,86.9,,2025-10-28T04:31:29Z,2025-10-28T04:31:29Z,2025-10-28T04:30:50Z,6.487906297520584,13.155,,,,,,Cultivo 1,2025-10
{'$oid': '69004979194704c4a7b99a98'},2025-10-28 04:37:30+00:00,2025-10-28T04:37:30Z,2.0,14.2,86.5,,2025-10-28T04:41:29Z,2025-10-28T04:41:29Z,2025-10-28T04:37:30Z,6.152901829798326,13.12,,,,,,Cultivo 1,2025-10
{'$oid': '69004bd2194704c4a7b99a99'},2025-10-28 04:44:10+00:00,2025-10-28T04:50:50Z,4.0,14.0,87.0,,2025-10-28T04:51:30Z,2025-10-28T04:51:30Z,2025-10-28T04:50:50Z,6.2876121891682,13.06,,,,,,Cultivo 1,2025-10
{'$oid': '69004e2a194704c4a7b99a9a'},2025-10-28 04:57:30+00:00,2025-10-28T04:57:30Z,2.0,14.1,87.0,,2025-10-28T05:01:30Z,2025-10-28T05:01:30Z,2025-10-28T04:57:30Z,6.479186576929908,13.06,,,,,,Cultivo 1,2025-10
{'$oid': '69005082194704c4a7b99a9b'},2025-10-28 05:04:10+00:00,2025-10-28T05:10:50Z,4.0,14.05,86.85,,2025-10-28T05:11:30Z,2025-10-28T05:11:30Z,2025-10-28T05:10:50Z,6.356716522268263,13.0,,,,,,Cultivo 1,2025-10
{'$oid': '690052da194704c4a7b99a9c'},2025-10-28 05:17:30+00:00,2025-10-28T05:17:30Z,2.0,14.1,87.0,,2025-10-28T05:21:30Z,2025-10-28T05:21:30Z,2025-10-28T05:17:30Z,6.540224780184194,12.94,,,,,,Cultivo 1,2025-10
{'$oid': '69005532194704c4a7b99a9d'},2025-10-28 05:24:10+00:00,2025-10-28T05:30:50Z,4.0,14.1,87.15,,2025-10-28T05:31:30Z,2025-10-28T05:31:30Z,2025-10-28T05:30:50Z,6.287236879502973,12.91,,,,,,Cultivo 1,2025-10
{'$oid': '6900578a194704c4a7b99a9e'},2025-10-28 05:37:30+00:00,2025-10-28T05:37:30Z,2.0,14.1,87.1,,2025-10-28T05:41:30Z,2025-10-28T05:41:30Z,2025-10-28T05:37:30Z,6.30192737484466,12.88,,,,,,Cultivo 1,2025-10
{'$oid': '690059e2194704c4a7b99a9f'},2025-10-28 05:44:10+00:00,2025-10-28T05:50:50Z,4.0,14.05,87.1,,2025-10-28T05:51:30Z,2025-10-28T05:51:30Z,2025-10-28T05:50:50Z,6.351767826757711,12.88,,,,,,Cultivo 1,2025-10
{'$oid': '69005c3a194704c4a7b99aa0'},2025-10-28 05:57:30+00:00,2025-10-28T05:57:30Z,2.0,14.1,86.9,,2025-10-28T06:01:30Z,2025-10-28T06:01:30Z,2025-10-28T05:57:30Z,6.4877221777061775,12.81,,,,,,Cultivo 1,2025-10
{'$oid': '69005e92194704c4a7b99aa1'},2025-10-28 06:04:10+00:00,2025-10-28T06:10:50Z,4.0,14.0,86.75,,2025-10-28T06:11:30Z,2025-10-28T06:11:30Z,2025-10-28T06:10:50Z,6.315125131956961,12.780000000000001,,,,,,Cultivo 1,2025-10
{'$oid': '690060ea194704c4a7b99aa2'},2025-10-28 06:17:30+00:00,2025-10-28T06:17:30Z,2.0,13.9,87.4,,2025-10-28T06:21:30Z,2025-10-28T06:21:30Z,2025-10-28T06:17:30Z,6.481682358790055,12.75,,,,,,Cultivo 1,2025-10
{'$oid': '69006342194704c4a7b99aa3'},2025-10-28 06:24:10+00:00,2025-10-28T06:30:50Z,4.0,13.95,87.44999999999999,,2025-10-28T06:31:30Z,2025-10-28T06:31:30Z,2025-10-28T06:30:50Z,6.3980260482089655,12.719999999999999,,,,,,Cultivo 1,2025-10
{'$oid': '6900659a194704c4a7b99aa4'},2025-10-28 06:37:30+00:00,2025-10-28T06:37:30Z,2.0,14.0,87.6,,2025-10-28T06:41:30Z,2025-10-28T06:41:30Z,2025-10-28T06:37:30Z,6.207384616814873,12.69,,,,,,Cultivo 1,2025-10
{'$oid': '690067f2194704c4a7b99aa5'},2025-10-28 06:44:10+00:00,2025-10-28T06:50:50Z,4.0,14.1,87.5,,2025-10-28T06:51:30Z,2025-10-28T06:51:30Z,2025-10-28T06:50:50Z,6.362461905688625,12.655,,,,,,Cultivo 1,2025-10
{'$oid': '69006a4a194704c4a7b99aa6'},2025-10-28 06:57:30+00:00,2025-10-28T06:57:30Z,2.0,14.0,87.5,,2025-10-28T07:01:30Z,2025-10-28T07:01:30Z,2025-10-28T06:57:30Z,6.442960892367,12.69,,,,,,Cultivo 1,2025-10
{'$oid': '69006ca2194704c4a7b99aa7'},2025-10-28 07:04:10+00:00,2025-10-28T07:10:50Z,4.0,14.0,87.44999999999999,,2025-10-28T07:11:30Z,2025-10-28T07:11:30Z,2025-10-28T07:10:50Z,6.335192869803094,12.62,,,,,,Cultivo 1,2025-10
{'$oid': '69006efa194704c4a7b99aa8'},2025-10-28 07:17:30+00:00,2025-10-28T07:17:30Z,2.0,13.9,87.4,,2025-10-28T07:21:30Z,2025-10-28T07:21:30Z,2025-10-28T07:17:30Z,6.344853668694855,12.62,,,,,,Cultivo 1,2025-10
{'$oid': '69007152194704c4a7b99aa9'},2025-10-28 07:24:10+00:00,2025-10-28T07:30:50Z,4.0,13.9,87.25,,2025-10-28T07:31:30Z,2025-10-28T07:31:30Z,2025-10-28T07:30:50Z,6.397469046905495,12.59,,,,,,Cultivo 1,2025-10
{'$oid': '690073aa194704c4a7b99aaa'},2025-10-28 07:37:30+00:00,2025-10-28T07:37:30Z,2.0,13.8,87.1,,2025-10-28T07:41:30Z,2025-10-28T07:41:30Z,2025-10-28T07:37:30Z,6.402448551489212,12.56,,,,,,Cultivo 1,2025-10
{'$oid': '69007602194704c4a7b99aab'},2025-10-28 07:44:10+00:00,2025-10-28T07:50:50Z,4.0,13.850000000000001,87.55,,2025-10-28T07:51:30Z,2025-10-28T07:51:30Z,2025-10-28T07:50:50Z,6.491286941100831,12.530000000000001,,,,,,Cultivo 1,2025-10
{'$oid': '6900785a194704c4a7b99aac'},2025-10-28 07:57:30+00:00,2025-10-28T07:57:30Z,2.0,14.0,87.7,,2025-10-28T08:01:30Z,2025-10-28T08:01:30Z,2025-10-28T07:57:30Z,6.301662566667877,12.5,,,,,,Cultivo 1,2025-10
{'$oid': '69007ab2194704c4a7b99aad'},2025-10-28 08:04:10+00:00,2025-10-28T08:10:50Z,4.0,13.9,87.65,,2025-10-28T08:11:30Z,2025-10-28T08:11:30Z,2025-10-28T08:10:50Z,6.411997186953971,12.5,,,,,,Cultivo 1,2025-10
{'$oid': '69007d0a194704c4a7b99aae'},2025-10-28 08:17:30+00:00,2025-10-28T08:17:30Z,2.0,13.9,87.7,,2025-10-28T08:21:30Z,2025-10-28T08:21:30Z,2025-10-28T08:17:30Z,6.205349546541519,12.44,,,,,,Cultivo 1,2025-10
{'$oid': '69007f63194704c4a7b99aaf'},2025-10-28 08:24:10+00:00,2025-10-28T08:30:50Z,4.0,13.9,87.85,,2025-10-28T08:31:31Z,2025-10-28T08:31:31Z,2025-10-28T08:30:50Z,6.374295744918884,12.44,,,,,,Cultivo 1,2025-10
{'$oid': '690081bb194704c4a7b99ab0'},2025-10-28 08:37:30+00:00,2025-10-28T08:37:30Z,2.0,13.8,87.7,,2025-10-28T08:41:31Z,2025-10-28T08:41:31Z,2025-10-28T08:37:30Z,6.432732979183838,12.44,,,,,,Cultivo 1,2025-10
{'$oid': '69008413194704c4a7b99ab1'},2025-10-28 08:44:10+00:00,2025-10-28T08:50:50Z,4.0,13.850000000000001,87.8,,2025-10-28T08:51:31Z,2025-10-28T08:51:31Z,2025-10-28T08:50:50Z,6.29212795786873,12.41,,,,,,Cultivo 1,2025-10
{'$oid': '6900866b194704c4a7b99ab2'},2025-10-28 08:57:30+00:00,2025-10-28T08:57:30Z,2.0,13.8,88.1,,2025-10-28T09:01:31Z,2025-10-28T09:01:31Z,2025-10-28T08:57:30Z,6.484809689053379,12.38,,,,,,Cultivo 1,2025-10
{'$oid': '690088c3194704c4a7b99ab3'},2025-10-28 09:04:10+00:00,2025-10-28T09:10:50Z,4.0,13.850000000000001,87.9,,2025-10-28T09:11:31Z,2025-10-28T09:11:31Z,2025-10-28T09:10:50Z,6.1829964894799385,12.38,,,,,,Cultivo 1,2025-10
{'$oid': '69008b1b194704c4a7b99ab4'},2025-10-28 09:17:30+00:00,2025-10-28T09:17:30Z,2.0,13.9,87.9,,2025-10-28T09:21:31Z,2025-10-28T09:21:31Z,2025-10-28T09:17:30Z,6.514024171559372,12.38,,,,,,Cultivo 1,2025-10
{'$oid': '69008d73194704c4a7b99ab5'},2025-10-28 09:24:10+00:00,2025-10-28T09:30:50Z,4.0,13.9,87.95,,2025-10-28T09:31:31Z,2025-10-28T09:31:31Z,2025-10-28T09:30:50Z,6.23682624536399,12.38,,,,,,Cultivo 1,2025-10
{'$oid': '69008fcb194704c4a7b99ab6'},2025-10-28 09:37:30+00:00,2025-10-28T09:37:30Z,2.0,13.8,87.9,,2025-10-28T09:41:31Z,2025-10-28T09:41:31Z,2025-10-28T09:37:30Z,6.486219088498239,12.38,,,,,,Cultivo 1,2025-10
{'$oid': '69009223194704c4a7b99ab7'},2025-10-28 09:44:10+00:00,2025-10-28T09:50:50Z,4.0,13.850000000000001,88.05,,2025-10-28T09:51:31Z,2025-10-28T09:51:31Z,2025-10-28T09:50:50Z,6.279647612217155,12.345,,,,,,Cultivo 1,2025-10
{'$oid': '6900947b194704c4a7b99ab8'},2025-10-28 09:57:30+00:00,2025-10-28T09:57:30Z,2.0,13.7,87.9,,2025-10-28T10:01:31Z,2025-10-28T10:01:31Z,2025-10-28T09:57:30Z,6.50795118596382,12.31,,,,,,Cultivo 1,2025-10
{'$oid': '690096d3194704c4a7b99ab9'},2025-10-28 10:04:10+00:00,2025-10-28T10:10:51Z,4.0,13.75,87.9,,2025-10-28T10:11:31Z,2025-10-28T10:11:31Z,2025-10-28T10:10:51Z,6.275094675774109,12.31,,,,,,Cultivo 1,2025-10
{'$oid': '6900992b194704c4a7b99aba'},2025-10-28 10:17:31+00:00,2025-10-28T10:17:31Z,2.0,13.7,87.8,,2025-10-28T10:21:31Z,2025-10-28T10:21:31Z,2025-10-28T10:17:31Z,6.164369909726221,12.25,,,,,,Cultivo 1,2025-10
{'$oid': '69009b83194704c4a7b99abb'},2025-10-28 10:24:11+00:00,2025-10-28T10:30:51Z,4.0,13.649999999999999,87.85,,2025-10-28T10:31:31Z,2025-10-28T10:31:31Z,2025-10-28T10:30:51Z,6.203134841858696,12.280000000000001,,,,,,Cultivo 1,2025-10
{'$oid': '69009ddb194704c4a7b99abc'},2025-10-28 10:37:31+00:00,2025-10-28T10:37:31Z,2.0,13.6,87.8,,2025-10-28T10:41:31Z,2025-10-28T10:41:31Z,2025-10-28T10:37:31Z,6.233066793394802,12.25,,,,,,Cultivo 1,2025-10
{'$oid': '6900a033194704c4a7b99abd'},2025-10-28 10:44:10+00:00,2025-10-28T10:50:51Z,4.0,13.649999999999999,88.25,,2025-10-28T10:51:31Z,2025-10-28T10:51:31Z,2025-10-28T10:50:51Z,6.339619600326501,12.219999999999999,,,,,,Cultivo 1,2025-10
{'$oid': '6900a28b194704c4a7b99abe'},2025-10-28 10:57:31+00:00,2025-10-28T10:57:31Z,2.0,13.6,87.9,,2025-10-28T11:01:31Z,2025-10-28T11:01:31Z,2025-10-28T10:57:31Z,6.399215251200867,12.19,,,,,,Cultivo 1,2025-10
{'$oid': '6900a4e3194704c4a7b99abf'},2025-10-28 11:04:11+00:00,2025-10-28T11:10:51Z,4.0,13.75,88.05,,2025-10-28T11:11:31Z,2025-10-28T11:11:31Z,2025-10-28T11:10:51Z,6.2281374289239135,12.19,,,,,,Cultivo 1,2025-10
{'$oid': '6900a73b194704c4a7b99ac0'},2025-10-28 11:17:32+00:00,2025-10-28T11:17:32Z,2.0,13.9,87.5,,2025-10-28T11:21:31Z,2025-10-28T11:21:31Z,2025-10-28T11:17:32Z,6.285716585833453,12.19,,,,,,Cultivo 1,2025-10
{'$oid': '6900a993194704c4a7b99ac1'},2025-10-28 11:24:11+00:00,2025-10-28T11:30:51Z,4.0,14.2,87.1,,2025-10-28T11:31:31Z,2025-10-28T11:31:31Z,2025-10-28T11:30:51Z,6.4248982638845415,12.19,,,,,,Cultivo 1,2025-10
{'$oid': '6900abeb194704c4a7b99ac2'},2025-10-28 11:37:31+00:00,2025-10-28T11:37:31Z,2.0,14.4,86.9,,2025-10-28T11:41:31Z,2025-10-28T11:41:31Z,2025-10-28T11:37:31Z,6.23013621548161,12.25,,,,,,Cultivo 1,2025-10
{'$oid': '6900ae43194704c4a7b99ac3'},2025-10-28 11:44:11+00:00,2025-10-28T11:44:11Z,2.0,14.6,86.4,,2025-10-28T11:51:31Z,2025-10-28T11:51:31Z,2025-10-28T11:44:11Z,6.213017149603268,12.25,,,,,,Cultivo 1,2025-10
{'$oid': '6900b09b194704c4a7b99ac4'},2025-10-28 11:57:31+00:00,2025-10-28T11:57:31Z,2.0,15.0,85.6,,2025-10-28T12:01:31Z,2025-10-28T12:01:31Z,2025-10-28T11:57:31Z,6.207932961524209,12.31,,,,,,Cultivo 1,2025-10
{'$oid': '6900b2f3194704c4a7b99ac5'},2025-10-28 12:04:14+00:00,2025-10-28T12:10:52Z,4.0,15.65,83.75,,2025-10-28T12:11:31Z,2025-10-28T12:11:31Z,2025-10-28T12:10:52Z,6.4755851678986405,12.41,,,,,,Cultivo 1,2025-10
{'$oid': '6900b54b194704c4a7b99ac6'},2025-10-28 12:17:31+00:00,2025-10-28T12:17:31Z,2.0,16.2,82.6,,2025-10-28T12:21:31Z,2025-10-28T12:21:31Z,2025-10-28T12:17:31Z,6.238938203057197,12.5,,,,,,Cultivo 1,2025-10
{'$oid': '6900b7a3194704c4a7b99ac7'},2025-10-28 12:24:11+00:00,2025-10-28T12:30:51Z,4.0,17.4,80.5,,2025-10-28T12:31:31Z,2025-10-28T12:31:31Z,2025-10-28T12:30:51Z,6.213362470250289,12.625,,,,,,Cultivo 1,2025-10
{'$oid': '6900b9fb194704c4a7b99ac8'},2025-10-28 12:37:31+00:00,2025-10-28T12:37:31Z,2.0,18.5,77.5,,2025-10-28T12:41:31Z,2025-10-28T12:41:31Z,2025-10-28T12:37:31Z,6.261380668411666,12.81,,,,,,Cultivo 1,2025-10
{'$oid': '6900bc53194704c4a7b99ac9'},2025-10-28 12:44:11+00:00,2025-10-28T12:50:51Z,4.0,19.049999999999997,76.95,,2025-10-28T12:51:31Z,2025-10-28T12:51:31Z,2025-10-28T12:50:51Z,6.164465442167703,12.969999999999999,,,,,,Cultivo 1,2025-10
{'$oid': '6900beac194704c4a7b99aca'},2025-10-28 12:57:31+00:00,2025-10-28T12:57:31Z,2.0,20.3,74.3,,2025-10-28T13:01:32Z,2025-10-28T13:01:32Z,2025-10-28T12:57:31Z,6.466775303520796,13.19,,,,,,Cultivo 1,2025-10
{'$oid': '6900c104194704c4a7b99acb'},2025-10-28 13:04:11+00:00,2025-10-28T13:10:51Z,4.0,21.75,70.8,,2025-10-28T13:11:32Z,2025-10-28T13:11:32Z,2025-10-28T13:10:51Z,6.401978872006535,13.535,,,,,,Cultivo 1,2025-10
{'$oid': '6900c35c194704c4a7b99acc'},2025-10-28 13:17:31+00:00,2025-10-28T13:17:31Z,2.0,22.0,70.6,,2025-10-28T13:21:32Z,2025-10-28T13:21:32Z,2025-10-28T13:17:31Z,5.91,14.44,,,,,,Cultivo 1,2025-10
{'$oid': '6900c5b4194704c4a7b99acd'},2025-10-28 13:24:11+00:00,2025-10-28T13:30:51Z,4.0,21.700000000000003,70.95,,2025-10-28T13:31:32Z,2025-10-28T13:31:32Z,2025-10-28T13:30:51Z,5.8100000000000005,14.5,,,,,,Cultivo 1,2025-10
{'$oid': '6900c80c194704c4a7b99ace'},2025-10-28 13:37:31+00:00,2025-10-28T13:37:31Z,2.0,21.4,71.2,,2025-10-28T13:41:32Z,2025-10-28T13:41:32Z,2025-10-28T13:37:31Z,5.7,14.88,,,,,,Cultivo 1,2025-10
{'$oid': '6900ca64194704c4a7b99acf'},2025-10-28 13:44:11+00:00,2025-10-28T13:50:51Z,4.0,21.15,71.69999999999999,,2025-10-28T13:51:32Z,2025-10-28T13:51:32Z,2025-10-28T13:50:51Z,5.645,15.125,,,,,,Cultivo 1,2025-10
{'$oid': '6900ccbc194704c4a7b99ad0'},2025-10-28 13:57:31+00:00,2025-10-28T13:57:31Z,2.0,21.1,68.9,,2025-10-28T14:01:32Z,2025-10-28T14:01:32Z,2025-10-28T13:57:31Z,5.59,15.25,,,,,,Cultivo 1,2025-10
{'$oid': '6900cf14194704c4a7b99ad1'},2025-10-28 14:04:11+00:00,2025-10-28T14:10:51Z,4.0,22.2,69.3,,2025-10-28T14:11:32Z,2025-10-28T14:11:32Z,2025-10-28T14:10:51Z,5.555,15.375,,,,,,Cultivo 1,2025-10
{'$oid': '6900d16c194704c4a7b99ad2'},2025-10-28 14:17:31+00:00,2025-10-28T14:17:31Z,2.0,22.7,67.6,,2025-10-28T14:21:32Z,2025-10-28T14:21:32Z,2025-10-28T14:17:31Z,6.485552617088352,15.56,,,,,,Cultivo 1,2025-10
{'$oid': '6900d3c4194704c4a7b99ad3'},2025-10-28 14:24:11+00:00,2025-10-28T14:30:51Z,4.0,22.9,65.9,,2025-10-28T14:31:32Z,2025-10-28T14:31:32Z,2025-10-28T14:30:51Z,5.529999999999999,16.5,,,,,,Cultivo 1,2025-10
{'$oid': '6900d61c194704c4a7b99ad4'},2025-10-28 14:37:31+00:00,2025-10-28T14:37:31Z,2.0,24.0,62.9,,2025-10-28T14:41:32Z,2025-10-28T14:41:32Z,2025-10-28T14:37:31Z,5.52,16.56,,,,,,Cultivo 1,2025-10
{'$oid': '6900d874194704c4a7b99ad5'},2025-10-28 14:44:11+00:00,2025-10-28T14:50:51Z,4.0,25.8,58.8,,2025-10-28T14:51:32Z,2025-10-28T14:51:32Z,2025-10-28T14:50:51Z,5.525,16.685000000000002,,,,,,Cultivo 1,2025-10
{'$oid': '6900dacc194704c4a7b99ad6'},2025-10-28 14:57:31+00:00,2025-10-28T14:57:31Z,2.0,27.5,56.6,,2025-10-28T15:01:32Z,2025-10-28T15:01:32Z,2025-10-28T14:57:31Z,6.083761955653077,16.88,,,,,,Cultivo 1,2025-10
{'$oid': '6900dd24194704c4a7b99ad7'},2025-10-28 15:04:11+00:00,2025-10-28T15:10:51Z,4.0,28.799999999999997,54.849999999999994,,2025-10-28T15:11:32Z,2025-10-28T15:11:32Z,2025-10-28T15:10:51Z,6.15538558214079,17.155,,,,,,Cultivo 1,2025-10
{'$oid': '6900df7c194704c4a7b99ad8'},2025-10-28 15:17:31+00:00,2025-10-28T15:17:31Z,2.0,32.2,51.4,,2025-10-28T15:21:32Z,2025-10-28T15:21:32Z,2025-10-28T15:17:31Z,6.320278185434541,17.62,,,,,,Cultivo 1,2025-10
{'$oid': '6900e1d4194704c4a7b99ad9'},2025-10-28 15:24:11+00:00,2025-10-28T15:30:52Z,4.0,28.049999999999997,56.1,,2025-10-28T15:31:32Z,2025-10-28T15:31:32Z,2025-10-28T15:30:52Z,6.436114376596378,17.935,,,,,,Cultivo 1,2025-10
{'$oid': '6900e42c194704c4a7b99ada'},2025-10-28 15:37:31+00:00,2025-10-28T15:37:31Z,2.0,25.6,54.8,,2025-10-28T15:41:32Z,2025-10-28T15:41:32Z,2025-10-28T15:37:31Z,6.234336181723855,17.94,,,,,,Cultivo 1,2025-10
{'$oid': '6900e684194704c4a7b99adb'},2025-10-28 15:44:11+00:00,2025-10-28T15:50:51Z,4.0,25.0,58.150000000000006,,2025-10-28T15:51:32Z,2025-10-28T15:51:32Z,2025-10-28T15:50:51Z,6.404466711429429,17.75,,,,,,Cultivo 1,2025-10
{'$oid': '6900e8dd194704c4a7b99adc'},2025-10-28 15:57:31+00:00,2025-10-28T15:57:31Z,2.0,25.9,57.1,,2025-10-28T16:01:33Z,2025-10-28T16:01:33Z,2025-10-28T15:57:31Z,6.1067810015535064,17.69,,,,,,Cultivo 1,2025-10
{'$oid': '6900eb35194704c4a7b99add'},2025-10-28 16:04:11+00:00,2025-10-28T16:10:51Z,4.0,26.8,56.45,,2025-10-28T16:11:33Z,2025-10-28T16:11:33Z,2025-10-28T16:10:51Z,6.122231127740996,17.814999999999998,,,,,,Cultivo 1,2025-10
{'$oid': '6900ed8e194704c4a7b99ade'},2025-10-28 16:17:31+00:00,2025-10-28T16:17:31Z,2.0,27.4,57.7,,2025-10-28T16:21:34Z,2025-10-28T16:21:34Z,2025-10-28T16:17:31Z,6.234583146780233,18.0,,,,,,Cultivo 1,2025-10
{'$oid': '6900efe6194704c4a7b99adf'},2025-10-28 16:24:11+00:00,2025-10-28T16:30:51Z,4.0,27.799999999999997,56.4,,2025-10-28T16:31:34Z,2025-10-28T16:31:34Z,2025-10-28T16:30:51Z,6.135684309697414,18.185000000000002,,,,,,Cultivo 1,2025-10
{'$oid': '6900f23f194704c4a7b99ae0'},2025-10-28 16:37:32+00:00,2025-10-28T16:37:32Z,2.0,28.4,56.2,,2025-10-28T16:41:35Z,2025-10-28T16:41:35Z,2025-10-28T16:37:32Z,6.311892524850668,18.38,,,,,,Cultivo 1,2025-10
{'$oid': '6900f497194704c4a7b99ae1'},2025-10-28 16:44:11+00:00,2025-10-28T16:50:51Z,4.0,29.200000000000003,55.55,,2025-10-28T16:51:35Z,2025-10-28T16:51:35Z,2025-10-28T16:50:51Z,6.343300445135441,18.439999999999998,,,,,,Cultivo 1,2025-10
{'$oid': '6900f6ef194704c4a7b99ae2'},2025-10-28 16:57:31+00:00,2025-10-28T16:57:31Z,2.0,30.9,51.5,,2025-10-28T17:01:35Z,2025-10-28T17:01:35Z,2025-10-28T16:57:31Z,6.074497542512316,18.12,,,,,,Cultivo 1,2025-10
{'$oid': '6900f947194704c4a7b99ae3'},2025-10-28 17:04:12+00:00,2025-10-28T17:10:52Z,4.0,31.35,50.2,,2025-10-28T17:11:35Z,2025-10-28T17:11:35Z,2025-10-28T17:10:52Z,6.273825303540873,18.345,,,,,,Cultivo 1,2025-10
{'$oid': '6900fb9f194704c4a7b99ae4'},2025-10-28 17:17:31+00:00,2025-10-28T17:17:31Z,2.0,31.5,50.6,,2025-10-28T17:21:35Z,2025-10-28T17:21:35Z,2025-10-28T17:17:31Z,6.211654019457448,18.75,,,,,,Cultivo 1,2025-10
{'$oid': '6900fdf7194704c4a7b99ae5'},2025-10-28 17:24:12+00:00,2025-10-28T17:30:52Z,4.0,31.65,49.2,,2025-10-28T17:31:35Z,2025-10-28T17:31:35Z,2025-10-28T17:30:52Z,6.223129961535102,19.310000000000002,,,,,,Cultivo 1,2025-10
{'$oid': '6901004f194704c4a7b99ae6'},2025-10-28 17:37:33+00:00,2025-10-28T17:37:39Z,4.0,32.3,48.9,,2025-10-28T17:41:35Z,2025-10-28T17:41:35Z,2025-10-28T17:37:39Z,6.3593731736605905,19.88,,,,,,Cultivo 1,2025-10
{'$oid': '690102a7194704c4a7b99ae7'},2025-10-28 17:44:13+00:00,2025-10-28T17:50:54Z,4.0,33.05,47.95,,2025-10-28T17:51:35Z,2025-10-28T17:51:35Z,2025-10-28T17:50:54Z,6.293922580415146,20.465,,,,,,Cultivo 1,2025-10
{'$oid': '690104ff194704c4a7b99ae8'},2025-10-28 17:57:31+00:00,2025-10-28T17:57:31Z,2.0,29.9,49.4,,2025-10-28T18:01:35Z,2025-10-28T18:01:35Z,2025-10-28T17:57:31Z,6.185510472627654,20.69,,,,,,Cultivo 1,2025-10
{'$oid': '69010757194704c4a7b99ae9'},2025-10-28 18:04:11+00:00,2025-10-28T18:10:51Z,4.0,29.9,50.1,,2025-10-28T18:11:35Z,2025-10-28T18:11:35Z,2025-10-28T18:10:51Z,6.092771653850983,20.905,,,,,,Cultivo 1,2025-10
{'$oid': '690109af194704c4a7b99aea'},2025-10-28 18:17:31+00:00,2025-10-28T18:17:31Z,2.0,29.9,47.8,,2025-10-28T18:21:35Z,2025-10-28T18:21:35Z,2025-10-28T18:17:31Z,6.359744793888564,21.25,,,,,,Cultivo 1,2025-10
{'$oid': '69010c07194704c4a7b99aeb'},2025-10-28 18:24:11+00:00,2025-10-28T18:30:51Z,4.0,28.0,51.3,,2025-10-28T18:31:35Z,2025-10-28T18:31:35Z,2025-10-28T18:30:51Z,6.151452385237179,20.435,,,,,,Cultivo 1,2025-10
{'$oid': '69010e5f194704c4a7b99aec'},2025-10-28 18:37:31+00:00,2025-10-28T18:37:31Z,2.0,27.4,52.7,,2025-10-28T18:41:35Z,2025-10-28T18:41:35Z,2025-10-28T18:37:31Z,6.180377628983563,20.25,,,,,,Cultivo 1,2025-10
{'$oid': '690110b7194704c4a7b99aed'},2025-10-28 18:44:11+00:00,2025-10-28T18:50:51Z,4.0,27.799999999999997,52.95,,2025-10-28T18:51:35Z,2025-10-28T18:51:35Z,2025-10-28T18:50:51Z,6.208964402965566,20.19,,,,,,Cultivo 1,2025-10
{'$oid': '6901130f194704c4a7b99aee'},2025-10-28 18:57:31+00:00,2025-10-28T18:57:31Z,2.0,27.3,50.4,,2025-10-28T19:01:35Z,2025-10-28T19:01:35Z,2025-10-28T18:57:31Z,6.261953609337275,20.19,,,,,,Cultivo 1,2025-10
{'$oid': '69011567194704c4a7b99aef'},2025-10-28 19:04:12+00:00,2025-10-28T19:10:52Z,4.0,26.950000000000003,51.650000000000006,,2025-10-28T19:11:35Z,2025-10-28T19:11:35Z,2025-10-28T19:10:52Z,6.096066113533321,20.12,,,,,,Cultivo 1,2025-10
{'$oid': '690117bf194704c4a7b99af0'},2025-10-28 19:17:31+00:00,2025-10-28T19:17:31Z,2.0,26.0,54.7,,2025-10-28T19:21:35Z,2025-10-28T19:21:35Z,2025-10-28T19:17:31Z,6.1890841109104855,19.94,,,,,,Cultivo 1,2025-10
{'$oid': '69011a17194704c4a7b99af1'},2025-10-28 19:24:11+00:00,2025-10-28T19:30:52Z,4.0,26.6,53.2,,2025-10-28T19:31:35Z,2025-10-28T19:31:35Z,2025-10-28T19:30:52Z,6.160320815088349,19.25,,,,,,Cultivo 1,2025-10
{'$oid': '69011c6f194704c4a7b99af2'},2025-10-28 19:37:32+00:00,2025-10-28T19:37:32Z,2.0,27.7,51.3,,2025-10-28T19:41:35Z,2025-10-28T19:41:35Z,2025-10-28T19:37:32Z,6.140953736689533,19.12,,,,,,Cultivo 1,2025-10
{'$oid': '69011ec7194704c4a7b99af3'},2025-10-28 19:44:11+00:00,2025-10-28T19:50:51Z,4.0,26.25,54.0,,2025-10-28T19:51:35Z,2025-10-28T19:51:35Z,2025-10-28T19:50:51Z,6.108702053749002,19.06,,,,,,Cultivo 1,2025-10
{'$oid': '6901211f194704c4a7b99af4'},2025-10-28 19:57:31+00:00,2025-10-28T19:57:31Z,2.0,25.8,53.5,,2025-10-28T20:01:35Z,2025-10-28T20:01:35Z,2025-10-28T19:57:31Z,6.33620247082824,19.0,,,,,,Cultivo 1,2025-10
{'$oid': '69012377194704c4a7b99af5'},2025-10-28 20:04:11+00:00,2025-10-28T20:04:11Z,2.0,26.1,53.9,,2025-10-28T20:11:35Z,2025-10-28T20:11:35Z,2025-10-28T20:04:11Z,6.358271735724014,19.0,,,,,,Cultivo 1,2025-10
{'$oid': '690125cf194704c4a7b99af6'},2025-10-28 20:14:47+00:00,2025-10-28T20:21:27Z,4.0,27.2,53.5,,2025-10-28T20:21:35Z,2025-10-28T20:21:35Z,2025-10-28T20:21:27Z,6.025466971453456,18.97,,,,,,Cultivo 1,2025-10
{'$oid': '69012827194704c4a7b99af7'},2025-10-28 20:28:07+00:00,2025-10-28T20:28:07Z,2.0,28.7,52.1,,2025-10-28T20:31:35Z,2025-10-28T20:31:35Z,2025-10-28T20:28:07Z,6.047312064248711,19.06,,,,,,Cultivo 1,2025-10
{'$oid': '69012a80194704c4a7b99af8'},2025-10-28 20:34:47+00:00,2025-10-28T20:41:27Z,4.0,29.4,51.95,,2025-10-28T20:41:36Z,2025-10-28T20:41:36Z,2025-10-28T20:41:27Z,6.176339679134331,19.09,,,,,,Cultivo 1,2025-10
{'$oid': '69012cd8194704c4a7b99af9'},2025-10-28 20:48:07+00:00,2025-10-28T20:48:07Z,2.0,28.1,54.3,,2025-10-28T20:51:36Z,2025-10-28T20:51:36Z,2025-10-28T20:48:07Z,6.391173814781814,19.19,,,,,,Cultivo 1,2025-10
{'$oid': '69012f30194704c4a7b99afa'},2025-10-28 20:54:47+00:00,2025-10-28T20:54:47Z,2.0,25.4,52.6,,2025-10-28T21:01:36Z,2025-10-28T21:01:36Z,2025-10-28T20:54:47Z,6.1935811575427735,19.06,,,,,,Cultivo 1,2025-10
{'$oid': '69b59355b2147717dbde6d97'},2026-03-14 16:48:33+00:00,2026-03-14T16:55:14Z,4.0,30.1,47.7,63.5,2026-03-14T16:56:53Z,2026-03-14T16:56:53Z,2026-03-14T16:55:14Z,6.1346175656251205,20.56,,,,,,Cultivo 2,2026-03
{'$oid': '69b595adb2147717dbde6d98'},2026-03-14 17:01:55+00:00,2026-03-14T17:01:55Z,2.0,31.4,46.5,63.5,2026-03-14T17:06:53Z,2026-03-14T17:06:53Z,2026-03-14T17:01:55Z,,,,,,,,Cultivo 2,2026-03
{'$oid': '69b59805b2147717dbde6d99'},2026-03-14 17:08:34+00:00,2026-03-14T17:15:13Z,4.0,31.8,45.65,63.6,2026-03-14T17:16:53Z,2026-03-14T17:16:53Z,2026-03-14T17:15:13Z,,,,,,,,Cultivo 2,2026-03
{'$oid': '69b59a5db2147717dbde6d9a'},2026-03-14 17:21:53+00:00,2026-03-14T17:21:53Z,2.0,31.1,46.4,63.8,2026-03-14T17:26:53Z,2026-03-14T17:26:53Z,2026-03-14T17:21:53Z,,,,,,,,Cultivo 2,2026-03
{'$oid': '69b59cb5b2147717dbde6d9b'},2026-03-14 17:28:34+00:00,2026-03-14T17:35:14Z,4.0,32.45,46.150000000000006,63.85,2026-03-14T17:36:53Z,2026-03-14T17:36:53Z,2026-03-14T17:35:14Z,,,,,,,,Cultivo 2,2026-03
{'$oid': '69b59f0db2147717dbde6d9c'},2026-03-14 17:41:56+00:00,2026-03-14T17:41:56Z,2.0,32.3,44.3,63.7,2026-03-14T17:46:53Z,2026-03-14T17:46:53Z,2026-03-14T17:41:56Z,6.216456186158418,20.66,,,,,,Cultivo 2,2026-03
{'$oid': '69b5a165b2147717dbde6d9d'},2026-03-14 17:48:34+00:00,2026-03-14T17:55:16Z,4.0,30.9,46.05,63.8,2026-03-14T17:56:53Z,2026-03-14T17:56:53Z,2026-03-14T17:55:16Z,6.109144152500755,20.66,,,,,,Cultivo 2,2026-03
{'$oid': '69b5a3bdb2147717dbde6d9e'},2026-03-14 18:01:55+00:00,2026-03-14T18:01:55Z,2.0,29.2,47.6,63.8,2026-03-14T18:06:53Z,2026-03-14T18:06:53Z,2026-03-14T18:01:55Z,6.208285587963015,20.66,,,,,,Cultivo 2,2026-03
{'$oid': '69b5a616b2147717dbde6d9f'},2026-03-14 18:08:34+00:00,2026-03-14T18:15:14Z,4.0,28.2,52.05,63.9,2026-03-14T18:16:54Z,2026-03-14T18:16:54Z,2026-03-14T18:15:14Z,6.168989194333076,20.66,,,,,,Cultivo 2,2026-03
{'$oid': '69b5a86eb2147717dbde6da0'},2026-03-14 18:21:56+00:00,2026-03-14T18:21:56Z,2.0,27.2,53.1,63.9,2026-03-14T18:26:54Z,2026-03-14T18:26:54Z,2026-03-14T18:21:56Z,6.3107475827123745,20.66,,,,,,Cultivo 2,2026-03
{'$oid': '69b5aac6b2147717dbde6da1'},2026-03-14 18:28:34+00:00,2026-03-14T18:35:14Z,4.0,26.5,53.55,63.9,2026-03-14T18:36:54Z,2026-03-14T18:36:54Z,2026-03-14T18:35:14Z,6.180966150354338,19.655,,,,,1.783745862567621,Cultivo 2,2026-03
{'$oid': '69b5ad1eb2147717dbde6da2'},2026-03-14 18:41:54+00:00,2026-03-14T18:41:54Z,2.0,26.9,53.2,63.8,2026-03-14T18:46:54Z,2026-03-14T18:46:54Z,2026-03-14T18:41:54Z,6.239957278956949,19.78,,,,,1.7243876482913014,Cultivo 2,2026-03
{'$oid': '69b5af76b2147717dbde6da3'},2026-03-14 18:48:34+00:00,2026-03-14T18:55:14Z,4.0,27.2,52.15,63.7,2026-03-14T18:56:54Z,2026-03-14T18:56:54Z,2026-03-14T18:55:14Z,6.154434341281682,19.78,,,,,,Cultivo 2,2026-03
{'$oid': '69b5b1ceb2147717dbde6da4'},2026-03-14 19:01:54+00:00,2026-03-14T19:01:54Z,2.0,26.9,52.7,51.27129901123111,2026-03-14T19:06:54Z,2026-03-14T19:06:54Z,2026-03-14T19:01:54Z,6.233769710528598,19.78,,,,,,Cultivo 2,2026-03
{'$oid': '69b5b426b2147717dbde6da5'},2026-03-14 19:08:36+00:00,2026-03-14T19:15:15Z,4.0,25.95,55.0,,2026-03-14T19:16:54Z,2026-03-14T19:16:54Z,2026-03-14T19:15:15Z,6.01947851465004,19.78,,,,,,Cultivo 2,2026-03
{'$oid': '69b5b67eb2147717dbde6da6'},2026-03-14 19:21:55+00:00,2026-03-14T19:21:55Z,2.0,24.7,58.9,,2026-03-14T19:26:54Z,2026-03-14T19:26:54Z,2026-03-14T19:21:55Z,6.342522754167082,19.78,,,,,,Cultivo 2,2026-03
{'$oid': '69b5b8d7b2147717dbde6da7'},2026-03-14 19:28:36+00:00,2026-03-14T19:35:14Z,4.0,24.6,60.65,81.0252657047304,2026-03-14T19:36:55Z,2026-03-14T19:36:55Z,2026-03-14T19:35:14Z,6.0629001652330805,17.439999999999998,,,,,,Cultivo 2,2026-03
{'$oid': '69b5bb2fb2147717dbde6da8'},2026-03-14 19:41:54+00:00,2026-03-14T19:41:54Z,2.0,24.1,64.0,43.4,2026-03-14T19:46:55Z,2026-03-14T19:46:55Z,2026-03-14T19:41:54Z,6.358990124791046,17.81,,,,,1.7251552695099202,Cultivo 2,2026-03
{'$oid': '69b5bd87b2147717dbde6da9'},2026-03-14 19:48:34+00:00,2026-03-14T19:55:15Z,4.0,24.299999999999997,64.4,42.3,2026-03-14T19:56:55Z,2026-03-14T19:56:55Z,2026-03-14T19:55:15Z,6.373634095124366,17.92,,,,,,Cultivo 2,2026-03
{'$oid': '69b5c93fb2147717dbde6daa'},2026-03-14 20:44:05+00:00,2026-03-14T20:44:05Z,2.0,24.7,61.9,44.8,2026-03-14T20:46:55Z,2026-03-14T20:46:55Z,2026-03-14T20:44:05Z,6.304325168996494,17.56,,,,,,Cultivo 2,2026-03
{'$oid': '69b5cb98b2147717dbde6dab'},2026-03-14 20:50:45+00:00,2026-03-14T20:50:45Z,2.0,25.8,57.1,44.2,2026-03-14T20:56:56Z,2026-03-14T20:56:56Z,2026-03-14T20:50:45Z,6.212677126993291,17.81,,,,,,Cultivo 2,2026-03
{'$oid': '69b5cdf0b2147717dbde6dac'},2026-03-14 20:57:25+00:00,2026-03-14T21:04:05Z,4.0,27.0,56.3,43.4,2026-03-14T21:06:56Z,2026-03-14T21:06:56Z,2026-03-14T21:04:05Z,6.0762016390303675,18.185,,,,,,Cultivo 2,2026-03
{'$oid': '69b5d048b2147717dbde6dad'},2026-03-14 21:10:46+00:00,2026-03-14T21:10:46Z,2.0,27.4,49.3,41.8,2026-03-14T21:16:56Z,2026-03-14T21:16:56Z,2026-03-14T21:10:46Z,6.034982619826047,18.44,,,,,,Cultivo 2,2026-03
{'$oid': '69b5d2a0b2147717dbde6dae'},2026-03-14 21:17:26+00:00,2026-03-14T21:24:05Z,4.0,26.85,49.95,40.650000000000006,2026-03-14T21:26:56Z,2026-03-14T21:26:56Z,2026-03-14T21:24:05Z,6.344614533549729,18.88,,,,,,Cultivo 2,2026-03
{'$oid': '69b5d4f8b2147717dbde6daf'},2026-03-14 21:30:45+00:00,2026-03-14T21:30:45Z,2.0,24.5,55.2,39.5,2026-03-14T21:36:56Z,2026-03-14T21:36:56Z,2026-03-14T21:30:45Z,6.152073103350129,18.75,,,,,,Cultivo 2,2026-03
{'$oid': '69b5d750b2147717dbde6db0'},2026-03-14 21:37:26+00:00,2026-03-14T21:44:05Z,4.0,22.8,60.65,42.150000000000006,2026-03-14T21:46:56Z,2026-03-14T21:46:56Z,2026-03-14T21:44:05Z,6.29511848429116,18.75,,,,,,Cultivo 2,2026-03
{'$oid': '69b5d9a8b2147717dbde6db1'},2026-03-14 21:50:45+00:00,2026-03-14T21:50:45Z,2.0,21.8,64.7,47.3,2026-03-14T21:56:56Z,2026-03-14T21:56:56Z,2026-03-14T21:50:45Z,6.223775783877773,18.75,,,,,,Cultivo 2,2026-03
{'$oid': '69b5dc00b2147717dbde6db2'},2026-03-14 21:57:25+00:00,2026-03-14T22:04:06Z,4.0,21.2,66.65,45.7,2026-03-14T22:06:56Z,2026-03-14T22:06:56Z,2026-03-14T22:04:06Z,6.3474479998453015,18.75,,,,,,Cultivo 2,2026-03
{'$oid': '69b5de58b2147717dbde6db3'},2026-03-14 22:10:46+00:00,2026-03-14T22:10:46Z,2.0,20.3,70.0,45.0,2026-03-14T22:16:56Z,2026-03-14T22:16:56Z,2026-03-14T22:10:46Z,6.395284885681776,18.75,,,,,,Cultivo 2,2026-03
{'$oid': '69b5e0b0b2147717dbde6db4'},2026-03-14 22:17:25+00:00,2026-03-14T22:24:06Z,4.0,20.2,71.05,43.45,2026-03-14T22:26:56Z,2026-03-14T22:26:56Z,2026-03-14T22:24:06Z,6.327128877738987,18.75,,,,,,Cultivo 2,2026-03
{'$oid': '69b5e308b2147717dbde6db5'},2026-03-14 22:30:45+00:00,2026-03-14T22:30:45Z,2.0,21.5,70.5,41.7,2026-03-14T22:36:56Z,2026-03-14T22:36:56Z,2026-03-14T22:30:45Z,6.350139978666486,18.75,,,,,,Cultivo 2,2026-03
{'$oid': '69b5e561b2147717dbde6db6'},2026-03-14 22:37:25+00:00,2026-03-14T22:44:05Z,4.0,21.75,70.15,40.7,2026-03-14T22:46:57Z,2026-03-14T22:46:57Z,2026-03-14T22:44:05Z,6.1154309334439,18.75,,,,,,Cultivo 2,2026-03
{'$oid': '69b5e7b9b2147717dbde6db7'},2026-03-14 22:50:45+00:00,2026-03-14T22:50:45Z,2.0,22.0,69.3,39.9,2026-03-14T22:56:57Z,2026-03-14T22:56:57Z,2026-03-14T22:50:45Z,6.267749224813627,18.75,,,,,,Cultivo 2,2026-03
{'$oid': '69b5ea11b2147717dbde6db8'},2026-03-14 22:57:26+00:00,2026-03-14T23:04:06Z,4.0,21.549999999999997,70.4,39.15,2026-03-14T23:06:57Z,2026-03-14T23:06:57Z,2026-03-14T23:04:06Z,6.182868072264375,18.75,,,,,,Cultivo 2,2026-03
{'$oid': '69b5ec69b2147717dbde6db9'},2026-03-14 23:10:46+00:00,2026-03-14T23:10:46Z,2.0,20.2,72.9,38.6,2026-03-14T23:16:57Z,2026-03-14T23:16:57Z,2026-03-14T23:10:46Z,6.193712599560958,18.75,,,,,,Cultivo 2,2026-03
{'$oid': '69b5eec1b2147717dbde6dba'},2026-03-14 23:17:27+00:00,2026-03-14T23:24:07Z,4.0,19.15,75.65,38.25,2026-03-14T23:26:57Z,2026-03-14T23:26:57Z,2026-03-14T23:24:07Z,6.185316427028017,18.75,,,,,,Cultivo 2,2026-03
{'$oid': '69b5f119b2147717dbde6dbb'},2026-03-14 23:30:46+00:00,2026-03-14T23:30:46Z,2.0,18.3,77.7,37.9,2026-03-14T23:36:57Z,2026-03-14T23:36:57Z,2026-03-14T23:30:46Z,6.378625475222657,18.75,,,,,,Cultivo 2,2026-03
{'$oid': '69b5f371b2147717dbde6dbc'},2026-03-14 23:37:27+00:00,2026-03-14T23:44:06Z,4.0,17.75,79.0,37.6,2026-03-14T23:46:57Z,2026-03-14T23:46:57Z,2026-03-14T23:44:06Z,6.297890420574156,18.75,,,,,,Cultivo 2,2026-03
{'$oid': '69b5f5c9b2147717dbde6dbd'},2026-03-14 23:50:47+00:00,2026-03-14T23:50:47Z,2.0,17.2,79.8,37.4,2026-03-14T23:56:57Z,2026-03-14T23:56:57Z,2026-03-14T23:50:47Z,6.402852773840303,18.75,,,,,,Cultivo 2,2026-03
{'$oid': '69b5f821b2147717dbde6dbe'},2026-03-14 23:57:26+00:00,2026-03-15T00:04:07Z,4.0,17.0,80.85,37.25,2026-03-15T00:06:57Z,2026-03-15T00:06:57Z,2026-03-15T00:04:07Z,6.328777411544788,18.75,,,,,,Cultivo 2,2026-03
{'$oid': '69b5fa7ab2147717dbde6dbf'},2026-03-15 00:10:46+00:00,2026-03-15T00:10:46Z,2.0,16.9,81.3,37.1,2026-03-15T00:16:58Z,2026-03-15T00:16:58Z,2026-03-15T00:10:46Z,6.261079717479608,18.75,,,,,,Cultivo 2,2026-03
{'$oid': '69b5fcd2b2147717dbde6dc0'},2026-03-15 00:17:26+00:00,2026-03-15T00:24:14Z,6.0,16.833333333333332,81.3,36.93333333333333,2026-03-15T00:26:58Z,2026-03-15T00:26:58Z,2026-03-15T00:24:14Z,6.3435802776018155,18.75,,,,,,Cultivo 2,2026-03
{'$oid': '69b5ff2ab2147717dbde6dc1'},2026-03-15 00:30:46+00:00,2026-03-15T00:30:46Z,2.0,16.8,81.6,36.8,2026-03-15T00:36:58Z,2026-03-15T00:36:58Z,2026-03-15T00:30:46Z,6.227825475029943,18.75,,,,,,Cultivo 2,2026-03
{'$oid': '69b60182b2147717dbde6dc2'},2026-03-15 00:37:26+00:00,2026-03-15T00:44:07Z,4.0,16.55,81.7,36.75,2026-03-15T00:46:58Z,2026-03-15T00:46:58Z,2026-03-15T00:44:07Z,6.320590206234128,18.75,,,,,,Cultivo 2,2026-03
{'$oid': '69b603dab2147717dbde6dc3'},2026-03-15 00:50:48+00:00,2026-03-15T00:50:48Z,2.0,16.3,81.8,36.6,2026-03-15T00:56:58Z,2026-03-15T00:56:58Z,2026-03-15T00:50:48Z,6.344138949236767,18.75,,,,,,Cultivo 2,2026-03
{'$oid': '69b60632b2147717dbde6dc4'},2026-03-15 00:57:28+00:00,2026-03-15T01:04:08Z,6.0,16.233333333333334,82.13333333333333,36.5,2026-03-15T01:06:58Z,2026-03-15T01:06:58Z,2026-03-15T01:04:08Z,6.308930999397181,18.75,,,,,,Cultivo 2,2026-03
{'$oid': '69b6088ab2147717dbde6dc5'},2026-03-15 01:10:49+00:00,2026-03-15T01:10:49Z,2.0,16.0,82.3,36.4,2026-03-15T01:16:58Z,2026-03-15T01:16:58Z,2026-03-15T01:10:49Z,6.137327909510379,14.12,,,,,,Cultivo 2,2026-03
{'$oid': '69b60ae2b2147717dbde6dc6'},2026-03-15 01:17:28+00:00,2026-03-15T01:24:08Z,6.0,15.766666666666667,82.46666666666667,36.36666666666667,2026-03-15T01:26:58Z,2026-03-15T01:26:58Z,2026-03-15T01:24:08Z,6.405874946700731,14.02,,,,,,Cultivo 2,2026-03
{'$oid': '69b60d3ab2147717dbde6dc7'},2026-03-15 01:30:47+00:00,2026-03-15T01:30:47Z,2.0,15.6,82.9,36.3,2026-03-15T01:36:58Z,2026-03-15T01:36:58Z,2026-03-15T01:30:47Z,6.373757033984533,13.81,,,,,,Cultivo 2,2026-03
{'$oid': '69b60f92b2147717dbde6dc8'},2026-03-15 01:37:28+00:00,2026-03-15T01:44:06Z,4.0,15.6,83.0,36.25,2026-03-15T01:46:58Z,2026-03-15T01:46:58Z,2026-03-15T01:44:06Z,6.383291889789842,13.655,,,,,,Cultivo 2,2026-03
{'$oid': '69b611eab2147717dbde6dc9'},2026-03-15 01:50:48+00:00,2026-03-15T01:50:48Z,2.0,15.5,83.4,36.2,2026-03-15T01:56:58Z,2026-03-15T01:56:58Z,2026-03-15T01:50:48Z,6.437473612401576,13.5,,,,,,Cultivo 2,2026-03
{'$oid': '69b61443b2147717dbde6dca'},2026-03-15 01:57:28+00:00,2026-03-15T02:04:06Z,4.0,15.45,82.85,36.1,2026-03-15T02:06:59Z,2026-03-15T02:06:59Z,2026-03-15T02:04:06Z,6.48642014626475,13.41,,,,,,Cultivo 2,2026-03
{'$oid': '69b6169bb2147717dbde6dcb'},2026-03-15 02:10:48+00:00,2026-03-15T02:10:48Z,2.0,15.2,82.5,36.1,2026-03-15T02:16:59Z,2026-03-15T02:16:59Z,2026-03-15T02:10:48Z,6.209128305483939,13.31,,,,,,Cultivo 2,2026-03
{'$oid': '69b618f3b2147717dbde6dcc'},2026-03-15 02:17:26+00:00,2026-03-15T02:24:07Z,4.0,15.0,82.6,36.0,2026-03-15T02:26:59Z,2026-03-15T02:26:59Z,2026-03-15T02:24:07Z,6.207250915685732,13.125,,,,,,Cultivo 2,2026-03
{'$oid': '69b61b4bb2147717dbde6dcd'},2026-03-15 02:30:48+00:00,2026-03-15T02:30:48Z,2.0,14.8,82.3,36.0,2026-03-15T02:36:59Z,2026-03-15T02:36:59Z,2026-03-15T02:30:48Z,6.251948287929751,12.94,,,,,,Cultivo 2,2026-03
{'$oid': '69b61da3b2147717dbde6dce'},2026-03-15 02:37:28+00:00,2026-03-15T02:44:06Z,4.0,14.55,82.55,35.95,2026-03-15T02:46:59Z,2026-03-15T02:46:59Z,2026-03-15T02:44:06Z,6.306864469506132,12.780000000000001,,,,,,Cultivo 2,2026-03
{'$oid': '69b61ffbb2147717dbde6dcf'},2026-03-15 02:50:47+00:00,2026-03-15T02:50:47Z,2.0,14.6,82.7,35.9,2026-03-15T02:56:59Z,2026-03-15T02:56:59Z,2026-03-15T02:50:47Z,6.151856122982076,12.69,,,,,,Cultivo 2,2026-03
{'$oid': '69b62253b2147717dbde6dd0'},2026-03-15 02:57:26+00:00,2026-03-15T03:04:06Z,4.0,14.5,82.7,35.849999999999994,2026-03-15T03:06:59Z,2026-03-15T03:06:59Z,2026-03-15T03:04:06Z,6.3946778853143424,12.530000000000001,,,,,,Cultivo 2,2026-03
{'$oid': '69b624abb2147717dbde6dd1'},2026-03-15 03:10:48+00:00,2026-03-15T03:10:48Z,2.0,14.5,82.9,35.8,2026-03-15T03:16:59Z,2026-03-15T03:16:59Z,2026-03-15T03:10:48Z,6.500819631907594,12.44,,,,,,Cultivo 2,2026-03
{'$oid': '69b62704b2147717dbde6dd2'},2026-03-15 03:17:28+00:00,2026-03-15T03:24:06Z,4.0,14.75,83.2,35.8,2026-03-15T03:27:00Z,2026-03-15T03:27:00Z,2026-03-15T03:24:06Z,6.246658816778569,12.38,,,,,,Cultivo 2,2026-03
{'$oid': '69b6295cb2147717dbde6dd3'},2026-03-15 03:30:46+00:00,2026-03-15T03:30:46Z,2.0,14.8,82.9,35.8,2026-03-15T03:37:00Z,2026-03-15T03:37:00Z,2026-03-15T03:30:46Z,6.169401054125742,12.31,,,,,,Cultivo 2,2026-03
{'$oid': '69b62bb4b2147717dbde6dd4'},2026-03-15 03:37:27+00:00,2026-03-15T03:44:06Z,4.0,14.649999999999999,82.69999999999999,35.7,2026-03-15T03:47:00Z,2026-03-15T03:47:00Z,2026-03-15T03:44:06Z,6.359584020218964,12.280000000000001,,,,,,Cultivo 2,2026-03
{'$oid': '69b62e0cb2147717dbde6dd5'},2026-03-15 03:50:46+00:00,2026-03-15T03:50:46Z,2.0,14.3,82.4,35.7,2026-03-15T03:57:00Z,2026-03-15T03:57:00Z,2026-03-15T03:50:46Z,6.362584703231378,12.12,,,,,,Cultivo 2,2026-03
{'$oid': '69b63064b2147717dbde6dd6'},2026-03-15 03:57:27+00:00,2026-03-15T04:04:07Z,4.0,14.1,82.4,35.7,2026-03-15T04:07:00Z,2026-03-15T04:07:00Z,2026-03-15T04:04:07Z,6.327149722058983,12.0,,,,,,Cultivo 2,2026-03
{'$oid': '69b632bcb2147717dbde6dd7'},2026-03-15 04:10:46+00:00,2026-03-15T04:10:46Z,2.0,13.9,82.3,35.6,2026-03-15T04:17:00Z,2026-03-15T04:17:00Z,2026-03-15T04:10:46Z,6.488122581729747,11.88,,,,,,Cultivo 2,2026-03
{'$oid': '69b63514b2147717dbde6dd8'},2026-03-15 04:17:26+00:00,2026-03-15T04:24:06Z,4.0,13.7,82.45,35.6,2026-03-15T04:27:00Z,2026-03-15T04:27:00Z,2026-03-15T04:24:06Z,6.313741638055577,11.719999999999999,,,,,,Cultivo 2,2026-03
{'$oid': '69b6376cb2147717dbde6dd9'},2026-03-15 04:30:46+00:00,2026-03-15T04:30:46Z,2.0,13.6,82.4,35.6,2026-03-15T04:37:00Z,2026-03-15T04:37:00Z,2026-03-15T04:30:46Z,6.339832488673133,11.62,,,,,,Cultivo 2,2026-03
{'$oid': '69b639c4b2147717dbde6dda'},2026-03-15 04:37:26+00:00,2026-03-15T04:44:06Z,4.0,13.6,82.65,35.6,2026-03-15T04:47:00Z,2026-03-15T04:47:00Z,2026-03-15T04:44:06Z,6.563730446764724,11.469999999999999,,,,,,Cultivo 2,2026-03
{'$oid': '69b63c1cb2147717dbde6ddb'},2026-03-15 04:50:46+00:00,2026-03-15T04:50:46Z,2.0,13.7,82.9,35.5,2026-03-15T04:57:00Z,2026-03-15T04:57:00Z,2026-03-15T04:50:46Z,6.294447108088468,11.38,,,,,,Cultivo 2,2026-03
{'$oid': '69b63e74b2147717dbde6ddc'},2026-03-15 04:57:26+00:00,2026-03-15T05:04:06Z,4.0,13.9,83.25,35.5,2026-03-15T05:07:00Z,2026-03-15T05:07:00Z,2026-03-15T05:04:06Z,6.3302360293150945,11.38,,,,,,Cultivo 2,2026-03
{'$oid': '69b640cdb2147717dbde6ddd'},2026-03-15 05:10:46+00:00,2026-03-15T05:10:46Z,2.0,14.1,83.0,35.5,2026-03-15T05:17:01Z,2026-03-15T05:17:01Z,2026-03-15T05:10:46Z,6.2014723223926564,11.31,,,,,,Cultivo 2,2026-03
{'$oid': '69b64325b2147717dbde6dde'},2026-03-15 05:17:26+00:00,2026-03-15T05:24:06Z,4.0,14.05,82.65,35.5,2026-03-15T05:27:01Z,2026-03-15T05:27:01Z,2026-03-15T05:24:06Z,6.247201482324988,11.280000000000001,,,,,,Cultivo 2,2026-03
{'$oid': '69b6457db2147717dbde6ddf'},2026-03-15 05:30:46+00:00,2026-03-15T05:30:46Z,2.0,14.0,82.7,35.5,2026-03-15T05:37:01Z,2026-03-15T05:37:01Z,2026-03-15T05:30:46Z,6.446907910582686,11.25,,,,,,Cultivo 2,2026-03
{'$oid': '69b647d5b2147717dbde6de0'},2026-03-15 05:37:26+00:00,2026-03-15T05:44:06Z,4.0,14.05,82.85,35.5,2026-03-15T05:47:01Z,2026-03-15T05:47:01Z,2026-03-15T05:44:06Z,6.560629824053868,11.219999999999999,,,,,,Cultivo 2,2026-03
{'$oid': '69b64a2db2147717dbde6de1'},2026-03-15 05:50:46+00:00,2026-03-15T05:50:46Z,2.0,14.3,82.8,35.5,2026-03-15T05:57:01Z,2026-03-15T05:57:01Z,2026-03-15T05:50:46Z,6.505366808226149,11.19,,,,,,Cultivo 2,2026-03
{'$oid': '69b64c85b2147717dbde6de2'},2026-03-15 05:57:28+00:00,2026-03-15T06:04:06Z,4.0,14.25,82.6,35.5,2026-03-15T06:07:01Z,2026-03-15T06:07:01Z,2026-03-15T06:04:06Z,6.532356202848217,11.219999999999999,,,,,,Cultivo 2,2026-03
{'$oid': '69b64eddb2147717dbde6de3'},2026-03-15 06:10:46+00:00,2026-03-15T06:10:46Z,2.0,14.3,82.4,35.5,2026-03-15T06:17:01Z,2026-03-15T06:17:01Z,2026-03-15T06:10:46Z,6.18826122056123,11.19,,,,,,Cultivo 2,2026-03
{'$oid': '69b65135b2147717dbde6de4'},2026-03-15 06:17:26+00:00,2026-03-15T06:24:06Z,4.0,14.350000000000001,82.8,35.4,2026-03-15T06:27:01Z,2026-03-15T06:27:01Z,2026-03-15T06:24:06Z,6.4415029160098065,11.219999999999999,,,,,,Cultivo 2,2026-03
{'$oid': '69b6538db2147717dbde6de5'},2026-03-15 06:30:46+00:00,2026-03-15T06:30:46Z,2.0,14.5,82.8,35.4,2026-03-15T06:37:01Z,2026-03-15T06:37:01Z,2026-03-15T06:30:46Z,6.276833019487693,11.25,,,,,,Cultivo 2,2026-03
{'$oid': '69b655e6b2147717dbde6de6'},2026-03-15 06:37:26+00:00,2026-03-15T06:44:06Z,4.0,14.4,82.6,35.4,2026-03-15T06:47:02Z,2026-03-15T06:47:02Z,2026-03-15T06:44:06Z,6.2213277719814375,11.219999999999999,,,,,,Cultivo 2,2026-03
{'$oid': '69b6583eb2147717dbde6de7'},2026-03-15 06:50:46+00:00,2026-03-15T06:50:46Z,2.0,14.4,82.5,35.4,2026-03-15T06:57:02Z,2026-03-15T06:57:02Z,2026-03-15T06:50:46Z,6.404080792494889,11.19,,,,,,Cultivo 2,2026-03
{'$oid': '69b65a96b2147717dbde6de8'},2026-03-15 06:57:26+00:00,2026-03-15T07:04:06Z,4.0,14.25,82.69999999999999,35.4,2026-03-15T07:07:02Z,2026-03-15T07:07:02Z,2026-03-15T07:04:06Z,6.546346476610147,11.19,,,,,,Cultivo 2,2026-03
{'$oid': '69b65ceeb2147717dbde6de9'},2026-03-15 07:10:46+00:00,2026-03-15T07:10:46Z,2.0,14.2,82.5,35.4,2026-03-15T07:17:02Z,2026-03-15T07:17:02Z,2026-03-15T07:10:46Z,6.472482169274681,11.19,,,,,,Cultivo 2,2026-03
{'$oid': '69b65f46b2147717dbde6dea'},2026-03-15 07:17:26+00:00,2026-03-15T07:24:06Z,4.0,13.9,82.5,35.3,2026-03-15T07:27:02Z,2026-03-15T07:27:02Z,2026-03-15T07:24:06Z,6.324148958834625,11.09,,,,,,Cultivo 2,2026-03
{'$oid': '69b6619eb2147717dbde6deb'},2026-03-15 07:30:46+00:00,2026-03-15T07:30:46Z,2.0,13.9,82.6,35.3,2026-03-15T07:37:02Z,2026-03-15T07:37:02Z,2026-03-15T07:30:46Z,6.335985908553777,11.06,,,,,,Cultivo 2,2026-03
{'$oid': '69b663f6b2147717dbde6dec'},2026-03-15 07:37:26+00:00,2026-03-15T07:44:06Z,4.0,13.9,82.6,35.3,2026-03-15T07:47:02Z,2026-03-15T07:47:02Z,2026-03-15T07:44:06Z,6.426521639824854,11.0,,,,,,Cultivo 2,2026-03
{'$oid': '69b6664eb2147717dbde6ded'},2026-03-15 07:50:46+00:00,2026-03-15T07:50:46Z,2.0,14.0,82.4,35.3,2026-03-15T07:57:02Z,2026-03-15T07:57:02Z,2026-03-15T07:50:46Z,6.342785976897158,11.0,,,,,,Cultivo 2,2026-03
{'$oid': '69b668a6b2147717dbde6dee'},2026-03-15 07:57:26+00:00,2026-03-15T08:04:06Z,4.0,14.05,82.45,35.3,2026-03-15T08:07:02Z,2026-03-15T08:07:02Z,2026-03-15T08:04:06Z,6.333383160106728,11.0,,,,,,Cultivo 2,2026-03
{'$oid': '69b66afeb2147717dbde6def'},2026-03-15 08:10:46+00:00,2026-03-15T08:10:46Z,2.0,14.0,82.2,35.3,2026-03-15T08:17:02Z,2026-03-15T08:17:02Z,2026-03-15T08:10:46Z,6.319771142569914,10.94,,,,,,Cultivo 2,2026-03
{'$oid': '69b66d56b2147717dbde6df0'},2026-03-15 08:17:26+00:00,2026-03-15T08:24:06Z,4.0,13.95,82.05,35.3,2026-03-15T08:27:02Z,2026-03-15T08:27:02Z,2026-03-15T08:24:06Z,6.2654021644197,10.94,,,,,,Cultivo 2,2026-03
{'$oid': '69b66faeb2147717dbde6df1'},2026-03-15 08:30:46+00:00,2026-03-15T08:30:46Z,2.0,13.8,82.0,35.3,2026-03-15T08:37:02Z,2026-03-15T08:37:02Z,2026-03-15T08:30:46Z,6.542895466029967,10.88,,,,,,Cultivo 2,2026-03
{'$oid': '69b67207b2147717dbde6df2'},2026-03-15 08:37:26+00:00,2026-03-15T08:44:06Z,4.0,13.7,81.8,35.3,2026-03-15T08:47:03Z,2026-03-15T08:47:03Z,2026-03-15T08:44:06Z,6.218707469990989,10.845,,,,,,Cultivo 2,2026-03
{'$oid': '69b6745fb2147717dbde6df3'},2026-03-15 08:50:46+00:00,2026-03-15T08:50:46Z,2.0,13.7,82.1,35.3,2026-03-15T08:57:03Z,2026-03-15T08:57:03Z,2026-03-15T08:50:46Z,6.272467610702883,10.81,,,,,,Cultivo 2,2026-03
{'$oid': '69b676b7b2147717dbde6df4'},2026-03-15 08:57:26+00:00,2026-03-15T09:04:06Z,4.0,13.75,81.95,35.2,2026-03-15T09:07:03Z,2026-03-15T09:07:03Z,2026-03-15T09:04:06Z,6.492651797433763,10.75,,,,,,Cultivo 2,2026-03
{'$oid': '69b6790fb2147717dbde6df5'},2026-03-15 09:10:46+00:00,2026-03-15T09:10:46Z,2.0,13.7,81.9,35.2,2026-03-15T09:17:03Z,2026-03-15T09:17:03Z,2026-03-15T09:10:46Z,6.275221891936782,10.75,,,,,,Cultivo 2,2026-03
{'$oid': '69b67b67b2147717dbde6df6'},2026-03-15 09:17:26+00:00,2026-03-15T09:24:06Z,4.0,13.7,81.95,35.2,2026-03-15T09:27:03Z,2026-03-15T09:27:03Z,2026-03-15T09:24:06Z,6.213570022396245,10.69,,,,,,Cultivo 2,2026-03
{'$oid': '69b67dbfb2147717dbde6df7'},2026-03-15 09:30:46+00:00,2026-03-15T09:30:46Z,2.0,13.6,81.9,35.2,2026-03-15T09:37:03Z,2026-03-15T09:37:03Z,2026-03-15T09:30:46Z,6.493205700375018,10.62,,,,,,Cultivo 2,2026-03
{'$oid': '69b68017b2147717dbde6df8'},2026-03-15 09:37:26+00:00,2026-03-15T09:44:06Z,4.0,13.7,82.05,35.2,2026-03-15T09:47:03Z,2026-03-15T09:47:03Z,2026-03-15T09:44:06Z,6.3191999495309465,10.62,,,,,,Cultivo 2,2026-03
{'$oid': '69b6826fb2147717dbde6df9'},2026-03-15 09:50:46+00:00,2026-03-15T09:50:46Z,2.0,13.7,82.3,35.2,2026-03-15T09:57:03Z,2026-03-15T09:57:03Z,2026-03-15T09:50:46Z,6.317333311475836,10.62,,,,,,Cultivo 2,2026-03
{'$oid': '69b684c7b2147717dbde6dfa'},2026-03-15 09:57:26+00:00,2026-03-15T10:04:06Z,4.0,13.8,82.30000000000001,35.2,2026-03-15T10:07:03Z,2026-03-15T10:07:03Z,2026-03-15T10:04:06Z,6.210020237246666,10.62,,,,,,Cultivo 2,2026-03
{'$oid': '69b6871fb2147717dbde6dfb'},2026-03-15 10:10:46+00:00,2026-03-15T10:10:46Z,2.0,13.9,82.1,35.2,2026-03-15T10:17:03Z,2026-03-15T10:17:03Z,2026-03-15T10:10:46Z,6.279700526300753,10.62,,,,,,Cultivo 2,2026-03
{'$oid': '69b68978b2147717dbde6dfc'},2026-03-15 10:17:26+00:00,2026-03-15T10:24:06Z,4.0,13.9,82.19999999999999,35.2,2026-03-15T10:27:04Z,2026-03-15T10:27:04Z,2026-03-15T10:24:06Z,6.376810287988895,10.62,,,,,,Cultivo 2,2026-03
{'$oid': '69b68bd0b2147717dbde6dfd'},2026-03-15 10:30:46+00:00,2026-03-15T10:30:46Z,2.0,14.0,82.3,35.2,2026-03-15T10:37:04Z,2026-03-15T10:37:04Z,2026-03-15T10:30:46Z,6.569222097099785,10.62,,,,,,Cultivo 2,2026-03
{'$oid': '69b68e28b2147717dbde6dfe'},2026-03-15 10:37:26+00:00,2026-03-15T10:44:06Z,4.0,14.0,82.2,35.2,2026-03-15T10:47:04Z,2026-03-15T10:47:04Z,2026-03-15T10:44:06Z,6.325760795673941,10.62,,,,,,Cultivo 2,2026-03
{'$oid': '69b69080b2147717dbde6dff'},2026-03-15 10:50:46+00:00,2026-03-15T10:50:46Z,2.0,13.9,82.0,35.2,2026-03-15T10:57:04Z,2026-03-15T10:57:04Z,2026-03-15T10:50:46Z,6.253271359795423,10.62,,,,,,Cultivo 2,2026-03
{'$oid': '69b692d8b2147717dbde6e00'},2026-03-15 10:57:26+00:00,2026-03-15T11:04:09Z,4.0,13.850000000000001,82.44999999999999,35.1,2026-03-15T11:07:04Z,2026-03-15T11:07:04Z,2026-03-15T11:04:09Z,6.516314208629314,10.62,,,,,,Cultivo 2,2026-03
{'$oid': '69b69530b2147717dbde6e01'},2026-03-15 11:10:46+00:00,2026-03-15T11:10:46Z,2.0,13.9,82.7,35.2,2026-03-15T11:17:04Z,2026-03-15T11:17:04Z,2026-03-15T11:10:46Z,6.283483988285346,10.62,,,,,,Cultivo 2,2026-03
{'$oid': '69b69788b2147717dbde6e02'},2026-03-15 11:17:26+00:00,2026-03-15T11:24:07Z,4.0,13.7,82.1,35.150000000000006,2026-03-15T11:27:04Z,2026-03-15T11:27:04Z,2026-03-15T11:24:07Z,6.561137303986583,10.62,,,,,,Cultivo 2,2026-03
{'$oid': '69b699e0b2147717dbde6e03'},2026-03-15 11:30:47+00:00,2026-03-15T11:30:47Z,2.0,13.5,81.7,35.1,2026-03-15T11:37:04Z,2026-03-15T11:37:04Z,2026-03-15T11:30:47Z,6.463185056423145,10.5,,,,,,Cultivo 2,2026-03
{'$oid': '69b69c39b2147717dbde6e04'},2026-03-15 11:37:27+00:00,2026-03-15T11:44:06Z,4.0,13.75,81.75,35.1,2026-03-15T11:47:05Z,2026-03-15T11:47:05Z,2026-03-15T11:44:06Z,6.2325361330072155,10.5,,,,,,Cultivo 2,2026-03
{'$oid': '69b69e91b2147717dbde6e05'},2026-03-15 11:50:47+00:00,2026-03-15T11:50:47Z,2.0,14.2,81.1,35.1,2026-03-15T11:57:05Z,2026-03-15T11:57:05Z,2026-03-15T11:50:47Z,6.254648423395676,10.56,,,,,,Cultivo 2,2026-03
{'$oid': '69b6a0e9b2147717dbde6e06'},2026-03-15 11:57:27+00:00,2026-03-15T12:04:07Z,4.0,14.8,80.1,35.1,2026-03-15T12:07:05Z,2026-03-15T12:07:05Z,2026-03-15T12:04:07Z,6.278278186810662,10.75,,,,,,Cultivo 2,2026-03
{'$oid': '69b6a341b2147717dbde6e07'},2026-03-15 12:10:46+00:00,2026-03-15T12:10:46Z,2.0,15.2,79.5,35.1,2026-03-15T12:17:05Z,2026-03-15T12:17:05Z,2026-03-15T12:10:46Z,6.394661401109679,10.88,,,,,,Cultivo 2,2026-03
{'$oid': '69b6a599b2147717dbde6e08'},2026-03-15 12:17:26+00:00,2026-03-15T12:24:07Z,4.0,15.8,78.4,35.1,2026-03-15T12:27:05Z,2026-03-15T12:27:05Z,2026-03-15T12:24:07Z,6.350367169758749,11.094999999999999,,,,,,Cultivo 2,2026-03
{'$oid': '69b6a7f1b2147717dbde6e09'},2026-03-15 12:30:46+00:00,2026-03-15T12:30:46Z,2.0,16.2,78.2,35.1,2026-03-15T12:37:05Z,2026-03-15T12:37:05Z,2026-03-15T12:30:46Z,6.412583445129291,11.31,,,,,,Cultivo 2,2026-03
{'$oid': '69b6aa49b2147717dbde6e0a'},2026-03-15 12:37:26+00:00,2026-03-15T12:44:08Z,4.0,16.5,76.85,35.1,2026-03-15T12:47:05Z,2026-03-15T12:47:05Z,2026-03-15T12:44:08Z,6.352780755608633,11.5,,,,,,Cultivo 2,2026-03
{'$oid': '69b6aca1b2147717dbde6e0b'},2026-03-15 12:50:48+00:00,2026-03-15T12:50:48Z,2.0,16.9,75.2,35.1,2026-03-15T12:57:05Z,2026-03-15T12:57:05Z,2026-03-15T12:50:48Z,6.461749417477166,11.69,,,,,,Cultivo 2,2026-03
{'$oid': '69b6aef9b2147717dbde6e0c'},2026-03-15 12:57:27+00:00,2026-03-15T13:04:07Z,4.0,17.45,73.80000000000001,35.1,2026-03-15T13:07:05Z,2026-03-15T13:07:05Z,2026-03-15T13:04:07Z,6.192204243537466,11.875,,,,,,Cultivo 2,2026-03
{'$oid': '69b6b151b2147717dbde6e0d'},2026-03-15 13:10:47+00:00,2026-03-15T13:10:47Z,2.0,18.2,72.9,38.2,2026-03-15T13:17:05Z,2026-03-15T13:17:05Z,2026-03-15T13:10:47Z,6.158836549792534,15.25,,,,,,Cultivo 2,2026-03
{'$oid': '69b6b3a9b2147717dbde6e0e'},2026-03-15 13:17:27+00:00,2026-03-15T13:24:07Z,4.0,18.700000000000003,71.85,40.5,2026-03-15T13:27:05Z,2026-03-15T13:27:05Z,2026-03-15T13:24:07Z,6.385017605104695,15.125,,,,,,Cultivo 2,2026-03
{'$oid': '69b6b601b2147717dbde6e0f'},2026-03-15 13:30:47+00:00,2026-03-15T13:30:47Z,2.0,19.1,70.9,39.7,2026-03-15T13:37:05Z,2026-03-15T13:37:05Z,2026-03-15T13:30:47Z,6.439120129478509,14.88,,,,,,Cultivo 2,2026-03
{'$oid': '69b6b85ab2147717dbde6e10'},2026-03-15 13:37:27+00:00,2026-03-15T13:44:07Z,4.0,19.9,69.2,39.6,2026-03-15T13:47:06Z,2026-03-15T13:47:06Z,2026-03-15T13:44:07Z,6.363911604959861,14.91,,,,,,Cultivo 2,2026-03
{'$oid': '69b6bab2b2147717dbde6e11'},2026-03-15 13:50:47+00:00,2026-03-15T13:50:47Z,2.0,20.9,66.9,39.5,2026-03-15T13:57:06Z,2026-03-15T13:57:06Z,2026-03-15T13:50:47Z,6.4610149213410395,15.0,,,,,,Cultivo 2,2026-03
{'$oid': '69b6bd0ab2147717dbde6e12'},2026-03-15 13:57:27+00:00,2026-03-15T14:04:08Z,4.0,21.15,65.15,39.45,2026-03-15T14:07:06Z,2026-03-15T14:07:06Z,2026-03-15T14:04:08Z,6.348670976313378,15.030000000000001,,,,,,Cultivo 2,2026-03
{'$oid': '69b6bf62b2147717dbde6e13'},2026-03-15 14:10:48+00:00,2026-03-15T14:10:48Z,2.0,21.6,65.8,39.2,2026-03-15T14:17:06Z,2026-03-15T14:17:06Z,2026-03-15T14:10:48Z,6.392303643914958,15.19,,,,,,Cultivo 2,2026-03
{'$oid': '69b6c1bab2147717dbde6e14'},2026-03-15 14:17:28+00:00,2026-03-15T14:24:07Z,4.0,23.1,63.45,44.05,2026-03-15T14:27:06Z,2026-03-15T14:27:06Z,2026-03-15T14:24:07Z,6.142275715710937,15.375,,,,,,Cultivo 2,2026-03
{'$oid': '69b6c412b2147717dbde6e15'},2026-03-15 14:30:49+00:00,2026-03-15T14:30:49Z,2.0,25.5,61.0,44.5,2026-03-15T14:37:06Z,2026-03-15T14:37:06Z,2026-03-15T14:30:49Z,6.111138260976652,15.75,,,,,,Cultivo 2,2026-03
{'$oid': '69b6c66ab2147717dbde6e16'},2026-03-15 14:37:27+00:00,2026-03-15T14:44:07Z,4.0,28.15,55.349999999999994,44.15,2026-03-15T14:47:06Z,2026-03-15T14:47:06Z,2026-03-15T14:44:07Z,6.26128529937044,16.5,,,,,,Cultivo 2,2026-03
{'$oid': '69b6c8c2b2147717dbde6e17'},2026-03-15 14:50:47+00:00,2026-03-15T14:50:47Z,2.0,34.1,50.0,43.5,2026-03-15T14:57:06Z,2026-03-15T14:57:06Z,2026-03-15T14:50:47Z,6.293368239858529,17.31,,,,,,Cultivo 2,2026-03
{'$oid': '69b6cb1ab2147717dbde6e18'},2026-03-15 14:57:27+00:00,2026-03-15T15:04:07Z,4.0,39.95,42.35,42.85,2026-03-15T15:07:06Z,2026-03-15T15:07:06Z,2026-03-15T15:04:07Z,6.205727241637664,18.535,,,,,,Cultivo 2,2026-03
{'$oid': '69b6cd73b2147717dbde6e19'},2026-03-15 15:10:47+00:00,2026-03-15T15:10:47Z,2.0,42.7,40.2,42.2,2026-03-15T15:17:07Z,2026-03-15T15:17:07Z,2026-03-15T15:10:47Z,6.378783061803929,19.69,,,,,,Cultivo 2,2026-03
{'$oid': '69b6cfcbb2147717dbde6e1a'},2026-03-15 15:17:27+00:00,2026-03-15T15:24:07Z,4.0,44.05,39.55,41.8,2026-03-15T15:27:07Z,2026-03-15T15:27:07Z,2026-03-15T15:24:07Z,6.001648492707502,20.715,,,,,,Cultivo 2,2026-03
{'$oid': '69b6d223b2147717dbde6e1b'},2026-03-15 15:30:47+00:00,2026-03-15T15:30:47Z,2.0,23.97756840921826,40.1,47.5,2026-03-15T15:37:07Z,2026-03-15T15:37:07Z,2026-03-15T15:30:47Z,6.189890307344445,16.06,,,,,,Cultivo 2,2026-03
{'$oid': '69b6d47bb2147717dbde6e1c'},2026-03-15 15:37:28+00:00,2026-03-15T15:44:07Z,4.0,32.71186963208473,36.95,47.95,2026-03-15T15:47:07Z,2026-03-15T15:47:07Z,2026-03-15T15:44:07Z,6.08166565776849,18.125,,,,,,Cultivo 2,2026-03
{'$oid': '69b6d6d3b2147717dbde6e1d'},2026-03-15 15:50:47+00:00,2026-03-15T15:50:47Z,2.0,21.848982916630252,36.8,47.1,2026-03-15T15:57:07Z,2026-03-15T15:57:07Z,2026-03-15T15:50:47Z,6.228443465419376,20.25,,,,,,Cultivo 2,2026-03
{'$oid': '69b6d92bb2147717dbde6e1e'},2026-03-15 15:57:27+00:00,2026-03-15T16:04:07Z,4.0,21.79092439803545,37.55,46.75,2026-03-15T16:07:07Z,2026-03-15T16:07:07Z,2026-03-15T16:04:07Z,6.189320080987799,21.814999999999998,,,,,,Cultivo 2,2026-03
{'$oid': '69b6db83b2147717dbde6e1f'},2026-03-15 16:10:51+00:00,2026-03-15T16:10:51Z,2.0,31.54080108386905,38.2,45.5,2026-03-15T16:17:07Z,2026-03-15T16:17:07Z,2026-03-15T16:10:51Z,6.2634935992684015,23.12,,,,,,Cultivo 2,2026-03
{'$oid': '69b6dddbb2147717dbde6e20'},2026-03-15 16:17:30+00:00,2026-03-15T16:24:07Z,4.0,24.499886426891294,36.95,44.6,2026-03-15T16:27:07Z,2026-03-15T16:27:07Z,2026-03-15T16:24:07Z,6.124686955794818,24.28,,,,,,Cultivo 2,2026-03
{'$oid': '69b6e034b2147717dbde6e21'},2026-03-15 16:30:47+00:00,2026-03-15T16:30:47Z,2.0,24.32869318929017,35.3,43.9,2026-03-15T16:37:08Z,2026-03-15T16:37:08Z,2026-03-15T16:30:47Z,6.259023106989552,25.38,,,,,,Cultivo 2,2026-03
{'$oid': '69b6e28cb2147717dbde6e22'},2026-03-15 16:37:27+00:00,2026-03-15T16:44:07Z,4.0,33.559894321234864,37.900000000000006,46.45,2026-03-15T16:47:08Z,2026-03-15T16:47:08Z,2026-03-15T16:44:07Z,6.338927881216028,21.595,,,,,,Cultivo 2,2026-03
{'$oid': '69b6e4e4b2147717dbde6e23'},2026-03-15 16:50:47+00:00,2026-03-15T16:50:47Z,2.0,44.8,37.6,54.5,2026-03-15T16:57:08Z,2026-03-15T16:57:08Z,2026-03-15T16:50:47Z,6.442649046139195,17.44,,,,,,Cultivo 2,2026-03
{'$oid': '69b6e73cb2147717dbde6e24'},2026-03-15 16:57:27+00:00,2026-03-15T17:04:07Z,4.0,44.1,34.3,52.25,2026-03-15T17:07:08Z,2026-03-15T17:07:08Z,2026-03-15T17:04:07Z,6.172135316620286,19.94,,,,,,Cultivo 2,2026-03
{'$oid': '69b6e994b2147717dbde6e25'},2026-03-15 17:10:47+00:00,2026-03-15T17:10:47Z,2.0,42.9,31.5,51.4,2026-03-15T17:17:08Z,2026-03-15T17:17:08Z,2026-03-15T17:10:47Z,6.141490413025629,21.19,,,,,,Cultivo 2,2026-03
{'$oid': '69b6ebecb2147717dbde6e26'},2026-03-15 17:17:27+00:00,2026-03-15T17:24:07Z,4.0,40.849999999999994,34.099999999999994,50.5,2026-03-15T17:27:08Z,2026-03-15T17:27:08Z,2026-03-15T17:24:07Z,6.101932516769373,22.03,,,,,,Cultivo 2,2026-03
{'$oid': '69b6ee44b2147717dbde6e27'},2026-03-15 17:30:47+00:00,2026-03-15T17:30:47Z,2.0,39.1,33.8,48.6,2026-03-15T17:37:08Z,2026-03-15T17:37:08Z,2026-03-15T17:30:47Z,5.9991690825391455,22.69,,,,,,Cultivo 2,2026-03
{'$oid': '69b6f09cb2147717dbde6e28'},2026-03-15 17:37:27+00:00,2026-03-15T17:44:07Z,4.0,37.65,32.75,47.7,2026-03-15T17:47:08Z,2026-03-15T17:47:08Z,2026-03-15T17:44:07Z,6.3091417016983,23.5,,,,,,Cultivo 2,2026-03
{'$oid': '69b6f2f4b2147717dbde6e29'},2026-03-15 17:50:47+00:00,2026-03-15T17:50:47Z,2.0,36.3,37.0,46.9,2026-03-15T17:57:08Z,2026-03-15T17:57:08Z,2026-03-15T17:50:47Z,5.979208796588019,24.38,,,,,,Cultivo 2,2026-03
{'$oid': '69b6f54cb2147717dbde6e2a'},2026-03-15 17:57:27+00:00,2026-03-15T18:04:07Z,4.0,35.4,35.9,47.099999999999994,2026-03-15T18:07:08Z,2026-03-15T18:07:08Z,2026-03-15T18:04:07Z,6.177282932967343,22.38,,,,,,Cultivo 2,2026-03
{'$oid': '69b6f7a5b2147717dbde6e2b'},2026-03-15 18:10:47+00:00,2026-03-15T18:10:47Z,2.0,34.2,38.6,57.3,2026-03-15T18:17:09Z,2026-03-15T18:17:09Z,2026-03-15T18:10:47Z,6.063377097202164,18.12,,,,,,Cultivo 2,2026-03
{'$oid': '69b6f9fdb2147717dbde6e2c'},2026-03-15 18:17:28+00:00,2026-03-15T18:24:07Z,4.0,32.05,37.95,59.150000000000006,2026-03-15T18:27:09Z,2026-03-15T18:27:09Z,2026-03-15T18:24:07Z,6.262346709982584,19.0,,,,,,Cultivo 2,2026-03
{'$oid': '69b6fc55b2147717dbde6e2d'},2026-03-15 18:30:48+00:00,2026-03-15T18:30:48Z,2.0,29.5,39.1,57.2,2026-03-15T18:37:09Z,2026-03-15T18:37:09Z,2026-03-15T18:30:48Z,6.358534018685126,19.5,,,,,,Cultivo 2,2026-03
{'$oid': '69b6feadb2147717dbde6e2e'},2026-03-15 18:37:28+00:00,2026-03-15T18:44:08Z,4.0,28.85,42.650000000000006,55.4,2026-03-15T18:47:09Z,2026-03-15T18:47:09Z,2026-03-15T18:44:08Z,6.307129776500295,19.785,,,,,,Cultivo 2,2026-03
{'$oid': '69b70105b2147717dbde6e2f'},2026-03-15 18:50:47+00:00,2026-03-15T18:50:47Z,2.0,31.5,38.5,53.8,2026-03-15T18:57:09Z,2026-03-15T18:57:09Z,2026-03-15T18:50:47Z,6.165410125530879,20.56,,,,,,Cultivo 2,2026-03
{'$oid': '69b7035db2147717dbde6e30'},2026-03-15 18:57:27+00:00,2026-03-15T19:04:08Z,4.0,30.9,37.0,52.349999999999994,2026-03-15T19:07:09Z,2026-03-15T19:07:09Z,2026-03-15T19:04:08Z,6.188324226832287,20.88,,,,,,Cultivo 2,2026-03
{'$oid': '69b705b5b2147717dbde6e31'},2026-03-15 19:10:47+00:00,2026-03-15T19:10:47Z,2.0,28.5,42.5,50.8,2026-03-15T19:17:09Z,2026-03-15T19:17:09Z,2026-03-15T19:10:47Z,6.307358835432448,20.62,,,,,,Cultivo 2,2026-03
{'$oid': '69b7080db2147717dbde6e32'},2026-03-15 19:17:27+00:00,2026-03-15T19:24:08Z,4.0,28.9,43.6,59.55,2026-03-15T19:27:09Z,2026-03-15T19:27:09Z,2026-03-15T19:24:08Z,6.3997122248765255,18.685,,,,,,Cultivo 2,2026-03
{'$oid': '69b70a66b2147717dbde6e33'},2026-03-15 19:30:48+00:00,2026-03-15T19:30:48Z,2.0,30.9,41.8,62.5,2026-03-15T19:37:10Z,2026-03-15T19:37:10Z,2026-03-15T19:30:48Z,6.173684645161298,19.69,,,,,,Cultivo 2,2026-03
{'$oid': '69b70cbeb2147717dbde6e34'},2026-03-15 19:37:28+00:00,2026-03-15T19:44:08Z,4.0,32.15,41.15,60.5,2026-03-15T19:47:10Z,2026-03-15T19:47:10Z,2026-03-15T19:44:08Z,6.3667592970340054,20.565,,,,,,Cultivo 2,2026-03
{'$oid': '69b70f16b2147717dbde6e35'},2026-03-15 19:50:47+00:00,2026-03-15T19:50:47Z,2.0,32.1,41.5,58.0,2026-03-15T19:57:10Z,2026-03-15T19:57:10Z,2026-03-15T19:50:47Z,5.988676754664847,21.0,,,,,,Cultivo 2,2026-03
{'$oid': '69b7116eb2147717dbde6e36'},2026-03-15 19:57:27+00:00,2026-03-15T20:04:08Z,4.0,31.4,42.2,55.75,2026-03-15T20:07:10Z,2026-03-15T20:07:10Z,2026-03-15T20:04:08Z,6.201405328041517,21.314999999999998,,,,,,Cultivo 2,2026-03
{'$oid': '69b713c6b2147717dbde6e37'},2026-03-15 20:10:49+00:00,2026-03-15T20:10:49Z,2.0,32.2,44.5,53.5,2026-03-15T20:17:10Z,2026-03-15T20:17:10Z,2026-03-15T20:10:49Z,6.121164440399869,21.69,,,,,,Cultivo 2,2026-03
{'$oid': '69b7161eb2147717dbde6e38'},2026-03-15 20:17:29+00:00,2026-03-15T20:24:08Z,4.0,31.099999999999998,43.3,52.8,2026-03-15T20:27:10Z,2026-03-15T20:27:10Z,2026-03-15T20:24:08Z,6.168906564147099,20.94,,,,,,Cultivo 2,2026-03
{'$oid': '69b71876b2147717dbde6e39'},2026-03-15 20:30:49+00:00,2026-03-15T20:30:49Z,2.0,28.0,47.8,63.5,2026-03-15T20:37:10Z,2026-03-15T20:37:10Z,2026-03-15T20:30:49Z,6.354813684221963,19.88,,,,,,Cultivo 2,2026-03
{'$oid': '69b71aceb2147717dbde6e3a'},2026-03-15 20:37:28+00:00,2026-03-15T20:44:07Z,4.0,25.75,52.1,68.35,2026-03-15T20:47:10Z,2026-03-15T20:47:10Z,2026-03-15T20:44:07Z,6.216507091676379,19.814999999999998,,,,,,Cultivo 2,2026-03
{'$oid': '69b71d26b2147717dbde6e3b'},2026-03-15 20:50:48+00:00,2026-03-15T20:50:48Z,2.0,24.6,54.5,65.4,2026-03-15T20:57:10Z,2026-03-15T20:57:10Z,2026-03-15T20:50:48Z,6.380571215943527,19.62,,,,,,Cultivo 2,2026-03
{'$oid': '69b71f7eb2147717dbde6e3c'},2026-03-15 20:57:27+00:00,2026-03-15T21:04:09Z,4.0,25.75,52.2,61.25,2026-03-15T21:07:10Z,2026-03-15T21:07:10Z,2026-03-15T21:04:09Z,6.100295048959561,19.75,,,,,,Cultivo 2,2026-03
{'$oid': '69b721d7b2147717dbde6e3d'},2026-03-15 21:10:49+00:00,2026-03-15T21:10:49Z,2.0,25.1,51.6,58.7,2026-03-15T21:17:11Z,2026-03-15T21:17:11Z,2026-03-15T21:10:49Z,6.050915860396349,19.62,,,,,,Cultivo 2,2026-03
{'$oid': '69b7242fb2147717dbde6e3e'},2026-03-15 21:17:30+00:00,2026-03-15T21:24:09Z,4.0,24.45,53.400000000000006,56.4,2026-03-15T21:27:11Z,2026-03-15T21:27:11Z,2026-03-15T21:24:09Z,6.376507064150823,19.375,,,,,,Cultivo 2,2026-03
{'$oid': '69b72687b2147717dbde6e3f'},2026-03-15 21:30:48+00:00,2026-03-15T21:30:48Z,2.0,23.6,55.2,54.6,2026-03-15T21:37:11Z,2026-03-15T21:37:11Z,2026-03-15T21:30:48Z,6.034453594718694,19.19,,,,,,Cultivo 2,2026-03
{'$oid': '69b728dfb2147717dbde6e40'},2026-03-15 21:37:30+00:00,2026-03-15T21:44:08Z,4.0,25.4,57.099999999999994,57.3,2026-03-15T21:47:11Z,2026-03-15T21:47:11Z,2026-03-15T21:44:08Z,6.358990510889271,19.62,,,,,,Cultivo 2,2026-03
{'$oid': '69b72b37b2147717dbde6e41'},2026-03-15 21:50:48+00:00,2026-03-15T21:50:48Z,2.0,26.4,56.8,69.1,2026-03-15T21:57:11Z,2026-03-15T21:57:11Z,2026-03-15T21:50:48Z,6.1292079711113105,20.12,,,,,,Cultivo 2,2026-03
{'$oid': '69b72d8fb2147717dbde6e42'},2026-03-15 21:57:27+00:00,2026-03-15T22:04:08Z,4.0,25.75,56.349999999999994,66.80000000000001,2026-03-15T22:07:11Z,2026-03-15T22:07:11Z,2026-03-15T22:04:08Z,6.093710998755975,20.060000000000002,,,,,,Cultivo 2,2026-03
{'$oid': '69b72fe7b2147717dbde6e43'},2026-03-15 22:10:48+00:00,2026-03-15T22:10:48Z,2.0,24.3,59.2,63.6,2026-03-15T22:17:11Z,2026-03-15T22:17:11Z,2026-03-15T22:10:48Z,6.309340831560622,19.88,,,,,,Cultivo 2,2026-03
{'$oid': '69b7323fb2147717dbde6e44'},2026-03-15 22:17:28+00:00,2026-03-15T22:24:08Z,4.0,23.549999999999997,63.2,59.849999999999994,2026-03-15T22:27:11Z,2026-03-15T22:27:11Z,2026-03-15T22:24:08Z,6.325057402782285,19.69,,,,,,Cultivo 2,2026-03
{'$oid': '69b73497b2147717dbde6e45'},2026-03-15 22:30:48+00:00,2026-03-15T22:30:48Z,2.0,22.9,64.5,58.1,2026-03-15T22:37:11Z,2026-03-15T22:37:11Z,2026-03-15T22:30:48Z,6.096923929786659,19.5,,,,,,Cultivo 2,2026-03
{'$oid': '69b736f0b2147717dbde6e46'},2026-03-15 22:37:28+00:00,2026-03-15T22:44:08Z,4.0,22.450000000000003,65.55,56.2,2026-03-15T22:47:12Z,2026-03-15T22:47:12Z,2026-03-15T22:44:08Z,6.3713645759194675,19.25,,,,,,Cultivo 2,2026-03
{'$oid': '69b73948b2147717dbde6e47'},2026-03-15 22:50:48+00:00,2026-03-15T22:50:48Z,2.0,22.2,66.4,55.0,2026-03-15T22:57:12Z,2026-03-15T22:57:12Z,2026-03-15T22:50:48Z,6.142213883679885,19.0,,,,,,Cultivo 2,2026-03
{'$oid': '69b73ba0b2147717dbde6e48'},2026-03-15 22:57:28+00:00,2026-03-15T23:04:10Z,4.0,21.6,66.45,53.8,2026-03-15T23:07:12Z,2026-03-15T23:07:12Z,2026-03-15T23:04:10Z,6.3166486127123065,18.78,,,,,,Cultivo 2,2026-03
{'$oid': '69b73df8b2147717dbde6e49'},2026-03-15 23:10:48+00:00,2026-03-15T23:10:48Z,2.0,20.7,68.7,52.7,2026-03-15T23:17:12Z,2026-03-15T23:17:12Z,2026-03-15T23:10:48Z,6.076707128323716,18.5,,,,,,Cultivo 2,2026-03
{'$oid': '69b74050b2147717dbde6e4a'},2026-03-15 23:17:29+00:00,2026-03-15T23:24:08Z,4.0,19.65,70.25,52.0,2026-03-15T23:27:12Z,2026-03-15T23:27:12Z,2026-03-15T23:24:08Z,6.161438561159964,18.0,,,,,,Cultivo 2,2026-03
{'$oid': '69b742a8b2147717dbde6e4b'},2026-03-15 23:30:48+00:00,2026-03-15T23:30:48Z,2.0,18.6,73.1,51.1,2026-03-15T23:37:12Z,2026-03-15T23:37:12Z,2026-03-15T23:30:48Z,6.135822252346464,17.5,,,,,,Cultivo 2,2026-03
{'$oid': '69b74500b2147717dbde6e4c'},2026-03-15 23:37:28+00:00,2026-03-15T23:44:08Z,4.0,17.95,75.35,50.65,2026-03-15T23:47:12Z,2026-03-15T23:47:12Z,2026-03-15T23:44:08Z,6.2589058967208535,17.0,,,,,,Cultivo 2,2026-03
{'$oid': '69b74759b2147717dbde6e4d'},2026-03-15 23:50:48+00:00,2026-03-15T23:50:48Z,2.0,17.4,76.7,50.3,2026-03-15T23:57:13Z,2026-03-15T23:57:13Z,2026-03-15T23:50:48Z,6.117932600526253,16.62,,,,,,Cultivo 2,2026-03
{'$oid': '69b749b1b2147717dbde6e4e'},2026-03-15 23:57:28+00:00,2026-03-16T00:04:08Z,4.0,16.85,78.1,50.4,2026-03-16T00:07:13Z,2026-03-16T00:07:13Z,2026-03-16T00:04:08Z,6.392083197820592,16.22,,,,,,Cultivo 2,2026-03
{'$oid': '69b74c09b2147717dbde6e4f'},2026-03-16 00:10:48+00:00,2026-03-16T00:10:48Z,2.0,16.5,79.0,49.8,2026-03-16T00:17:13Z,2026-03-16T00:17:13Z,2026-03-16T00:10:48Z,6.427099096715526,15.88,,,,,,Cultivo 2,2026-03
{'$oid': '69b74e61b2147717dbde6e50'},2026-03-16 00:17:28+00:00,2026-03-16T00:24:08Z,4.0,16.35,79.4,49.7,2026-03-16T00:27:13Z,2026-03-16T00:27:13Z,2026-03-16T00:24:08Z,6.120955942108814,15.5,,,,,,Cultivo 2,2026-03
{'$oid': '69b750b9b2147717dbde6e51'},2026-03-16 00:30:49+00:00,2026-03-16T00:30:49Z,2.0,16.2,80.0,49.9,2026-03-16T00:37:13Z,2026-03-16T00:37:13Z,2026-03-16T00:30:49Z,6.241848469462463,15.19,,,,,,Cultivo 2,2026-03
{'$oid': '69b75311b2147717dbde6e52'},2026-03-16 00:37:28+00:00,2026-03-16T00:44:08Z,4.0,15.85,81.1,49.349999999999994,2026-03-16T00:47:13Z,2026-03-16T00:47:13Z,2026-03-16T00:44:08Z,6.133345691763851,14.905000000000001,,,,,,Cultivo 2,2026-03
{'$oid': '69b75569b2147717dbde6e53'},2026-03-16 00:50:48+00:00,2026-03-16T00:50:48Z,2.0,15.7,81.2,49.3,2026-03-16T00:57:13Z,2026-03-16T00:57:13Z,2026-03-16T00:50:48Z,6.269514896455773,14.62,,,,,,Cultivo 2,2026-03
{'$oid': '69b757c1b2147717dbde6e54'},2026-03-16 00:57:29+00:00,2026-03-16T01:04:08Z,4.0,15.45,80.0,49.150000000000006,2026-03-16T01:07:13Z,2026-03-16T01:07:13Z,2026-03-16T01:04:08Z,6.43244949178652,14.344999999999999,,,,,,Cultivo 2,2026-03
{'$oid': '69b75a19b2147717dbde6e55'},2026-03-16 01:10:48+00:00,2026-03-16T01:10:48Z,2.0,15.3,79.0,49.1,2026-03-16T01:17:13Z,2026-03-16T01:17:13Z,2026-03-16T01:10:48Z,6.167208198037505,14.0,,,,,,Cultivo 2,2026-03
{'$oid': '69b75c72b2147717dbde6e56'},2026-03-16 01:17:28+00:00,2026-03-16T01:24:10Z,4.0,14.95,79.65,49.0,2026-03-16T01:27:14Z,2026-03-16T01:27:14Z,2026-03-16T01:24:10Z,6.521548495288981,13.845,,,,,,Cultivo 2,2026-03
{'$oid': '69b75ecab2147717dbde6e57'},2026-03-16 01:30:48+00:00,2026-03-16T01:30:48Z,2.0,14.8,80.1,48.9,2026-03-16T01:37:14Z,2026-03-16T01:37:14Z,2026-03-16T01:30:48Z,6.1913470708574065,13.62,,,,,,Cultivo 2,2026-03
{'$oid': '69b76122b2147717dbde6e58'},2026-03-16 01:37:28+00:00,2026-03-16T01:44:09Z,4.0,14.7,80.7,49.05,2026-03-16T01:47:14Z,2026-03-16T01:47:14Z,2026-03-16T01:44:09Z,6.425426048233783,13.375,,,,,,Cultivo 2,2026-03
{'$oid': '69b7637ab2147717dbde6e59'},2026-03-16 01:50:50+00:00,2026-03-16T01:50:50Z,2.0,14.5,80.8,49.2,2026-03-16T01:57:14Z,2026-03-16T01:57:14Z,2026-03-16T01:50:50Z,6.245371519625589,13.12,,,,,,Cultivo 2,2026-03
{'$oid': '69b765d2b2147717dbde6e5a'},2026-03-16 01:57:29+00:00,2026-03-16T02:04:10Z,4.0,14.35,81.05000000000001,36.85,2026-03-16T02:07:14Z,2026-03-16T02:07:14Z,2026-03-16T02:04:10Z,6.492615963135928,12.875,,,,,,Cultivo 2,2026-03
{'$oid': '69b7682ab2147717dbde6e5b'},2026-03-16 02:10:48+00:00,2026-03-16T02:10:48Z,2.0,14.1,80.7,48.7,2026-03-16T02:17:14Z,2026-03-16T02:17:14Z,2026-03-16T02:10:48Z,6.409458143558927,12.69,,,,,,Cultivo 2,2026-03
{'$oid': '69b76a82b2147717dbde6e5c'},2026-03-16 02:17:30+00:00,2026-03-16T02:24:10Z,4.0,13.95,80.9,48.8,2026-03-16T02:27:14Z,2026-03-16T02:27:14Z,2026-03-16T02:24:10Z,6.508565054038341,12.47,,,,,,Cultivo 2,2026-03
{'$oid': '69b76cdab2147717dbde6e5d'},2026-03-16 02:30:49+00:00,2026-03-16T02:30:49Z,2.0,13.8,80.8,48.9,2026-03-16T02:37:14Z,2026-03-16T02:37:14Z,2026-03-16T02:30:49Z,6.38039396632289,12.19,,,,,,Cultivo 2,2026-03
{'$oid': '69b76f32b2147717dbde6e5e'},2026-03-16 02:37:28+00:00,2026-03-16T02:44:08Z,4.0,13.8,81.0,48.5,2026-03-16T02:47:14Z,2026-03-16T02:47:14Z,2026-03-16T02:44:08Z,6.2657139262358434,12.059999999999999,,,,,,Cultivo 2,2026-03
{'$oid': '69b7718bb2147717dbde6e5f'},2026-03-16 02:50:48+00:00,2026-03-16T02:50:48Z,2.0,13.9,81.3,48.5,2026-03-16T02:57:15Z,2026-03-16T02:57:15Z,2026-03-16T02:50:48Z,6.337695980290314,11.94,,,,,,Cultivo 2,2026-03
{'$oid': '69b773e3b2147717dbde6e60'},2026-03-16 02:57:28+00:00,2026-03-16T03:04:09Z,4.0,13.850000000000001,81.4,48.5,2026-03-16T03:07:15Z,2026-03-16T03:07:15Z,2026-03-16T03:04:09Z,6.251086931346348,11.845,,,,,,Cultivo 2,2026-03
{'$oid': '69b7763bb2147717dbde6e61'},2026-03-16 03:10:48+00:00,2026-03-16T03:10:48Z,2.0,14.0,81.5,48.4,2026-03-16T03:17:15Z,2026-03-16T03:17:15Z,2026-03-16T03:10:48Z,6.5629526367157425,11.75,,,,,,Cultivo 2,2026-03
{'$oid': '69b77893b2147717dbde6e62'},2026-03-16 03:17:28+00:00,2026-03-16T03:24:08Z,4.0,13.75,81.2,48.4,2026-03-16T03:27:15Z,2026-03-16T03:27:15Z,2026-03-16T03:24:08Z,6.517144407600984,11.625,,,,,,Cultivo 2,2026-03
{'$oid': '69b77aebb2147717dbde6e63'},2026-03-16 03:30:48+00:00,2026-03-16T03:30:48Z,2.0,13.6,81.1,48.4,2026-03-16T03:37:15Z,2026-03-16T03:37:15Z,2026-03-16T03:30:48Z,6.522047669240416,11.5,,,,,,Cultivo 2,2026-03
{'$oid': '69b77d43b2147717dbde6e64'},2026-03-16 03:37:28+00:00,2026-03-16T03:44:08Z,4.0,13.3,81.3,48.8,2026-03-16T03:47:15Z,2026-03-16T03:47:15Z,2026-03-16T03:44:08Z,6.3494001118361405,11.280000000000001,,,,,,Cultivo 2,2026-03
{'$oid': '69b77f9bb2147717dbde6e65'},2026-03-16 03:50:48+00:00,2026-03-16T03:50:48Z,2.0,13.2,81.1,48.3,2026-03-16T03:57:15Z,2026-03-16T03:57:15Z,2026-03-16T03:50:48Z,6.181559621670106,11.19,,,,,,Cultivo 2,2026-03
{'$oid': '69b781f3b2147717dbde6e66'},2026-03-16 03:57:28+00:00,2026-03-16T04:04:08Z,4.0,13.05,81.25,48.3,2026-03-16T04:07:15Z,2026-03-16T04:07:15Z,2026-03-16T04:04:08Z,6.509705678031709,11.0,,,,,,Cultivo 2,2026-03
{'$oid': '69b7844cb2147717dbde6e67'},2026-03-16 04:10:48+00:00,2026-03-16T04:10:48Z,2.0,13.1,81.2,48.3,2026-03-16T04:17:16Z,2026-03-16T04:17:16Z,2026-03-16T04:10:48Z,6.23696620947875,10.88,,,,,,Cultivo 2,2026-03
{'$oid': '69b786a4b2147717dbde6e68'},2026-03-16 04:17:28+00:00,2026-03-16T04:24:08Z,4.0,12.95,81.5,48.2,2026-03-16T04:27:16Z,2026-03-16T04:27:16Z,2026-03-16T04:24:08Z,6.321947893211422,10.780000000000001,,,,,,Cultivo 2,2026-03
{'$oid': '69b788fcb2147717dbde6e69'},2026-03-16 04:30:48+00:00,2026-03-16T04:30:48Z,2.0,12.9,81.1,48.6,2026-03-16T04:37:16Z,2026-03-16T04:37:16Z,2026-03-16T04:30:48Z,6.485090237510576,10.69,,,,,,Cultivo 2,2026-03
{'$oid': '69b78b54b2147717dbde6e6a'},2026-03-16 04:37:28+00:00,2026-03-16T04:44:08Z,4.0,12.8,81.19999999999999,48.2,2026-03-16T04:47:16Z,2026-03-16T04:47:16Z,2026-03-16T04:44:08Z,6.34740671183805,10.59,,,,,,Cultivo 2,2026-03
{'$oid': '69b78dacb2147717dbde6e6b'},2026-03-16 04:50:49+00:00,2026-03-16T04:50:49Z,2.0,12.8,81.3,48.1,2026-03-16T04:57:16Z,2026-03-16T04:57:16Z,2026-03-16T04:50:49Z,6.489097783029095,10.44,,,,,,Cultivo 2,2026-03
{'$oid': '69b79004b2147717dbde6e6c'},2026-03-16 04:57:28+00:00,2026-03-16T05:04:08Z,4.0,12.95,81.45,48.150000000000006,2026-03-16T05:07:16Z,2026-03-16T05:07:16Z,2026-03-16T05:04:08Z,6.330986954223488,10.41,,,,,,Cultivo 2,2026-03
{'$oid': '69b7925cb2147717dbde6e6d'},2026-03-16 05:10:48+00:00,2026-03-16T05:10:48Z,2.0,13.3,81.3,48.1,2026-03-16T05:17:16Z,2026-03-16T05:17:16Z,2026-03-16T05:10:48Z,6.312024796220532,10.38,,,,,,Cultivo 2,2026-03
{'$oid': '69b794b4b2147717dbde6e6e'},2026-03-16 05:17:28+00:00,2026-03-16T05:24:08Z,4.0,13.5,81.55,48.1,2026-03-16T05:27:16Z,2026-03-16T05:27:16Z,2026-03-16T05:24:08Z,6.295723530787802,10.44,,,,,,Cultivo 2,2026-03
{'$oid': '69b7970cb2147717dbde6e6f'},2026-03-16 05:30:48+00:00,2026-03-16T05:30:48Z,2.0,13.6,81.2,48.2,2026-03-16T05:37:16Z,2026-03-16T05:37:16Z,2026-03-16T05:30:48Z,6.246093086228687,10.44,,,,,,Cultivo 2,2026-03
{'$oid': '69b79964b2147717dbde6e70'},2026-03-16 05:37:28+00:00,2026-03-16T05:44:08Z,4.0,13.75,80.75,48.1,2026-03-16T05:47:16Z,2026-03-16T05:47:16Z,2026-03-16T05:44:08Z,6.421918071510445,10.5,,,,,,Cultivo 2,2026-03
{'$oid': '69b79bbdb2147717dbde6e71'},2026-03-16 05:50:48+00:00,2026-03-16T05:50:48Z,2.0,13.6,79.9,48.1,2026-03-16T05:57:17Z,2026-03-16T05:57:17Z,2026-03-16T05:50:48Z,6.407608470724182,10.44,,,,,,Cultivo 2,2026-03
{'$oid': '69b79e15b2147717dbde6e72'},2026-03-16 05:57:28+00:00,2026-03-16T06:04:08Z,4.0,13.100000000000001,80.0,48.25,2026-03-16T06:07:17Z,2026-03-16T06:07:17Z,2026-03-16T06:04:08Z,6.460114274980457,10.280000000000001,,,,,,Cultivo 2,2026-03
{'$oid': '69b7a06db2147717dbde6e73'},2026-03-16 06:10:48+00:00,2026-03-16T06:10:48Z,2.0,12.5,79.5,48.0,2026-03-16T06:17:17Z,2026-03-16T06:17:17Z,2026-03-16T06:10:48Z,6.2153850579982395,10.12,,,,,,Cultivo 2,2026-03
{'$oid': '69b7a2c5b2147717dbde6e74'},2026-03-16 06:17:28+00:00,2026-03-16T06:24:08Z,4.0,12.1,80.4,48.0,2026-03-16T06:27:17Z,2026-03-16T06:27:17Z,2026-03-16T06:24:08Z,6.109331873717866,19.689414591363224,,,,,,Cultivo 2,2026-03
{'$oid': '69b7a51db2147717dbde6e75'},2026-03-16 06:30:48+00:00,2026-03-16T06:30:48Z,2.0,12.0,81.4,48.0,2026-03-16T06:37:17Z,2026-03-16T06:37:17Z,2026-03-16T06:30:48Z,6.141644260811624,21.831263564381736,,,,,,Cultivo 2,2026-03
{'$oid': '69b7a775b2147717dbde6e76'},2026-03-16 06:37:28+00:00,2026-03-16T06:44:08Z,4.0,12.05,81.85,47.9,2026-03-16T06:47:17Z,2026-03-16T06:47:17Z,2026-03-16T06:44:08Z,6.050996606809345,20.659574053608626,,,,,,Cultivo 2,2026-03
{'$oid': '69b7a9cdb2147717dbde6e77'},2026-03-16 06:50:48+00:00,2026-03-16T06:50:48Z,2.0,12.1,81.8,47.9,2026-03-16T06:57:17Z,2026-03-16T06:57:17Z,2026-03-16T06:50:48Z,6.04577287757125,21.125458102395026,,,,,,Cultivo 2,2026-03
{'$oid': '69b7ac25b2147717dbde6e78'},2026-03-16 06:57:28+00:00,2026-03-16T07:04:08Z,4.0,12.3,82.05,47.95,2026-03-16T07:07:17Z,2026-03-16T07:07:17Z,2026-03-16T07:04:08Z,6.199269098912171,19.85051634216365,,,,,,Cultivo 2,2026-03
{'$oid': '69b7ae7eb2147717dbde6e79'},2026-03-16 07:10:48+00:00,2026-03-16T07:10:48Z,2.0,12.5,81.3,48.0,2026-03-16T07:17:18Z,2026-03-16T07:17:18Z,2026-03-16T07:10:48Z,6.289139720179401,20.24954669855079,,,,,,Cultivo 2,2026-03
{'$oid': '69b7b0d6b2147717dbde6e7a'},2026-03-16 07:17:28+00:00,2026-03-16T07:24:08Z,4.0,12.6,81.25,48.2,2026-03-16T07:27:18Z,2026-03-16T07:27:18Z,2026-03-16T07:24:08Z,6.156907877761167,19.074815116206384,,,,,,Cultivo 2,2026-03
{'$oid': '69b7b32eb2147717dbde6e7b'},2026-03-16 07:30:48+00:00,2026-03-16T07:30:48Z,2.0,12.6,81.4,47.9,2026-03-16T07:37:18Z,2026-03-16T07:37:18Z,2026-03-16T07:30:48Z,6.193247394063451,18.09295349946175,,,,,,Cultivo 2,2026-03
{'$oid': '69b7b586b2147717dbde6e7c'},2026-03-16 07:37:28+00:00,2026-03-16T07:44:08Z,4.0,12.8,81.5,48.099999999999994,2026-03-16T07:47:18Z,2026-03-16T07:47:18Z,2026-03-16T07:44:08Z,6.069101439607854,20.901028261110735,,,,,,Cultivo 2,2026-03
{'$oid': '69b7b7deb2147717dbde6e7d'},2026-03-16 07:50:48+00:00,2026-03-16T07:50:48Z,2.0,13.0,81.1,47.9,2026-03-16T07:57:18Z,2026-03-16T07:57:18Z,2026-03-16T07:50:48Z,6.109390824477353,20.19147170253988,,,,,,Cultivo 2,2026-03
{'$oid': '69b7ba36b2147717dbde6e7e'},2026-03-16 07:57:28+00:00,2026-03-16T08:04:08Z,4.0,12.9,80.65,47.9,2026-03-16T08:07:18Z,2026-03-16T08:07:18Z,2026-03-16T08:04:08Z,6.108035023860222,21.972800913096865,,,,,,Cultivo 2,2026-03
{'$oid': '69b7bc8eb2147717dbde6e7f'},2026-03-16 08:10:48+00:00,2026-03-16T08:10:48Z,2.0,12.9,80.8,47.9,2026-03-16T08:17:18Z,2026-03-16T08:17:18Z,2026-03-16T08:10:48Z,5.984273003157362,21.610570733109363,,,,,,Cultivo 2,2026-03
{'$oid': '69b7bee6b2147717dbde6e80'},2026-03-16 08:17:28+00:00,2026-03-16T08:24:08Z,4.0,12.9,80.65,47.9,2026-03-16T08:27:18Z,2026-03-16T08:27:18Z,2026-03-16T08:24:08Z,6.145123017911963,21.483909258290176,,,,,,Cultivo 2,2026-03
{'$oid': '69b7c396b2147717dbde6e81'},2026-03-16 08:37:28+00:00,2026-03-16T08:44:08Z,4.0,13.05,81.1,48.05,2026-03-16T08:47:18Z,2026-03-16T08:47:18Z,2026-03-16T08:44:08Z,6.281676507347589,21.688236906864795,,,,,,Cultivo 2,2026-03
{'$oid': '69b7c5efb2147717dbde6e82'},2026-03-16 08:50:48+00:00,2026-03-16T08:50:48Z,2.0,13.2,81.1,48.2,2026-03-16T08:57:19Z,2026-03-16T08:57:19Z,2026-03-16T08:50:48Z,6.171136368840087,19.72834220301502,,,,,,Cultivo 2,2026-03
{'$oid': '69b7c847b2147717dbde6e83'},2026-03-16 08:57:28+00:00,2026-03-16T09:04:09Z,4.0,13.2,80.8,48.05,2026-03-16T09:07:19Z,2026-03-16T09:07:19Z,2026-03-16T09:04:09Z,6.280831776621181,19.245272695930176,,,,,,Cultivo 2,2026-03
{'$oid': '69b7ca9fb2147717dbde6e84'},2026-03-16 09:10:49+00:00,2026-03-16T09:10:49Z,2.0,13.2,80.9,47.8,2026-03-16T09:17:19Z,2026-03-16T09:17:19Z,2026-03-16T09:10:49Z,6.221254333497973,20.48573982732261,,,,,,Cultivo 2,2026-03
{'$oid': '69b7ccf7b2147717dbde6e85'},2026-03-16 09:17:29+00:00,2026-03-16T09:24:09Z,4.0,13.25,81.1,48.0,2026-03-16T09:27:19Z,2026-03-16T09:27:19Z,2026-03-16T09:24:09Z,6.330856433132034,21.31656667984756,,,,,,Cultivo 2,2026-03
{'$oid': '69b7cf4fb2147717dbde6e86'},2026-03-16 09:30:49+00:00,2026-03-16T09:30:49Z,2.0,13.2,80.9,47.8,2026-03-16T09:37:19Z,2026-03-16T09:37:19Z,2026-03-16T09:30:49Z,6.051839578543526,19.8470970892337,,,,,,Cultivo 2,2026-03
{'$oid': '69b7d1a7b2147717dbde6e87'},2026-03-16 09:37:29+00:00,2026-03-16T09:44:09Z,4.0,13.2,80.6,48.0,2026-03-16T09:47:19Z,2026-03-16T09:47:19Z,2026-03-16T09:44:09Z,6.3234382169263545,19.472240098834366,,,,,,Cultivo 2,2026-03
{'$oid': '69b7d3ffb2147717dbde6e88'},2026-03-16 09:50:49+00:00,2026-03-16T09:50:49Z,2.0,13.1,80.3,48.2,2026-03-16T09:57:19Z,2026-03-16T09:57:19Z,2026-03-16T09:50:49Z,6.301975004291611,19.281109203536847,,,,,,Cultivo 2,2026-03
{'$oid': '69b7d657b2147717dbde6e89'},2026-03-16 09:57:29+00:00,2026-03-16T10:04:09Z,4.0,12.95,80.2,48.2,2026-03-16T10:07:19Z,2026-03-16T10:07:19Z,2026-03-16T10:04:09Z,6.1947631474081275,18.397108143867854,,,,,,Cultivo 2,2026-03
{'$oid': '69b7d8afb2147717dbde6e8a'},2026-03-16 10:10:49+00:00,2026-03-16T10:10:49Z,2.0,12.8,79.9,,2026-03-16T10:17:19Z,2026-03-16T10:17:19Z,2026-03-16T10:10:49Z,6.258993603317963,18.501753027993406,,,,,,Cultivo 2,2026-03
{'$oid': '69b7db07b2147717dbde6e8b'},2026-03-16 10:17:29+00:00,2026-03-16T10:24:09Z,4.0,12.7,79.9,,2026-03-16T10:27:19Z,2026-03-16T10:27:19Z,2026-03-16T10:24:09Z,6.143860273096653,18.783838443100496,,,,,,Cultivo 2,2026-03
{'$oid': '69b7dd60b2147717dbde6e8c'},2026-03-16 10:30:49+00:00,2026-03-16T10:30:49Z,2.0,12.6,80.1,,2026-03-16T10:37:20Z,2026-03-16T10:37:20Z,2026-03-16T10:30:49Z,5.9838983626685405,20.83208072515326,,,,,,Cultivo 2,2026-03
{'$oid': '69b7dfb8b2147717dbde6e8d'},2026-03-16 10:37:29+00:00,2026-03-16T10:44:09Z,4.0,12.649999999999999,80.4,,2026-03-16T10:47:20Z,2026-03-16T10:47:20Z,2026-03-16T10:44:09Z,6.072409708999313,18.61273769000229,,,,,,Cultivo 2,2026-03
{'$oid': '69b7e210b2147717dbde6e8e'},2026-03-16 10:50:49+00:00,2026-03-16T10:50:49Z,2.0,12.7,80.1,,2026-03-16T10:57:20Z,2026-03-16T10:57:20Z,2026-03-16T10:50:49Z,,,,,,,,Cultivo 2,2026-03
{'$oid': '69b7e468b2147717dbde6e8f'},2026-03-16 10:57:29+00:00,2026-03-16T11:04:09Z,4.0,12.7,80.15,,2026-03-16T11:07:20Z,2026-03-16T11:07:20Z,2026-03-16T11:04:09Z,,,,,,,,Cultivo 2,2026-03
{'$oid': '69b7e6c0b2147717dbde6e90'},2026-03-16 11:10:49+00:00,2026-03-16T11:10:49Z,2.0,12.6,80.6,,2026-03-16T11:17:20Z,2026-03-16T11:17:20Z,2026-03-16T11:10:49Z,,,,,,,,Cultivo 2,2026-03
{'$oid': '69b7e918b2147717dbde6e91'},2026-03-16 11:17:29+00:00,2026-03-16T11:24:09Z,4.0,12.7,80.5,,2026-03-16T11:27:20Z,2026-03-16T11:27:20Z,2026-03-16T11:24:09Z,,,,,,,,Cultivo 2,2026-03
{'$oid': '69b7eb70b2147717dbde6e92'},2026-03-16 11:30:49+00:00,2026-03-16T11:30:49Z,2.0,12.7,80.6,,2026-03-16T11:37:20Z,2026-03-16T11:37:20Z,2026-03-16T11:30:49Z,,,,,,,,Cultivo 2,2026-03
{'$oid': '69b7edc8b2147717dbde6e93'},2026-03-16 11:37:29+00:00,2026-03-16T11:44:09Z,4.0,12.850000000000001,80.9,,2026-03-16T11:47:20Z,2026-03-16T11:47:20Z,2026-03-16T11:44:09Z,,,,,,,,Cultivo 2,2026-03
{'$oid': '69b7f020b2147717dbde6e94'},2026-03-16 11:50:49+00:00,2026-03-16T11:50:49Z,2.0,13.0,80.5,,2026-03-16T11:57:20Z,2026-03-16T11:57:20Z,2026-03-16T11:50:49Z,,,,,,,,Cultivo 2,2026-03
{'$oid': '69b7f279b2147717dbde6e95'},2026-03-16 11:57:29+00:00,2026-03-16T12:04:09Z,4.0,13.25,80.2,,2026-03-16T12:07:21Z,2026-03-16T12:07:21Z,2026-03-16T12:04:09Z,,,,,,,,Cultivo 2,2026-03
{'$oid': '69b7f4d1b2147717dbde6e96'},2026-03-16 12:10:49+00:00,2026-03-16T12:10:49Z,2.0,13.6,79.2,,2026-03-16T12:17:21Z,2026-03-16T12:17:21Z,2026-03-16T12:10:49Z,,,,,,,,Cultivo 2,2026-03
{'$oid': '69b7f729b2147717dbde6e97'},2026-03-16 12:17:29+00:00,2026-03-16T12:24:09Z,4.0,14.05,78.8,,2026-03-16T12:27:21Z,2026-03-16T12:27:21Z,2026-03-16T12:24:09Z,,,,,,,,Cultivo 2,2026-03
{'$oid': '69b7f981b2147717dbde6e98'},2026-03-16 12:30:49+00:00,2026-03-16T12:30:49Z,2.0,14.8,77.3,,2026-03-16T12:37:21Z,2026-03-16T12:37:21Z,2026-03-16T12:30:49Z,,,,,,,,Cultivo 2,2026-03
{'$oid': '69b7fbd9b2147717dbde6e99'},2026-03-16 12:37:29+00:00,2026-03-16T12:44:09Z,4.0,15.75,75.30000000000001,,2026-03-16T12:47:21Z,2026-03-16T12:47:21Z,2026-03-16T12:44:09Z,,,,,,,,Cultivo 2,2026-03
{'$oid': '69b7fe31b2147717dbde6e9a'},2026-03-16 12:50:49+00:00,2026-03-16T12:50:49Z,2.0,16.8,73.7,,2026-03-16T12:57:21Z,2026-03-16T12:57:21Z,2026-03-16T12:50:49Z,,,,,,,,Cultivo 2,2026-03
{'$oid': '69b80089b2147717dbde6e9b'},2026-03-16 12:57:29+00:00,2026-03-16T13:04:09Z,4.0,18.95,68.6,,2026-03-16T13:07:21Z,2026-03-16T13:07:21Z,2026-03-16T13:04:09Z,,,,,,,,Cultivo 2,2026-03
{'$oid': '69b802e1b2147717dbde6e9c'},2026-03-16 13:10:49+00:00,2026-03-16T13:10:49Z,2.0,21.0,61.3,,2026-03-16T13:17:21Z,2026-03-16T13:17:21Z,2026-03-16T13:10:49Z,,,,,,,,Cultivo 2,2026-03
{'$oid': '69b80539b2147717dbde6e9d'},2026-03-16 13:17:29+00:00,2026-03-16T13:24:09Z,4.0,25.799999999999997,52.25,,2026-03-16T13:27:21Z,2026-03-16T13:27:21Z,2026-03-16T13:24:09Z,,,,,,,,Cultivo 2,2026-03
{'$oid': '69b80792b2147717dbde6e9e'},2026-03-16 13:30:49+00:00,2026-03-16T13:30:49Z,2.0,28.8,47.6,,2026-03-16T13:37:22Z,2026-03-16T13:37:22Z,2026-03-16T13:30:49Z,,,,,,,,Cultivo 2,2026-03
{'$oid': '69b809eab2147717dbde6e9f'},2026-03-16 13:37:29+00:00,2026-03-16T13:44:09Z,4.0,31.05,44.8,,2026-03-16T13:47:22Z,2026-03-16T13:47:22Z,2026-03-16T13:44:09Z,,,,,,,,Cultivo 2,2026-03
{'$oid': '69b80c42b2147717dbde6ea0'},2026-03-16 13:50:49+00:00,2026-03-16T13:50:49Z,2.0,32.6,42.0,,2026-03-16T13:57:22Z,2026-03-16T13:57:22Z,2026-03-16T13:50:49Z,,,,,,,,Cultivo 2,2026-03
{'$oid': '69b80e9ab2147717dbde6ea1'},2026-03-16 13:57:29+00:00,2026-03-16T14:04:09Z,4.0,34.9,41.95,,2026-03-16T14:07:22Z,2026-03-16T14:07:22Z,2026-03-16T14:04:09Z,,,,,,,,Cultivo 2,2026-03
{'$oid': '69b810f2b2147717dbde6ea2'},2026-03-16 14:10:49+00:00,2026-03-16T14:10:49Z,2.0,37.4,39.3,,2026-03-16T14:17:22Z,2026-03-16T14:17:22Z,2026-03-16T14:10:49Z,,,,,,,,Cultivo 2,2026-03
{'$oid': '69b8134ab2147717dbde6ea3'},2026-03-16 14:17:29+00:00,2026-03-16T14:24:09Z,4.0,39.45,37.45,,2026-03-16T14:27:22Z,2026-03-16T14:27:22Z,2026-03-16T14:24:09Z,,,,,,,,Cultivo 2,2026-03
{'$oid': '69b815a2b2147717dbde6ea4'},2026-03-16 14:30:49+00:00,2026-03-16T14:30:49Z,2.0,41.4,35.5,,2026-03-16T14:37:22Z,2026-03-16T14:37:22Z,2026-03-16T14:30:49Z,,,,,,,,Cultivo 2,2026-03
{'$oid': '69b817fab2147717dbde6ea5'},2026-03-16 14:37:29+00:00,2026-03-16T14:44:09Z,4.0,42.55,34.849999999999994,,2026-03-16T14:47:22Z,2026-03-16T14:47:22Z,2026-03-16T14:44:09Z,,,,,,,,Cultivo 2,2026-03
{'$oid': '69b81a52b2147717dbde6ea6'},2026-03-16 14:50:49+00:00,2026-03-16T14:50:49Z,2.0,43.8,33.5,,2026-03-16T14:57:22Z,2026-03-16T14:57:22Z,2026-03-16T14:50:49Z,,,,,,,,Cultivo 2,2026-03
{'$oid': '69b81cabb2147717dbde6ea7'},2026-03-16 14:57:29+00:00,2026-03-16T15:04:09Z,4.0,44.75,32.849999999999994,,2026-03-16T15:07:23Z,2026-03-16T15:07:23Z,2026-03-16T15:04:09Z,,,,,,,,Cultivo 2,2026-03
{'$oid': '69b81f03b2147717dbde6ea8'},2026-03-16 15:10:49+00:00,2026-03-16T15:10:49Z,2.0,29.8281290891345,32.5,,2026-03-16T15:17:23Z,2026-03-16T15:17:23Z,2026-03-16T15:10:49Z,,,,,,,,Cultivo 2,2026-03
{'$oid': '69b8215bb2147717dbde6ea9'},2026-03-16 15:17:29+00:00,2026-03-16T15:24:09Z,4.0,28.331708350705576,33.349999999999994,,2026-03-16T15:27:23Z,2026-03-16T15:27:23Z,2026-03-16T15:24:09Z,,,,,,,,Cultivo 2,2026-03
{'$oid': '69b823b3b2147717dbde6eaa'},2026-03-16 15:30:49+00:00,2026-03-16T15:30:49Z,2.0,22.620955217033572,31.1,,2026-03-16T15:37:23Z,2026-03-16T15:37:23Z,2026-03-16T15:30:49Z,,,,,,,,Cultivo 2,2026-03
{'$oid': '69b8260bb2147717dbde6eab'},2026-03-16 15:37:29+00:00,2026-03-16T15:44:09Z,4.0,22.182978072432178,32.900000000000006,,2026-03-16T15:47:23Z,2026-03-16T15:47:23Z,2026-03-16T15:44:09Z,,,,,,,,Cultivo 2,2026-03
{'$oid': '69b82863b2147717dbde6eac'},2026-03-16 15:50:49+00:00,2026-03-16T15:50:49Z,2.0,27.68190465659255,32.4,,2026-03-16T15:57:23Z,2026-03-16T15:57:23Z,2026-03-16T15:50:49Z,,,,,,,,Cultivo 2,2026-03
{'$oid': '69b82abbb2147717dbde6ead'},2026-03-16 15:57:29+00:00,2026-03-16T16:04:09Z,4.0,24.793474795579307,30.95,,2026-03-16T16:07:23Z,2026-03-16T16:07:23Z,2026-03-16T16:04:09Z,,,,,,,,Cultivo 2,2026-03
{'$oid': '69b82d13b2147717dbde6eae'},2026-03-16 16:10:49+00:00,2026-03-16T16:10:49Z,2.0,44.8,32.9,,2026-03-16T16:17:23Z,2026-03-16T16:17:23Z,2026-03-16T16:10:49Z,,,,,,,,Cultivo 2,2026-03
{'$oid': '69b82f6bb2147717dbde6eaf'},2026-03-16 16:17:29+00:00,2026-03-16T16:24:09Z,4.0,30.256732755087192,33.2,,2026-03-16T16:27:23Z,2026-03-16T16:27:23Z,2026-03-16T16:24:09Z,,,,,,,,Cultivo 2,2026-03
{'$oid': '69b831c4b2147717dbde6eb0'},2026-03-16 16:30:49+00:00,2026-03-16T16:30:49Z,2.0,20.901178355612466,33.6,,2026-03-16T16:37:24Z,2026-03-16T16:37:24Z,2026-03-16T16:30:49Z,,,,,,,,Cultivo 2,2026-03
{'$oid': '69b8341cb2147717dbde6eb1'},2026-03-16 16:37:29+00:00,2026-03-16T16:44:09Z,4.0,34.073426867543006,32.45,,2026-03-16T16:47:24Z,2026-03-16T16:47:24Z,2026-03-16T16:44:09Z,,,,,,,,Cultivo 2,2026-03
{'$oid': '69b83674b2147717dbde6eb2'},2026-03-16 16:50:49+00:00,2026-03-16T16:50:49Z,2.0,44.9,33.9,,2026-03-16T16:57:24Z,2026-03-16T16:57:24Z,2026-03-16T16:50:49Z,,,,,,,,Cultivo 2,2026-03
{'$oid': '69b838ccb2147717dbde6eb3'},2026-03-16 16:57:29+00:00,2026-03-16T17:04:09Z,4.0,44.55,32.650000000000006,,2026-03-16T17:07:24Z,2026-03-16T17:07:24Z,2026-03-16T17:04:09Z,,,,,,,,Cultivo 2,2026-03
{'$oid': '69b83b24b2147717dbde6eb4'},2026-03-16 17:10:49+00:00,2026-03-16T17:10:49Z,2.0,43.5,30.1,,2026-03-16T17:17:24Z,2026-03-16T17:17:24Z,2026-03-16T17:10:49Z,,,,,,,,Cultivo 2,2026-03
{'$oid': '69b83d7cb2147717dbde6eb5'},2026-03-16 17:17:29+00:00,2026-03-16T17:24:10Z,4.0,41.95,32.8,,2026-03-16T17:27:24Z,2026-03-16T17:27:24Z,2026-03-16T17:24:10Z,,,,,,,,Cultivo 2,2026-03
{'$oid': '69b83fd4b2147717dbde6eb6'},2026-03-16 17:30:49+00:00,2026-03-16T17:30:49Z,2.0,41.2,35.8,,2026-03-16T17:37:24Z,2026-03-16T17:37:24Z,2026-03-16T17:30:49Z,,,,,,,,Cultivo 2,2026-03
{'$oid': '69b8422cb2147717dbde6eb7'},2026-03-16 17:37:30+00:00,2026-03-16T17:44:09Z,4.0,40.5,35.05,,2026-03-16T17:47:24Z,2026-03-16T17:47:24Z,2026-03-16T17:44:09Z,,,,,,,,Cultivo 2,2026-03
{'$oid': '69b84484b2147717dbde6eb8'},2026-03-16 17:50:50+00:00,2026-03-16T17:50:50Z,2.0,38.9,36.9,,2026-03-16T17:57:24Z,2026-03-16T17:57:24Z,2026-03-16T17:50:50Z,,,,,,,,Cultivo 2,2026-03
{'$oid': '69b846dcb2147717dbde6eb9'},2026-03-16 17:57:30+00:00,2026-03-16T18:04:10Z,4.0,38.4,35.25,,2026-03-16T18:07:24Z,2026-03-16T18:07:24Z,2026-03-16T18:04:10Z,,,,,,,,Cultivo 2,2026-03
{'$oid': '69b84935b2147717dbde6eba'},2026-03-16 18:10:50+00:00,2026-03-16T18:10:50Z,2.0,37.9,36.3,,2026-03-16T18:17:25Z,2026-03-16T18:17:25Z,2026-03-16T18:10:50Z,,,,,,,,Cultivo 2,2026-03
{'$oid': '69b84b8db2147717dbde6ebb'},2026-03-16 18:17:30+00:00,2026-03-16T18:24:10Z,4.0,34.65,36.15,,2026-03-16T18:27:25Z,2026-03-16T18:27:25Z,2026-03-16T18:24:10Z,,,,,,,,Cultivo 2,2026-03
{'$oid': '69b8503db2147717dbde6ebc'},2026-03-16 18:37:30+00:00,2026-03-16T18:44:10Z,4.0,34.25,38.15,,2026-03-16T18:47:25Z,2026-03-16T18:47:25Z,2026-03-16T18:44:10Z,,,,,,,,Cultivo 2,2026-03
{'$oid': '69b85295b2147717dbde6ebd'},2026-03-16 18:50:50+00:00,2026-03-16T18:50:50Z,2.0,35.0,37.9,,2026-03-16T18:57:25Z,2026-03-16T18:57:25Z,2026-03-16T18:50:50Z,,,,,,,,Cultivo 2,2026-03
{'$oid': '69b854edb2147717dbde6ebe'},2026-03-16 18:57:30+00:00,2026-03-16T19:04:10Z,4.0,34.099999999999994,39.25,,2026-03-16T19:07:25Z,2026-03-16T19:07:25Z,2026-03-16T19:04:10Z,,,,,,,,Cultivo 2,2026-03
{'$oid': '69b85745b2147717dbde6ebf'},2026-03-16 19:10:50+00:00,2026-03-16T19:10:50Z,2.0,33.1,39.5,,2026-03-16T19:17:25Z,2026-03-16T19:17:25Z,2026-03-16T19:10:50Z,,,,,,,,Cultivo 2,2026-03
{'$oid': '69b8599db2147717dbde6ec0'},2026-03-16 19:17:30+00:00,2026-03-16T19:24:10Z,4.0,32.5,40.35,,2026-03-16T19:27:25Z,2026-03-16T19:27:25Z,2026-03-16T19:24:10Z,,,,,,,,Cultivo 2,2026-03
{'$oid': '69b85bf5b2147717dbde6ec1'},2026-03-16 19:30:50+00:00,2026-03-16T19:30:50Z,2.0,31.2,40.4,,2026-03-16T19:37:25Z,2026-03-16T19:37:25Z,2026-03-16T19:30:50Z,,,,,,,,Cultivo 2,2026-03
{'$oid': '69b85e4eb2147717dbde6ec2'},2026-03-16 19:37:30+00:00,2026-03-16T19:44:11Z,4.0,30.5,41.599999999999994,,2026-03-16T19:47:26Z,2026-03-16T19:47:26Z,2026-03-16T19:44:11Z,,,,,,,,Cultivo 2,2026-03
{'$oid': '69b860a6b2147717dbde6ec3'},2026-03-16 19:50:50+00:00,2026-03-16T19:50:50Z,2.0,31.1,39.1,,2026-03-16T19:57:26Z,2026-03-16T19:57:26Z,2026-03-16T19:50:50Z,,,,,,,,Cultivo 2,2026-03
{'$oid': '69b862feb2147717dbde6ec4'},2026-03-16 19:57:30+00:00,2026-03-16T20:04:10Z,4.0,30.1,39.95,,2026-03-16T20:07:26Z,2026-03-16T20:07:26Z,2026-03-16T20:04:10Z,,,,,,,,Cultivo 2,2026-03
{'$oid': '69b86556b2147717dbde6ec5'},2026-03-16 20:10:50+00:00,2026-03-16T20:10:50Z,2.0,28.5,41.3,,2026-03-16T20:17:26Z,2026-03-16T20:17:26Z,2026-03-16T20:10:50Z,,,,,,,,Cultivo 2,2026-03
{'$oid': '69b867aeb2147717dbde6ec6'},2026-03-16 20:17:30+00:00,2026-03-16T20:24:10Z,4.0,29.15,42.35,,2026-03-16T20:27:26Z,2026-03-16T20:27:26Z,2026-03-16T20:24:10Z,,,,,,,,Cultivo 2,2026-03
{'$oid': '69b86a06b2147717dbde6ec7'},2026-03-16 20:30:50+00:00,2026-03-16T20:30:50Z,2.0,29.3,42.4,,2026-03-16T20:37:26Z,2026-03-16T20:37:26Z,2026-03-16T20:30:50Z,,,,,,,,Cultivo 2,2026-03
{'$oid': '69b86c5fb2147717dbde6ec8'},2026-03-16 20:37:30+00:00,2026-03-16T20:44:10Z,4.0,29.7,42.05,,2026-03-16T20:47:27Z,2026-03-16T20:47:27Z,2026-03-16T20:44:10Z,,,,,,,,Cultivo 2,2026-03
{'$oid': '69b86eb7b2147717dbde6ec9'},2026-03-16 20:50:50+00:00,2026-03-16T20:50:50Z,2.0,29.5,42.4,,2026-03-16T20:57:27Z,2026-03-16T20:57:27Z,2026-03-16T20:50:50Z,,,,,,,,Cultivo 2,2026-03
{'$oid': '69b8710fb2147717dbde6eca'},2026-03-16 20:57:30+00:00,2026-03-16T21:04:10Z,4.0,30.549999999999997,40.95,,2026-03-16T21:07:27Z,2026-03-16T21:07:27Z,2026-03-16T21:04:10Z,,,,,,,,Cultivo 2,2026-03
{'$oid': '69b87367b2147717dbde6ecb'},2026-03-16 21:10:50+00:00,2026-03-16T21:10:50Z,2.0,28.4,42.1,,2026-03-16T21:17:27Z,2026-03-16T21:17:27Z,2026-03-16T21:10:50Z,,,,,,,,Cultivo 2,2026-03
{'$oid': '69b875bfb2147717dbde6ecc'},2026-03-16 21:17:30+00:00,2026-03-16T21:24:10Z,4.0,26.8,44.849999999999994,,2026-03-16T21:27:27Z,2026-03-16T21:27:27Z,2026-03-16T21:24:10Z,,,,,,,,Cultivo 2,2026-03
{'$oid': '69b87817b2147717dbde6ecd'},2026-03-16 21:30:50+00:00,2026-03-16T21:30:50Z,2.0,26.5,44.9,,2026-03-16T21:37:27Z,2026-03-16T21:37:27Z,2026-03-16T21:30:50Z,,,,,,,,Cultivo 2,2026-03
{'$oid': '69b87a6fb2147717dbde6ece'},2026-03-16 21:37:30+00:00,2026-03-16T21:44:10Z,4.0,27.6,44.900000000000006,,2026-03-16T21:47:27Z,2026-03-16T21:47:27Z,2026-03-16T21:44:10Z,,,,,,,,Cultivo 2,2026-03
{'$oid': '69b87cc7b2147717dbde6ecf'},2026-03-16 21:50:50+00:00,2026-03-16T21:50:50Z,2.0,25.7,48.6,,2026-03-16T21:57:27Z,2026-03-16T21:57:27Z,2026-03-16T21:50:50Z,,,,,,,,Cultivo 2,2026-03
{'$oid': '69b87f1fb2147717dbde6ed0'},2026-03-16 21:57:30+00:00,2026-03-16T22:04:10Z,4.0,25.0,51.150000000000006,,2026-03-16T22:07:27Z,2026-03-16T22:07:27Z,2026-03-16T22:04:10Z,,,,,,,,Cultivo 2,2026-03
{'$oid': '69b88178b2147717dbde6ed1'},2026-03-16 22:10:50+00:00,2026-03-16T22:10:50Z,2.0,25.0,52.1,,2026-03-16T22:17:28Z,2026-03-16T22:17:28Z,2026-03-16T22:10:50Z,,,,,,,,Cultivo 2,2026-03
{'$oid': '69b883d0b2147717dbde6ed2'},2026-03-16 22:17:30+00:00,2026-03-16T22:24:10Z,4.0,24.35,55.05,,2026-03-16T22:27:28Z,2026-03-16T22:27:28Z,2026-03-16T22:24:10Z,,,,,,,,Cultivo 2,2026-03
{'$oid': '69b88628b2147717dbde6ed3'},2026-03-16 22:30:50+00:00,2026-03-16T22:30:50Z,2.0,23.0,58.9,,2026-03-16T22:37:28Z,2026-03-16T22:37:28Z,2026-03-16T22:30:50Z,,,,,,,,Cultivo 2,2026-03
{'$oid': '69b88880b2147717dbde6ed4'},2026-03-16 22:37:31+00:00,2026-03-16T22:44:11Z,4.0,22.15,62.45,,2026-03-16T22:47:28Z,2026-03-16T22:47:28Z,2026-03-16T22:44:11Z,,,,,,,,Cultivo 2,2026-03
{'$oid': '69b88ad8b2147717dbde6ed5'},2026-03-16 22:50:50+00:00,2026-03-16T22:50:50Z,2.0,21.6,63.9,,2026-03-16T22:57:28Z,2026-03-16T22:57:28Z,2026-03-16T22:50:50Z,,,,,,,,Cultivo 2,2026-03
{'$oid': '69b88d30b2147717dbde6ed6'},2026-03-16 22:57:31+00:00,2026-03-16T23:04:11Z,4.0,20.5,67.5,,2026-03-16T23:07:28Z,2026-03-16T23:07:28Z,2026-03-16T23:04:11Z,,,,,,,,Cultivo 2,2026-03
{'$oid': '69b88f88b2147717dbde6ed7'},2026-03-16 23:10:50+00:00,2026-03-16T23:10:50Z,2.0,19.7,69.8,,2026-03-16T23:17:28Z,2026-03-16T23:17:28Z,2026-03-16T23:10:50Z,,,,,,,,Cultivo 2,2026-03
{'$oid': '69b891e0b2147717dbde6ed8'},2026-03-16 23:17:30+00:00,2026-03-16T23:24:12Z,4.0,19.05,73.1,,2026-03-16T23:27:28Z,2026-03-16T23:27:28Z,2026-03-16T23:24:12Z,,,,,,,,Cultivo 2,2026-03
{'$oid': '69b89438b2147717dbde6ed9'},2026-03-16 23:30:50+00:00,2026-03-16T23:30:50Z,2.0,18.6,75.6,,2026-03-16T23:37:28Z,2026-03-16T23:37:28Z,2026-03-16T23:30:50Z,,,,,,,,Cultivo 2,2026-03
{'$oid': '69b89691b2147717dbde6eda'},2026-03-16 23:37:31+00:00,2026-03-16T23:44:10Z,4.0,18.4,76.4,,2026-03-16T23:47:29Z,2026-03-16T23:47:29Z,2026-03-16T23:44:10Z,,,,,,,,Cultivo 2,2026-03
{'$oid': '69b898e9b2147717dbde6edb'},2026-03-16 23:50:50+00:00,2026-03-16T23:50:50Z,2.0,18.2,77.6,,2026-03-16T23:57:29Z,2026-03-16T23:57:29Z,2026-03-16T23:50:50Z,,,,,,,,Cultivo 2,2026-03
{'$oid': '69b89b41b2147717dbde6edc'},2026-03-16 23:57:31+00:00,2026-03-17T00:04:11Z,4.0,18.15,78.15,,2026-03-17T00:07:29Z,2026-03-17T00:07:29Z,2026-03-17T00:04:11Z,,,,,,,,Cultivo 2,2026-03
{'$oid': '69b89d99b2147717dbde6edd'},2026-03-17 00:10:51+00:00,2026-03-17T00:10:51Z,2.0,18.0,78.6,,2026-03-17T00:17:29Z,2026-03-17T00:17:29Z,2026-03-17T00:10:51Z,,,,,,,,Cultivo 2,2026-03
{'$oid': '69b89ff1b2147717dbde6ede'},2026-03-17 00:17:30+00:00,2026-03-17T00:24:10Z,4.0,17.6,79.2,,2026-03-17T00:27:29Z,2026-03-17T00:27:29Z,2026-03-17T00:24:10Z,,,,,,,,Cultivo 2,2026-03
{'$oid': '69b8a249b2147717dbde6edf'},2026-03-17 00:30:52+00:00,2026-03-17T00:30:52Z,2.0,17.3,79.9,,2026-03-17T00:37:29Z,2026-03-17T00:37:29Z,2026-03-17T00:30:52Z,,,,,,,,Cultivo 2,2026-03
{'$oid': '69b8a4a1b2147717dbde6ee0'},2026-03-17 00:37:32+00:00,2026-03-17T00:44:10Z,4.0,17.450000000000003,80.2,,2026-03-17T00:47:29Z,2026-03-17T00:47:29Z,2026-03-17T00:44:10Z,,,,,,,,Cultivo 2,2026-03
{'$oid': '69b8a6f9b2147717dbde6ee1'},2026-03-17 00:50:52+00:00,2026-03-17T00:50:52Z,2.0,17.9,79.9,,2026-03-17T00:57:29Z,2026-03-17T00:57:29Z,2026-03-17T00:50:52Z,,,,,,,,Cultivo 2,2026-03
{'$oid': '69b8a951b2147717dbde6ee2'},2026-03-17 00:57:31+00:00,2026-03-17T01:04:11Z,4.0,18.05,80.05,,2026-03-17T01:07:29Z,2026-03-17T01:07:29Z,2026-03-17T01:04:11Z,,,,,,,,Cultivo 2,2026-03
{'$oid': '69b8aba9b2147717dbde6ee3'},2026-03-17 01:10:54+00:00,2026-03-17T01:10:54Z,2.0,18.1,79.9,,2026-03-17T01:17:29Z,2026-03-17T01:17:29Z,2026-03-17T01:10:54Z,,,,,,,,Cultivo 2,2026-03
{'$oid': '69b8ae02b2147717dbde6ee4'},2026-03-17 01:17:32+00:00,2026-03-17T01:24:12Z,4.0,17.95,79.69999999999999,,2026-03-17T01:27:30Z,2026-03-17T01:27:30Z,2026-03-17T01:24:12Z,,,,,,,,Cultivo 2,2026-03
{'$oid': '69b8b05ab2147717dbde6ee5'},2026-03-17 01:30:52+00:00,2026-03-17T01:30:52Z,2.0,17.8,80.1,,2026-03-17T01:37:30Z,2026-03-17T01:37:30Z,2026-03-17T01:30:52Z,,,,,,,,Cultivo 2,2026-03
{'$oid': '69b8b2b2b2147717dbde6ee6'},2026-03-17 01:37:32+00:00,2026-03-17T01:44:19Z,6.0,17.433333333333334,80.46666666666667,,2026-03-17T01:47:30Z,2026-03-17T01:47:30Z,2026-03-17T01:44:19Z,,,,,,,,Cultivo 2,2026-03
{'$oid': '69b8b50ab2147717dbde6ee7'},2026-03-17 01:50:52+00:00,2026-03-17T01:50:52Z,2.0,17.2,81.0,,2026-03-17T01:57:30Z,2026-03-17T01:57:30Z,2026-03-17T01:50:52Z,,,,,,,,Cultivo 2,2026-03
{'$oid': '69b8b762b2147717dbde6ee8'},2026-03-17 01:57:33+00:00,2026-03-17T02:04:11Z,8.0,17.15,81.1,,2026-03-17T02:07:30Z,2026-03-17T02:07:30Z,2026-03-17T02:04:11Z,,,,,,,,Cultivo 2,2026-03
{'$oid': '69b8b9bab2147717dbde6ee9'},2026-03-17 02:10:50+00:00,2026-03-17T02:10:50Z,2.0,16.9,81.3,,2026-03-17T02:17:30Z,2026-03-17T02:17:30Z,2026-03-17T02:10:50Z,,,,,,,,Cultivo 2,2026-03
{'$oid': '69b8bc12b2147717dbde6eea'},2026-03-17 02:17:31+00:00,2026-03-17T02:24:11Z,4.0,16.85,81.25,,2026-03-17T02:27:30Z,2026-03-17T02:27:30Z,2026-03-17T02:24:11Z,,,,,,,,Cultivo 2,2026-03
{'$oid': '69b8be6ab2147717dbde6eeb'},2026-03-17 02:30:50+00:00,2026-03-17T02:30:50Z,2.0,16.9,81.3,,2026-03-17T02:37:30Z,2026-03-17T02:37:30Z,2026-03-17T02:30:50Z,,,,,,,,Cultivo 2,2026-03
{'$oid': '69b8c0c2b2147717dbde6eec'},2026-03-17 02:37:31+00:00,2026-03-17T02:44:11Z,4.0,17.1,81.05,,2026-03-17T02:47:30Z,2026-03-17T02:47:30Z,2026-03-17T02:44:11Z,,,,,,,,Cultivo 2,2026-03
{'$oid': '69b8c31bb2147717dbde6eed'},2026-03-17 02:50:51+00:00,2026-03-17T02:57:30Z,4.0,17.3,81.05,,2026-03-17T02:57:31Z,2026-03-17T02:57:31Z,2026-03-17T02:57:30Z,,,,,,,,Cultivo 2,2026-03
{'$oid': '69b8c573b2147717dbde6eee'},2026-03-17 03:04:11+00:00,2026-03-17T03:04:11Z,2.0,17.5,81.4,,2026-03-17T03:07:31Z,2026-03-17T03:07:31Z,2026-03-17T03:04:11Z,,,,,,,,Cultivo 2,2026-03
{'$oid': '69b8c7cbb2147717dbde6eef'},2026-03-17 03:10:50+00:00,2026-03-17T03:17:30Z,4.0,17.55,81.5,,2026-03-17T03:17:31Z,2026-03-17T03:17:31Z,2026-03-17T03:17:30Z,,,,,,,,Cultivo 2,2026-03
{'$oid': '69b8ca23b2147717dbde6ef0'},2026-03-17 03:24:11+00:00,2026-03-17T03:24:11Z,2.0,17.6,81.4,,2026-03-17T03:27:31Z,2026-03-17T03:27:31Z,2026-03-17T03:24:11Z,,,,,,,,Cultivo 2,2026-03
{'$oid': '69b8cc7bb2147717dbde6ef1'},2026-03-17 03:30:51+00:00,2026-03-17T03:37:31Z,4.0,17.4,81.4,,2026-03-17T03:37:31Z,2026-03-17T03:37:31Z,2026-03-17T03:37:31Z,,,,,,,,Cultivo 2,2026-03
{'$oid': '69b8ced3b2147717dbde6ef2'},2026-03-17 03:44:10+00:00,2026-03-17T03:44:10Z,2.0,17.1,81.5,,2026-03-17T03:47:31Z,2026-03-17T03:47:31Z,2026-03-17T03:44:10Z,,,,,,,,Cultivo 2,2026-03
{'$oid': '69b8d12bb2147717dbde6ef3'},2026-03-17 03:50:50+00:00,2026-03-17T03:57:31Z,4.0,16.8,81.35,,2026-03-17T03:57:31Z,2026-03-17T03:57:31Z,2026-03-17T03:57:31Z,,,,,,,,Cultivo 2,2026-03
{'$oid': '69b8d383b2147717dbde6ef4'},2026-03-17 04:04:10+00:00,2026-03-17T04:04:10Z,2.0,16.4,81.9,,2026-03-17T04:07:31Z,2026-03-17T04:07:31Z,2026-03-17T04:04:10Z,,,,,,,,Cultivo 2,2026-03
{'$oid': '69b8d5dbb2147717dbde6ef5'},2026-03-17 04:10:51+00:00,2026-03-17T04:17:30Z,4.0,16.35,81.5,,2026-03-17T04:17:31Z,2026-03-17T04:17:31Z,2026-03-17T04:17:30Z,,,,,,,,Cultivo 2,2026-03
{'$oid': '69b8d833b2147717dbde6ef6'},2026-03-17 04:24:11+00:00,2026-03-17T04:24:11Z,2.0,16.0,81.1,,2026-03-17T04:27:31Z,2026-03-17T04:27:31Z,2026-03-17T04:24:11Z,,,,,,,,Cultivo 2,2026-03
{'$oid': '69b8da8bb2147717dbde6ef7'},2026-03-17 04:30:51+00:00,2026-03-17T04:37:31Z,4.0,15.7,81.6,,2026-03-17T04:37:31Z,2026-03-17T04:37:31Z,2026-03-17T04:37:31Z,,,,,,,,Cultivo 2,2026-03
{'$oid': '69b8dce4b2147717dbde6ef8'},2026-03-17 04:44:11+00:00,2026-03-17T04:44:11Z,2.0,15.5,81.7,,2026-03-17T04:47:32Z,2026-03-17T04:47:32Z,2026-03-17T04:44:11Z,,,,,,,,Cultivo 2,2026-03
{'$oid': '69b8df3cb2147717dbde6ef9'},2026-03-17 04:50:51+00:00,2026-03-17T04:57:31Z,4.0,15.2,81.85,,2026-03-17T04:57:32Z,2026-03-17T04:57:32Z,2026-03-17T04:57:31Z,,,,,,,,Cultivo 2,2026-03
{'$oid': '69b8e194b2147717dbde6efa'},2026-03-17 05:04:11+00:00,2026-03-17T05:04:11Z,2.0,15.1,81.6,,2026-03-17T05:07:32Z,2026-03-17T05:07:32Z,2026-03-17T05:04:11Z,,,,,,,,Cultivo 2,2026-03
{'$oid': '69b8e3ecb2147717dbde6efb'},2026-03-17 05:10:51+00:00,2026-03-17T05:17:31Z,4.0,15.25,81.75,,2026-03-17T05:17:32Z,2026-03-17T05:17:32Z,2026-03-17T05:17:31Z,,,,,,,,Cultivo 2,2026-03
{'$oid': '69b8e644b2147717dbde6efc'},2026-03-17 05:24:11+00:00,2026-03-17T05:24:11Z,2.0,15.4,81.6,,2026-03-17T05:27:32Z,2026-03-17T05:27:32Z,2026-03-17T05:24:11Z,,,,,,,,Cultivo 2,2026-03
{'$oid': '69b8e89cb2147717dbde6efd'},2026-03-17 05:30:51+00:00,2026-03-17T05:37:31Z,4.0,15.5,81.95,,2026-03-17T05:37:32Z,2026-03-17T05:37:32Z,2026-03-17T05:37:31Z,,,,,,,,Cultivo 2,2026-03
{'$oid': '69b8eaf4b2147717dbde6efe'},2026-03-17 05:44:11+00:00,2026-03-17T05:44:11Z,2.0,15.6,82.0,,2026-03-17T05:47:32Z,2026-03-17T05:47:32Z,2026-03-17T05:44:11Z,,,,,,,,Cultivo 2,2026-03
{'$oid': '69b8ed4cb2147717dbde6eff'},2026-03-17 05:50:51+00:00,2026-03-17T05:57:31Z,4.0,15.8,81.7,,2026-03-17T05:57:32Z,2026-03-17T05:57:32Z,2026-03-17T05:57:31Z,,,,,,,,Cultivo 2,2026-03
{'$oid': '69b8efa5b2147717dbde6f00'},2026-03-17 06:04:11+00:00,2026-03-17T06:04:11Z,2.0,15.9,81.7,,2026-03-17T06:07:33Z,2026-03-17T06:07:33Z,2026-03-17T06:04:11Z,,,,,,,,Cultivo 2,2026-03
{'$oid': '69b8f1fdb2147717dbde6f01'},2026-03-17 06:10:51+00:00,2026-03-17T06:17:31Z,4.0,15.8,81.5,,2026-03-17T06:17:33Z,2026-03-17T06:17:33Z,2026-03-17T06:17:31Z,,,,,,,,Cultivo 2,2026-03
{'$oid': '69b8f455b2147717dbde6f02'},2026-03-17 06:24:11+00:00,2026-03-17T06:24:11Z,2.0,15.7,81.4,,2026-03-17T06:27:33Z,2026-03-17T06:27:33Z,2026-03-17T06:24:11Z,,,,,,,,Cultivo 2,2026-03
{'$oid': '69b8f6adb2147717dbde6f03'},2026-03-17 06:30:51+00:00,2026-03-17T06:37:31Z,4.0,15.15,80.9,,2026-03-17T06:37:33Z,2026-03-17T06:37:33Z,2026-03-17T06:37:31Z,,,,,,,,Cultivo 2,2026-03
{'$oid': '69b8f905b2147717dbde6f04'},2026-03-17 06:44:11+00:00,2026-03-17T06:44:11Z,2.0,14.6,81.2,,2026-03-17T06:47:33Z,2026-03-17T06:47:33Z,2026-03-17T06:44:11Z,,,,,,,,Cultivo 2,2026-03
{'$oid': '69b8fb5db2147717dbde6f05'},2026-03-17 06:50:51+00:00,2026-03-17T06:57:31Z,4.0,14.3,81.35,,2026-03-17T06:57:33Z,2026-03-17T06:57:33Z,2026-03-17T06:57:31Z,,,,,,,,Cultivo 2,2026-03
{'$oid': '69b8fdb5b2147717dbde6f06'},2026-03-17 07:04:11+00:00,2026-03-17T07:04:11Z,2.0,14.0,81.6,,2026-03-17T07:07:33Z,2026-03-17T07:07:33Z,2026-03-17T07:04:11Z,,,,,,,,Cultivo 2,2026-03
{'$oid': '69b9000db2147717dbde6f07'},2026-03-17 07:10:51+00:00,2026-03-17T07:17:31Z,4.0,13.850000000000001,81.75,,2026-03-17T07:17:33Z,2026-03-17T07:17:33Z,2026-03-17T07:17:31Z,,,,,,,,Cultivo 2,2026-03
{'$oid': '69b90265b2147717dbde6f08'},2026-03-17 07:24:11+00:00,2026-03-17T07:24:11Z,2.0,13.8,82.1,,2026-03-17T07:27:33Z,2026-03-17T07:27:33Z,2026-03-17T07:24:11Z,,,,,,,,Cultivo 2,2026-03
{'$oid': '69b904bdb2147717dbde6f09'},2026-03-17 07:30:51+00:00,2026-03-17T07:37:31Z,4.0,13.6,82.2,,2026-03-17T07:37:33Z,2026-03-17T07:37:33Z,2026-03-17T07:37:31Z,,,,,,,,Cultivo 2,2026-03
{'$oid': '69b90716b2147717dbde6f0a'},2026-03-17 07:44:11+00:00,2026-03-17T07:44:11Z,2.0,13.5,82.1,,2026-03-17T07:47:34Z,2026-03-17T07:47:34Z,2026-03-17T07:44:11Z,,,,,,,,Cultivo 2,2026-03
{'$oid': '69b9096eb2147717dbde6f0b'},2026-03-17 07:50:51+00:00,2026-03-17T07:57:31Z,4.0,13.75,82.2,,2026-03-17T07:57:34Z,2026-03-17T07:57:34Z,2026-03-17T07:57:31Z,,,,,,,,Cultivo 2,2026-03
{'$oid': '69b90bc6b2147717dbde6f0c'},2026-03-17 08:04:11+00:00,2026-03-17T08:04:11Z,2.0,14.0,82.8,,2026-03-17T08:07:34Z,2026-03-17T08:07:34Z,2026-03-17T08:04:11Z,,,,,,,,Cultivo 2,2026-03
{'$oid': '69b90e1eb2147717dbde6f0d'},2026-03-17 08:10:51+00:00,2026-03-17T08:17:31Z,4.0,14.2,82.44999999999999,,2026-03-17T08:17:34Z,2026-03-17T08:17:34Z,2026-03-17T08:17:31Z,,,,,,,,Cultivo 2,2026-03
{'$oid': '69b91076b2147717dbde6f0e'},2026-03-17 08:24:11+00:00,2026-03-17T08:24:11Z,2.0,14.1,82.0,,2026-03-17T08:27:34Z,2026-03-17T08:27:34Z,2026-03-17T08:24:11Z,,,,,,,,Cultivo 2,2026-03
{'$oid': '69b912ceb2147717dbde6f0f'},2026-03-17 08:30:51+00:00,2026-03-17T08:37:31Z,4.0,13.8,81.55,,2026-03-17T08:37:34Z,2026-03-17T08:37:34Z,2026-03-17T08:37:31Z,,,,,,,,Cultivo 2,2026-03
{'$oid': '69b91526b2147717dbde6f10'},2026-03-17 08:44:11+00:00,2026-03-17T08:44:11Z,2.0,13.6,81.8,,2026-03-17T08:47:34Z,2026-03-17T08:47:34Z,2026-03-17T08:44:11Z,,,,,,,,Cultivo 2,2026-03
{'$oid': '69b9177eb2147717dbde6f11'},2026-03-17 08:50:51+00:00,2026-03-17T08:57:31Z,4.0,13.5,82.1,,2026-03-17T08:57:34Z,2026-03-17T08:57:34Z,2026-03-17T08:57:31Z,,,,,,,,Cultivo 2,2026-03
{'$oid': '69b919d6b2147717dbde6f12'},2026-03-17 09:04:11+00:00,2026-03-17T09:04:11Z,2.0,13.6,82.3,,2026-03-17T09:07:34Z,2026-03-17T09:07:34Z,2026-03-17T09:04:11Z,,,,,,,,Cultivo 2,2026-03
{'$oid': '69b91c2fb2147717dbde6f13'},2026-03-17 09:10:51+00:00,2026-03-17T09:17:31Z,4.0,13.7,82.4,,2026-03-17T09:17:35Z,2026-03-17T09:17:35Z,2026-03-17T09:17:31Z,,,,,,,,Cultivo 2,2026-03
{'$oid': '69b91e87b2147717dbde6f14'},2026-03-17 09:24:11+00:00,2026-03-17T09:24:11Z,2.0,13.8,82.5,,2026-03-17T09:27:35Z,2026-03-17T09:27:35Z,2026-03-17T09:24:11Z,,,,,,,,Cultivo 2,2026-03
{'$oid': '69b920dfb2147717dbde6f15'},2026-03-17 09:30:51+00:00,2026-03-17T09:37:31Z,4.0,13.8,82.5,,2026-03-17T09:37:35Z,2026-03-17T09:37:35Z,2026-03-17T09:37:31Z,,,,,,,,Cultivo 2,2026-03
{'$oid': '69b92337b2147717dbde6f16'},2026-03-17 09:44:11+00:00,2026-03-17T09:44:11Z,2.0,13.7,82.2,,2026-03-17T09:47:35Z,2026-03-17T09:47:35Z,2026-03-17T09:44:11Z,,,,,,,,Cultivo 2,2026-03
{'$oid': '69b9258fb2147717dbde6f17'},2026-03-17 09:50:51+00:00,2026-03-17T09:57:31Z,4.0,13.5,82.1,,2026-03-17T09:57:35Z,2026-03-17T09:57:35Z,2026-03-17T09:57:31Z,,,,,,,,Cultivo 2,2026-03
{'$oid': '69b927e7b2147717dbde6f18'},2026-03-17 10:04:11+00:00,2026-03-17T10:04:11Z,2.0,13.3,82.6,,2026-03-17T10:07:35Z,2026-03-17T10:07:35Z,2026-03-17T10:04:11Z,,,,,,,,Cultivo 2,2026-03
{'$oid': '69b92a3fb2147717dbde6f19'},2026-03-17 10:10:51+00:00,2026-03-17T10:17:31Z,4.0,13.45,82.35,,2026-03-17T10:17:35Z,2026-03-17T10:17:35Z,2026-03-17T10:17:31Z,,,,,,,,Cultivo 2,2026-03
{'$oid': '69b92c97b2147717dbde6f1a'},2026-03-17 10:24:11+00:00,2026-03-17T10:24:11Z,2.0,13.6,82.2,,2026-03-17T10:27:35Z,2026-03-17T10:27:35Z,2026-03-17T10:24:11Z,,,,,,,,Cultivo 2,2026-03
{'$oid': '69b92ef0b2147717dbde6f1b'},2026-03-17 10:30:51+00:00,2026-03-17T10:37:31Z,4.0,13.6,82.1,,2026-03-17T10:37:36Z,2026-03-17T10:37:36Z,2026-03-17T10:37:31Z,,,,,,,,Cultivo 2,2026-03
{'$oid': '69b93148b2147717dbde6f1c'},2026-03-17 10:44:11+00:00,2026-03-17T10:44:11Z,2.0,13.5,81.9,,2026-03-17T10:47:36Z,2026-03-17T10:47:36Z,2026-03-17T10:44:11Z,,,,,,,,Cultivo 2,2026-03
{'$oid': '69b933a0b2147717dbde6f1d'},2026-03-17 10:50:51+00:00,2026-03-17T10:57:31Z,4.0,13.25,81.9,,2026-03-17T10:57:36Z,2026-03-17T10:57:36Z,2026-03-17T10:57:31Z,,,,,,,,Cultivo 2,2026-03
{'$oid': '69b935f8b2147717dbde6f1e'},2026-03-17 11:04:11+00:00,2026-03-17T11:04:11Z,2.0,13.1,82.1,,2026-03-17T11:07:36Z,2026-03-17T11:07:36Z,2026-03-17T11:04:11Z,,,,,,,,Cultivo 2,2026-03
{'$oid': '69b93850b2147717dbde6f1f'},2026-03-17 11:10:51+00:00,2026-03-17T11:17:31Z,4.0,13.05,81.55,,2026-03-17T11:17:36Z,2026-03-17T11:17:36Z,2026-03-17T11:17:31Z,,,,,,,,Cultivo 2,2026-03
{'$oid': '69b93aa8b2147717dbde6f20'},2026-03-17 11:24:11+00:00,2026-03-17T11:24:11Z,2.0,13.0,81.6,,2026-03-17T11:27:36Z,2026-03-17T11:27:36Z,2026-03-17T11:24:11Z,,,,,,,,Cultivo 2,2026-03
{'$oid': '69b93d00b2147717dbde6f21'},2026-03-17 11:30:51+00:00,2026-03-17T11:37:31Z,4.0,13.2,81.5,,2026-03-17T11:37:36Z,2026-03-17T11:37:36Z,2026-03-17T11:37:31Z,,,,,,,,Cultivo 2,2026-03
{'$oid': '69b93f58b2147717dbde6f22'},2026-03-17 11:44:11+00:00,2026-03-17T11:44:11Z,2.0,13.5,80.9,,2026-03-17T11:47:36Z,2026-03-17T11:47:36Z,2026-03-17T11:44:11Z,,,,,,,,Cultivo 2,2026-03
{'$oid': '69b941b0b2147717dbde6f23'},2026-03-17 11:50:51+00:00,2026-03-17T11:57:31Z,4.0,13.85,80.85,,2026-03-17T11:57:36Z,2026-03-17T11:57:36Z,2026-03-17T11:57:31Z,,,,,,,,Cultivo 2,2026-03
{'$oid': '69b94409b2147717dbde6f24'},2026-03-17 12:04:11+00:00,2026-03-17T12:04:11Z,2.0,14.4,80.3,,2026-03-17T12:07:37Z,2026-03-17T12:07:37Z,2026-03-17T12:04:11Z,,,,,,,,Cultivo 2,2026-03
{'$oid': '69b94661b2147717dbde6f25'},2026-03-17 12:10:51+00:00,2026-03-17T12:17:31Z,4.0,14.85,78.8,,2026-03-17T12:17:37Z,2026-03-17T12:17:37Z,2026-03-17T12:17:31Z,,,,,,,,Cultivo 2,2026-03
{'$oid': '69b948b9b2147717dbde6f26'},2026-03-17 12:24:11+00:00,2026-03-17T12:24:11Z,2.0,15.1,77.7,,2026-03-17T12:27:37Z,2026-03-17T12:27:37Z,2026-03-17T12:24:11Z,,,,,,,,Cultivo 2,2026-03
{'$oid': '69b94b11b2147717dbde6f27'},2026-03-17 12:30:51+00:00,2026-03-17T12:37:31Z,4.0,15.1,78.25,,2026-03-17T12:37:37Z,2026-03-17T12:37:37Z,2026-03-17T12:37:31Z,,,,,,,,Cultivo 2,2026-03
{'$oid': '69b94d69b2147717dbde6f28'},2026-03-17 12:44:11+00:00,2026-03-17T12:44:11Z,2.0,15.2,78.5,,2026-03-17T12:47:37Z,2026-03-17T12:47:37Z,2026-03-17T12:44:11Z,,,,,,,,Cultivo 2,2026-03
{'$oid': '69b94fc1b2147717dbde6f29'},2026-03-17 12:50:51+00:00,2026-03-17T12:57:31Z,4.0,15.7,76.45,,2026-03-17T12:57:37Z,2026-03-17T12:57:37Z,2026-03-17T12:57:31Z,,,,,,,,Cultivo 2,2026-03
{'$oid': '69b95219b2147717dbde6f2a'},2026-03-17 13:04:11+00:00,2026-03-17T13:04:11Z,2.0,16.1,74.5,,2026-03-17T13:07:37Z,2026-03-17T13:07:37Z,2026-03-17T13:04:11Z,,,,,,,,Cultivo 2,2026-03
{'$oid': '69b95471b2147717dbde6f2b'},2026-03-17 13:10:51+00:00,2026-03-17T13:17:31Z,4.0,16.5,74.15,,2026-03-17T13:17:37Z,2026-03-17T13:17:37Z,2026-03-17T13:17:31Z,,,,,,,,Cultivo 2,2026-03
{'$oid': '69b956c9b2147717dbde6f2c'},2026-03-17 13:24:11+00:00,2026-03-17T13:24:11Z,2.0,16.9,72.1,,2026-03-17T13:27:37Z,2026-03-17T13:27:37Z,2026-03-17T13:24:11Z,,,,,,,,Cultivo 2,2026-03
{'$oid': '69b95922b2147717dbde6f2d'},2026-03-17 13:30:51+00:00,2026-03-17T13:37:31Z,4.0,17.700000000000003,72.65,,2026-03-17T13:37:38Z,2026-03-17T13:37:38Z,2026-03-17T13:37:31Z,,,,,,,,Cultivo 2,2026-03
{'$oid': '69b95b7ab2147717dbde6f2e'},2026-03-17 13:44:11+00:00,2026-03-17T13:44:11Z,2.0,18.7,71.1,,2026-03-17T13:47:38Z,2026-03-17T13:47:38Z,2026-03-17T13:44:11Z,,,,,,,,Cultivo 2,2026-03
{'$oid': '69b95dd2b2147717dbde6f2f'},2026-03-17 13:50:51+00:00,2026-03-17T13:57:31Z,4.0,19.0,70.05000000000001,,2026-03-17T13:57:38Z,2026-03-17T13:57:38Z,2026-03-17T13:57:31Z,,,,,,,,Cultivo 2,2026-03
{'$oid': '69b9602ab2147717dbde6f30'},2026-03-17 14:04:12+00:00,2026-03-17T14:04:12Z,2.0,19.4,67.9,,2026-03-17T14:07:38Z,2026-03-17T14:07:38Z,2026-03-17T14:04:12Z,,,,,,,,Cultivo 2,2026-03
{'$oid': '69b96282b2147717dbde6f31'},2026-03-17 14:10:52+00:00,2026-03-17T14:17:31Z,4.0,20.35,66.55,,2026-03-17T14:17:38Z,2026-03-17T14:17:38Z,2026-03-17T14:17:31Z,,,,,,,,Cultivo 2,2026-03
{'$oid': '69b964dab2147717dbde6f32'},2026-03-17 14:24:11+00:00,2026-03-17T14:24:11Z,2.0,21.7,63.1,,2026-03-17T14:27:38Z,2026-03-17T14:27:38Z,2026-03-17T14:24:11Z,,,,,,,,Cultivo 2,2026-03
{'$oid': '69b96732b2147717dbde6f33'},2026-03-17 14:30:51+00:00,2026-03-17T14:37:31Z,4.0,26.9,56.4,,2026-03-17T14:37:38Z,2026-03-17T14:37:38Z,2026-03-17T14:37:31Z,,,,,,,,Cultivo 2,2026-03
{'$oid': '69b9698ab2147717dbde6f34'},2026-03-17 14:44:11+00:00,2026-03-17T14:44:11Z,2.0,30.6,48.5,,2026-03-17T14:47:38Z,2026-03-17T14:47:38Z,2026-03-17T14:44:11Z,,,,,,,,Cultivo 2,2026-03
{'$oid': '69b96be3b2147717dbde6f35'},2026-03-17 14:50:52+00:00,2026-03-17T14:57:31Z,4.0,33.75,46.75,,2026-03-17T14:57:39Z,2026-03-17T14:57:39Z,2026-03-17T14:57:31Z,,,,,,,,Cultivo 2,2026-03
{'$oid': '69b96e3bb2147717dbde6f36'},2026-03-17 15:04:12+00:00,2026-03-17T15:04:12Z,2.0,38.6,41.9,,2026-03-17T15:07:39Z,2026-03-17T15:07:39Z,2026-03-17T15:04:12Z,,,,,,,,Cultivo 2,2026-03
{'$oid': '69b97093b2147717dbde6f37'},2026-03-17 15:10:52+00:00,2026-03-17T15:17:32Z,4.0,41.0,38.55,,2026-03-17T15:17:39Z,2026-03-17T15:17:39Z,2026-03-17T15:17:32Z,,,,,,,,Cultivo 2,2026-03
{'$oid': '69b972ebb2147717dbde6f38'},2026-03-17 15:24:12+00:00,2026-03-17T15:24:12Z,2.0,41.9,38.6,,2026-03-17T15:27:39Z,2026-03-17T15:27:39Z,2026-03-17T15:24:12Z,,,,,,,,Cultivo 2,2026-03
{'$oid': '69b97543b2147717dbde6f39'},2026-03-17 15:30:52+00:00,2026-03-17T15:37:32Z,4.0,42.900000000000006,36.25,,2026-03-17T15:37:39Z,2026-03-17T15:37:39Z,2026-03-17T15:37:32Z,,,,,,,,Cultivo 2,2026-03
{'$oid': '69b9779bb2147717dbde6f3a'},2026-03-17 15:44:12+00:00,2026-03-17T15:44:12Z,2.0,41.9,35.1,,2026-03-17T15:47:39Z,2026-03-17T15:47:39Z,2026-03-17T15:44:12Z,,,,,,,,Cultivo 2,2026-03
{'$oid': '69b979f3b2147717dbde6f3b'},2026-03-17 15:50:52+00:00,2026-03-17T15:57:32Z,4.0,41.85,34.400000000000006,,2026-03-17T15:57:39Z,2026-03-17T15:57:39Z,2026-03-17T15:57:32Z,,,,,,,,Cultivo 2,2026-03
{'$oid': '69b97c4cb2147717dbde6f3c'},2026-03-17 16:04:12+00:00,2026-03-17T16:04:12Z,2.0,41.9,33.7,,2026-03-17T16:07:40Z,2026-03-17T16:07:40Z,2026-03-17T16:04:12Z,,,,,,,,Cultivo 2,2026-03
{'$oid': '69b97ea4b2147717dbde6f3d'},2026-03-17 16:10:52+00:00,2026-03-17T16:17:32Z,4.0,41.05,33.75,,2026-03-17T16:17:40Z,2026-03-17T16:17:40Z,2026-03-17T16:17:32Z,,,,,,,,Cultivo 2,2026-03
{'$oid': '69b980fcb2147717dbde6f3e'},2026-03-17 16:24:12+00:00,2026-03-17T16:24:12Z,2.0,39.1,36.3,,2026-03-17T16:27:40Z,2026-03-17T16:27:40Z,2026-03-17T16:24:12Z,,,,,,,,Cultivo 2,2026-03
{'$oid': '69b98354b2147717dbde6f3f'},2026-03-17 16:30:52+00:00,2026-03-17T16:37:32Z,4.0,32.45,40.849999999999994,,2026-03-17T16:37:40Z,2026-03-17T16:37:40Z,2026-03-17T16:37:32Z,,,,,,,,Cultivo 2,2026-03
{'$oid': '69b985acb2147717dbde6f40'},2026-03-17 16:44:12+00:00,2026-03-17T16:44:12Z,2.0,28.3,46.6,,2026-03-17T16:47:40Z,2026-03-17T16:47:40Z,2026-03-17T16:44:12Z,,,,,,,,Cultivo 2,2026-03
{'$oid': '69b98804b2147717dbde6f41'},2026-03-17 16:50:52+00:00,2026-03-17T16:57:32Z,4.0,27.05,48.5,,2026-03-17T16:57:40Z,2026-03-17T16:57:40Z,2026-03-17T16:57:32Z,,,,,,,,Cultivo 2,2026-03
{'$oid': '69b98a5db2147717dbde6f42'},2026-03-17 17:04:12+00:00,2026-03-17T17:04:12Z,2.0,31.3,45.4,,2026-03-17T17:07:41Z,2026-03-17T17:07:41Z,2026-03-17T17:04:12Z,,,,,,,,Cultivo 2,2026-03
{'$oid': '69b98cb5b2147717dbde6f43'},2026-03-17 17:10:52+00:00,2026-03-17T17:17:32Z,4.0,34.400000000000006,40.05,,2026-03-17T17:17:41Z,2026-03-17T17:17:41Z,2026-03-17T17:17:32Z,,,,,,,,Cultivo 2,2026-03
{'$oid': '69b98f0db2147717dbde6f44'},2026-03-17 17:24:12+00:00,2026-03-17T17:24:12Z,2.0,35.3,40.8,,2026-03-17T17:27:41Z,2026-03-17T17:27:41Z,2026-03-17T17:24:12Z,,,,,,,,Cultivo 2,2026-03
{'$oid': '69b99165b2147717dbde6f45'},2026-03-17 17:30:53+00:00,2026-03-17T17:37:32Z,4.0,34.55,38.55,,2026-03-17T17:37:41Z,2026-03-17T17:37:41Z,2026-03-17T17:37:32Z,,,,,,,,Cultivo 2,2026-03
{'$oid': '69b993bdb2147717dbde6f46'},2026-03-17 17:44:12+00:00,2026-03-17T17:44:12Z,2.0,34.0,39.9,,2026-03-17T17:47:41Z,2026-03-17T17:47:41Z,2026-03-17T17:44:12Z,,,,,,,,Cultivo 2,2026-03
{'$oid': '69b99615b2147717dbde6f47'},2026-03-17 17:50:52+00:00,2026-03-17T17:57:32Z,4.0,33.599999999999994,40.4,,2026-03-17T17:57:41Z,2026-03-17T17:57:41Z,2026-03-17T17:57:32Z,,,,,,,,Cultivo 2,2026-03
{'$oid': '69b9986db2147717dbde6f48'},2026-03-17 18:04:12+00:00,2026-03-17T18:04:12Z,2.0,33.3,42.3,,2026-03-17T18:07:41Z,2026-03-17T18:07:41Z,2026-03-17T18:04:12Z,,,,,,,,Cultivo 2,2026-03
{'$oid': '69b99ac5b2147717dbde6f49'},2026-03-17 18:10:52+00:00,2026-03-17T18:17:32Z,4.0,32.25,43.0,,2026-03-17T18:17:41Z,2026-03-17T18:17:41Z,2026-03-17T18:17:32Z,,,,,,,,Cultivo 2,2026-03
{'$oid': '69b99d1db2147717dbde6f4a'},2026-03-17 18:24:12+00:00,2026-03-17T18:24:12Z,2.0,31.8,44.8,,2026-03-17T18:27:41Z,2026-03-17T18:27:41Z,2026-03-17T18:24:12Z,,,,,,,,Cultivo 2,2026-03
{'$oid': '69b99f76b2147717dbde6f4b'},2026-03-17 18:30:52+00:00,2026-03-17T18:37:32Z,4.0,30.8,45.45,,2026-03-17T18:37:42Z,2026-03-17T18:37:42Z,2026-03-17T18:37:32Z,,,,,,,,Cultivo 2,2026-03
{'$oid': '69b9a1ceb2147717dbde6f4c'},2026-03-17 18:44:12+00:00,2026-03-17T18:44:12Z,2.0,29.4,51.0,,2026-03-17T18:47:42Z,2026-03-17T18:47:42Z,2026-03-17T18:44:12Z,,,,,,,,Cultivo 2,2026-03
{'$oid': '69b9a426b2147717dbde6f4d'},2026-03-17 18:50:52+00:00,2026-03-17T18:57:32Z,4.0,27.799999999999997,49.3,,2026-03-17T18:57:42Z,2026-03-17T18:57:42Z,2026-03-17T18:57:32Z,,,,,,,,Cultivo 2,2026-03
{'$oid': '69b9a67eb2147717dbde6f4e'},2026-03-17 19:04:12+00:00,2026-03-17T19:04:12Z,2.0,27.4,50.4,,2026-03-17T19:07:42Z,2026-03-17T19:07:42Z,2026-03-17T19:04:12Z,,,,,,,,Cultivo 2,2026-03
{'$oid': '69b9a8d6b2147717dbde6f4f'},2026-03-17 19:10:52+00:00,2026-03-17T19:17:32Z,4.0,27.9,49.7,,2026-03-17T19:17:42Z,2026-03-17T19:17:42Z,2026-03-17T19:17:32Z,,,,,,,,Cultivo 2,2026-03
{'$oid': '69b9ab2eb2147717dbde6f50'},2026-03-17 19:24:12+00:00,2026-03-17T19:24:12Z,2.0,28.3,48.2,,2026-03-17T19:27:42Z,2026-03-17T19:27:42Z,2026-03-17T19:24:12Z,,,,,,,,Cultivo 2,2026-03
{'$oid': '69b9ad86b2147717dbde6f51'},2026-03-17 19:30:53+00:00,2026-03-17T19:37:32Z,4.0,28.8,48.95,,2026-03-17T19:37:42Z,2026-03-17T19:37:42Z,2026-03-17T19:37:32Z,,,,,,,,Cultivo 2,2026-03
{'$oid': '69b9afdeb2147717dbde6f52'},2026-03-17 19:44:12+00:00,2026-03-17T19:44:12Z,2.0,29.3,48.0,,2026-03-17T19:47:42Z,2026-03-17T19:47:42Z,2026-03-17T19:44:12Z,,,,,,,,Cultivo 2,2026-03
{'$oid': '69b9b237b2147717dbde6f53'},2026-03-17 19:50:52+00:00,2026-03-17T19:57:32Z,4.0,28.95,47.5,,2026-03-17T19:57:43Z,2026-03-17T19:57:43Z,2026-03-17T19:57:32Z,,,,,,,,Cultivo 2,2026-03
{'$oid': '69b9b48fb2147717dbde6f54'},2026-03-17 20:04:12+00:00,2026-03-17T20:04:12Z,2.0,27.6,50.3,,2026-03-17T20:07:43Z,2026-03-17T20:07:43Z,2026-03-17T20:04:12Z,,,,,,,,Cultivo 2,2026-03
{'$oid': '69b9b6e7b2147717dbde6f55'},2026-03-17 20:10:52+00:00,2026-03-17T20:17:32Z,4.0,25.75,53.55,,2026-03-17T20:17:43Z,2026-03-17T20:17:43Z,2026-03-17T20:17:32Z,,,,,,,,Cultivo 2,2026-03
{'$oid': '69b9b93fb2147717dbde6f56'},2026-03-17 20:24:12+00:00,2026-03-17T20:24:12Z,2.0,26.0,53.3,,2026-03-17T20:27:43Z,2026-03-17T20:27:43Z,2026-03-17T20:24:12Z,,,,,,,,Cultivo 2,2026-03
{'$oid': '69b9bb97b2147717dbde6f57'},2026-03-17 20:30:52+00:00,2026-03-17T20:37:32Z,4.0,26.1,53.7,,2026-03-17T20:37:43Z,2026-03-17T20:37:43Z,2026-03-17T20:37:32Z,,,,,,,,Cultivo 2,2026-03
{'$oid': '69b9bdefb2147717dbde6f58'},2026-03-17 20:44:12+00:00,2026-03-17T20:44:12Z,2.0,26.5,51.7,,2026-03-17T20:47:43Z,2026-03-17T20:47:43Z,2026-03-17T20:44:12Z,,,,,,,,Cultivo 2,2026-03
{'$oid': '69b9c047b2147717dbde6f59'},2026-03-17 20:50:52+00:00,2026-03-17T20:57:32Z,4.0,26.35,52.849999999999994,,2026-03-17T20:57:43Z,2026-03-17T20:57:43Z,2026-03-17T20:57:32Z,,,,,,,,Cultivo 2,2026-03
{'$oid': '69b9c29fb2147717dbde6f5a'},2026-03-17 21:04:12+00:00,2026-03-17T21:04:12Z,2.0,26.3,52.8,,2026-03-17T21:07:43Z,2026-03-17T21:07:43Z,2026-03-17T21:04:12Z,,,,,,,,Cultivo 2,2026-03
{'$oid': '69b9c4f8b2147717dbde6f5b'},2026-03-17 21:10:52+00:00,2026-03-17T21:17:32Z,4.0,24.200000000000003,56.25,,2026-03-17T21:17:44Z,2026-03-17T21:17:44Z,2026-03-17T21:17:32Z,,,,,,,,Cultivo 2,2026-03
{'$oid': '69b9c750b2147717dbde6f5c'},2026-03-17 21:24:12+00:00,2026-03-17T21:24:12Z,2.0,22.6,59.2,,2026-03-17T21:27:44Z,2026-03-17T21:27:44Z,2026-03-17T21:24:12Z,,,,,,,,Cultivo 2,2026-03
{'$oid': '69b9c9a8b2147717dbde6f5d'},2026-03-17 21:30:52+00:00,2026-03-17T21:37:32Z,4.0,21.5,62.7,,2026-03-17T21:37:44Z,2026-03-17T21:37:44Z,2026-03-17T21:37:32Z,,,,,,,,Cultivo 2,2026-03
{'$oid': '69b9cc00b2147717dbde6f5e'},2026-03-17 21:44:12+00:00,2026-03-17T21:44:12Z,2.0,21.3,63.5,,2026-03-17T21:47:44Z,2026-03-17T21:47:44Z,2026-03-17T21:44:12Z,,,,,,,,Cultivo 2,2026-03
{'$oid': '69b9ce58b2147717dbde6f5f'},2026-03-17 21:50:52+00:00,2026-03-17T21:57:32Z,4.0,20.65,65.55,,2026-03-17T21:57:44Z,2026-03-17T21:57:44Z,2026-03-17T21:57:32Z,,,,,,,,Cultivo 2,2026-03
{'$oid': '69b9d0b0b2147717dbde6f60'},2026-03-17 22:04:12+00:00,2026-03-17T22:04:12Z,2.0,20.3,66.7,,2026-03-17T22:07:44Z,2026-03-17T22:07:44Z,2026-03-17T22:04:12Z,,,,,,,,Cultivo 2,2026-03
{'$oid': '69b9d309b2147717dbde6f61'},2026-03-17 22:10:52+00:00,2026-03-17T22:17:32Z,4.0,20.25,66.80000000000001,,2026-03-17T22:17:45Z,2026-03-17T22:17:45Z,2026-03-17T22:17:32Z,,,,,,,,Cultivo 2,2026-03
{'$oid': '69b9d561b2147717dbde6f62'},2026-03-17 22:24:12+00:00,2026-03-17T22:24:12Z,2.0,20.6,66.6,,2026-03-17T22:27:45Z,2026-03-17T22:27:45Z,2026-03-17T22:24:12Z,,,,,,,,Cultivo 2,2026-03
{'$oid': '69b9d7b9b2147717dbde6f63'},2026-03-17 22:30:52+00:00,2026-03-17T22:37:32Z,4.0,20.200000000000003,68.9,,2026-03-17T22:37:45Z,2026-03-17T22:37:45Z,2026-03-17T22:37:32Z,,,,,,,,Cultivo 2,2026-03
{'$oid': '69b9da11b2147717dbde6f64'},2026-03-17 22:44:12+00:00,2026-03-17T22:44:12Z,2.0,20.6,68.4,,2026-03-17T22:47:45Z,2026-03-17T22:47:45Z,2026-03-17T22:44:12Z,,,,,,,,Cultivo 2,2026-03
{'$oid': '69b9dc69b2147717dbde6f65'},2026-03-17 22:50:53+00:00,2026-03-17T22:57:32Z,4.0,20.35,69.6,,2026-03-17T22:57:45Z,2026-03-17T22:57:45Z,2026-03-17T22:57:32Z,,,,,,,,Cultivo 2,2026-03
{'$oid': '69b9dec1b2147717dbde6f66'},2026-03-17 23:04:12+00:00,2026-03-17T23:04:12Z,2.0,19.3,71.4,,2026-03-17T23:07:45Z,2026-03-17T23:07:45Z,2026-03-17T23:04:12Z,,,,,,,,Cultivo 2,2026-03
{'$oid': '69b9e11ab2147717dbde6f67'},2026-03-17 23:10:52+00:00,2026-03-17T23:17:41Z,6.0,18.266666666666666,74.26666666666667,,2026-03-17T23:17:46Z,2026-03-17T23:17:46Z,2026-03-17T23:17:41Z,,,,,,,,Cultivo 2,2026-03
{'$oid': '69b9e372b2147717dbde6f68'},2026-03-17 23:24:12+00:00,2026-03-17T23:24:12Z,2.0,17.5,76.1,,2026-03-17T23:27:46Z,2026-03-17T23:27:46Z,2026-03-17T23:24:12Z,,,,,,,,Cultivo 2,2026-03
{'$oid': '69b9e5cab2147717dbde6f69'},2026-03-17 23:30:52+00:00,2026-03-17T23:37:32Z,4.0,16.700000000000003,78.0,,2026-03-17T23:37:46Z,2026-03-17T23:37:46Z,2026-03-17T23:37:32Z,,,,,,,,Cultivo 2,2026-03
{'$oid': '69b9e822b2147717dbde6f6a'},2026-03-17 23:44:12+00:00,2026-03-17T23:44:12Z,2.0,16.4,78.9,,2026-03-17T23:47:46Z,2026-03-17T23:47:46Z,2026-03-17T23:44:12Z,,,,,,,,Cultivo 2,2026-03
{'$oid': '69b9ea7ab2147717dbde6f6b'},2026-03-17 23:50:52+00:00,2026-03-17T23:57:32Z,4.0,16.2,79.9,,2026-03-17T23:57:46Z,2026-03-17T23:57:46Z,2026-03-17T23:57:32Z,,,,,,,,Cultivo 2,2026-03
{'$oid': '69b9ecd2b2147717dbde6f6c'},2026-03-18 00:04:12+00:00,2026-03-18T00:04:12Z,2.0,16.3,80.8,,2026-03-18T00:07:46Z,2026-03-18T00:07:46Z,2026-03-18T00:04:12Z,,,,,,,,Cultivo 2,2026-03
{'$oid': '69b9ef2ab2147717dbde6f6d'},2026-03-18 00:10:53+00:00,2026-03-18T00:17:32Z,4.0,16.4,80.55,,2026-03-18T00:17:46Z,2026-03-18T00:17:46Z,2026-03-18T00:17:32Z,,,,,,,,Cultivo 2,2026-03
{'$oid': '69b9f182b2147717dbde6f6e'},2026-03-18 00:24:12+00:00,2026-03-18T00:24:12Z,2.0,16.6,80.0,,2026-03-18T00:27:46Z,2026-03-18T00:27:46Z,2026-03-18T00:24:12Z,,,,,,,,Cultivo 2,2026-03
{'$oid': '69b9f3dbb2147717dbde6f6f'},2026-03-18 00:30:53+00:00,2026-03-18T00:37:33Z,4.0,16.4,80.5,,2026-03-18T00:37:47Z,2026-03-18T00:37:47Z,2026-03-18T00:37:33Z,,,,,,,,Cultivo 2,2026-03
{'$oid': '69b9f633b2147717dbde6f70'},2026-03-18 00:44:13+00:00,2026-03-18T00:44:13Z,2.0,16.5,80.9,,2026-03-18T00:47:47Z,2026-03-18T00:47:47Z,2026-03-18T00:44:13Z,,,,,,,,Cultivo 2,2026-03
{'$oid': '69b9f88bb2147717dbde6f71'},2026-03-18 00:50:53+00:00,2026-03-18T00:57:33Z,4.0,16.55,81.1,,2026-03-18T00:57:47Z,2026-03-18T00:57:47Z,2026-03-18T00:57:33Z,,,,,,,,Cultivo 2,2026-03
{'$oid': '69b9fae3b2147717dbde6f72'},2026-03-18 01:04:13+00:00,2026-03-18T01:04:13Z,2.0,16.4,81.1,,2026-03-18T01:07:47Z,2026-03-18T01:07:47Z,2026-03-18T01:04:13Z,,,,,,,,Cultivo 2,2026-03
{'$oid': '69b9fd3bb2147717dbde6f73'},2026-03-18 01:10:53+00:00,2026-03-18T01:17:32Z,4.0,16.35,80.95,,2026-03-18T01:17:47Z,2026-03-18T01:17:47Z,2026-03-18T01:17:32Z,,,,,,,,Cultivo 2,2026-03
{'$oid': '69b9ff93b2147717dbde6f74'},2026-03-18 01:24:13+00:00,2026-03-18T01:24:13Z,2.0,16.4,80.8,,2026-03-18T01:27:47Z,2026-03-18T01:27:47Z,2026-03-18T01:24:13Z,,,,,,,,Cultivo 2,2026-03
{'$oid': '69ba01ebb2147717dbde6f75'},2026-03-18 01:30:53+00:00,2026-03-18T01:37:33Z,4.0,16.3,80.9,,2026-03-18T01:37:47Z,2026-03-18T01:37:47Z,2026-03-18T01:37:33Z,,,,,,,,Cultivo 2,2026-03
{'$oid': '69ba0443b2147717dbde6f76'},2026-03-18 01:44:13+00:00,2026-03-18T01:44:13Z,2.0,16.1,81.4,,2026-03-18T01:47:47Z,2026-03-18T01:47:47Z,2026-03-18T01:44:13Z,,,,,,,,Cultivo 2,2026-03
{'$oid': '69ba069cb2147717dbde6f77'},2026-03-18 01:50:54+00:00,2026-03-18T01:57:33Z,4.0,16.0,81.15,,2026-03-18T01:57:48Z,2026-03-18T01:57:48Z,2026-03-18T01:57:33Z,,,,,,,,Cultivo 2,2026-03
{'$oid': '69ba08f4b2147717dbde6f78'},2026-03-18 02:04:14+00:00,2026-03-18T02:04:21Z,4.0,15.9,81.2,,2026-03-18T02:07:48Z,2026-03-18T02:07:48Z,2026-03-18T02:04:21Z,,,,,,,,Cultivo 2,2026-03
{'$oid': '69ba0b4cb2147717dbde6f79'},2026-03-18 02:10:55+00:00,2026-03-18T02:17:34Z,4.0,15.9,81.55,,2026-03-18T02:17:48Z,2026-03-18T02:17:48Z,2026-03-18T02:17:34Z,,,,,,,,Cultivo 2,2026-03
{'$oid': '69ba0da4b2147717dbde6f7a'},2026-03-18 02:24:15+00:00,2026-03-18T02:24:15Z,2.0,15.7,81.7,,2026-03-18T02:27:48Z,2026-03-18T02:27:48Z,2026-03-18T02:24:15Z,,,,,,,,Cultivo 2,2026-03
{'$oid': '69ba0ffcb2147717dbde6f7b'},2026-03-18 02:30:54+00:00,2026-03-18T02:37:33Z,4.0,15.649999999999999,81.9,,2026-03-18T02:37:48Z,2026-03-18T02:37:48Z,2026-03-18T02:37:33Z,,,,,,,,Cultivo 2,2026-03
{'$oid': '69ba1254b2147717dbde6f7c'},2026-03-18 02:44:14+00:00,2026-03-18T02:44:14Z,2.0,15.4,82.2,,2026-03-18T02:47:48Z,2026-03-18T02:47:48Z,2026-03-18T02:44:14Z,,,,,,,,Cultivo 2,2026-03
{'$oid': '69ba14acb2147717dbde6f7d'},2026-03-18 02:50:53+00:00,2026-03-18T02:57:33Z,4.0,15.4,82.1,,2026-03-18T02:57:48Z,2026-03-18T02:57:48Z,2026-03-18T02:57:33Z,,,,,,,,Cultivo 2,2026-03
{'$oid': '69ba1704b2147717dbde6f7e'},2026-03-18 03:04:13+00:00,2026-03-18T03:04:13Z,2.0,15.3,82.0,,2026-03-18T03:07:48Z,2026-03-18T03:07:48Z,2026-03-18T03:04:13Z,,,,,,,,Cultivo 2,2026-03
{'$oid': '69ba195cb2147717dbde6f7f'},2026-03-18 03:10:53+00:00,2026-03-18T03:17:33Z,4.0,15.25,81.95,,2026-03-18T03:17:48Z,2026-03-18T03:17:48Z,2026-03-18T03:17:33Z,,,,,,,,Cultivo 2,2026-03
{'$oid': '69ba1bb5b2147717dbde6f80'},2026-03-18 03:24:13+00:00,2026-03-18T03:24:13Z,2.0,15.1,82.0,,2026-03-18T03:27:49Z,2026-03-18T03:27:49Z,2026-03-18T03:24:13Z,,,,,,,,Cultivo 2,2026-03
{'$oid': '69ba1e0db2147717dbde6f81'},2026-03-18 03:30:53+00:00,2026-03-18T03:37:33Z,4.0,14.95,82.15,,2026-03-18T03:37:49Z,2026-03-18T03:37:49Z,2026-03-18T03:37:33Z,,,,,,,,Cultivo 2,2026-03
{'$oid': '69ba2065b2147717dbde6f82'},2026-03-18 03:44:13+00:00,2026-03-18T03:44:13Z,2.0,14.8,82.0,,2026-03-18T03:47:49Z,2026-03-18T03:47:49Z,2026-03-18T03:44:13Z,,,,,,,,Cultivo 2,2026-03
{'$oid': '69ba22bdb2147717dbde6f83'},2026-03-18 03:50:53+00:00,2026-03-18T03:57:33Z,4.0,14.7,82.05,,2026-03-18T03:57:49Z,2026-03-18T03:57:49Z,2026-03-18T03:57:33Z,,,,,,,,Cultivo 2,2026-03
{'$oid': '69ba2515b2147717dbde6f84'},2026-03-18 04:04:13+00:00,2026-03-18T04:04:13Z,2.0,14.6,82.2,,2026-03-18T04:07:49Z,2026-03-18T04:07:49Z,2026-03-18T04:04:13Z,,,,,,,,Cultivo 2,2026-03
{'$oid': '69ba276db2147717dbde6f85'},2026-03-18 04:10:53+00:00,2026-03-18T04:17:33Z,4.0,14.5,82.45,,2026-03-18T04:17:49Z,2026-03-18T04:17:49Z,2026-03-18T04:17:33Z,,,,,,,,Cultivo 2,2026-03
{'$oid': '69ba29c5b2147717dbde6f86'},2026-03-18 04:24:13+00:00,2026-03-18T04:24:13Z,2.0,14.5,82.2,,2026-03-18T04:27:49Z,2026-03-18T04:27:49Z,2026-03-18T04:24:13Z,,,,,,,,Cultivo 2,2026-03
{'$oid': '69ba2c1db2147717dbde6f87'},2026-03-18 04:30:53+00:00,2026-03-18T04:37:33Z,4.0,14.6,82.44999999999999,,2026-03-18T04:37:49Z,2026-03-18T04:37:49Z,2026-03-18T04:37:33Z,,,,,,,,Cultivo 2,2026-03
{'$oid': '69ba2e75b2147717dbde6f88'},2026-03-18 04:44:13+00:00,2026-03-18T04:44:13Z,2.0,14.6,82.9,,2026-03-18T04:47:49Z,2026-03-18T04:47:49Z,2026-03-18T04:44:13Z,,,,,,,,Cultivo 2,2026-03
{'$oid': '69ba30cdb2147717dbde6f89'},2026-03-18 04:50:53+00:00,2026-03-18T04:57:33Z,4.0,14.850000000000001,82.65,,2026-03-18T04:57:49Z,2026-03-18T04:57:49Z,2026-03-18T04:57:33Z,,,,,,,,Cultivo 2,2026-03
{'$oid': '69ba3326b2147717dbde6f8a'},2026-03-18 05:04:13+00:00,2026-03-18T05:04:13Z,2.0,14.8,82.5,,2026-03-18T05:07:50Z,2026-03-18T05:07:50Z,2026-03-18T05:04:13Z,,,,,,,,Cultivo 2,2026-03
{'$oid': '69ba357eb2147717dbde6f8b'},2026-03-18 05:10:53+00:00,2026-03-18T05:17:33Z,4.0,14.7,82.4,,2026-03-18T05:17:50Z,2026-03-18T05:17:50Z,2026-03-18T05:17:33Z,,,,,,,,Cultivo 2,2026-03
{'$oid': '69ba37d6b2147717dbde6f8c'},2026-03-18 05:24:13+00:00,2026-03-18T05:24:13Z,2.0,14.9,82.8,,2026-03-18T05:27:50Z,2026-03-18T05:27:50Z,2026-03-18T05:24:13Z,,,,,,,,Cultivo 2,2026-03
{'$oid': '69ba3a2eb2147717dbde6f8d'},2026-03-18 05:30:53+00:00,2026-03-18T05:37:33Z,4.0,15.05,82.55,,2026-03-18T05:37:50Z,2026-03-18T05:37:50Z,2026-03-18T05:37:33Z,,,,,,,,Cultivo 2,2026-03
{'$oid': '69ba3c86b2147717dbde6f8e'},2026-03-18 05:44:13+00:00,2026-03-18T05:44:13Z,2.0,15.0,82.4,,2026-03-18T05:47:50Z,2026-03-18T05:47:50Z,2026-03-18T05:44:13Z,,,,,,,,Cultivo 2,2026-03
{'$oid': '69ba3edeb2147717dbde6f8f'},2026-03-18 05:50:53+00:00,2026-03-18T05:57:33Z,4.0,14.850000000000001,82.55000000000001,,2026-03-18T05:57:50Z,2026-03-18T05:57:50Z,2026-03-18T05:57:33Z,,,,,,,,Cultivo 2,2026-03
{'$oid': '69ba4136b2147717dbde6f90'},2026-03-18 06:04:13+00:00,2026-03-18T06:04:13Z,2.0,14.9,82.5,,2026-03-18T06:07:50Z,2026-03-18T06:07:50Z,2026-03-18T06:04:13Z,,,,,,,,Cultivo 2,2026-03
{'$oid': '69ba438eb2147717dbde6f91'},2026-03-18 06:10:53+00:00,2026-03-18T06:17:33Z,4.0,14.95,82.75,,2026-03-18T06:17:50Z,2026-03-18T06:17:50Z,2026-03-18T06:17:33Z,,,,,,,,Cultivo 2,2026-03
{'$oid': '69ba45e6b2147717dbde6f92'},2026-03-18 06:24:13+00:00,2026-03-18T06:24:13Z,2.0,15.0,82.6,,2026-03-18T06:27:50Z,2026-03-18T06:27:50Z,2026-03-18T06:24:13Z,,,,,,,,Cultivo 2,2026-03
{'$oid': '69ba483eb2147717dbde6f93'},2026-03-18 06:30:53+00:00,2026-03-18T06:37:33Z,4.0,14.95,82.44999999999999,,2026-03-18T06:37:50Z,2026-03-18T06:37:50Z,2026-03-18T06:37:33Z,,,,,,,,Cultivo 2,2026-03
{'$oid': '69ba4a97b2147717dbde6f94'},2026-03-18 06:44:13+00:00,2026-03-18T06:44:13Z,2.0,14.8,82.6,,2026-03-18T06:47:51Z,2026-03-18T06:47:51Z,2026-03-18T06:44:13Z,,,,,,,,Cultivo 2,2026-03
{'$oid': '69ba4cefb2147717dbde6f95'},2026-03-18 06:50:53+00:00,2026-03-18T06:57:33Z,4.0,14.850000000000001,82.6,,2026-03-18T06:57:51Z,2026-03-18T06:57:51Z,2026-03-18T06:57:33Z,,,,,,,,Cultivo 2,2026-03
{'$oid': '69ba4f47b2147717dbde6f96'},2026-03-18 07:04:13+00:00,2026-03-18T07:04:13Z,2.0,14.9,83.0,,2026-03-18T07:07:51Z,2026-03-18T07:07:51Z,2026-03-18T07:04:13Z,,,,,,,,Cultivo 2,2026-03
{'$oid': '69ba519fb2147717dbde6f97'},2026-03-18 07:10:53+00:00,2026-03-18T07:17:33Z,4.0,14.95,82.69999999999999,,2026-03-18T07:17:51Z,2026-03-18T07:17:51Z,2026-03-18T07:17:33Z,,,,,,,,Cultivo 2,2026-03
{'$oid': '69ba53f7b2147717dbde6f98'},2026-03-18 07:24:13+00:00,2026-03-18T07:24:13Z,2.0,15.0,82.3,,2026-03-18T07:27:51Z,2026-03-18T07:27:51Z,2026-03-18T07:24:13Z,,,,,,,,Cultivo 2,2026-03
{'$oid': '69ba564fb2147717dbde6f99'},2026-03-18 07:30:53+00:00,2026-03-18T07:37:33Z,4.0,15.0,82.45,,2026-03-18T07:37:51Z,2026-03-18T07:37:51Z,2026-03-18T07:37:33Z,,,,,,,,Cultivo 2,2026-03
{'$oid': '69ba58a7b2147717dbde6f9a'},2026-03-18 07:44:13+00:00,2026-03-18T07:44:13Z,2.0,15.0,82.5,,2026-03-18T07:47:51Z,2026-03-18T07:47:51Z,2026-03-18T07:44:13Z,,,,,,,,Cultivo 2,2026-03
{'$oid': '69ba5affb2147717dbde6f9b'},2026-03-18 07:50:53+00:00,2026-03-18T07:57:33Z,4.0,14.95,82.4,,2026-03-18T07:57:51Z,2026-03-18T07:57:51Z,2026-03-18T07:57:33Z,,,,,,,,Cultivo 2,2026-03
{'$oid': '69ba5d57b2147717dbde6f9c'},2026-03-18 08:04:13+00:00,2026-03-18T08:04:13Z,2.0,14.8,82.3,,2026-03-18T08:07:51Z,2026-03-18T08:07:51Z,2026-03-18T08:04:13Z,,,,,,,,Cultivo 2,2026-03
{'$oid': '69ba5fafb2147717dbde6f9d'},2026-03-18 08:10:53+00:00,2026-03-18T08:17:33Z,4.0,14.8,82.35,,2026-03-18T08:17:51Z,2026-03-18T08:17:51Z,2026-03-18T08:17:33Z,,,,,,,,Cultivo 2,2026-03
{'$oid': '69ba6208b2147717dbde6f9e'},2026-03-18 08:24:13+00:00,2026-03-18T08:24:13Z,2.0,14.8,82.6,,2026-03-18T08:27:52Z,2026-03-18T08:27:52Z,2026-03-18T08:24:13Z,,,,,,,,Cultivo 2,2026-03
{'$oid': '69ba6460b2147717dbde6f9f'},2026-03-18 08:30:53+00:00,2026-03-18T08:37:33Z,4.0,14.75,82.7,,2026-03-18T08:37:52Z,2026-03-18T08:37:52Z,2026-03-18T08:37:33Z,,,,,,,,Cultivo 2,2026-03
{'$oid': '69ba66b8b2147717dbde6fa0'},2026-03-18 08:44:13+00:00,2026-03-18T08:44:13Z,2.0,14.6,82.6,,2026-03-18T08:47:52Z,2026-03-18T08:47:52Z,2026-03-18T08:44:13Z,,,,,,,,Cultivo 2,2026-03
{'$oid': '69ba6910b2147717dbde6fa1'},2026-03-18 08:50:53+00:00,2026-03-18T08:57:33Z,4.0,14.6,82.5,,2026-03-18T08:57:52Z,2026-03-18T08:57:52Z,2026-03-18T08:57:33Z,,,,,,,,Cultivo 2,2026-03
{'$oid': '69ba6b68b2147717dbde6fa2'},2026-03-18 09:04:13+00:00,2026-03-18T09:04:13Z,2.0,14.5,82.6,,2026-03-18T09:07:52Z,2026-03-18T09:07:52Z,2026-03-18T09:04:13Z,,,,,,,,Cultivo 2,2026-03
{'$oid': '69ba6dc0b2147717dbde6fa3'},2026-03-18 09:10:53+00:00,2026-03-18T09:17:33Z,4.0,14.45,82.65,,2026-03-18T09:17:52Z,2026-03-18T09:17:52Z,2026-03-18T09:17:33Z,,,,,,,,Cultivo 2,2026-03
{'$oid': '69ba7018b2147717dbde6fa4'},2026-03-18 09:24:13+00:00,2026-03-18T09:24:13Z,2.0,14.4,82.7,,2026-03-18T09:27:52Z,2026-03-18T09:27:52Z,2026-03-18T09:24:13Z,,,,,,,,Cultivo 2,2026-03
{'$oid': '69ba7270b2147717dbde6fa5'},2026-03-18 09:30:53+00:00,2026-03-18T09:37:33Z,4.0,14.4,82.75,,2026-03-18T09:37:52Z,2026-03-18T09:37:52Z,2026-03-18T09:37:33Z,,,,,,,,Cultivo 2,2026-03
{'$oid': '69ba74c8b2147717dbde6fa6'},2026-03-18 09:44:13+00:00,2026-03-18T09:44:13Z,2.0,14.2,82.7,,2026-03-18T09:47:52Z,2026-03-18T09:47:52Z,2026-03-18T09:44:13Z,,,,,,,,Cultivo 2,2026-03
{'$oid': '69ba7721b2147717dbde6fa7'},2026-03-18 09:50:53+00:00,2026-03-18T09:57:33Z,4.0,14.25,82.95,,2026-03-18T09:57:53Z,2026-03-18T09:57:53Z,2026-03-18T09:57:33Z,,,,,,,,Cultivo 2,2026-03
{'$oid': '69ba7979b2147717dbde6fa8'},2026-03-18 10:04:13+00:00,2026-03-18T10:04:13Z,2.0,14.4,82.9,,2026-03-18T10:07:53Z,2026-03-18T10:07:53Z,2026-03-18T10:04:13Z,,,,,,,,Cultivo 2,2026-03
{'$oid': '69ba7bd1b2147717dbde6fa9'},2026-03-18 10:10:53+00:00,2026-03-18T10:17:33Z,4.0,14.4,82.9,,2026-03-18T10:17:53Z,2026-03-18T10:17:53Z,2026-03-18T10:17:33Z,,,,,,,,Cultivo 2,2026-03
{'$oid': '69ba7e29b2147717dbde6faa'},2026-03-18 10:24:13+00:00,2026-03-18T10:24:13Z,2.0,14.4,83.0,,2026-03-18T10:27:53Z,2026-03-18T10:27:53Z,2026-03-18T10:24:13Z,,,,,,,,Cultivo 2,2026-03
{'$oid': '69ba8081b2147717dbde6fab'},2026-03-18 10:30:53+00:00,2026-03-18T10:37:33Z,4.0,14.350000000000001,83.0,,2026-03-18T10:37:53Z,2026-03-18T10:37:53Z,2026-03-18T10:37:33Z,,,,,,,,Cultivo 2,2026-03
{'$oid': '69ba82d9b2147717dbde6fac'},2026-03-18 10:44:13+00:00,2026-03-18T10:44:13Z,2.0,14.3,83.0,,2026-03-18T10:47:53Z,2026-03-18T10:47:53Z,2026-03-18T10:44:13Z,,,,,,,,Cultivo 2,2026-03
{'$oid': '69ba8531b2147717dbde6fad'},2026-03-18 10:50:53+00:00,2026-03-18T10:57:33Z,4.0,14.350000000000001,83.15,,2026-03-18T10:57:53Z,2026-03-18T10:57:53Z,2026-03-18T10:57:33Z,,,,,,,,Cultivo 2,2026-03
{'$oid': '69ba8789b2147717dbde6fae'},2026-03-18 11:04:13+00:00,2026-03-18T11:04:13Z,2.0,14.3,83.1,,2026-03-18T11:07:53Z,2026-03-18T11:07:53Z,2026-03-18T11:04:13Z,,,,,,,,Cultivo 2,2026-03
{'$oid': '69ba89e1b2147717dbde6faf'},2026-03-18 11:10:53+00:00,2026-03-18T11:17:33Z,4.0,14.3,82.9,,2026-03-18T11:17:53Z,2026-03-18T11:17:53Z,2026-03-18T11:17:33Z,,,,,,,,Cultivo 2,2026-03
{'$oid': '69ba8c3ab2147717dbde6fb0'},2026-03-18 11:24:13+00:00,2026-03-18T11:24:13Z,2.0,14.3,83.2,,2026-03-18T11:27:54Z,2026-03-18T11:27:54Z,2026-03-18T11:24:13Z,,,,,,,,Cultivo 2,2026-03
{'$oid': '69ba8e92b2147717dbde6fb1'},2026-03-18 11:30:53+00:00,2026-03-18T11:37:33Z,4.0,14.4,83.3,,2026-03-18T11:37:54Z,2026-03-18T11:37:54Z,2026-03-18T11:37:33Z,,,,,,,,Cultivo 2,2026-03
{'$oid': '69ba90eab2147717dbde6fb2'},2026-03-18 11:44:13+00:00,2026-03-18T11:44:13Z,2.0,14.5,82.9,,2026-03-18T11:47:54Z,2026-03-18T11:47:54Z,2026-03-18T11:44:13Z,,,,,,,,Cultivo 2,2026-03
{'$oid': '69ba9342b2147717dbde6fb3'},2026-03-18 11:50:54+00:00,2026-03-18T11:57:36Z,4.0,14.8,82.25,,2026-03-18T11:57:54Z,2026-03-18T11:57:54Z,2026-03-18T11:57:36Z,,,,,,,,Cultivo 2,2026-03
{'$oid': '69ba959ab2147717dbde6fb4'},2026-03-18 12:04:13+00:00,2026-03-18T12:04:13Z,2.0,15.4,81.7,,2026-03-18T12:07:54Z,2026-03-18T12:07:54Z,2026-03-18T12:04:13Z,,,,,,,,Cultivo 2,2026-03
{'$oid': '69ba97f2b2147717dbde6fb5'},2026-03-18 12:10:54+00:00,2026-03-18T12:17:34Z,4.0,15.950000000000001,80.9,,2026-03-18T12:17:54Z,2026-03-18T12:17:54Z,2026-03-18T12:17:34Z,,,,,,,,Cultivo 2,2026-03
{'$oid': '69ba9a4ab2147717dbde6fb6'},2026-03-18 12:24:14+00:00,2026-03-18T12:24:14Z,2.0,16.3,80.4,,2026-03-18T12:27:54Z,2026-03-18T12:27:54Z,2026-03-18T12:24:14Z,,,,,,,,Cultivo 2,2026-03
{'$oid': '69ba9ca2b2147717dbde6fb7'},2026-03-18 12:30:54+00:00,2026-03-18T12:37:34Z,4.0,16.8,79.1,,2026-03-18T12:37:54Z,2026-03-18T12:37:54Z,2026-03-18T12:37:34Z,,,,,,,,Cultivo 2,2026-03
{'$oid': '69ba9efab2147717dbde6fb8'},2026-03-18 12:44:14+00:00,2026-03-18T12:44:14Z,2.0,17.1,78.9,,2026-03-18T12:47:54Z,2026-03-18T12:47:54Z,2026-03-18T12:44:14Z,,,,,,,,Cultivo 2,2026-03
{'$oid': '69baa152b2147717dbde6fb9'},2026-03-18 12:50:54+00:00,2026-03-18T12:57:34Z,4.0,17.85,76.75,,2026-03-18T12:57:54Z,2026-03-18T12:57:54Z,2026-03-18T12:57:34Z,,,,,,,,Cultivo 2,2026-03
{'$oid': '69baa3abb2147717dbde6fba'},2026-03-18 13:04:14+00:00,2026-03-18T13:04:14Z,2.0,17.8,77.5,,2026-03-18T13:07:55Z,2026-03-18T13:07:55Z,2026-03-18T13:04:14Z,,,,,,,,Cultivo 2,2026-03
{'$oid': '69baa603b2147717dbde6fbb'},2026-03-18 13:10:54+00:00,2026-03-18T13:17:34Z,4.0,17.75,76.85,,2026-03-18T13:17:55Z,2026-03-18T13:17:55Z,2026-03-18T13:17:34Z,,,,,,,,Cultivo 2,2026-03
{'$oid': '69baa85bb2147717dbde6fbc'},2026-03-18 13:24:14+00:00,2026-03-18T13:24:14Z,2.0,18.4,75.5,,2026-03-18T13:27:55Z,2026-03-18T13:27:55Z,2026-03-18T13:24:14Z,,,,,,,,Cultivo 2,2026-03
{'$oid': '69baaab3b2147717dbde6fbd'},2026-03-18 13:30:54+00:00,2026-03-18T13:37:34Z,4.0,18.25,76.15,,2026-03-18T13:37:55Z,2026-03-18T13:37:55Z,2026-03-18T13:37:34Z,,,,,,,,Cultivo 2,2026-03
{'$oid': '69baad0bb2147717dbde6fbe'},2026-03-18 13:44:14+00:00,2026-03-18T13:44:14Z,2.0,18.1,74.8,,2026-03-18T13:47:55Z,2026-03-18T13:47:55Z,2026-03-18T13:44:14Z,,,,,,,,Cultivo 2,2026-03
{'$oid': '69baaf63b2147717dbde6fbf'},2026-03-18 13:50:54+00:00,2026-03-18T13:57:34Z,4.0,18.65,75.0,,2026-03-18T13:57:55Z,2026-03-18T13:57:55Z,2026-03-18T13:57:34Z,,,,,,,,Cultivo 2,2026-03
{'$oid': '69bab1bbb2147717dbde6fc0'},2026-03-18 14:04:14+00:00,2026-03-18T14:04:14Z,2.0,19.4,70.1,,2026-03-18T14:07:55Z,2026-03-18T14:07:55Z,2026-03-18T14:04:14Z,,,,,,,,Cultivo 2,2026-03
{'$oid': '69bab413b2147717dbde6fc1'},2026-03-18 14:10:54+00:00,2026-03-18T14:17:34Z,4.0,20.15,69.44999999999999,,2026-03-18T14:17:55Z,2026-03-18T14:17:55Z,2026-03-18T14:17:34Z,,,,,,,,Cultivo 2,2026-03
{'$oid': '69bab66bb2147717dbde6fc2'},2026-03-18 14:24:14+00:00,2026-03-18T14:24:14Z,2.0,21.1,65.7,,2026-03-18T14:27:55Z,2026-03-18T14:27:55Z,2026-03-18T14:24:14Z,,,,,,,,Cultivo 2,2026-03
{'$oid': '69bab8c3b2147717dbde6fc3'},2026-03-18 14:30:54+00:00,2026-03-18T14:37:34Z,4.0,22.5,65.35,,2026-03-18T14:37:55Z,2026-03-18T14:37:55Z,2026-03-18T14:37:34Z,,12.06,,,,,1.5267733017867453,Cultivo 2,2026-03
{'$oid': '69babb1cb2147717dbde6fc4'},2026-03-18 14:44:14+00:00,2026-03-18T14:44:14Z,2.0,23.2,64.2,,2026-03-18T14:47:56Z,2026-03-18T14:47:56Z,2026-03-18T14:44:14Z,,,,,,,,Cultivo 2,2026-03
{'$oid': '69babd74b2147717dbde6fc5'},2026-03-18 14:50:57+00:00,2026-03-18T14:57:34Z,4.0,23.85,60.849999999999994,,2026-03-18T14:57:56Z,2026-03-18T14:57:56Z,2026-03-18T14:57:34Z,,,,,,,,Cultivo 2,2026-03
{'$oid': '69babfccb2147717dbde6fc6'},2026-03-18 15:04:14+00:00,2026-03-18T15:04:14Z,2.0,24.2,60.2,,2026-03-18T15:07:56Z,2026-03-18T15:07:56Z,2026-03-18T15:04:14Z,,,,,,,,Cultivo 2,2026-03
{'$oid': '69bac224b2147717dbde6fc7'},2026-03-18 15:10:54+00:00,2026-03-18T15:17:34Z,4.0,24.65,58.35,,2026-03-18T15:17:56Z,2026-03-18T15:17:56Z,2026-03-18T15:17:34Z,,,,,,,,Cultivo 2,2026-03
{'$oid': '69bac47cb2147717dbde6fc8'},2026-03-18 15:24:14+00:00,2026-03-18T15:24:14Z,2.0,24.9,57.6,,2026-03-18T15:27:56Z,2026-03-18T15:27:56Z,2026-03-18T15:24:14Z,,,,,,,,Cultivo 2,2026-03
{'$oid': '69bac6d4b2147717dbde6fc9'},2026-03-18 15:30:54+00:00,2026-03-18T15:37:34Z,4.0,24.65,58.5,,2026-03-18T15:37:56Z,2026-03-18T15:37:56Z,2026-03-18T15:37:34Z,,,,,,,,Cultivo 2,2026-03
{'$oid': '69bac92cb2147717dbde6fca'},2026-03-18 15:44:14+00:00,2026-03-18T15:44:14Z,2.0,25.6,60.1,,2026-03-18T15:47:56Z,2026-03-18T15:47:56Z,2026-03-18T15:44:14Z,,,,,,,,Cultivo 2,2026-03
{'$oid': '69bacb84b2147717dbde6fcb'},2026-03-18 15:50:54+00:00,2026-03-18T15:57:34Z,4.0,27.95,54.0,,2026-03-18T15:57:56Z,2026-03-18T15:57:56Z,2026-03-18T15:57:34Z,,,,,,,,Cultivo 2,2026-03
{'$oid': '69bacddcb2147717dbde6fcc'},2026-03-18 16:04:14+00:00,2026-03-18T16:04:14Z,2.0,31.3,51.4,,2026-03-18T16:07:56Z,2026-03-18T16:07:56Z,2026-03-18T16:04:14Z,,,,,,,,Cultivo 2,2026-03
{'$oid': '69bad035b2147717dbde6fcd'},2026-03-18 16:10:54+00:00,2026-03-18T16:17:34Z,4.0,33.05,47.05,,2026-03-18T16:17:57Z,2026-03-18T16:17:57Z,2026-03-18T16:17:34Z,,,,,,,,Cultivo 2,2026-03
{'$oid': '69bad28db2147717dbde6fce'},2026-03-18 16:24:14+00:00,2026-03-18T16:24:14Z,2.0,31.8,46.9,,2026-03-18T16:27:57Z,2026-03-18T16:27:57Z,2026-03-18T16:24:14Z,,,,,,,,Cultivo 2,2026-03
{'$oid': '69bad4e5b2147717dbde6fcf'},2026-03-18 16:30:54+00:00,2026-03-18T16:37:34Z,4.0,32.4,46.35,,2026-03-18T16:37:57Z,2026-03-18T16:37:57Z,2026-03-18T16:37:34Z,,,,,,,,Cultivo 2,2026-03
{'$oid': '69bad73db2147717dbde6fd0'},2026-03-18 16:44:14+00:00,2026-03-18T16:44:14Z,2.0,31.4,47.7,,2026-03-18T16:47:57Z,2026-03-18T16:47:57Z,2026-03-18T16:44:14Z,,,,,,,,Cultivo 2,2026-03
{'$oid': '69bad995b2147717dbde6fd1'},2026-03-18 16:50:54+00:00,2026-03-18T16:57:34Z,4.0,31.799999999999997,46.900000000000006,,2026-03-18T16:57:57Z,2026-03-18T16:57:57Z,2026-03-18T16:57:34Z,,,,,,,,Cultivo 2,2026-03
{'$oid': '69badbedb2147717dbde6fd2'},2026-03-18 17:04:14+00:00,2026-03-18T17:04:14Z,2.0,33.7,42.5,,2026-03-18T17:07:57Z,2026-03-18T17:07:57Z,2026-03-18T17:04:14Z,,,,,,,,Cultivo 2,2026-03
{'$oid': '69bade45b2147717dbde6fd3'},2026-03-18 17:10:54+00:00,2026-03-18T17:17:34Z,4.0,33.7,44.05,,2026-03-18T17:17:57Z,2026-03-18T17:17:57Z,2026-03-18T17:17:34Z,,,,,,,,Cultivo 2,2026-03
{'$oid': '69bae09db2147717dbde6fd4'},2026-03-18 17:24:14+00:00,2026-03-18T17:24:14Z,2.0,34.0,45.2,,2026-03-18T17:27:57Z,2026-03-18T17:27:57Z,2026-03-18T17:24:14Z,,,,,,,,Cultivo 2,2026-03
{'$oid': '69bae2f5b2147717dbde6fd5'},2026-03-18 17:30:54+00:00,2026-03-18T17:37:34Z,4.0,34.0,42.849999999999994,,2026-03-18T17:37:57Z,2026-03-18T17:37:57Z,2026-03-18T17:37:34Z,,,,,,,,Cultivo 2,2026-03
{'$oid': '69bae54db2147717dbde6fd6'},2026-03-18 17:44:14+00:00,2026-03-18T17:44:14Z,2.0,32.6,41.9,,2026-03-18T17:47:57Z,2026-03-18T17:47:57Z,2026-03-18T17:44:14Z,,,,,,,,Cultivo 2,2026-03
{'$oid': '69bae7a6b2147717dbde6fd7'},2026-03-18 17:50:54+00:00,2026-03-18T17:57:35Z,4.0,30.8,45.5,,2026-03-18T17:57:58Z,2026-03-18T17:57:58Z,2026-03-18T17:57:35Z,,,,,,,,Cultivo 2,2026-03
{'$oid': '69bae9feb2147717dbde6fd8'},2026-03-18 18:04:15+00:00,2026-03-18T18:04:15Z,2.0,29.9,47.5,,2026-03-18T18:07:58Z,2026-03-18T18:07:58Z,2026-03-18T18:04:15Z,,,,,,,,Cultivo 2,2026-03
{'$oid': '69baec56b2147717dbde6fd9'},2026-03-18 18:10:55+00:00,2026-03-18T18:17:35Z,4.0,28.65,46.849999999999994,,2026-03-18T18:17:58Z,2026-03-18T18:17:58Z,2026-03-18T18:17:35Z,,,,,,,,Cultivo 2,2026-03
{'$oid': '69baeeaeb2147717dbde6fda'},2026-03-18 18:24:15+00:00,2026-03-18T18:24:15Z,2.0,28.2,48.2,,2026-03-18T18:27:58Z,2026-03-18T18:27:58Z,2026-03-18T18:24:15Z,,,,,,,,Cultivo 2,2026-03
{'$oid': '69baf106b2147717dbde6fdb'},2026-03-18 18:30:54+00:00,2026-03-18T18:37:35Z,4.0,28.8,48.05,,2026-03-18T18:37:58Z,2026-03-18T18:37:58Z,2026-03-18T18:37:35Z,,,,,,,,Cultivo 2,2026-03
{'$oid': '69baf35eb2147717dbde6fdc'},2026-03-18 18:44:15+00:00,2026-03-18T18:44:15Z,2.0,29.3,47.3,,2026-03-18T18:47:58Z,2026-03-18T18:47:58Z,2026-03-18T18:44:15Z,,,,,,,,Cultivo 2,2026-03
{'$oid': '69baf5b6b2147717dbde6fdd'},2026-03-18 18:50:55+00:00,2026-03-18T18:57:34Z,4.0,30.45,46.6,,2026-03-18T18:57:58Z,2026-03-18T18:57:58Z,2026-03-18T18:57:34Z,,,,,,,,Cultivo 2,2026-03
{'$oid': '69baf80eb2147717dbde6fde'},2026-03-18 19:04:14+00:00,2026-03-18T19:04:14Z,2.0,30.8,46.3,,2026-03-18T19:07:58Z,2026-03-18T19:07:58Z,2026-03-18T19:04:14Z,,,,,,,,Cultivo 2,2026-03
{'$oid': '69bafa66b2147717dbde6fdf'},2026-03-18 19:10:54+00:00,2026-03-18T19:17:34Z,4.0,28.200000000000003,47.8,,2026-03-18T19:17:58Z,2026-03-18T19:17:58Z,2026-03-18T19:17:34Z,,,,,,,,Cultivo 2,2026-03
{'$oid': '69bafcbfb2147717dbde6fe0'},2026-03-18 19:24:14+00:00,2026-03-18T19:24:14Z,2.0,26.1,49.2,,2026-03-18T19:27:59Z,2026-03-18T19:27:59Z,2026-03-18T19:24:14Z,,,,,,,,Cultivo 2,2026-03
{'$oid': '69baff17b2147717dbde6fe1'},2026-03-18 19:30:55+00:00,2026-03-18T19:37:34Z,4.0,27.299999999999997,48.45,,2026-03-18T19:37:59Z,2026-03-18T19:37:59Z,2026-03-18T19:37:34Z,,,,,,,,Cultivo 2,2026-03
{'$oid': '69bb016fb2147717dbde6fe2'},2026-03-18 19:44:14+00:00,2026-03-18T19:44:14Z,2.0,27.6,49.2,,2026-03-18T19:47:59Z,2026-03-18T19:47:59Z,2026-03-18T19:44:14Z,,,,,,,,Cultivo 2,2026-03
{'$oid': '69bb03c7b2147717dbde6fe3'},2026-03-18 19:50:55+00:00,2026-03-18T19:57:34Z,4.0,27.9,48.8,,2026-03-18T19:57:59Z,2026-03-18T19:57:59Z,2026-03-18T19:57:34Z,,,,,,,,Cultivo 2,2026-03
{'$oid': '69bb061fb2147717dbde6fe4'},2026-03-18 20:04:14+00:00,2026-03-18T20:04:14Z,2.0,27.3,49.6,,2026-03-18T20:07:59Z,2026-03-18T20:07:59Z,2026-03-18T20:04:14Z,,,,,,,,Cultivo 2,2026-03
{'$oid': '69bb0877b2147717dbde6fe5'},2026-03-18 20:10:54+00:00,2026-03-18T20:17:34Z,4.0,26.25,51.45,,2026-03-18T20:17:59Z,2026-03-18T20:17:59Z,2026-03-18T20:17:34Z,,,,,,,,Cultivo 2,2026-03
{'$oid': '69bb0acfb2147717dbde6fe6'},2026-03-18 20:24:14+00:00,2026-03-18T20:24:14Z,2.0,27.9,49.9,,2026-03-18T20:27:59Z,2026-03-18T20:27:59Z,2026-03-18T20:24:14Z,,,,,,,,Cultivo 2,2026-03
{'$oid': '69bb0d27b2147717dbde6fe7'},2026-03-18 20:30:54+00:00,2026-03-18T20:37:34Z,4.0,28.1,48.0,,2026-03-18T20:37:59Z,2026-03-18T20:37:59Z,2026-03-18T20:37:34Z,,,,,,,,Cultivo 2,2026-03
{'$oid': '69bb0f7fb2147717dbde6fe8'},2026-03-18 20:44:14+00:00,2026-03-18T20:44:14Z,2.0,25.0,51.7,,2026-03-18T20:47:59Z,2026-03-18T20:47:59Z,2026-03-18T20:44:14Z,,,,,,,,Cultivo 2,2026-03
{'$oid': '69bb11d7b2147717dbde6fe9'},2026-03-18 20:50:55+00:00,2026-03-18T20:57:34Z,4.0,24.950000000000003,52.05,,2026-03-18T20:57:59Z,2026-03-18T20:57:59Z,2026-03-18T20:57:34Z,,,,,,,,Cultivo 2,2026-03
{'$oid': '69bb1430b2147717dbde6fea'},2026-03-18 21:04:14+00:00,2026-03-18T21:04:14Z,2.0,24.3,52.3,,2026-03-18T21:08:00Z,2026-03-18T21:08:00Z,2026-03-18T21:04:14Z,,,,,,,,Cultivo 2,2026-03
{'$oid': '69bb1688b2147717dbde6feb'},2026-03-18 21:10:54+00:00,2026-03-18T21:17:34Z,4.0,23.85,53.55,,2026-03-18T21:18:00Z,2026-03-18T21:18:00Z,2026-03-18T21:17:34Z,,,,,,,,Cultivo 2,2026-03
{'$oid': '69bb18e0b2147717dbde6fec'},2026-03-18 21:24:14+00:00,2026-03-18T21:24:14Z,2.0,24.2,53.3,,2026-03-18T21:28:00Z,2026-03-18T21:28:00Z,2026-03-18T21:24:14Z,,,,,,,,Cultivo 2,2026-03
{'$oid': '69bb1b38b2147717dbde6fed'},2026-03-18 21:30:55+00:00,2026-03-18T21:37:34Z,4.0,23.85,52.85,,2026-03-18T21:38:00Z,2026-03-18T21:38:00Z,2026-03-18T21:37:34Z,,,,,,,,Cultivo 2,2026-03
{'$oid': '69bb1d90b2147717dbde6fee'},2026-03-18 21:44:15+00:00,2026-03-18T21:44:15Z,2.0,23.4,53.4,,2026-03-18T21:48:00Z,2026-03-18T21:48:00Z,2026-03-18T21:44:15Z,,,,,,,,Cultivo 2,2026-03
{'$oid': '69bb1fe8b2147717dbde6fef'},2026-03-18 21:50:55+00:00,2026-03-18T21:57:35Z,4.0,22.65,55.0,,2026-03-18T21:58:00Z,2026-03-18T21:58:00Z,2026-03-18T21:57:35Z,,,,,,,,Cultivo 2,2026-03
{'$oid': '69bb2240b2147717dbde6ff0'},2026-03-18 22:04:15+00:00,2026-03-18T22:04:15Z,2.0,22.6,55.3,,2026-03-18T22:08:00Z,2026-03-18T22:08:00Z,2026-03-18T22:04:15Z,,,,,,,,Cultivo 2,2026-03
{'$oid': '69bb2498b2147717dbde6ff1'},2026-03-18 22:10:55+00:00,2026-03-18T22:17:35Z,4.0,22.25,57.4,,2026-03-18T22:18:00Z,2026-03-18T22:18:00Z,2026-03-18T22:17:35Z,,,,,,,,Cultivo 2,2026-03
{'$oid': '69bb26f0b2147717dbde6ff2'},2026-03-18 22:24:15+00:00,2026-03-18T22:24:15Z,2.0,21.5,59.3,,2026-03-18T22:28:00Z,2026-03-18T22:28:00Z,2026-03-18T22:24:15Z,,,,,,,,Cultivo 2,2026-03
{'$oid': '69bb2949b2147717dbde6ff3'},2026-03-18 22:30:55+00:00,2026-03-18T22:37:35Z,4.0,20.85,61.65,,2026-03-18T22:38:01Z,2026-03-18T22:38:01Z,2026-03-18T22:37:35Z,,,,,,,,Cultivo 2,2026-03
{'$oid': '69bb2ba1b2147717dbde6ff4'},2026-03-18 22:44:15+00:00,2026-03-18T22:44:15Z,2.0,20.2,64.0,,2026-03-18T22:48:01Z,2026-03-18T22:48:01Z,2026-03-18T22:44:15Z,,,,,,,,Cultivo 2,2026-03
{'$oid': '69bb2df9b2147717dbde6ff5'},2026-03-18 22:50:55+00:00,2026-03-18T22:57:35Z,4.0,20.0,68.45,,2026-03-18T22:58:01Z,2026-03-18T22:58:01Z,2026-03-18T22:57:35Z,,,,,,,,Cultivo 2,2026-03
{'$oid': '69bb3051b2147717dbde6ff6'},2026-03-18 23:04:15+00:00,2026-03-18T23:04:15Z,2.0,19.1,70.5,,2026-03-18T23:08:01Z,2026-03-18T23:08:01Z,2026-03-18T23:04:15Z,,,,,,,,Cultivo 2,2026-03
{'$oid': '69bb32a9b2147717dbde6ff7'},2026-03-18 23:10:55+00:00,2026-03-18T23:17:35Z,4.0,18.049999999999997,73.30000000000001,,2026-03-18T23:18:01Z,2026-03-18T23:18:01Z,2026-03-18T23:17:35Z,,,,,,,,Cultivo 2,2026-03
{'$oid': '69bb3501b2147717dbde6ff8'},2026-03-18 23:24:15+00:00,2026-03-18T23:24:15Z,2.0,16.8,75.7,,2026-03-18T23:28:01Z,2026-03-18T23:28:01Z,2026-03-18T23:24:15Z,,,,,,,,Cultivo 2,2026-03
{'$oid': '69bb3759b2147717dbde6ff9'},2026-03-18 23:30:55+00:00,2026-03-18T23:37:35Z,4.0,16.2,77.5,,2026-03-18T23:38:01Z,2026-03-18T23:38:01Z,2026-03-18T23:37:35Z,,,,,,,,Cultivo 2,2026-03
{'$oid': '69bb39b1b2147717dbde6ffa'},2026-03-18 23:44:15+00:00,2026-03-18T23:44:15Z,2.0,15.7,78.9,,2026-03-18T23:48:01Z,2026-03-18T23:48:01Z,2026-03-18T23:44:15Z,,,,,,,,Cultivo 2,2026-03
{'$oid': '69bb3c09b2147717dbde6ffb'},2026-03-18 23:50:55+00:00,2026-03-18T23:57:35Z,4.0,15.35,79.9,,2026-03-18T23:58:01Z,2026-03-18T23:58:01Z,2026-03-18T23:57:35Z,,,,,,,,Cultivo 2,2026-03
{'$oid': '69bb3e62b2147717dbde6ffc'},2026-03-19 00:04:15+00:00,2026-03-19T00:04:15Z,2.0,15.1,81.0,,2026-03-19T00:08:02Z,2026-03-19T00:08:02Z,2026-03-19T00:04:15Z,,,,,,,,Cultivo 2,2026-03
{'$oid': '69bb40bab2147717dbde6ffd'},2026-03-19 00:10:55+00:00,2026-03-19T00:17:35Z,4.0,14.95,81.2,,2026-03-19T00:18:02Z,2026-03-19T00:18:02Z,2026-03-19T00:17:35Z,,,,,,,,Cultivo 2,2026-03
{'$oid': '69bb4312b2147717dbde6ffe'},2026-03-19 00:24:16+00:00,2026-03-19T00:24:16Z,2.0,14.8,81.7,,2026-03-19T00:28:02Z,2026-03-19T00:28:02Z,2026-03-19T00:24:16Z,,,,,,,,Cultivo 2,2026-03
{'$oid': '69bb456ab2147717dbde6fff'},2026-03-19 00:30:55+00:00,2026-03-19T00:37:35Z,4.0,14.649999999999999,81.69999999999999,,2026-03-19T00:38:02Z,2026-03-19T00:38:02Z,2026-03-19T00:37:35Z,,,,,,,,Cultivo 2,2026-03
{'$oid': '69bb47c2b2147717dbde7000'},2026-03-19 00:44:19+00:00,2026-03-19T00:44:19Z,2.0,14.5,81.8,,2026-03-19T00:48:02Z,2026-03-19T00:48:02Z,2026-03-19T00:44:19Z,,,,,,,,Cultivo 2,2026-03
{'$oid': '69bb4a1ab2147717dbde7001'},2026-03-19 00:50:55+00:00,2026-03-19T00:57:35Z,4.0,14.55,82.15,,2026-03-19T00:58:02Z,2026-03-19T00:58:02Z,2026-03-19T00:57:35Z,,,,,,,,Cultivo 2,2026-03
{'$oid': '69bb4c72b2147717dbde7002'},2026-03-19 01:04:15+00:00,2026-03-19T01:04:15Z,2.0,14.6,82.2,,2026-03-19T01:08:02Z,2026-03-19T01:08:02Z,2026-03-19T01:04:15Z,,,,,,,,Cultivo 2,2026-03
{'$oid': '69bb4ecab2147717dbde7003'},2026-03-19 01:10:56+00:00,2026-03-19T01:17:36Z,4.0,14.6,82.75,,2026-03-19T01:18:02Z,2026-03-19T01:18:02Z,2026-03-19T01:17:36Z,,,,,,,,Cultivo 2,2026-03
{'$oid': '69bb5122b2147717dbde7004'},2026-03-19 01:24:16+00:00,2026-03-19T01:24:16Z,2.0,14.5,82.6,,2026-03-19T01:28:02Z,2026-03-19T01:28:02Z,2026-03-19T01:24:16Z,,,,,,,,Cultivo 2,2026-03
{'$oid': '69bb537ab2147717dbde7005'},2026-03-19 01:30:57+00:00,2026-03-19T01:37:35Z,4.0,14.45,82.6,,2026-03-19T01:38:02Z,2026-03-19T01:38:02Z,2026-03-19T01:37:35Z,,,,,,,,Cultivo 2,2026-03
{'$oid': '69bb55d3b2147717dbde7006'},2026-03-19 01:44:16+00:00,2026-03-19T01:44:16Z,2.0,14.5,81.8,,2026-03-19T01:48:03Z,2026-03-19T01:48:03Z,2026-03-19T01:44:16Z,,,,,,,,Cultivo 2,2026-03
{'$oid': '69bb582bb2147717dbde7007'},2026-03-19 01:50:55+00:00,2026-03-19T01:57:37Z,4.0,14.350000000000001,82.25,,2026-03-19T01:58:03Z,2026-03-19T01:58:03Z,2026-03-19T01:57:37Z,,,,,,,,Cultivo 2,2026-03
{'$oid': '69bb5a83b2147717dbde7008'},2026-03-19 02:04:15+00:00,2026-03-19T02:04:15Z,2.0,14.2,82.1,,2026-03-19T02:08:03Z,2026-03-19T02:08:03Z,2026-03-19T02:04:15Z,,,,,,,,Cultivo 2,2026-03
{'$oid': '69bb5cdbb2147717dbde7009'},2026-03-19 02:10:56+00:00,2026-03-19T02:17:36Z,4.0,14.0,81.35,,2026-03-19T02:18:03Z,2026-03-19T02:18:03Z,2026-03-19T02:17:36Z,,,,,,,,Cultivo 2,2026-03
{'$oid': '69bb5f33b2147717dbde700a'},2026-03-19 02:24:16+00:00,2026-03-19T02:24:16Z,2.0,13.8,81.3,,2026-03-19T02:28:03Z,2026-03-19T02:28:03Z,2026-03-19T02:24:16Z,,,,,,,,Cultivo 2,2026-03
{'$oid': '69bb618bb2147717dbde700b'},2026-03-19 02:30:55+00:00,2026-03-19T02:37:35Z,4.0,13.7,81.7,,2026-03-19T02:38:03Z,2026-03-19T02:38:03Z,2026-03-19T02:37:35Z,,,,,,,,Cultivo 2,2026-03
{'$oid': '69bb63e3b2147717dbde700c'},2026-03-19 02:44:15+00:00,2026-03-19T02:44:15Z,2.0,13.6,82.8,,2026-03-19T02:48:03Z,2026-03-19T02:48:03Z,2026-03-19T02:44:15Z,,,,,,,,Cultivo 2,2026-03
{'$oid': '69bb663bb2147717dbde700d'},2026-03-19 02:50:55+00:00,2026-03-19T02:57:35Z,4.0,13.850000000000001,82.5,,2026-03-19T02:58:03Z,2026-03-19T02:58:03Z,2026-03-19T02:57:35Z,,,,,,,,Cultivo 2,2026-03
{'$oid': '69bb6893b2147717dbde700e'},2026-03-19 03:04:15+00:00,2026-03-19T03:04:15Z,2.0,13.8,82.0,,2026-03-19T03:08:03Z,2026-03-19T03:08:03Z,2026-03-19T03:04:15Z,,,,,,,,Cultivo 2,2026-03
{'$oid': '69bb6aebb2147717dbde700f'},2026-03-19 03:10:56+00:00,2026-03-19T03:17:36Z,4.0,13.55,81.45,,2026-03-19T03:18:03Z,2026-03-19T03:18:03Z,2026-03-19T03:17:36Z,,,,,,,,Cultivo 2,2026-03
{'$oid': '69bb6d44b2147717dbde7010'},2026-03-19 03:24:15+00:00,2026-03-19T03:24:15Z,2.0,13.2,81.1,,2026-03-19T03:28:04Z,2026-03-19T03:28:04Z,2026-03-19T03:24:15Z,,,,,,,,Cultivo 2,2026-03
{'$oid': '69bb6f9cb2147717dbde7011'},2026-03-19 03:30:55+00:00,2026-03-19T03:37:35Z,4.0,12.95,81.1,,2026-03-19T03:38:04Z,2026-03-19T03:38:04Z,2026-03-19T03:37:35Z,,,,,,,,Cultivo 2,2026-03
{'$oid': '69bb71f4b2147717dbde7012'},2026-03-19 03:44:15+00:00,2026-03-19T03:44:15Z,2.0,12.8,81.3,,2026-03-19T03:48:04Z,2026-03-19T03:48:04Z,2026-03-19T03:44:15Z,,,,,,,,Cultivo 2,2026-03
{'$oid': '69bb744cb2147717dbde7013'},2026-03-19 03:50:55+00:00,2026-03-19T03:57:35Z,4.0,12.55,81.25,,2026-03-19T03:58:04Z,2026-03-19T03:58:04Z,2026-03-19T03:57:35Z,,,,,,,,Cultivo 2,2026-03
{'$oid': '69bb76a4b2147717dbde7014'},2026-03-19 04:04:15+00:00,2026-03-19T04:04:15Z,2.0,12.3,81.2,,2026-03-19T04:08:04Z,2026-03-19T04:08:04Z,2026-03-19T04:04:15Z,,,,,,,,Cultivo 2,2026-03
{'$oid': '69bb78fcb2147717dbde7015'},2026-03-19 04:10:55+00:00,2026-03-19T04:17:35Z,4.0,12.0,81.44999999999999,,2026-03-19T04:18:04Z,2026-03-19T04:18:04Z,2026-03-19T04:17:35Z,,,,,,,,Cultivo 2,2026-03
{'$oid': '69bb7b54b2147717dbde7016'},2026-03-19 04:24:15+00:00,2026-03-19T04:24:15Z,2.0,11.7,81.7,,2026-03-19T04:28:04Z,2026-03-19T04:28:04Z,2026-03-19T04:24:15Z,,,,,,,,Cultivo 2,2026-03
{'$oid': '69bb7dacb2147717dbde7017'},2026-03-19 04:30:55+00:00,2026-03-19T04:37:35Z,4.0,11.55,81.4,,2026-03-19T04:38:04Z,2026-03-19T04:38:04Z,2026-03-19T04:37:35Z,,,,,,,,Cultivo 2,2026-03
{'$oid': '69bb8005b2147717dbde7018'},2026-03-19 04:44:15+00:00,2026-03-19T04:44:15Z,2.0,11.5,81.6,,2026-03-19T04:48:05Z,2026-03-19T04:48:05Z,2026-03-19T04:44:15Z,,,,,,,,Cultivo 2,2026-03
{'$oid': '69bb825db2147717dbde7019'},2026-03-19 04:50:55+00:00,2026-03-19T04:57:35Z,4.0,11.2,81.6,,2026-03-19T04:58:05Z,2026-03-19T04:58:05Z,2026-03-19T04:57:35Z,,,,,,,,Cultivo 2,2026-03
{'$oid': '69bb84b5b2147717dbde701a'},2026-03-19 05:04:15+00:00,2026-03-19T05:04:15Z,2.0,10.9,81.7,,2026-03-19T05:08:05Z,2026-03-19T05:08:05Z,2026-03-19T05:04:15Z,,,,,,,,Cultivo 2,2026-03
{'$oid': '69bb870db2147717dbde701b'},2026-03-19 05:10:55+00:00,2026-03-19T05:17:35Z,4.0,10.75,81.5,,2026-03-19T05:18:05Z,2026-03-19T05:18:05Z,2026-03-19T05:17:35Z,,,,,,,,Cultivo 2,2026-03
{'$oid': '69bb8965b2147717dbde701c'},2026-03-19 05:24:15+00:00,2026-03-19T05:24:15Z,2.0,10.6,81.5,,2026-03-19T05:28:05Z,2026-03-19T05:28:05Z,2026-03-19T05:24:15Z,,,,,,,,Cultivo 2,2026-03
{'$oid': '69bb8bbdb2147717dbde701d'},2026-03-19 05:30:55+00:00,2026-03-19T05:37:35Z,4.0,10.55,81.80000000000001,,2026-03-19T05:38:05Z,2026-03-19T05:38:05Z,2026-03-19T05:37:35Z,,,,,,,,Cultivo 2,2026-03
{'$oid': '69bb8e15b2147717dbde701e'},2026-03-19 05:44:15+00:00,2026-03-19T05:44:15Z,2.0,10.4,81.6,,2026-03-19T05:48:05Z,2026-03-19T05:48:05Z,2026-03-19T05:44:15Z,,,,,,,,Cultivo 2,2026-03
{'$oid': '69bb906db2147717dbde701f'},2026-03-19 05:50:55+00:00,2026-03-19T05:57:35Z,4.0,10.350000000000001,81.8,,2026-03-19T05:58:05Z,2026-03-19T05:58:05Z,2026-03-19T05:57:35Z,,,,,,,,Cultivo 2,2026-03
{'$oid': '69bb92c5b2147717dbde7020'},2026-03-19 06:04:15+00:00,2026-03-19T06:04:15Z,2.0,10.3,82.1,,2026-03-19T06:08:05Z,2026-03-19T06:08:05Z,2026-03-19T06:04:15Z,,,,,,,,Cultivo 2,2026-03
{'$oid': '69bb951eb2147717dbde7021'},2026-03-19 06:10:55+00:00,2026-03-19T06:17:35Z,4.0,10.25,82.1,,2026-03-19T06:18:06Z,2026-03-19T06:18:06Z,2026-03-19T06:17:35Z,,,,,,,,Cultivo 2,2026-03
{'$oid': '69bb9776b2147717dbde7022'},2026-03-19 06:24:15+00:00,2026-03-19T06:24:15Z,2.0,10.3,82.2,,2026-03-19T06:28:06Z,2026-03-19T06:28:06Z,2026-03-19T06:24:15Z,,,,,,,,Cultivo 2,2026-03
{'$oid': '69bb99ceb2147717dbde7023'},2026-03-19 06:30:55+00:00,2026-03-19T06:37:35Z,4.0,10.55,82.45,,2026-03-19T06:38:06Z,2026-03-19T06:38:06Z,2026-03-19T06:37:35Z,,,,,,,,Cultivo 2,2026-03
{'$oid': '69bb9c26b2147717dbde7024'},2026-03-19 06:44:15+00:00,2026-03-19T06:44:15Z,2.0,10.8,82.3,,2026-03-19T06:48:06Z,2026-03-19T06:48:06Z,2026-03-19T06:44:15Z,,,,,,,,Cultivo 2,2026-03
{'$oid': '69bb9e7eb2147717dbde7025'},2026-03-19 06:50:55+00:00,2026-03-19T06:57:35Z,4.0,10.9,82.25,,2026-03-19T06:58:06Z,2026-03-19T06:58:06Z,2026-03-19T06:57:35Z,,,,,,,,Cultivo 2,2026-03
{'$oid': '69bba0d6b2147717dbde7026'},2026-03-19 07:04:15+00:00,2026-03-19T07:04:15Z,2.0,11.2,82.1,,2026-03-19T07:08:06Z,2026-03-19T07:08:06Z,2026-03-19T07:04:15Z,,,,,,,,Cultivo 2,2026-03
{'$oid': '69bba32eb2147717dbde7027'},2026-03-19 07:10:55+00:00,2026-03-19T07:17:35Z,4.0,10.9,81.19999999999999,,2026-03-19T07:18:06Z,2026-03-19T07:18:06Z,2026-03-19T07:17:35Z,,,,,,,,Cultivo 2,2026-03
{'$oid': '69bba586b2147717dbde7028'},2026-03-19 07:24:15+00:00,2026-03-19T07:24:15Z,2.0,10.6,81.4,,2026-03-19T07:28:06Z,2026-03-19T07:28:06Z,2026-03-19T07:24:15Z,,,,,,,,Cultivo 2,2026-03
{'$oid': '69bba7deb2147717dbde7029'},2026-03-19 07:30:55+00:00,2026-03-19T07:37:35Z,4.0,10.3,81.25,,2026-03-19T07:38:06Z,2026-03-19T07:38:06Z,2026-03-19T07:37:35Z,,,,,,,,Cultivo 2,2026-03
{'$oid': '69bbaa37b2147717dbde702a'},2026-03-19 07:44:15+00:00,2026-03-19T07:44:15Z,2.0,10.0,81.3,,2026-03-19T07:48:07Z,2026-03-19T07:48:07Z,2026-03-19T07:44:15Z,,,,,,,,Cultivo 2,2026-03
{'$oid': '69bbac8fb2147717dbde702b'},2026-03-19 07:50:55+00:00,2026-03-19T07:57:35Z,4.0,9.8,81.35,,2026-03-19T07:58:07Z,2026-03-19T07:58:07Z,2026-03-19T07:57:35Z,,,,,,,,Cultivo 2,2026-03
{'$oid': '69bbaee7b2147717dbde702c'},2026-03-19 08:04:15+00:00,2026-03-19T08:04:15Z,2.0,9.5,81.4,,2026-03-19T08:08:07Z,2026-03-19T08:08:07Z,2026-03-19T08:04:15Z,,,,,,,,Cultivo 2,2026-03
{'$oid': '69bbb13fb2147717dbde702d'},2026-03-19 08:10:56+00:00,2026-03-19T08:17:35Z,4.0,9.5,82.05000000000001,,2026-03-19T08:18:07Z,2026-03-19T08:18:07Z,2026-03-19T08:17:35Z,,,,,,,,Cultivo 2,2026-03
{'$oid': '69bbb397b2147717dbde702e'},2026-03-19 08:24:15+00:00,2026-03-19T08:24:15Z,2.0,9.6,82.3,,2026-03-19T08:28:07Z,2026-03-19T08:28:07Z,2026-03-19T08:24:15Z,,,,,,,,Cultivo 2,2026-03
{'$oid': '69bbb5efb2147717dbde702f'},2026-03-19 08:30:57+00:00,2026-03-19T08:37:36Z,4.0,9.6,82.4,,2026-03-19T08:38:07Z,2026-03-19T08:38:07Z,2026-03-19T08:37:36Z,,,,,,,,Cultivo 2,2026-03
{'$oid': '69bbb847b2147717dbde7030'},2026-03-19 08:44:15+00:00,2026-03-19T08:44:15Z,2.0,9.7,82.5,,2026-03-19T08:48:07Z,2026-03-19T08:48:07Z,2026-03-19T08:44:15Z,,,,,,,,Cultivo 2,2026-03
{'$oid': '69bbba9fb2147717dbde7031'},2026-03-19 08:50:57+00:00,2026-03-19T08:57:36Z,4.0,9.8,82.15,,2026-03-19T08:58:07Z,2026-03-19T08:58:07Z,2026-03-19T08:57:36Z,,,,,,,,Cultivo 2,2026-03
{'$oid': '69bbbcf7b2147717dbde7032'},2026-03-19 09:04:16+00:00,2026-03-19T09:04:16Z,2.0,9.7,82.0,,2026-03-19T09:08:07Z,2026-03-19T09:08:07Z,2026-03-19T09:04:16Z,,,,,,,,Cultivo 2,2026-03
{'$oid': '69bbbf50b2147717dbde7033'},2026-03-19 09:10:56+00:00,2026-03-19T09:17:36Z,4.0,9.55,82.15,,2026-03-19T09:18:08Z,2026-03-19T09:18:08Z,2026-03-19T09:17:36Z,,,,,,,,Cultivo 2,2026-03
{'$oid': '69bbc1a8b2147717dbde7034'},2026-03-19 09:24:16+00:00,2026-03-19T09:24:16Z,2.0,9.6,82.1,,2026-03-19T09:28:08Z,2026-03-19T09:28:08Z,2026-03-19T09:24:16Z,,,,,,,,Cultivo 2,2026-03
{'$oid': '69bbc400b2147717dbde7035'},2026-03-19 09:30:56+00:00,2026-03-19T09:37:36Z,4.0,9.45,82.1,,2026-03-19T09:38:08Z,2026-03-19T09:38:08Z,2026-03-19T09:37:36Z,,,,,,,,Cultivo 2,2026-03
{'$oid': '69bbc658b2147717dbde7036'},2026-03-19 09:44:16+00:00,2026-03-19T09:44:16Z,2.0,9.3,82.1,,2026-03-19T09:48:08Z,2026-03-19T09:48:08Z,2026-03-19T09:44:16Z,,,,,,,,Cultivo 2,2026-03
{'$oid': '69bbc8b0b2147717dbde7037'},2026-03-19 09:50:56+00:00,2026-03-19T09:57:36Z,4.0,9.2,82.55000000000001,,2026-03-19T09:58:08Z,2026-03-19T09:58:08Z,2026-03-19T09:57:36Z,,,,,,,,Cultivo 2,2026-03
{'$oid': '69bbcb08b2147717dbde7038'},2026-03-19 10:04:16+00:00,2026-03-19T10:04:16Z,2.0,9.2,82.4,,2026-03-19T10:08:08Z,2026-03-19T10:08:08Z,2026-03-19T10:04:16Z,,,,,,,,Cultivo 2,2026-03
{'$oid': '69bbcd60b2147717dbde7039'},2026-03-19 10:10:56+00:00,2026-03-19T10:17:36Z,4.0,9.1,82.6,,2026-03-19T10:18:08Z,2026-03-19T10:18:08Z,2026-03-19T10:17:36Z,,,,,,,,Cultivo 2,2026-03
{'$oid': '69bbcfb8b2147717dbde703a'},2026-03-19 10:24:16+00:00,2026-03-19T10:24:16Z,2.0,9.3,83.0,,2026-03-19T10:28:08Z,2026-03-19T10:28:08Z,2026-03-19T10:24:16Z,,,,,,,,Cultivo 2,2026-03
{'$oid': '69bbd210b2147717dbde703b'},2026-03-19 10:30:56+00:00,2026-03-19T10:37:36Z,4.0,9.7,83.0,,2026-03-19T10:38:08Z,2026-03-19T10:38:08Z,2026-03-19T10:37:36Z,,,,,,,,Cultivo 2,2026-03
{'$oid': '69bbd469b2147717dbde703c'},2026-03-19 10:44:16+00:00,2026-03-19T10:44:16Z,2.0,10.0,83.1,,2026-03-19T10:48:09Z,2026-03-19T10:48:09Z,2026-03-19T10:44:16Z,,,,,,,,Cultivo 2,2026-03
{'$oid': '69bbd6c1b2147717dbde703d'},2026-03-19 10:50:56+00:00,2026-03-19T10:57:36Z,4.0,10.149999999999999,82.45,,2026-03-19T10:58:09Z,2026-03-19T10:58:09Z,2026-03-19T10:57:36Z,,,,,,,,Cultivo 2,2026-03
{'$oid': '69bbd919b2147717dbde703e'},2026-03-19 11:04:16+00:00,2026-03-19T11:04:16Z,2.0,10.3,82.2,,2026-03-19T11:08:09Z,2026-03-19T11:08:09Z,2026-03-19T11:04:16Z,,,,,,,,Cultivo 2,2026-03
{'$oid': '69bbdb71b2147717dbde703f'},2026-03-19 11:10:56+00:00,2026-03-19T11:17:36Z,4.0,10.350000000000001,81.94999999999999,,2026-03-19T11:18:09Z,2026-03-19T11:18:09Z,2026-03-19T11:17:36Z,,,,,,,,Cultivo 2,2026-03
{'$oid': '69bbddc9b2147717dbde7040'},2026-03-19 11:24:16+00:00,2026-03-19T11:24:16Z,2.0,10.5,81.8,,2026-03-19T11:28:09Z,2026-03-19T11:28:09Z,2026-03-19T11:24:16Z,,,,,,,,Cultivo 2,2026-03
{'$oid': '69bbe021b2147717dbde7041'},2026-03-19 11:30:56+00:00,2026-03-19T11:37:36Z,4.0,10.6,81.6,,2026-03-19T11:38:09Z,2026-03-19T11:38:09Z,2026-03-19T11:37:36Z,,,,,,,,Cultivo 2,2026-03
{'$oid': '69bbe279b2147717dbde7042'},2026-03-19 11:44:16+00:00,2026-03-19T11:44:16Z,2.0,11.3,81.2,,2026-03-19T11:48:09Z,2026-03-19T11:48:09Z,2026-03-19T11:44:16Z,,,,,,,,Cultivo 2,2026-03
{'$oid': '69bbe4d1b2147717dbde7043'},2026-03-19 11:50:56+00:00,2026-03-19T11:57:36Z,4.0,11.8,80.25,,2026-03-19T11:58:09Z,2026-03-19T11:58:09Z,2026-03-19T11:57:36Z,,,,,,,,Cultivo 2,2026-03
{'$oid': '69bbe729b2147717dbde7044'},2026-03-19 12:04:16+00:00,2026-03-19T12:04:16Z,2.0,12.5,79.3,,2026-03-19T12:08:09Z,2026-03-19T12:08:09Z,2026-03-19T12:04:16Z,,,,,,,,Cultivo 2,2026-03
{'$oid': '69bbe981b2147717dbde7045'},2026-03-19 12:10:56+00:00,2026-03-19T12:17:36Z,4.0,13.0,78.15,,2026-03-19T12:18:09Z,2026-03-19T12:18:09Z,2026-03-19T12:17:36Z,,,,,,,,Cultivo 2,2026-03
{'$oid': '69bbebdab2147717dbde7046'},2026-03-19 12:24:16+00:00,2026-03-19T12:24:16Z,2.0,13.1,77.0,,2026-03-19T12:28:10Z,2026-03-19T12:28:10Z,2026-03-19T12:24:16Z,,,,,,,,Cultivo 2,2026-03
{'$oid': '69bbee32b2147717dbde7047'},2026-03-19 12:30:56+00:00,2026-03-19T12:37:36Z,4.0,13.3,76.0,,2026-03-19T12:38:10Z,2026-03-19T12:38:10Z,2026-03-19T12:37:36Z,,,,,,,,Cultivo 2,2026-03
{'$oid': '69bbf08ab2147717dbde7048'},2026-03-19 12:44:16+00:00,2026-03-19T12:44:16Z,2.0,14.3,74.4,,2026-03-19T12:48:10Z,2026-03-19T12:48:10Z,2026-03-19T12:44:16Z,,,,,,,,Cultivo 2,2026-03
{'$oid': '69bbf2e2b2147717dbde7049'},2026-03-19 12:50:56+00:00,2026-03-19T12:57:36Z,4.0,15.899999999999999,70.69999999999999,,2026-03-19T12:58:10Z,2026-03-19T12:58:10Z,2026-03-19T12:57:36Z,,,,,,,,Cultivo 2,2026-03
{'$oid': '69bbf53ab2147717dbde704a'},2026-03-19 13:04:16+00:00,2026-03-19T13:04:16Z,2.0,17.0,67.9,,2026-03-19T13:08:10Z,2026-03-19T13:08:10Z,2026-03-19T13:04:16Z,,,,,,,,Cultivo 2,2026-03
{'$oid': '69bbf792b2147717dbde704b'},2026-03-19 13:10:56+00:00,2026-03-19T13:17:36Z,4.0,19.700000000000003,62.9,,2026-03-19T13:18:10Z,2026-03-19T13:18:10Z,2026-03-19T13:17:36Z,,,,,,,,Cultivo 2,2026-03
{'$oid': '69bbf9eab2147717dbde704c'},2026-03-19 13:24:16+00:00,2026-03-19T13:24:16Z,2.0,19.9,61.8,,2026-03-19T13:28:10Z,2026-03-19T13:28:10Z,2026-03-19T13:24:16Z,,,,,,,,Cultivo 2,2026-03
{'$oid': '69bbfc42b2147717dbde704d'},2026-03-19 13:30:56+00:00,2026-03-19T13:37:36Z,4.0,20.1,64.4,,2026-03-19T13:38:10Z,2026-03-19T13:38:10Z,2026-03-19T13:37:36Z,,,,,,,,Cultivo 2,2026-03
{'$oid': '69bbfe9ab2147717dbde704e'},2026-03-19 13:44:16+00:00,2026-03-19T13:44:16Z,2.0,20.8,61.9,,2026-03-19T13:48:10Z,2026-03-19T13:48:10Z,2026-03-19T13:44:16Z,,,,,,,,Cultivo 2,2026-03
{'$oid': '69bc00f3b2147717dbde704f'},2026-03-19 13:50:56+00:00,2026-03-19T13:57:36Z,4.0,22.35,58.75,,2026-03-19T13:58:11Z,2026-03-19T13:58:11Z,2026-03-19T13:57:36Z,,,,,,,,Cultivo 2,2026-03
{'$oid': '69bc034bb2147717dbde7050'},2026-03-19 14:04:16+00:00,2026-03-19T14:04:16Z,2.0,28.8,46.4,,2026-03-19T14:08:11Z,2026-03-19T14:08:11Z,2026-03-19T14:04:16Z,,,,,,,,Cultivo 2,2026-03
{'$oid': '69bc05a3b2147717dbde7051'},2026-03-19 14:10:56+00:00,2026-03-19T14:17:36Z,4.0,31.9,46.4,,2026-03-19T14:18:11Z,2026-03-19T14:18:11Z,2026-03-19T14:17:36Z,,,,,,,,Cultivo 2,2026-03
{'$oid': '69bc07fbb2147717dbde7052'},2026-03-19 14:24:16+00:00,2026-03-19T14:24:16Z,2.0,34.1,43.2,,2026-03-19T14:28:11Z,2026-03-19T14:28:11Z,2026-03-19T14:24:16Z,,,,,,,,Cultivo 2,2026-03
{'$oid': '69bc0a53b2147717dbde7053'},2026-03-19 14:30:56+00:00,2026-03-19T14:37:36Z,4.0,36.0,40.25,,2026-03-19T14:38:11Z,2026-03-19T14:38:11Z,2026-03-19T14:37:36Z,,,,,,,,Cultivo 2,2026-03
{'$oid': '69bc0cabb2147717dbde7054'},2026-03-19 14:44:16+00:00,2026-03-19T14:44:16Z,2.0,37.9,40.5,,2026-03-19T14:48:11Z,2026-03-19T14:48:11Z,2026-03-19T14:44:16Z,,,,,,,,Cultivo 2,2026-03
{'$oid': '69bc0f03b2147717dbde7055'},2026-03-19 14:50:56+00:00,2026-03-19T14:57:36Z,4.0,39.5,38.150000000000006,,2026-03-19T14:58:11Z,2026-03-19T14:58:11Z,2026-03-19T14:57:36Z,,,,,,,,Cultivo 2,2026-03
{'$oid': '69bc115bb2147717dbde7056'},2026-03-19 15:04:16+00:00,2026-03-19T15:04:16Z,2.0,40.7,37.3,,2026-03-19T15:08:11Z,2026-03-19T15:08:11Z,2026-03-19T15:04:16Z,,,,,,,,Cultivo 2,2026-03
{'$oid': '69bc13b3b2147717dbde7057'},2026-03-19 15:10:56+00:00,2026-03-19T15:17:36Z,4.0,42.65,34.6,,2026-03-19T15:18:11Z,2026-03-19T15:18:11Z,2026-03-19T15:17:36Z,,,,,,,,Cultivo 2,2026-03
{'$oid': '69bc160bb2147717dbde7058'},2026-03-19 15:24:16+00:00,2026-03-19T15:24:16Z,2.0,43.0,33.9,,2026-03-19T15:28:11Z,2026-03-19T15:28:11Z,2026-03-19T15:24:16Z,,,,,,,,Cultivo 2,2026-03
{'$oid': '69bc1864b2147717dbde7059'},2026-03-19 15:30:56+00:00,2026-03-19T15:37:36Z,4.0,42.650000000000006,31.6,,2026-03-19T15:38:12Z,2026-03-19T15:38:12Z,2026-03-19T15:37:36Z,,,,,,,,Cultivo 2,2026-03
{'$oid': '69bc1abcb2147717dbde705a'},2026-03-19 15:44:16+00:00,2026-03-19T15:44:16Z,2.0,42.6,30.1,,2026-03-19T15:48:12Z,2026-03-19T15:48:12Z,2026-03-19T15:44:16Z,,,,,,,,Cultivo 2,2026-03
{'$oid': '69bc1d14b2147717dbde705b'},2026-03-19 15:50:56+00:00,2026-03-19T15:57:36Z,4.0,41.55,32.05,,2026-03-19T15:58:12Z,2026-03-19T15:58:12Z,2026-03-19T15:57:36Z,,,,,,,,Cultivo 2,2026-03
{'$oid': '69bc1f6cb2147717dbde705c'},2026-03-19 16:04:16+00:00,2026-03-19T16:04:16Z,2.0,40.3,32.3,,2026-03-19T16:08:12Z,2026-03-19T16:08:12Z,2026-03-19T16:04:16Z,,,,,,,,Cultivo 2,2026-03
{'$oid': '69bc21c4b2147717dbde705d'},2026-03-19 16:10:57+00:00,2026-03-19T16:17:36Z,4.0,39.6,31.95,,2026-03-19T16:18:12Z,2026-03-19T16:18:12Z,2026-03-19T16:17:36Z,,,,,,,,Cultivo 2,2026-03
{'$oid': '69bc241cb2147717dbde705e'},2026-03-19 16:24:16+00:00,2026-03-19T16:24:16Z,2.0,37.9,33.2,,2026-03-19T16:28:12Z,2026-03-19T16:28:12Z,2026-03-19T16:24:16Z,,,,,,,,Cultivo 2,2026-03
{'$oid': '69bc2674b2147717dbde705f'},2026-03-19 16:30:57+00:00,2026-03-19T16:37:36Z,4.0,35.75,33.35,,2026-03-19T16:38:12Z,2026-03-19T16:38:12Z,2026-03-19T16:37:36Z,,,,,,,,Cultivo 2,2026-03
{'$oid': '69bc28ccb2147717dbde7060'},2026-03-19 16:44:16+00:00,2026-03-19T16:44:16Z,2.0,37.2,32.2,,2026-03-19T16:48:12Z,2026-03-19T16:48:12Z,2026-03-19T16:44:16Z,,,,,,,,Cultivo 2,2026-03
{'$oid': '69bc2b24b2147717dbde7061'},2026-03-19 16:50:56+00:00,2026-03-19T16:57:36Z,4.0,37.25,34.9,,2026-03-19T16:58:12Z,2026-03-19T16:58:12Z,2026-03-19T16:57:36Z,,,,,,,,Cultivo 2,2026-03
{'$oid': '69bc2d7db2147717dbde7062'},2026-03-19 17:04:16+00:00,2026-03-19T17:04:16Z,2.0,37.1,32.0,,2026-03-19T17:08:13Z,2026-03-19T17:08:13Z,2026-03-19T17:04:16Z,,,,,,,,Cultivo 2,2026-03
{'$oid': '69bc2fd5b2147717dbde7063'},2026-03-19 17:10:57+00:00,2026-03-19T17:17:36Z,4.0,36.349999999999994,34.75,,2026-03-19T17:18:13Z,2026-03-19T17:18:13Z,2026-03-19T17:17:36Z,,,,,,,,Cultivo 2,2026-03
{'$oid': '69bc322db2147717dbde7064'},2026-03-19 17:24:16+00:00,2026-03-19T17:24:16Z,2.0,35.0,34.4,,2026-03-19T17:28:13Z,2026-03-19T17:28:13Z,2026-03-19T17:24:16Z,,,,,,,,Cultivo 2,2026-03
{'$oid': '69bc3485b2147717dbde7065'},2026-03-19 17:30:56+00:00,2026-03-19T17:37:37Z,4.0,33.95,35.8,,2026-03-19T17:38:13Z,2026-03-19T17:38:13Z,2026-03-19T17:37:37Z,,,,,,,,Cultivo 2,2026-03
{'$oid': '69bc36ddb2147717dbde7066'},2026-03-19 17:44:16+00:00,2026-03-19T17:44:16Z,2.0,33.4,36.2,,2026-03-19T17:48:13Z,2026-03-19T17:48:13Z,2026-03-19T17:44:16Z,,,,,,,,Cultivo 2,2026-03
{'$oid': '69bc3935b2147717dbde7067'},2026-03-19 17:50:58+00:00,2026-03-19T17:57:36Z,4.0,32.55,37.2,,2026-03-19T17:58:13Z,2026-03-19T17:58:13Z,2026-03-19T17:57:36Z,,,,,,,,Cultivo 2,2026-03
{'$oid': '69bc3b8db2147717dbde7068'},2026-03-19 18:04:16+00:00,2026-03-19T18:04:16Z,2.0,31.3,39.5,,2026-03-19T18:08:13Z,2026-03-19T18:08:13Z,2026-03-19T18:04:16Z,,,,,,,,Cultivo 2,2026-03
{'$oid': '69bc3de5b2147717dbde7069'},2026-03-19 18:10:57+00:00,2026-03-19T18:17:36Z,4.0,31.299999999999997,38.7,,2026-03-19T18:18:13Z,2026-03-19T18:18:13Z,2026-03-19T18:17:36Z,,,,,,,,Cultivo 2,2026-03
{'$oid': '69bc403db2147717dbde706a'},2026-03-19 18:24:18+00:00,2026-03-19T18:24:18Z,2.0,31.8,39.8,,2026-03-19T18:28:13Z,2026-03-19T18:28:13Z,2026-03-19T18:24:18Z,,,,,,,,Cultivo 2,2026-03
{'$oid': '69bc4296b2147717dbde706b'},2026-03-19 18:30:57+00:00,2026-03-19T18:37:37Z,4.0,31.15,41.099999999999994,,2026-03-19T18:38:14Z,2026-03-19T18:38:14Z,2026-03-19T18:37:37Z,,,,,,,,Cultivo 2,2026-03
{'$oid': '69bc44eeb2147717dbde706c'},2026-03-19 18:44:16+00:00,2026-03-19T18:44:16Z,2.0,31.0,40.2,,2026-03-19T18:48:14Z,2026-03-19T18:48:14Z,2026-03-19T18:44:16Z,,,,,,,,Cultivo 2,2026-03
{'$oid': '69bc4746b2147717dbde706d'},2026-03-19 18:50:57+00:00,2026-03-19T18:57:37Z,4.0,31.0,41.25,,2026-03-19T18:58:14Z,2026-03-19T18:58:14Z,2026-03-19T18:57:37Z,,,,,,,,Cultivo 2,2026-03
{'$oid': '69bc499eb2147717dbde706e'},2026-03-19 19:04:17+00:00,2026-03-19T19:04:17Z,2.0,31.4,40.2,,2026-03-19T19:08:14Z,2026-03-19T19:08:14Z,2026-03-19T19:04:17Z,,,,,,,,Cultivo 2,2026-03
{'$oid': '69bc4bf6b2147717dbde706f'},2026-03-19 19:10:57+00:00,2026-03-19T19:17:37Z,4.0,32.3,39.95,,2026-03-19T19:18:14Z,2026-03-19T19:18:14Z,2026-03-19T19:17:37Z,,,,,,,,Cultivo 2,2026-03
{'$oid': '69bc4e4eb2147717dbde7070'},2026-03-19 19:24:17+00:00,2026-03-19T19:24:17Z,2.0,32.2,40.4,,2026-03-19T19:28:14Z,2026-03-19T19:28:14Z,2026-03-19T19:24:17Z,,,,,,,,Cultivo 2,2026-03
{'$oid': '69bc50a6b2147717dbde7071'},2026-03-19 19:30:57+00:00,2026-03-19T19:37:37Z,4.0,30.45,42.65,,2026-03-19T19:38:14Z,2026-03-19T19:38:14Z,2026-03-19T19:37:37Z,,,,,,,,Cultivo 2,2026-03
{'$oid': '69bc52feb2147717dbde7072'},2026-03-19 19:44:17+00:00,2026-03-19T19:44:17Z,2.0,29.8,44.0,,2026-03-19T19:48:14Z,2026-03-19T19:48:14Z,2026-03-19T19:44:17Z,,,,,,,,Cultivo 2,2026-03
{'$oid': '69bc5556b2147717dbde7073'},2026-03-19 19:50:57+00:00,2026-03-19T19:57:37Z,4.0,30.5,43.45,,2026-03-19T19:58:14Z,2026-03-19T19:58:14Z,2026-03-19T19:57:37Z,,,,,,,,Cultivo 2,2026-03
{'$oid': '69bc57afb2147717dbde7074'},2026-03-19 20:04:17+00:00,2026-03-19T20:04:17Z,2.0,30.9,43.1,,2026-03-19T20:08:15Z,2026-03-19T20:08:15Z,2026-03-19T20:04:17Z,,,,,,,,Cultivo 2,2026-03
{'$oid': '69bc5a07b2147717dbde7075'},2026-03-19 20:10:57+00:00,2026-03-19T20:17:37Z,4.0,29.05,45.55,,2026-03-19T20:18:15Z,2026-03-19T20:18:15Z,2026-03-19T20:17:37Z,,,,,,,,Cultivo 2,2026-03
{'$oid': '69bc5c5fb2147717dbde7076'},2026-03-19 20:24:17+00:00,2026-03-19T20:24:17Z,2.0,28.7,46.1,,2026-03-19T20:28:15Z,2026-03-19T20:28:15Z,2026-03-19T20:24:17Z,,,,,,,,Cultivo 2,2026-03
{'$oid': '69bc5eb7b2147717dbde7077'},2026-03-19 20:30:57+00:00,2026-03-19T20:37:37Z,4.0,27.8,47.4,,2026-03-19T20:38:15Z,2026-03-19T20:38:15Z,2026-03-19T20:37:37Z,,,,,,,,Cultivo 2,2026-03
{'$oid': '69bc610fb2147717dbde7078'},2026-03-19 20:44:17+00:00,2026-03-19T20:44:17Z,2.0,26.2,49.3,,2026-03-19T20:48:15Z,2026-03-19T20:48:15Z,2026-03-19T20:44:17Z,,,,,,,,Cultivo 2,2026-03
{'$oid': '69bc6367b2147717dbde7079'},2026-03-19 20:50:57+00:00,2026-03-19T20:57:37Z,4.0,23.85,52.95,,2026-03-19T20:58:15Z,2026-03-19T20:58:15Z,2026-03-19T20:57:37Z,,,,,,,,Cultivo 2,2026-03
{'$oid': '69bc65bfb2147717dbde707a'},2026-03-19 21:04:17+00:00,2026-03-19T21:04:17Z,2.0,24.1,51.9,,2026-03-19T21:08:15Z,2026-03-19T21:08:15Z,2026-03-19T21:04:17Z,,,,,,,,Cultivo 2,2026-03
{'$oid': '69bc6817b2147717dbde707b'},2026-03-19 21:10:57+00:00,2026-03-19T21:17:37Z,4.0,22.45,54.0,,2026-03-19T21:18:15Z,2026-03-19T21:18:15Z,2026-03-19T21:17:37Z,,,,,,,,Cultivo 2,2026-03
{'$oid': '69bc6a6fb2147717dbde707c'},2026-03-19 21:24:17+00:00,2026-03-19T21:24:17Z,2.0,23.4,52.7,,2026-03-19T21:28:15Z,2026-03-19T21:28:15Z,2026-03-19T21:24:17Z,,,,,,,,Cultivo 2,2026-03
{'$oid': '69bc6cc8b2147717dbde707d'},2026-03-19 21:30:57+00:00,2026-03-19T21:37:38Z,4.0,23.0,54.2,,2026-03-19T21:38:16Z,2026-03-19T21:38:16Z,2026-03-19T21:37:38Z,,,,,,,,Cultivo 2,2026-03
{'$oid': '69bc6f20b2147717dbde707e'},2026-03-19 21:44:17+00:00,2026-03-19T21:44:17Z,2.0,22.3,55.4,,2026-03-19T21:48:16Z,2026-03-19T21:48:16Z,2026-03-19T21:44:17Z,,,,,,,,Cultivo 2,2026-03
{'$oid': '69bc7178b2147717dbde707f'},2026-03-19 21:50:57+00:00,2026-03-19T21:57:37Z,4.0,22.1,55.8,,2026-03-19T21:58:16Z,2026-03-19T21:58:16Z,2026-03-19T21:57:37Z,,,,,,,,Cultivo 2,2026-03
{'$oid': '69bc73d0b2147717dbde7080'},2026-03-19 22:04:17+00:00,2026-03-19T22:04:17Z,2.0,20.6,59.4,,2026-03-19T22:08:16Z,2026-03-19T22:08:16Z,2026-03-19T22:04:17Z,,,,,,,,Cultivo 2,2026-03
{'$oid': '69bc7628b2147717dbde7081'},2026-03-19 22:10:57+00:00,2026-03-19T22:17:37Z,4.0,19.65,63.349999999999994,,2026-03-19T22:18:16Z,2026-03-19T22:18:16Z,2026-03-19T22:17:37Z,,,,,,,,Cultivo 2,2026-03
{'$oid': '69bc7880b2147717dbde7082'},2026-03-19 22:24:17+00:00,2026-03-19T22:24:17Z,2.0,20.2,63.7,,2026-03-19T22:28:16Z,2026-03-19T22:28:16Z,2026-03-19T22:24:17Z,,,,,,,,Cultivo 2,2026-03
{'$oid': '69bc7ad8b2147717dbde7083'},2026-03-19 22:30:57+00:00,2026-03-19T22:37:37Z,4.0,19.35,66.6,,2026-03-19T22:38:16Z,2026-03-19T22:38:16Z,2026-03-19T22:37:37Z,,,,,,,,Cultivo 2,2026-03
{'$oid': '69bc7d30b2147717dbde7084'},2026-03-19 22:44:17+00:00,2026-03-19T22:44:17Z,2.0,19.3,67.1,,2026-03-19T22:48:16Z,2026-03-19T22:48:16Z,2026-03-19T22:44:17Z,,,,,,,,Cultivo 2,2026-03
{'$oid': '69bc7f88b2147717dbde7085'},2026-03-19 22:50:57+00:00,2026-03-19T22:57:37Z,4.0,19.7,67.4,,2026-03-19T22:58:16Z,2026-03-19T22:58:16Z,2026-03-19T22:57:37Z,,,,,,,,Cultivo 2,2026-03
{'$oid': '69bc81e1b2147717dbde7086'},2026-03-19 23:04:18+00:00,2026-03-19T23:04:18Z,2.0,19.1,68.6,,2026-03-19T23:08:17Z,2026-03-19T23:08:17Z,2026-03-19T23:04:18Z,,,,,,,,Cultivo 2,2026-03
{'$oid': '69bc8439b2147717dbde7087'},2026-03-19 23:10:57+00:00,2026-03-19T23:17:37Z,4.0,18.0,71.5,,2026-03-19T23:18:17Z,2026-03-19T23:18:17Z,2026-03-19T23:17:37Z,,,,,,,,Cultivo 2,2026-03
{'$oid': '69bc8691b2147717dbde7088'},2026-03-19 23:24:19+00:00,2026-03-19T23:24:19Z,2.0,17.0,73.5,,2026-03-19T23:28:17Z,2026-03-19T23:28:17Z,2026-03-19T23:24:19Z,,,,,,,,Cultivo 2,2026-03
{'$oid': '69bc88e9b2147717dbde7089'},2026-03-19 23:30:58+00:00,2026-03-19T23:37:37Z,4.0,16.4,74.80000000000001,,2026-03-19T23:38:17Z,2026-03-19T23:38:17Z,2026-03-19T23:37:37Z,,,,,,,,Cultivo 2,2026-03
{'$oid': '69bc8b41b2147717dbde708a'},2026-03-19 23:44:18+00:00,2026-03-19T23:44:18Z,2.0,16.1,76.1,,2026-03-19T23:48:17Z,2026-03-19T23:48:17Z,2026-03-19T23:44:18Z,,,,,,,,Cultivo 2,2026-03
{'$oid': '69bc8d99b2147717dbde708b'},2026-03-19 23:50:58+00:00,2026-03-19T23:57:38Z,4.0,16.1,76.75,,2026-03-19T23:58:17Z,2026-03-19T23:58:17Z,2026-03-19T23:57:38Z,,,,,,,,Cultivo 2,2026-03
{'$oid': '69bc8ff1b2147717dbde708c'},2026-03-20 00:04:19+00:00,2026-03-20T00:04:19Z,2.0,15.9,77.5,,2026-03-20T00:08:17Z,2026-03-20T00:08:17Z,2026-03-20T00:04:19Z,,,,,,,,Cultivo 2,2026-03
{'$oid': '69bc9249b2147717dbde708d'},2026-03-20 00:10:59+00:00,2026-03-20T00:17:38Z,4.0,15.55,78.30000000000001,,2026-03-20T00:18:17Z,2026-03-20T00:18:17Z,2026-03-20T00:17:38Z,,,,,,,,Cultivo 2,2026-03
{'$oid': '69bc94a1b2147717dbde708e'},2026-03-20 00:24:18+00:00,2026-03-20T00:24:18Z,2.0,15.2,79.5,,2026-03-20T00:28:17Z,2026-03-20T00:28:17Z,2026-03-20T00:24:18Z,,,,,,,,Cultivo 2,2026-03
{'$oid': '69bc96f9b2147717dbde708f'},2026-03-20 00:30:58+00:00,2026-03-20T00:37:38Z,4.0,15.0,80.15,,2026-03-20T00:38:17Z,2026-03-20T00:38:17Z,2026-03-20T00:37:38Z,,,,,,,,Cultivo 2,2026-03
{'$oid': '69bc9952b2147717dbde7090'},2026-03-20 00:44:18+00:00,2026-03-20T00:44:18Z,2.0,14.9,80.5,,2026-03-20T00:48:18Z,2026-03-20T00:48:18Z,2026-03-20T00:44:18Z,,,,,,,,Cultivo 2,2026-03
{'$oid': '69bc9baab2147717dbde7091'},2026-03-20 00:50:58+00:00,2026-03-20T00:57:39Z,4.0,14.7,80.75,,2026-03-20T00:58:18Z,2026-03-20T00:58:18Z,2026-03-20T00:57:39Z,,,,,,,,Cultivo 2,2026-03
{'$oid': '69bc9e02b2147717dbde7092'},2026-03-20 01:04:18+00:00,2026-03-20T01:04:18Z,2.0,14.5,80.9,,2026-03-20T01:08:18Z,2026-03-20T01:08:18Z,2026-03-20T01:04:18Z,,,,,,,,Cultivo 2,2026-03
{'$oid': '69bca05ab2147717dbde7093'},2026-03-20 01:10:59+00:00,2026-03-20T01:17:39Z,4.0,14.649999999999999,81.35,,2026-03-20T01:18:18Z,2026-03-20T01:18:18Z,2026-03-20T01:17:39Z,,,,,,,,Cultivo 2,2026-03
{'$oid': '69bca2b2b2147717dbde7094'},2026-03-20 01:24:19+00:00,2026-03-20T01:24:19Z,2.0,14.6,81.3,,2026-03-20T01:28:18Z,2026-03-20T01:28:18Z,2026-03-20T01:24:19Z,,,,,,,,Cultivo 2,2026-03
{'$oid': '69bca50ab2147717dbde7095'},2026-03-20 01:30:58+00:00,2026-03-20T01:37:39Z,4.0,14.45,82.1,,2026-03-20T01:38:18Z,2026-03-20T01:38:18Z,2026-03-20T01:37:39Z,,,,,,,,Cultivo 2,2026-03
{'$oid': '69bca762b2147717dbde7096'},2026-03-20 01:44:19+00:00,2026-03-20T01:44:19Z,2.0,14.5,82.3,,2026-03-20T01:48:18Z,2026-03-20T01:48:18Z,2026-03-20T01:44:19Z,,,,,,,,Cultivo 2,2026-03
{'$oid': '69bca9bab2147717dbde7097'},2026-03-20 01:50:59+00:00,2026-03-20T01:57:41Z,6.0,14.633333333333333,81.9,,2026-03-20T01:58:18Z,2026-03-20T01:58:18Z,2026-03-20T01:57:41Z,,,,,,,,Cultivo 2,2026-03
{'$oid': '69bcac13b2147717dbde7098'},2026-03-20 02:04:18+00:00,2026-03-20T02:04:18Z,2.0,14.6,81.8,,2026-03-20T02:08:19Z,2026-03-20T02:08:19Z,2026-03-20T02:04:18Z,,,,,,,,Cultivo 2,2026-03
{'$oid': '69bcae6bb2147717dbde7099'},2026-03-20 02:10:59+00:00,2026-03-20T02:17:39Z,4.0,14.6,81.95,,2026-03-20T02:18:19Z,2026-03-20T02:18:19Z,2026-03-20T02:17:39Z,,,,,,,,Cultivo 2,2026-03
{'$oid': '69bcb0c3b2147717dbde709a'},2026-03-20 02:24:22+00:00,2026-03-20T02:24:22Z,2.0,14.6,81.9,,2026-03-20T02:28:19Z,2026-03-20T02:28:19Z,2026-03-20T02:24:22Z,,,,,,,,Cultivo 2,2026-03
{'$oid': '69bcb31bb2147717dbde709b'},2026-03-20 02:30:59+00:00,2026-03-20T02:37:39Z,4.0,14.6,81.55,,2026-03-20T02:38:19Z,2026-03-20T02:38:19Z,2026-03-20T02:37:39Z,,,,,,,,Cultivo 2,2026-03
{'$oid': '69bcb573b2147717dbde709c'},2026-03-20 02:44:18+00:00,2026-03-20T02:44:18Z,2.0,14.6,81.5,,2026-03-20T02:48:19Z,2026-03-20T02:48:19Z,2026-03-20T02:44:18Z,,,,,,,,Cultivo 2,2026-03
{'$oid': '69bcb7cbb2147717dbde709d'},2026-03-20 02:50:58+00:00,2026-03-20T02:57:37Z,4.0,14.55,81.19999999999999,,2026-03-20T02:58:19Z,2026-03-20T02:58:19Z,2026-03-20T02:57:37Z,,,,,,,,Cultivo 2,2026-03
{'$oid': '69bcba23b2147717dbde709e'},2026-03-20 03:04:17+00:00,2026-03-20T03:04:17Z,2.0,14.6,81.2,,2026-03-20T03:08:19Z,2026-03-20T03:08:19Z,2026-03-20T03:04:17Z,,,,,,,,Cultivo 2,2026-03
{'$oid': '69bcbc7bb2147717dbde709f'},2026-03-20 03:10:57+00:00,2026-03-20T03:17:37Z,4.0,14.6,81.4,,2026-03-20T03:18:19Z,2026-03-20T03:18:19Z,2026-03-20T03:17:37Z,,,,,,,,Cultivo 2,2026-03
{'$oid': '69bcbed4b2147717dbde70a0'},2026-03-20 03:24:17+00:00,2026-03-20T03:24:17Z,2.0,14.7,81.3,,2026-03-20T03:28:20Z,2026-03-20T03:28:20Z,2026-03-20T03:24:17Z,,,,,,,,Cultivo 2,2026-03
{'$oid': '69bcc12cb2147717dbde70a1'},2026-03-20 03:30:57+00:00,2026-03-20T03:37:38Z,4.0,14.7,81.4,,2026-03-20T03:38:20Z,2026-03-20T03:38:20Z,2026-03-20T03:37:38Z,,,,,,,,Cultivo 2,2026-03
{'$oid': '69bcc384b2147717dbde70a2'},2026-03-20 03:44:17+00:00,2026-03-20T03:44:17Z,2.0,14.5,81.1,,2026-03-20T03:48:20Z,2026-03-20T03:48:20Z,2026-03-20T03:44:17Z,,,,,,,,Cultivo 2,2026-03
{'$oid': '69bcc5dcb2147717dbde70a3'},2026-03-20 03:50:57+00:00,2026-03-20T03:57:37Z,4.0,14.350000000000001,80.95,,2026-03-20T03:58:20Z,2026-03-20T03:58:20Z,2026-03-20T03:57:37Z,,,,,,,,Cultivo 2,2026-03
{'$oid': '69bcc834b2147717dbde70a4'},2026-03-20 04:04:18+00:00,2026-03-20T04:04:18Z,2.0,14.0,80.7,,2026-03-20T04:08:20Z,2026-03-20T04:08:20Z,2026-03-20T04:04:18Z,,,,,,,,Cultivo 2,2026-03
{'$oid': '69bcca8cb2147717dbde70a5'},2026-03-20 04:10:57+00:00,2026-03-20T04:17:37Z,4.0,13.8,81.30000000000001,,2026-03-20T04:18:20Z,2026-03-20T04:18:20Z,2026-03-20T04:17:37Z,,,,,,,,Cultivo 2,2026-03
{'$oid': '69bccce4b2147717dbde70a6'},2026-03-20 04:24:17+00:00,2026-03-20T04:24:17Z,2.0,13.6,80.7,,2026-03-20T04:28:20Z,2026-03-20T04:28:20Z,2026-03-20T04:24:17Z,,,,,,,,Cultivo 2,2026-03
{'$oid': '69bccf3cb2147717dbde70a7'},2026-03-20 04:30:57+00:00,2026-03-20T04:37:37Z,4.0,13.350000000000001,80.80000000000001,,2026-03-20T04:38:20Z,2026-03-20T04:38:20Z,2026-03-20T04:37:37Z,,,,,,,,Cultivo 2,2026-03
{'$oid': '69bcd195b2147717dbde70a8'},2026-03-20 04:44:17+00:00,2026-03-20T04:44:17Z,2.0,13.1,80.7,,2026-03-20T04:48:21Z,2026-03-20T04:48:21Z,2026-03-20T04:44:17Z,,,,,,,,Cultivo 2,2026-03
{'$oid': '69bcd3edb2147717dbde70a9'},2026-03-20 04:50:57+00:00,2026-03-20T04:57:37Z,4.0,13.1,81.30000000000001,,2026-03-20T04:58:21Z,2026-03-20T04:58:21Z,2026-03-20T04:57:37Z,,,,,,,,Cultivo 2,2026-03
{'$oid': '69bcd645b2147717dbde70aa'},2026-03-20 05:04:17+00:00,2026-03-20T05:04:17Z,2.0,13.0,81.6,,2026-03-20T05:08:21Z,2026-03-20T05:08:21Z,2026-03-20T05:04:17Z,,,,,,,,Cultivo 2,2026-03
{'$oid': '69bcd89db2147717dbde70ab'},2026-03-20 05:10:57+00:00,2026-03-20T05:17:37Z,4.0,12.95,81.6,,2026-03-20T05:18:21Z,2026-03-20T05:18:21Z,2026-03-20T05:17:37Z,,,,,,,,Cultivo 2,2026-03
{'$oid': '69bcdaf5b2147717dbde70ac'},2026-03-20 05:24:17+00:00,2026-03-20T05:24:17Z,2.0,12.9,81.0,,2026-03-20T05:28:21Z,2026-03-20T05:28:21Z,2026-03-20T05:24:17Z,,,,,,,,Cultivo 2,2026-03
{'$oid': '69bcdd4db2147717dbde70ad'},2026-03-20 05:30:58+00:00,2026-03-20T05:37:38Z,4.0,12.850000000000001,80.75,,2026-03-20T05:38:21Z,2026-03-20T05:38:21Z,2026-03-20T05:37:38Z,,,,,,,,Cultivo 2,2026-03
{'$oid': '69bcdfa5b2147717dbde70ae'},2026-03-20 05:44:18+00:00,2026-03-20T05:44:18Z,2.0,12.6,80.9,,2026-03-20T05:48:21Z,2026-03-20T05:48:21Z,2026-03-20T05:44:18Z,,,,,,,,Cultivo 2,2026-03
{'$oid': '69bce1fdb2147717dbde70af'},2026-03-20 05:50:58+00:00,2026-03-20T05:57:38Z,4.0,12.350000000000001,80.75,,2026-03-20T05:58:21Z,2026-03-20T05:58:21Z,2026-03-20T05:57:38Z,,,,,,,,Cultivo 2,2026-03
{'$oid': '69bce455b2147717dbde70b0'},2026-03-20 06:04:18+00:00,2026-03-20T06:04:18Z,2.0,11.9,80.9,,2026-03-20T06:08:21Z,2026-03-20T06:08:21Z,2026-03-20T06:04:18Z,,,,,,,,Cultivo 2,2026-03
{'$oid': '69bce6adb2147717dbde70b1'},2026-03-20 06:10:58+00:00,2026-03-20T06:17:38Z,4.0,11.649999999999999,80.94999999999999,,2026-03-20T06:18:21Z,2026-03-20T06:18:21Z,2026-03-20T06:17:38Z,,,,,,,,Cultivo 2,2026-03
{'$oid': '69bce906b2147717dbde70b2'},2026-03-20 06:24:18+00:00,2026-03-20T06:24:18Z,2.0,11.5,81.7,,2026-03-20T06:28:22Z,2026-03-20T06:28:22Z,2026-03-20T06:24:18Z,,,,,,,,Cultivo 2,2026-03
{'$oid': '69bceb5eb2147717dbde70b3'},2026-03-20 06:30:58+00:00,2026-03-20T06:37:38Z,4.0,11.55,82.19999999999999,,2026-03-20T06:38:22Z,2026-03-20T06:38:22Z,2026-03-20T06:37:38Z,,,,,,,,Cultivo 2,2026-03
{'$oid': '69bcedb6b2147717dbde70b4'},2026-03-20 06:44:18+00:00,2026-03-20T06:44:18Z,2.0,11.7,81.8,,2026-03-20T06:48:22Z,2026-03-20T06:48:22Z,2026-03-20T06:44:18Z,,,,,,,,Cultivo 2,2026-03
{'$oid': '69bcf00eb2147717dbde70b5'},2026-03-20 06:50:58+00:00,2026-03-20T06:57:38Z,4.0,11.649999999999999,81.7,,2026-03-20T06:58:22Z,2026-03-20T06:58:22Z,2026-03-20T06:57:38Z,,,,,,,,Cultivo 2,2026-03
{'$oid': '69bcf266b2147717dbde70b6'},2026-03-20 07:04:18+00:00,2026-03-20T07:04:18Z,2.0,11.6,81.9,,2026-03-20T07:08:22Z,2026-03-20T07:08:22Z,2026-03-20T07:04:18Z,,,,,,,,Cultivo 2,2026-03
{'$oid': '69bcf4beb2147717dbde70b7'},2026-03-20 07:10:58+00:00,2026-03-20T07:17:38Z,4.0,11.7,82.05,,2026-03-20T07:18:22Z,2026-03-20T07:18:22Z,2026-03-20T07:17:38Z,,,,,,,,Cultivo 2,2026-03
{'$oid': '69bcf716b2147717dbde70b8'},2026-03-20 07:24:18+00:00,2026-03-20T07:24:18Z,2.0,11.7,81.9,,2026-03-20T07:28:22Z,2026-03-20T07:28:22Z,2026-03-20T07:24:18Z,,,,,,,,Cultivo 2,2026-03
{'$oid': '69bcf96eb2147717dbde70b9'},2026-03-20 07:30:58+00:00,2026-03-20T07:37:38Z,4.0,11.8,81.95,,2026-03-20T07:38:22Z,2026-03-20T07:38:22Z,2026-03-20T07:37:38Z,,,,,,,,Cultivo 2,2026-03
{'$oid': '69bcfbc6b2147717dbde70ba'},2026-03-20 07:44:18+00:00,2026-03-20T07:44:18Z,2.0,12.0,81.6,,2026-03-20T07:48:22Z,2026-03-20T07:48:22Z,2026-03-20T07:44:18Z,,,,,,,,Cultivo 2,2026-03
{'$oid': '69bcfe1fb2147717dbde70bb'},2026-03-20 07:50:58+00:00,2026-03-20T07:57:38Z,4.0,12.05,81.3,,2026-03-20T07:58:23Z,2026-03-20T07:58:23Z,2026-03-20T07:57:38Z,,,,,,,,Cultivo 2,2026-03
{'$oid': '69bd0077b2147717dbde70bc'},2026-03-20 08:04:18+00:00,2026-03-20T08:04:18Z,2.0,12.0,80.9,,2026-03-20T08:08:23Z,2026-03-20T08:08:23Z,2026-03-20T08:04:18Z,,,,,,,,Cultivo 2,2026-03
{'$oid': '69bd02cfb2147717dbde70bd'},2026-03-20 08:10:58+00:00,2026-03-20T08:17:38Z,4.0,11.850000000000001,81.35,,2026-03-20T08:18:23Z,2026-03-20T08:18:23Z,2026-03-20T08:17:38Z,,,,,,,,Cultivo 2,2026-03
{'$oid': '69bd0527b2147717dbde70be'},2026-03-20 08:24:18+00:00,2026-03-20T08:24:18Z,2.0,11.9,81.4,,2026-03-20T08:28:23Z,2026-03-20T08:28:23Z,2026-03-20T08:24:18Z,,,,,,,,Cultivo 2,2026-03
{'$oid': '69bd077fb2147717dbde70bf'},2026-03-20 08:30:58+00:00,2026-03-20T08:37:38Z,4.0,12.0,81.25,,2026-03-20T08:38:23Z,2026-03-20T08:38:23Z,2026-03-20T08:37:38Z,,,,,,,,Cultivo 2,2026-03
{'$oid': '69bd09d7b2147717dbde70c0'},2026-03-20 08:44:18+00:00,2026-03-20T08:44:18Z,2.0,11.9,80.8,,2026-03-20T08:48:23Z,2026-03-20T08:48:23Z,2026-03-20T08:44:18Z,,,,,,,,Cultivo 2,2026-03
{'$oid': '69bd0c2fb2147717dbde70c1'},2026-03-20 08:50:58+00:00,2026-03-20T08:57:38Z,4.0,11.6,81.15,,2026-03-20T08:58:23Z,2026-03-20T08:58:23Z,2026-03-20T08:57:38Z,,,,,,,,Cultivo 2,2026-03
{'$oid': '69bd0e87b2147717dbde70c2'},2026-03-20 09:04:18+00:00,2026-03-20T09:04:18Z,2.0,11.6,81.6,,2026-03-20T09:08:23Z,2026-03-20T09:08:23Z,2026-03-20T09:04:18Z,,,,,,,,Cultivo 2,2026-03
{'$oid': '69bd10e0b2147717dbde70c3'},2026-03-20 09:10:58+00:00,2026-03-20T09:17:38Z,4.0,11.75,81.4,,2026-03-20T09:18:24Z,2026-03-20T09:18:24Z,2026-03-20T09:17:38Z,,,,,,,,Cultivo 2,2026-03
{'$oid': '69bd1338b2147717dbde70c4'},2026-03-20 09:24:18+00:00,2026-03-20T09:24:18Z,2.0,11.7,81.5,,2026-03-20T09:28:24Z,2026-03-20T09:28:24Z,2026-03-20T09:24:18Z,,,,,,,,Cultivo 2,2026-03
{'$oid': '69bd1590b2147717dbde70c5'},2026-03-20 09:30:58+00:00,2026-03-20T09:37:38Z,4.0,11.649999999999999,81.3,,2026-03-20T09:38:24Z,2026-03-20T09:38:24Z,2026-03-20T09:37:38Z,,,,,,,,Cultivo 2,2026-03
{'$oid': '69bd17e8b2147717dbde70c6'},2026-03-20 09:44:18+00:00,2026-03-20T09:44:18Z,2.0,11.5,81.4,,2026-03-20T09:48:24Z,2026-03-20T09:48:24Z,2026-03-20T09:44:18Z,,,,,,,,Cultivo 2,2026-03
{'$oid': '69bd1a40b2147717dbde70c7'},2026-03-20 09:50:58+00:00,2026-03-20T09:57:38Z,4.0,11.4,81.69999999999999,,2026-03-20T09:58:24Z,2026-03-20T09:58:24Z,2026-03-20T09:57:38Z,,,,,,,,Cultivo 2,2026-03
{'$oid': '69bd1c98b2147717dbde70c8'},2026-03-20 10:04:18+00:00,2026-03-20T10:04:18Z,2.0,11.4,81.9,,2026-03-20T10:08:24Z,2026-03-20T10:08:24Z,2026-03-20T10:04:18Z,,,,,,,,Cultivo 2,2026-03
{'$oid': '69bd1ef0b2147717dbde70c9'},2026-03-20 10:10:58+00:00,2026-03-20T10:17:38Z,4.0,11.35,81.6,,2026-03-20T10:18:24Z,2026-03-20T10:18:24Z,2026-03-20T10:17:38Z,,,,,,,,Cultivo 2,2026-03
{'$oid': '69bd2148b2147717dbde70ca'},2026-03-20 10:24:18+00:00,2026-03-20T10:24:18Z,2.0,11.4,82.0,,2026-03-20T10:28:24Z,2026-03-20T10:28:24Z,2026-03-20T10:24:18Z,,,,,,,,Cultivo 2,2026-03
{'$oid': '69bd23a0b2147717dbde70cb'},2026-03-20 10:30:58+00:00,2026-03-20T10:37:38Z,4.0,11.45,81.80000000000001,,2026-03-20T10:38:24Z,2026-03-20T10:38:24Z,2026-03-20T10:37:38Z,,,,,,,,Cultivo 2,2026-03
{'$oid': '69bd25f9b2147717dbde70cc'},2026-03-20 10:44:18+00:00,2026-03-20T10:44:18Z,2.0,11.1,81.8,,2026-03-20T10:48:25Z,2026-03-20T10:48:25Z,2026-03-20T10:44:18Z,,,,,,,,Cultivo 2,2026-03
{'$oid': '69bd2851b2147717dbde70cd'},2026-03-20 10:50:58+00:00,2026-03-20T10:57:38Z,4.0,11.3,82.05,,2026-03-20T10:58:25Z,2026-03-20T10:58:25Z,2026-03-20T10:57:38Z,,,,,,,,Cultivo 2,2026-03
{'$oid': '69bd2aa9b2147717dbde70ce'},2026-03-20 11:04:18+00:00,2026-03-20T11:04:18Z,2.0,11.4,81.9,,2026-03-20T11:08:25Z,2026-03-20T11:08:25Z,2026-03-20T11:04:18Z,,,,,,,,Cultivo 2,2026-03
{'$oid': '69bd2d01b2147717dbde70cf'},2026-03-20 11:10:58+00:00,2026-03-20T11:17:38Z,4.0,11.55,81.55000000000001,,2026-03-20T11:18:25Z,2026-03-20T11:18:25Z,2026-03-20T11:17:38Z,,,,,,,,Cultivo 2,2026-03
{'$oid': '69bd2f59b2147717dbde70d0'},2026-03-20 11:24:18+00:00,2026-03-20T11:24:18Z,2.0,11.6,81.7,,2026-03-20T11:28:25Z,2026-03-20T11:28:25Z,2026-03-20T11:24:18Z,,,,,,,,Cultivo 2,2026-03
{'$oid': '69bd31b1b2147717dbde70d1'},2026-03-20 11:30:58+00:00,2026-03-20T11:37:38Z,4.0,11.75,81.4,,2026-03-20T11:38:25Z,2026-03-20T11:38:25Z,2026-03-20T11:37:38Z,,,,,,,,Cultivo 2,2026-03
{'$oid': '69bd3409b2147717dbde70d2'},2026-03-20 11:44:18+00:00,2026-03-20T11:44:18Z,2.0,12.1,80.8,,2026-03-20T11:48:25Z,2026-03-20T11:48:25Z,2026-03-20T11:44:18Z,,,,,,,,Cultivo 2,2026-03
{'$oid': '69bd3661b2147717dbde70d3'},2026-03-20 11:51:00+00:00,2026-03-20T11:57:38Z,4.0,12.35,79.5,,2026-03-20T11:58:25Z,2026-03-20T11:58:25Z,2026-03-20T11:57:38Z,,,,,,,,Cultivo 2,2026-03
{'$oid': '69bd38b9b2147717dbde70d4'},2026-03-20 12:04:18+00:00,2026-03-20T12:04:18Z,2.0,12.9,78.5,,2026-03-20T12:08:25Z,2026-03-20T12:08:25Z,2026-03-20T12:04:18Z,,,,,,,,Cultivo 2,2026-03
{'$oid': '69bd3b11b2147717dbde70d5'},2026-03-20 12:10:58+00:00,2026-03-20T12:17:38Z,4.0,13.399999999999999,77.55,,2026-03-20T12:18:25Z,2026-03-20T12:18:25Z,2026-03-20T12:17:38Z,,,,,,,,Cultivo 2,2026-03
{'$oid': '69bd3d69b2147717dbde70d6'},2026-03-20 12:24:18+00:00,2026-03-20T12:24:18Z,2.0,14.1,75.6,,2026-03-20T12:28:25Z,2026-03-20T12:28:25Z,2026-03-20T12:24:18Z,,,,,,,,Cultivo 2,2026-03
{'$oid': '69bd3fc2b2147717dbde70d7'},2026-03-20 12:30:58+00:00,2026-03-20T12:37:38Z,4.0,14.95,73.0,,2026-03-20T12:38:26Z,2026-03-20T12:38:26Z,2026-03-20T12:37:38Z,,,,,,,,Cultivo 2,2026-03
{'$oid': '69bd421ab2147717dbde70d8'},2026-03-20 12:44:18+00:00,2026-03-20T12:44:18Z,2.0,18.9,67.9,,2026-03-20T12:48:26Z,2026-03-20T12:48:26Z,2026-03-20T12:44:18Z,,,,,,,,Cultivo 2,2026-03
{'$oid': '69bd4472b2147717dbde70d9'},2026-03-20 12:50:58+00:00,2026-03-20T12:57:38Z,4.0,18.9,67.45,,2026-03-20T12:58:26Z,2026-03-20T12:58:26Z,2026-03-20T12:57:38Z,,,,,,,,Cultivo 2,2026-03
{'$oid': '69bd46cab2147717dbde70da'},2026-03-20 13:04:18+00:00,2026-03-20T13:04:18Z,2.0,22.6,61.6,,2026-03-20T13:08:26Z,2026-03-20T13:08:26Z,2026-03-20T13:04:18Z,,,,,,,,Cultivo 2,2026-03
{'$oid': '69bd4922b2147717dbde70db'},2026-03-20 13:10:58+00:00,2026-03-20T13:17:38Z,4.0,25.05,56.25,,2026-03-20T13:18:26Z,2026-03-20T13:18:26Z,2026-03-20T13:17:38Z,,,,,,,,Cultivo 2,2026-03
{'$oid': '69bd4b7ab2147717dbde70dc'},2026-03-20 13:24:18+00:00,2026-03-20T13:24:18Z,2.0,26.9,53.8,,2026-03-20T13:28:26Z,2026-03-20T13:28:26Z,2026-03-20T13:24:18Z,,,,,,,,Cultivo 2,2026-03
{'$oid': '69bd4dd2b2147717dbde70dd'},2026-03-20 13:30:58+00:00,2026-03-20T13:37:41Z,4.0,26.85,52.05,,2026-03-20T13:38:26Z,2026-03-20T13:38:26Z,2026-03-20T13:37:41Z,,,,,,,,Cultivo 2,2026-03
{'$oid': '69bd502ab2147717dbde70de'},2026-03-20 13:44:21+00:00,2026-03-20T13:44:21Z,2.0,30.0,49.5,,2026-03-20T13:48:26Z,2026-03-20T13:48:26Z,2026-03-20T13:44:21Z,,,,,,,,Cultivo 2,2026-03
{'$oid': '69bd5283b2147717dbde70df'},2026-03-20 13:50:58+00:00,2026-03-20T13:57:38Z,4.0,32.599999999999994,46.25,,2026-03-20T13:58:27Z,2026-03-20T13:58:27Z,2026-03-20T13:57:38Z,,,,,,,,Cultivo 2,2026-03
{'$oid': '69bd54dbb2147717dbde70e0'},2026-03-20 14:04:18+00:00,2026-03-20T14:04:18Z,2.0,34.6,44.8,,2026-03-20T14:08:27Z,2026-03-20T14:08:27Z,2026-03-20T14:04:18Z,,,,,,,,Cultivo 2,2026-03
{'$oid': '69bd5733b2147717dbde70e1'},2026-03-20 14:10:58+00:00,2026-03-20T14:17:38Z,4.0,36.7,41.150000000000006,,2026-03-20T14:18:27Z,2026-03-20T14:18:27Z,2026-03-20T14:17:38Z,,,,,,,,Cultivo 2,2026-03
{'$oid': '69bd598bb2147717dbde70e2'},2026-03-20 14:24:18+00:00,2026-03-20T14:24:18Z,2.0,39.0,39.0,,2026-03-20T14:28:27Z,2026-03-20T14:28:27Z,2026-03-20T14:24:18Z,,,,,,,,Cultivo 2,2026-03
{'$oid': '69bd5be3b2147717dbde70e3'},2026-03-20 14:30:58+00:00,2026-03-20T14:37:38Z,4.0,40.65,35.849999999999994,,2026-03-20T14:38:27Z,2026-03-20T14:38:27Z,2026-03-20T14:37:38Z,,,,,,,,Cultivo 2,2026-03
{'$oid': '69bd5e3bb2147717dbde70e4'},2026-03-20 14:44:18+00:00,2026-03-20T14:44:18Z,2.0,40.6,34.9,,2026-03-20T14:48:27Z,2026-03-20T14:48:27Z,2026-03-20T14:44:18Z,,,,,,,,Cultivo 2,2026-03
{'$oid': '69bd6093b2147717dbde70e5'},2026-03-20 14:50:58+00:00,2026-03-20T14:57:38Z,4.0,41.400000000000006,33.0,,2026-03-20T14:58:27Z,2026-03-20T14:58:27Z,2026-03-20T14:57:38Z,,,,,,,,Cultivo 2,2026-03
{'$oid': '69bd62ebb2147717dbde70e6'},2026-03-20 15:04:18+00:00,2026-03-20T15:04:18Z,2.0,41.2,32.6,,2026-03-20T15:08:27Z,2026-03-20T15:08:27Z,2026-03-20T15:04:18Z,,,,,,,,Cultivo 2,2026-03
{'$oid': '69bd6543b2147717dbde70e7'},2026-03-20 15:10:58+00:00,2026-03-20T15:17:39Z,4.0,41.55,31.25,,2026-03-20T15:18:27Z,2026-03-20T15:18:27Z,2026-03-20T15:17:39Z,,,,,,,,Cultivo 2,2026-03
{'$oid': '69bd679bb2147717dbde70e8'},2026-03-20 15:24:19+00:00,2026-03-20T15:24:19Z,2.0,41.6,31.6,,2026-03-20T15:28:27Z,2026-03-20T15:28:27Z,2026-03-20T15:24:19Z,,,,,,,,Cultivo 2,2026-03
{'$oid': '69bd69f4b2147717dbde70e9'},2026-03-20 15:30:59+00:00,2026-03-20T15:37:39Z,4.0,41.05,30.5,,2026-03-20T15:38:28Z,2026-03-20T15:38:28Z,2026-03-20T15:37:39Z,,,,,,,,Cultivo 2,2026-03
{'$oid': '69bd6c4cb2147717dbde70ea'},2026-03-20 15:44:18+00:00,2026-03-20T15:44:18Z,2.0,40.4,30.1,,2026-03-20T15:48:28Z,2026-03-20T15:48:28Z,2026-03-20T15:44:18Z,,,,,,,,Cultivo 2,2026-03
{'$oid': '69bd6ea4b2147717dbde70eb'},2026-03-20 15:50:58+00:00,2026-03-20T15:57:38Z,4.0,39.3,31.1,,2026-03-20T15:58:28Z,2026-03-20T15:58:28Z,2026-03-20T15:57:38Z,,,,,,,,Cultivo 2,2026-03
{'$oid': '69bd70fcb2147717dbde70ec'},2026-03-20 16:04:18+00:00,2026-03-20T16:04:18Z,2.0,39.6,29.2,,2026-03-20T16:08:28Z,2026-03-20T16:08:28Z,2026-03-20T16:04:18Z,,,,,,,,Cultivo 2,2026-03
{'$oid': '69bd7354b2147717dbde70ed'},2026-03-20 16:10:59+00:00,2026-03-20T16:17:39Z,4.0,38.85,30.9,,2026-03-20T16:18:28Z,2026-03-20T16:18:28Z,2026-03-20T16:17:39Z,,,,,,,,Cultivo 2,2026-03
{'$oid': '69bd75acb2147717dbde70ee'},2026-03-20 16:24:19+00:00,2026-03-20T16:24:19Z,2.0,38.2,31.6,,2026-03-20T16:28:28Z,2026-03-20T16:28:28Z,2026-03-20T16:24:19Z,,,,,,,,Cultivo 2,2026-03
{'$oid': '69bd7804b2147717dbde70ef'},2026-03-20 16:30:59+00:00,2026-03-20T16:37:39Z,4.0,37.55,32.599999999999994,,2026-03-20T16:38:28Z,2026-03-20T16:38:28Z,2026-03-20T16:37:39Z,,,,,,,,Cultivo 2,2026-03
{'$oid': '69bd7a5cb2147717dbde70f0'},2026-03-20 16:44:19+00:00,2026-03-20T16:44:19Z,2.0,35.5,34.3,,2026-03-20T16:48:28Z,2026-03-20T16:48:28Z,2026-03-20T16:44:19Z,,,,,,,,Cultivo 2,2026-03
{'$oid': '69bd7cb4b2147717dbde70f1'},2026-03-20 16:50:59+00:00,2026-03-20T16:57:39Z,4.0,34.75,34.75,,2026-03-20T16:58:28Z,2026-03-20T16:58:28Z,2026-03-20T16:57:39Z,,,,,,,,Cultivo 2,2026-03
{'$oid': '69bd7f0cb2147717dbde70f2'},2026-03-20 17:04:19+00:00,2026-03-20T17:04:19Z,2.0,35.9,36.6,,2026-03-20T17:08:28Z,2026-03-20T17:08:28Z,2026-03-20T17:04:19Z,,,,,,,,Cultivo 2,2026-03
{'$oid': '69bd8165b2147717dbde70f3'},2026-03-20 17:10:59+00:00,2026-03-20T17:17:39Z,4.0,34.1,36.1,,2026-03-20T17:18:29Z,2026-03-20T17:18:29Z,2026-03-20T17:17:39Z,,,,,,,,Cultivo 2,2026-03
{'$oid': '69bd83bdb2147717dbde70f4'},2026-03-20 17:24:19+00:00,2026-03-20T17:24:19Z,2.0,34.5,36.6,,2026-03-20T17:28:29Z,2026-03-20T17:28:29Z,2026-03-20T17:24:19Z,,,,,,,,Cultivo 2,2026-03
{'$oid': '69bd8615b2147717dbde70f5'},2026-03-20 17:30:59+00:00,2026-03-20T17:37:39Z,4.0,33.45,37.9,,2026-03-20T17:38:29Z,2026-03-20T17:38:29Z,2026-03-20T17:37:39Z,,,,,,,,Cultivo 2,2026-03
{'$oid': '69bd886db2147717dbde70f6'},2026-03-20 17:44:19+00:00,2026-03-20T17:44:19Z,2.0,33.7,37.9,,2026-03-20T17:48:29Z,2026-03-20T17:48:29Z,2026-03-20T17:44:19Z,,,,,,,,Cultivo 2,2026-03
{'$oid': '69bd8ac5b2147717dbde70f7'},2026-03-20 17:50:59+00:00,2026-03-20T17:57:39Z,4.0,31.6,38.2,,2026-03-20T17:58:29Z,2026-03-20T17:58:29Z,2026-03-20T17:57:39Z,,,,,,,,Cultivo 2,2026-03
{'$oid': '69bd8d1db2147717dbde70f8'},2026-03-20 18:04:19+00:00,2026-03-20T18:04:19Z,2.0,30.6,38.7,,2026-03-20T18:08:29Z,2026-03-20T18:08:29Z,2026-03-20T18:04:19Z,,,,,,,,Cultivo 2,2026-03
{'$oid': '69bd8f75b2147717dbde70f9'},2026-03-20 18:10:59+00:00,2026-03-20T18:17:39Z,4.0,30.0,39.3,,2026-03-20T18:18:29Z,2026-03-20T18:18:29Z,2026-03-20T18:17:39Z,,,,,,,,Cultivo 2,2026-03
{'$oid': '69bd91cdb2147717dbde70fa'},2026-03-20 18:24:19+00:00,2026-03-20T18:24:19Z,2.0,29.3,40.4,,2026-03-20T18:28:29Z,2026-03-20T18:28:29Z,2026-03-20T18:24:19Z,,,,,,,,Cultivo 2,2026-03
{'$oid': '69bd9425b2147717dbde70fb'},2026-03-20 18:30:59+00:00,2026-03-20T18:37:39Z,4.0,27.35,43.7,,2026-03-20T18:38:29Z,2026-03-20T18:38:29Z,2026-03-20T18:37:39Z,,,,,,,,Cultivo 2,2026-03
{'$oid': '69bd967eb2147717dbde70fc'},2026-03-20 18:44:20+00:00,2026-03-20T18:44:20Z,2.0,28.3,39.8,,2026-03-20T18:48:30Z,2026-03-20T18:48:30Z,2026-03-20T18:44:20Z,,,,,,,,Cultivo 2,2026-03
{'$oid': '69bd98d6b2147717dbde70fd'},2026-03-20 18:50:59+00:00,2026-03-20T18:57:40Z,4.0,26.25,44.3,,2026-03-20T18:58:30Z,2026-03-20T18:58:30Z,2026-03-20T18:57:40Z,,,,,,,,Cultivo 2,2026-03
{'$oid': '69bd9b2eb2147717dbde70fe'},2026-03-20 19:04:20+00:00,2026-03-20T19:04:20Z,2.0,24.7,46.3,,2026-03-20T19:08:30Z,2026-03-20T19:08:30Z,2026-03-20T19:04:20Z,,,,,,,,Cultivo 2,2026-03
{'$oid': '69bd9d86b2147717dbde70ff'},2026-03-20 19:11:01+00:00,2026-03-20T19:17:40Z,4.0,24.15,47.75,,2026-03-20T19:18:30Z,2026-03-20T19:18:30Z,2026-03-20T19:17:40Z,,,,,,,,Cultivo 2,2026-03
{'$oid': '69bd9fdeb2147717dbde7100'},2026-03-20 19:24:21+00:00,2026-03-20T19:24:21Z,2.0,24.4,47.4,,2026-03-20T19:28:30Z,2026-03-20T19:28:30Z,2026-03-20T19:24:21Z,,,,,,,,Cultivo 2,2026-03
{'$oid': '69bda236b2147717dbde7101'},2026-03-20 19:31:00+00:00,2026-03-20T19:37:39Z,4.0,24.8,47.45,,2026-03-20T19:38:30Z,2026-03-20T19:38:30Z,2026-03-20T19:37:39Z,,,,,,,,Cultivo 2,2026-03
{'$oid': '69bda48eb2147717dbde7102'},2026-03-20 19:44:19+00:00,2026-03-20T19:44:19Z,2.0,25.5,48.6,,2026-03-20T19:48:30Z,2026-03-20T19:48:30Z,2026-03-20T19:44:19Z,,,,,,,,Cultivo 2,2026-03
{'$oid': '69bda6e6b2147717dbde7103'},2026-03-20 19:51:01+00:00,2026-03-20T19:57:39Z,4.0,24.6,48.95,,2026-03-20T19:58:30Z,2026-03-20T19:58:30Z,2026-03-20T19:57:39Z,,,,,,,,Cultivo 2,2026-03
{'$oid': '69bda93eb2147717dbde7104'},2026-03-20 20:04:19+00:00,2026-03-20T20:04:19Z,2.0,24.2,49.9,,2026-03-20T20:08:30Z,2026-03-20T20:08:30Z,2026-03-20T20:04:19Z,,,,,,,,Cultivo 2,2026-03
{'$oid': '69bdab97b2147717dbde7105'},2026-03-20 20:10:59+00:00,2026-03-20T20:17:39Z,4.0,23.4,51.9,,2026-03-20T20:18:31Z,2026-03-20T20:18:31Z,2026-03-20T20:17:39Z,,,,,,,,Cultivo 2,2026-03
{'$oid': '69bdadefb2147717dbde7106'},2026-03-20 20:24:19+00:00,2026-03-20T20:24:19Z,2.0,23.0,52.4,,2026-03-20T20:28:31Z,2026-03-20T20:28:31Z,2026-03-20T20:24:19Z,,,,,,,,Cultivo 2,2026-03
{'$oid': '69bdb047b2147717dbde7107'},2026-03-20 20:30:59+00:00,2026-03-20T20:37:39Z,4.0,22.75,52.2,,2026-03-20T20:38:31Z,2026-03-20T20:38:31Z,2026-03-20T20:37:39Z,,,,,,,,Cultivo 2,2026-03
{'$oid': '69bdb29fb2147717dbde7108'},2026-03-20 20:44:20+00:00,2026-03-20T20:44:20Z,2.0,21.7,53.9,,2026-03-20T20:48:31Z,2026-03-20T20:48:31Z,2026-03-20T20:44:20Z,,,,,,,,Cultivo 2,2026-03
{'$oid': '69bdb4f7b2147717dbde7109'},2026-03-20 20:50:59+00:00,2026-03-20T20:57:40Z,4.0,21.95,54.2,,2026-03-20T20:58:31Z,2026-03-20T20:58:31Z,2026-03-20T20:57:40Z,,,,,,,,Cultivo 2,2026-03
{'$oid': '69bdb74fb2147717dbde710a'},2026-03-20 21:04:21+00:00,2026-03-20T21:04:21Z,2.0,21.8,54.9,,2026-03-20T21:08:31Z,2026-03-20T21:08:31Z,2026-03-20T21:04:21Z,,,,,,,,Cultivo 2,2026-03
{'$oid': '69bdb9a7b2147717dbde710b'},2026-03-20 21:11:00+00:00,2026-03-20T21:17:39Z,4.0,21.65,55.8,,2026-03-20T21:18:31Z,2026-03-20T21:18:31Z,2026-03-20T21:17:39Z,,,,,,,,Cultivo 2,2026-03
{'$oid': '69bdbbffb2147717dbde710c'},2026-03-20 21:24:20+00:00,2026-03-20T21:24:20Z,2.0,20.8,57.0,,2026-03-20T21:28:31Z,2026-03-20T21:28:31Z,2026-03-20T21:24:20Z,,,,,,,,Cultivo 2,2026-03
{'$oid': '69bdbe57b2147717dbde710d'},2026-03-20 21:31:00+00:00,2026-03-20T21:37:40Z,4.0,20.4,58.349999999999994,,2026-03-20T21:38:31Z,2026-03-20T21:38:31Z,2026-03-20T21:37:40Z,,,,,,,,Cultivo 2,2026-03
{'$oid': '69bdc0b0b2147717dbde710e'},2026-03-20 21:44:20+00:00,2026-03-20T21:44:20Z,2.0,20.2,59.4,,2026-03-20T21:48:32Z,2026-03-20T21:48:32Z,2026-03-20T21:44:20Z,,,,,,,,Cultivo 2,2026-03
{'$oid': '69bdc308b2147717dbde710f'},2026-03-20 21:50:59+00:00,2026-03-20T21:57:39Z,4.0,19.35,61.099999999999994,,2026-03-20T21:58:32Z,2026-03-20T21:58:32Z,2026-03-20T21:57:39Z,,,,,,,,Cultivo 2,2026-03
{'$oid': '69bdc560b2147717dbde7110'},2026-03-20 22:04:19+00:00,2026-03-20T22:04:19Z,2.0,19.1,62.1,,2026-03-20T22:08:32Z,2026-03-20T22:08:32Z,2026-03-20T22:04:19Z,,,,,,,,Cultivo 2,2026-03
{'$oid': '69bdc7b8b2147717dbde7111'},2026-03-20 22:10:59+00:00,2026-03-20T22:17:39Z,4.0,18.799999999999997,62.95,,2026-03-20T22:18:32Z,2026-03-20T22:18:32Z,2026-03-20T22:17:39Z,,,,,,,,Cultivo 2,2026-03
{'$oid': '69bdca10b2147717dbde7112'},2026-03-20 22:24:19+00:00,2026-03-20T22:24:19Z,2.0,18.7,63.4,,2026-03-20T22:28:32Z,2026-03-20T22:28:32Z,2026-03-20T22:24:19Z,,,,,,,,Cultivo 2,2026-03
{'$oid': '69bdcc68b2147717dbde7113'},2026-03-20 22:31:01+00:00,2026-03-20T22:37:39Z,4.0,19.6,62.0,,2026-03-20T22:38:32Z,2026-03-20T22:38:32Z,2026-03-20T22:37:39Z,,,,,,,,Cultivo 2,2026-03
{'$oid': '69bdcec0b2147717dbde7114'},2026-03-20 22:44:20+00:00,2026-03-20T22:44:20Z,2.0,19.3,62.7,,2026-03-20T22:48:32Z,2026-03-20T22:48:32Z,2026-03-20T22:44:20Z,,,,,,,,Cultivo 2,2026-03
{'$oid': '69bdd118b2147717dbde7115'},2026-03-20 22:51:00+00:00,2026-03-20T22:57:39Z,4.0,18.450000000000003,64.7,,2026-03-20T22:58:32Z,2026-03-20T22:58:32Z,2026-03-20T22:57:39Z,,,,,,,,Cultivo 2,2026-03
{'$oid': '69bdd370b2147717dbde7116'},2026-03-20 23:04:21+00:00,2026-03-20T23:04:21Z,2.0,17.5,67.3,,2026-03-20T23:08:32Z,2026-03-20T23:08:32Z,2026-03-20T23:04:21Z,,,,,,,,Cultivo 2,2026-03
{'$oid': '69bdd5c8b2147717dbde7117'},2026-03-20 23:11:00+00:00,2026-03-20T23:17:41Z,4.0,16.35,70.7,,2026-03-20T23:18:32Z,2026-03-20T23:18:32Z,2026-03-20T23:17:41Z,,,,,,,,Cultivo 2,2026-03
{'$oid': '69bdd820b2147717dbde7118'},2026-03-20 23:24:19+00:00,2026-03-20T23:24:19Z,2.0,15.7,72.7,,2026-03-20T23:28:32Z,2026-03-20T23:28:32Z,2026-03-20T23:24:19Z,,,,,,,,Cultivo 2,2026-03
{'$oid': '69bdda79b2147717dbde7119'},2026-03-20 23:30:59+00:00,2026-03-20T23:37:40Z,4.0,15.25,74.05,,2026-03-20T23:38:33Z,2026-03-20T23:38:33Z,2026-03-20T23:37:40Z,,,,,,,,Cultivo 2,2026-03
{'$oid': '69bddcd1b2147717dbde711a'},2026-03-20 23:44:20+00:00,2026-03-20T23:44:20Z,2.0,15.0,75.9,,2026-03-20T23:48:33Z,2026-03-20T23:48:33Z,2026-03-20T23:44:20Z,,,,,,,,Cultivo 2,2026-03
{'$oid': '69bddf29b2147717dbde711b'},2026-03-20 23:51:00+00:00,2026-03-20T23:57:40Z,4.0,14.75,77.05,,2026-03-20T23:58:33Z,2026-03-20T23:58:33Z,2026-03-20T23:57:40Z,,,,,,,,Cultivo 2,2026-03
{'$oid': '69bde3d9b2147717dbde711c'},2026-03-21 00:11:04+00:00,2026-03-21T00:17:41Z,4.0,14.350000000000001,79.05,,2026-03-21T00:18:33Z,2026-03-21T00:18:33Z,2026-03-21T00:17:41Z,,,,,,,,Cultivo 2,2026-03
{'$oid': '69bde631b2147717dbde711d'},2026-03-21 00:24:20+00:00,2026-03-21T00:24:20Z,2.0,14.1,79.5,,2026-03-21T00:28:33Z,2026-03-21T00:28:33Z,2026-03-21T00:24:20Z,,,,,,,,Cultivo 2,2026-03
{'$oid': '69bde889b2147717dbde711e'},2026-03-21 00:31:01+00:00,2026-03-21T00:37:40Z,4.0,14.05,80.4,,2026-03-21T00:38:33Z,2026-03-21T00:38:33Z,2026-03-21T00:37:40Z,,,,,,,,Cultivo 2,2026-03
{'$oid': '69bdeae1b2147717dbde711f'},2026-03-21 00:44:19+00:00,2026-03-21T00:44:19Z,2.0,14.0,80.8,,2026-03-21T00:48:33Z,2026-03-21T00:48:33Z,2026-03-21T00:44:19Z,,,,,,,,Cultivo 2,2026-03
{'$oid': '69bded39b2147717dbde7120'},2026-03-21 00:50:59+00:00,2026-03-21T00:57:40Z,4.0,13.850000000000001,81.05000000000001,,2026-03-21T00:58:33Z,2026-03-21T00:58:33Z,2026-03-21T00:57:40Z,,,,,,,,Cultivo 2,2026-03
{'$oid': '69bdef91b2147717dbde7121'},2026-03-21 01:04:20+00:00,2026-03-21T01:04:20Z,2.0,13.7,81.1,,2026-03-21T01:08:33Z,2026-03-21T01:08:33Z,2026-03-21T01:04:20Z,,,,,,,,Cultivo 2,2026-03
{'$oid': '69bdf1eab2147717dbde7122'},2026-03-21 01:10:59+00:00,2026-03-21T01:17:41Z,4.0,13.6,81.2,,2026-03-21T01:18:34Z,2026-03-21T01:18:34Z,2026-03-21T01:17:41Z,,,,,,,,Cultivo 2,2026-03
{'$oid': '69bdf442b2147717dbde7123'},2026-03-21 01:24:20+00:00,2026-03-21T01:24:20Z,2.0,13.7,81.2,,2026-03-21T01:28:34Z,2026-03-21T01:28:34Z,2026-03-21T01:24:20Z,,,,,,,,Cultivo 2,2026-03
{'$oid': '69bdf69ab2147717dbde7124'},2026-03-21 01:31:01+00:00,2026-03-21T01:37:40Z,4.0,13.5,80.85,,2026-03-21T01:38:34Z,2026-03-21T01:38:34Z,2026-03-21T01:37:40Z,,,,,,,,Cultivo 2,2026-03
{'$oid': '69bdf8f2b2147717dbde7125'},2026-03-21 01:44:20+00:00,2026-03-21T01:44:20Z,2.0,13.4,81.1,,2026-03-21T01:48:34Z,2026-03-21T01:48:34Z,2026-03-21T01:44:20Z,,,,,,,,Cultivo 2,2026-03
{'$oid': '69bdfb4ab2147717dbde7126'},2026-03-21 01:51:01+00:00,2026-03-21T01:57:40Z,4.0,13.3,80.80000000000001,,2026-03-21T01:58:34Z,2026-03-21T01:58:34Z,2026-03-21T01:57:40Z,,,,,,,,Cultivo 2,2026-03
{'$oid': '69bdfda2b2147717dbde7127'},2026-03-21 02:04:21+00:00,2026-03-21T02:04:21Z,2.0,13.3,81.0,,2026-03-21T02:08:34Z,2026-03-21T02:08:34Z,2026-03-21T02:04:21Z,,,,,,,,Cultivo 2,2026-03
{'$oid': '69bdfffab2147717dbde7128'},2026-03-21 02:11:01+00:00,2026-03-21T02:17:42Z,4.0,13.4,80.95,,2026-03-21T02:18:34Z,2026-03-21T02:18:34Z,2026-03-21T02:17:42Z,,,,,,,,Cultivo 2,2026-03
{'$oid': '69be0252b2147717dbde7129'},2026-03-21 02:24:21+00:00,2026-03-21T02:24:21Z,2.0,13.4,81.1,,2026-03-21T02:28:34Z,2026-03-21T02:28:34Z,2026-03-21T02:24:21Z,,,,,,,,Cultivo 2,2026-03
{'$oid': '69be04aab2147717dbde712a'},2026-03-21 02:31:00+00:00,2026-03-21T02:37:40Z,4.0,13.2,81.05000000000001,,2026-03-21T02:38:34Z,2026-03-21T02:38:34Z,2026-03-21T02:37:40Z,,,,,,,,Cultivo 2,2026-03
{'$oid': '69be0703b2147717dbde712b'},2026-03-21 02:44:21+00:00,2026-03-21T02:44:21Z,2.0,13.2,81.3,,2026-03-21T02:48:35Z,2026-03-21T02:48:35Z,2026-03-21T02:44:21Z,,,,,,,,Cultivo 2,2026-03
{'$oid': '69be095bb2147717dbde712c'},2026-03-21 02:51:01+00:00,2026-03-21T02:57:41Z,4.0,13.1,81.35,,2026-03-21T02:58:35Z,2026-03-21T02:58:35Z,2026-03-21T02:57:41Z,,,,,,,,Cultivo 2,2026-03
{'$oid': '69be0bb3b2147717dbde712d'},2026-03-21 03:04:22+00:00,2026-03-21T03:04:27Z,4.0,13.0,81.4,,2026-03-21T03:08:35Z,2026-03-21T03:08:35Z,2026-03-21T03:04:27Z,,,,,,,,Cultivo 2,2026-03
{'$oid': '69be0e0bb2147717dbde712e'},2026-03-21 03:11:00+00:00,2026-03-21T03:17:40Z,4.0,13.0,81.55,,2026-03-21T03:18:35Z,2026-03-21T03:18:35Z,2026-03-21T03:17:40Z,,,,,,,,Cultivo 2,2026-03
{'$oid': '69be1063b2147717dbde712f'},2026-03-21 03:24:22+00:00,2026-03-21T03:24:22Z,2.0,12.9,81.5,,2026-03-21T03:28:35Z,2026-03-21T03:28:35Z,2026-03-21T03:24:22Z,,,,,,,,Cultivo 2,2026-03
{'$oid': '69be12bbb2147717dbde7130'},2026-03-21 03:31:02+00:00,2026-03-21T03:37:41Z,4.0,12.9,81.15,,2026-03-21T03:38:35Z,2026-03-21T03:38:35Z,2026-03-21T03:37:41Z,,,,,,,,Cultivo 2,2026-03
{'$oid': '69be1513b2147717dbde7131'},2026-03-21 03:44:20+00:00,2026-03-21T03:44:20Z,2.0,12.6,80.8,,2026-03-21T03:48:35Z,2026-03-21T03:48:35Z,2026-03-21T03:44:20Z,,,,,,,,Cultivo 2,2026-03
{'$oid': '69be176bb2147717dbde7132'},2026-03-21 03:51:00+00:00,2026-03-21T03:57:40Z,4.0,12.45,80.65,,2026-03-21T03:58:35Z,2026-03-21T03:58:35Z,2026-03-21T03:57:40Z,,,,,,,,Cultivo 2,2026-03
{'$oid': '69be19c3b2147717dbde7133'},2026-03-21 04:04:21+00:00,2026-03-21T04:04:21Z,2.0,12.2,80.9,,2026-03-21T04:08:35Z,2026-03-21T04:08:35Z,2026-03-21T04:04:21Z,,,,,,,,Cultivo 2,2026-03
{'$oid': '69be1c1cb2147717dbde7134'},2026-03-21 04:11:02+00:00,2026-03-21T04:17:40Z,4.0,12.25,81.05,,2026-03-21T04:18:36Z,2026-03-21T04:18:36Z,2026-03-21T04:17:40Z,,,,,,,,Cultivo 2,2026-03
{'$oid': '69be1e74b2147717dbde7135'},2026-03-21 04:24:20+00:00,2026-03-21T04:24:20Z,2.0,12.1,81.0,,2026-03-21T04:28:36Z,2026-03-21T04:28:36Z,2026-03-21T04:24:20Z,,,,,,,,Cultivo 2,2026-03
{'$oid': '69be20ccb2147717dbde7136'},2026-03-21 04:31:00+00:00,2026-03-21T04:37:40Z,4.0,11.95,80.85,,2026-03-21T04:38:36Z,2026-03-21T04:38:36Z,2026-03-21T04:37:40Z,,,,,,,,Cultivo 2,2026-03
{'$oid': '69be2324b2147717dbde7137'},2026-03-21 04:44:20+00:00,2026-03-21T04:44:20Z,2.0,11.7,81.3,,2026-03-21T04:48:36Z,2026-03-21T04:48:36Z,2026-03-21T04:44:20Z,,,,,,,,Cultivo 2,2026-03
{'$oid': '69be257cb2147717dbde7138'},2026-03-21 04:51:00+00:00,2026-03-21T04:57:40Z,4.0,11.649999999999999,81.65,,2026-03-21T04:58:36Z,2026-03-21T04:58:36Z,2026-03-21T04:57:40Z,,,,,,,,Cultivo 2,2026-03
{'$oid': '69be27d4b2147717dbde7139'},2026-03-21 05:04:20+00:00,2026-03-21T05:04:20Z,2.0,11.7,81.3,,2026-03-21T05:08:36Z,2026-03-21T05:08:36Z,2026-03-21T05:04:20Z,,,,,,,,Cultivo 2,2026-03
{'$oid': '69be2a2cb2147717dbde713a'},2026-03-21 05:11:00+00:00,2026-03-21T05:17:40Z,4.0,11.4,81.1,,2026-03-21T05:18:36Z,2026-03-21T05:18:36Z,2026-03-21T05:17:40Z,,,,,,,,Cultivo 2,2026-03
{'$oid': '69be2c84b2147717dbde713b'},2026-03-21 05:24:20+00:00,2026-03-21T05:24:20Z,2.0,11.1,81.1,,2026-03-21T05:28:36Z,2026-03-21T05:28:36Z,2026-03-21T05:24:20Z,,,,,,,,Cultivo 2,2026-03
{'$oid': '69be2edcb2147717dbde713c'},2026-03-21 05:31:00+00:00,2026-03-21T05:37:40Z,4.0,11.0,81.05000000000001,,2026-03-21T05:38:36Z,2026-03-21T05:38:36Z,2026-03-21T05:37:40Z,,,,,,,,Cultivo 2,2026-03
{'$oid': '69be3134b2147717dbde713d'},2026-03-21 05:44:20+00:00,2026-03-21T05:44:20Z,2.0,10.9,81.3,,2026-03-21T05:48:36Z,2026-03-21T05:48:36Z,2026-03-21T05:44:20Z,,,,,,,,Cultivo 2,2026-03
{'$oid': '69be338db2147717dbde713e'},2026-03-21 05:51:00+00:00,2026-03-21T05:57:40Z,4.0,10.850000000000001,81.30000000000001,,2026-03-21T05:58:37Z,2026-03-21T05:58:37Z,2026-03-21T05:57:40Z,,,,,,,,Cultivo 2,2026-03
{'$oid': '69be35e5b2147717dbde713f'},2026-03-21 06:04:20+00:00,2026-03-21T06:04:20Z,2.0,10.8,81.2,,2026-03-21T06:08:37Z,2026-03-21T06:08:37Z,2026-03-21T06:04:20Z,,,,,,,,Cultivo 2,2026-03
{'$oid': '69be383db2147717dbde7140'},2026-03-21 06:11:00+00:00,2026-03-21T06:17:40Z,4.0,10.8,81.55000000000001,,2026-03-21T06:18:37Z,2026-03-21T06:18:37Z,2026-03-21T06:17:40Z,,,,,,,,Cultivo 2,2026-03
{'$oid': '69be3a95b2147717dbde7141'},2026-03-21 06:24:20+00:00,2026-03-21T06:24:20Z,2.0,10.8,81.4,,2026-03-21T06:28:37Z,2026-03-21T06:28:37Z,2026-03-21T06:24:20Z,,,,,,,,Cultivo 2,2026-03
{'$oid': '69be3cedb2147717dbde7142'},2026-03-21 06:31:00+00:00,2026-03-21T06:37:40Z,4.0,10.8,81.30000000000001,,2026-03-21T06:38:37Z,2026-03-21T06:38:37Z,2026-03-21T06:37:40Z,,,,,,,,Cultivo 2,2026-03
{'$oid': '69be3f45b2147717dbde7143'},2026-03-21 06:44:20+00:00,2026-03-21T06:44:20Z,2.0,10.8,81.4,,2026-03-21T06:48:37Z,2026-03-21T06:48:37Z,2026-03-21T06:44:20Z,,,,,,,,Cultivo 2,2026-03
{'$oid': '69be419db2147717dbde7144'},2026-03-21 06:51:00+00:00,2026-03-21T06:57:40Z,4.0,10.75,81.35,,2026-03-21T06:58:37Z,2026-03-21T06:58:37Z,2026-03-21T06:57:40Z,,,,,,,,Cultivo 2,2026-03
{'$oid': '69be43f5b2147717dbde7145'},2026-03-21 07:04:20+00:00,2026-03-21T07:04:20Z,2.0,10.7,81.3,,2026-03-21T07:08:37Z,2026-03-21T07:08:37Z,2026-03-21T07:04:20Z,,,,,,,,Cultivo 2,2026-03
{'$oid': '69be464db2147717dbde7146'},2026-03-21 07:11:00+00:00,2026-03-21T07:17:40Z,4.0,10.850000000000001,81.35,,2026-03-21T07:18:37Z,2026-03-21T07:18:37Z,2026-03-21T07:17:40Z,,,,,,,,Cultivo 2,2026-03
{'$oid': '69be48a5b2147717dbde7147'},2026-03-21 07:24:20+00:00,2026-03-21T07:24:20Z,2.0,11.0,81.3,,2026-03-21T07:28:37Z,2026-03-21T07:28:37Z,2026-03-21T07:24:20Z,,,,,,,,Cultivo 2,2026-03
{'$oid': '69be4afeb2147717dbde7148'},2026-03-21 07:31:00+00:00,2026-03-21T07:37:40Z,4.0,11.149999999999999,81.25,,2026-03-21T07:38:38Z,2026-03-21T07:38:38Z,2026-03-21T07:37:40Z,,,,,,,,Cultivo 2,2026-03
{'$oid': '69be4d56b2147717dbde7149'},2026-03-21 07:44:20+00:00,2026-03-21T07:44:20Z,2.0,11.1,81.1,,2026-03-21T07:48:38Z,2026-03-21T07:48:38Z,2026-03-21T07:44:20Z,,,,,,,,Cultivo 2,2026-03
{'$oid': '69be4faeb2147717dbde714a'},2026-03-21 07:51:00+00:00,2026-03-21T07:57:40Z,4.0,10.899999999999999,81.05000000000001,,2026-03-21T07:58:38Z,2026-03-21T07:58:38Z,2026-03-21T07:57:40Z,,,,,,,,Cultivo 2,2026-03
{'$oid': '69be5206b2147717dbde714b'},2026-03-21 08:04:20+00:00,2026-03-21T08:04:20Z,2.0,10.8,80.9,,2026-03-21T08:08:38Z,2026-03-21T08:08:38Z,2026-03-21T08:04:20Z,,,,,,,,Cultivo 2,2026-03
{'$oid': '69be545eb2147717dbde714c'},2026-03-21 08:11:00+00:00,2026-03-21T08:17:40Z,4.0,10.55,81.4,,2026-03-21T08:18:38Z,2026-03-21T08:18:38Z,2026-03-21T08:17:40Z,,,,,,,,Cultivo 2,2026-03
{'$oid': '69be56b6b2147717dbde714d'},2026-03-21 08:24:20+00:00,2026-03-21T08:24:20Z,2.0,10.4,81.4,,2026-03-21T08:28:38Z,2026-03-21T08:28:38Z,2026-03-21T08:24:20Z,,,,,,,,Cultivo 2,2026-03
{'$oid': '69be590eb2147717dbde714e'},2026-03-21 08:31:00+00:00,2026-03-21T08:37:40Z,4.0,10.45,81.4,,2026-03-21T08:38:38Z,2026-03-21T08:38:38Z,2026-03-21T08:37:40Z,,,,,,,,Cultivo 2,2026-03
{'$oid': '69be5b66b2147717dbde714f'},2026-03-21 08:44:20+00:00,2026-03-21T08:44:20Z,2.0,10.3,81.6,,2026-03-21T08:48:38Z,2026-03-21T08:48:38Z,2026-03-21T08:44:20Z,,,,,,,,Cultivo 2,2026-03
{'$oid': '69be5dbeb2147717dbde7150'},2026-03-21 08:51:00+00:00,2026-03-21T08:57:40Z,4.0,10.4,81.6,,2026-03-21T08:58:38Z,2026-03-21T08:58:38Z,2026-03-21T08:57:40Z,,,,,,,,Cultivo 2,2026-03
{'$oid': '69be6016b2147717dbde7151'},2026-03-21 09:04:20+00:00,2026-03-21T09:04:20Z,2.0,10.5,81.9,,2026-03-21T09:08:38Z,2026-03-21T09:08:38Z,2026-03-21T09:04:20Z,,,,,,,,Cultivo 2,2026-03
{'$oid': '69be626eb2147717dbde7152'},2026-03-21 09:11:00+00:00,2026-03-21T09:17:40Z,4.0,10.350000000000001,81.69999999999999,,2026-03-21T09:18:38Z,2026-03-21T09:18:38Z,2026-03-21T09:17:40Z,,,,,,,,Cultivo 2,2026-03
{'$oid': '69be64c7b2147717dbde7153'},2026-03-21 09:24:20+00:00,2026-03-21T09:24:20Z,2.0,10.4,81.6,,2026-03-21T09:28:39Z,2026-03-21T09:28:39Z,2026-03-21T09:24:20Z,,,,,,,,Cultivo 2,2026-03
{'$oid': '69be671fb2147717dbde7154'},2026-03-21 09:31:00+00:00,2026-03-21T09:37:40Z,4.0,10.05,81.1,,2026-03-21T09:38:39Z,2026-03-21T09:38:39Z,2026-03-21T09:37:40Z,,,,,,,,Cultivo 2,2026-03
{'$oid': '69be6977b2147717dbde7155'},2026-03-21 09:44:20+00:00,2026-03-21T09:44:20Z,2.0,9.8,81.0,,2026-03-21T09:48:39Z,2026-03-21T09:48:39Z,2026-03-21T09:44:20Z,,,,,,,,Cultivo 2,2026-03
{'$oid': '69be6bcfb2147717dbde7156'},2026-03-21 09:51:00+00:00,2026-03-21T09:57:40Z,4.0,9.45,81.0,,2026-03-21T09:58:39Z,2026-03-21T09:58:39Z,2026-03-21T09:57:40Z,,,,,,,,Cultivo 2,2026-03
{'$oid': '69be6e27b2147717dbde7157'},2026-03-21 10:04:20+00:00,2026-03-21T10:04:20Z,2.0,9.2,81.2,,2026-03-21T10:08:39Z,2026-03-21T10:08:39Z,2026-03-21T10:04:20Z,,,,,,,,Cultivo 2,2026-03
{'$oid': '69be707fb2147717dbde7158'},2026-03-21 10:11:00+00:00,2026-03-21T10:17:40Z,4.0,8.95,81.55,,2026-03-21T10:18:39Z,2026-03-21T10:18:39Z,2026-03-21T10:17:40Z,,,,,,,,Cultivo 2,2026-03
{'$oid': '69be72d7b2147717dbde7159'},2026-03-21 10:24:20+00:00,2026-03-21T10:24:20Z,2.0,8.9,81.6,,2026-03-21T10:28:39Z,2026-03-21T10:28:39Z,2026-03-21T10:24:20Z,,,,,,,,Cultivo 2,2026-03
{'$oid': '69be752fb2147717dbde715a'},2026-03-21 10:31:00+00:00,2026-03-21T10:37:40Z,4.0,9.0,81.45,,2026-03-21T10:38:39Z,2026-03-21T10:38:39Z,2026-03-21T10:37:40Z,,,,,,,,Cultivo 2,2026-03
{'$oid': '69be7787b2147717dbde715b'},2026-03-21 10:44:20+00:00,2026-03-21T10:44:20Z,2.0,8.9,81.1,,2026-03-21T10:48:39Z,2026-03-21T10:48:39Z,2026-03-21T10:44:20Z,,,,,,,,Cultivo 2,2026-03
{'$oid': '69be79dfb2147717dbde715c'},2026-03-21 10:51:00+00:00,2026-03-21T10:57:40Z,4.0,8.6,81.3,,2026-03-21T10:58:39Z,2026-03-21T10:58:39Z,2026-03-21T10:57:40Z,,,,,,,,Cultivo 2,2026-03
{'$oid': '69be7c38b2147717dbde715d'},2026-03-21 11:04:20+00:00,2026-03-21T11:04:20Z,2.0,8.3,81.2,,2026-03-21T11:08:40Z,2026-03-21T11:08:40Z,2026-03-21T11:04:20Z,,,,,,,,Cultivo 2,2026-03
{'$oid': '69be7e90b2147717dbde715e'},2026-03-21 11:11:00+00:00,2026-03-21T11:17:40Z,4.0,8.2,81.35,,2026-03-21T11:18:40Z,2026-03-21T11:18:40Z,2026-03-21T11:17:40Z,,,,,,,,Cultivo 2,2026-03
{'$oid': '69be80e8b2147717dbde715f'},2026-03-21 11:24:20+00:00,2026-03-21T11:24:20Z,2.0,8.2,81.1,,2026-03-21T11:28:40Z,2026-03-21T11:28:40Z,2026-03-21T11:24:20Z,,,,,,,,Cultivo 2,2026-03
{'$oid': '69be8340b2147717dbde7160'},2026-03-21 11:31:00+00:00,2026-03-21T11:37:40Z,4.0,8.3,80.94999999999999,,2026-03-21T11:38:40Z,2026-03-21T11:38:40Z,2026-03-21T11:37:40Z,,,,,,,,Cultivo 2,2026-03
{'$oid': '69be8598b2147717dbde7161'},2026-03-21 11:44:20+00:00,2026-03-21T11:44:20Z,2.0,8.7,81.1,,2026-03-21T11:48:40Z,2026-03-21T11:48:40Z,2026-03-21T11:44:20Z,,,,,,,,Cultivo 2,2026-03
{'$oid': '69be87f0b2147717dbde7162'},2026-03-21 11:51:01+00:00,2026-03-21T11:57:40Z,4.0,9.2,80.5,,2026-03-21T11:58:40Z,2026-03-21T11:58:40Z,2026-03-21T11:57:40Z,,,,,,,,Cultivo 2,2026-03
{'$oid': '69be8a48b2147717dbde7163'},2026-03-21 12:04:20+00:00,2026-03-21T12:04:20Z,2.0,9.5,80.5,,2026-03-21T12:08:40Z,2026-03-21T12:08:40Z,2026-03-21T12:04:20Z,,,,,,,,Cultivo 2,2026-03
{'$oid': '69be8ca0b2147717dbde7164'},2026-03-21 12:11:00+00:00,2026-03-21T12:17:40Z,4.0,11.3,77.7,,2026-03-21T12:18:40Z,2026-03-21T12:18:40Z,2026-03-21T12:17:40Z,,,,,,,,Cultivo 2,2026-03
{'$oid': '69be8ef8b2147717dbde7165'},2026-03-21 12:24:20+00:00,2026-03-21T12:24:20Z,2.0,16.7,63.9,,2026-03-21T12:28:40Z,2026-03-21T12:28:40Z,2026-03-21T12:24:20Z,,,,,,,,Cultivo 2,2026-03
{'$oid': '69be9150b2147717dbde7166'},2026-03-21 12:31:01+00:00,2026-03-21T12:37:40Z,4.0,19.5,58.75,,2026-03-21T12:38:40Z,2026-03-21T12:38:40Z,2026-03-21T12:37:40Z,,,,,,,,Cultivo 2,2026-03
{'$oid': '69be93a9b2147717dbde7167'},2026-03-21 12:44:20+00:00,2026-03-21T12:44:20Z,2.0,21.1,54.8,,2026-03-21T12:48:41Z,2026-03-21T12:48:41Z,2026-03-21T12:44:20Z,,,,,,,,Cultivo 2,2026-03
{'$oid': '69be9601b2147717dbde7168'},2026-03-21 12:51:00+00:00,2026-03-21T12:57:40Z,4.0,22.0,55.400000000000006,,2026-03-21T12:58:41Z,2026-03-21T12:58:41Z,2026-03-21T12:57:40Z,,,,,,,,Cultivo 2,2026-03
{'$oid': '69be9859b2147717dbde7169'},2026-03-21 13:04:20+00:00,2026-03-21T13:04:20Z,2.0,22.9,54.9,,2026-03-21T13:08:41Z,2026-03-21T13:08:41Z,2026-03-21T13:04:20Z,,,,,,,,Cultivo 2,2026-03
{'$oid': '69be9ab1b2147717dbde716a'},2026-03-21 13:11:01+00:00,2026-03-21T13:17:41Z,4.0,24.45,53.400000000000006,,2026-03-21T13:18:41Z,2026-03-21T13:18:41Z,2026-03-21T13:17:41Z,,,,,,,,Cultivo 2,2026-03
{'$oid': '69be9d09b2147717dbde716b'},2026-03-21 13:24:20+00:00,2026-03-21T13:24:20Z,2.0,26.0,52.4,,2026-03-21T13:28:41Z,2026-03-21T13:28:41Z,2026-03-21T13:24:20Z,,,,,,,,Cultivo 2,2026-03
{'$oid': '69be9f61b2147717dbde716c'},2026-03-21 13:31:00+00:00,2026-03-21T13:37:41Z,4.0,27.65,47.2,,2026-03-21T13:38:41Z,2026-03-21T13:38:41Z,2026-03-21T13:37:41Z,,,,,,,,Cultivo 2,2026-03
{'$oid': '69bea1b9b2147717dbde716d'},2026-03-21 13:44:21+00:00,2026-03-21T13:44:21Z,2.0,29.0,47.1,,2026-03-21T13:48:41Z,2026-03-21T13:48:41Z,2026-03-21T13:44:21Z,,,,,,,,Cultivo 2,2026-03
{'$oid': '69bea411b2147717dbde716e'},2026-03-21 13:51:01+00:00,2026-03-21T13:57:41Z,4.0,31.25,43.9,,2026-03-21T13:58:41Z,2026-03-21T13:58:41Z,2026-03-21T13:57:41Z,,,,,,,,Cultivo 2,2026-03
{'$oid': '69bea669b2147717dbde716f'},2026-03-21 14:04:21+00:00,2026-03-21T14:04:21Z,2.0,33.0,41.8,,2026-03-21T14:08:41Z,2026-03-21T14:08:41Z,2026-03-21T14:04:21Z,,,,,,,,Cultivo 2,2026-03
{'$oid': '69bea8c1b2147717dbde7170'},2026-03-21 14:11:01+00:00,2026-03-21T14:17:41Z,4.0,34.6,40.25,,2026-03-21T14:18:41Z,2026-03-21T14:18:41Z,2026-03-21T14:17:41Z,,,,,,,,Cultivo 2,2026-03
{'$oid': '69beab1ab2147717dbde7171'},2026-03-21 14:24:21+00:00,2026-03-21T14:24:21Z,2.0,36.6,39.6,,2026-03-21T14:28:42Z,2026-03-21T14:28:42Z,2026-03-21T14:24:21Z,,,,,,,,Cultivo 2,2026-03
{'$oid': '69bead72b2147717dbde7172'},2026-03-21 14:31:01+00:00,2026-03-21T14:37:41Z,4.0,38.6,37.4,,2026-03-21T14:38:42Z,2026-03-21T14:38:42Z,2026-03-21T14:37:41Z,,,,,,,,Cultivo 2,2026-03
{'$oid': '69beafcab2147717dbde7173'},2026-03-21 14:44:22+00:00,2026-03-21T14:44:22Z,2.0,38.3,36.3,,2026-03-21T14:48:42Z,2026-03-21T14:48:42Z,2026-03-21T14:44:22Z,,,,,,,,Cultivo 2,2026-03
{'$oid': '69beb222b2147717dbde7174'},2026-03-21 14:51:02+00:00,2026-03-21T14:57:41Z,4.0,40.45,33.75,,2026-03-21T14:58:42Z,2026-03-21T14:58:42Z,2026-03-21T14:57:41Z,,,,,,,,Cultivo 2,2026-03
{'$oid': '69beb47ab2147717dbde7175'},2026-03-21 15:04:21+00:00,2026-03-21T15:04:21Z,2.0,40.1,32.4,,2026-03-21T15:08:42Z,2026-03-21T15:08:42Z,2026-03-21T15:04:21Z,,,,,,,,Cultivo 2,2026-03
{'$oid': '69beb6d2b2147717dbde7176'},2026-03-21 15:11:01+00:00,2026-03-21T15:17:41Z,4.0,39.599999999999994,31.4,,2026-03-21T15:18:42Z,2026-03-21T15:18:42Z,2026-03-21T15:17:41Z,,,,,,,,Cultivo 2,2026-03
{'$oid': '69beb92ab2147717dbde7177'},2026-03-21 15:24:21+00:00,2026-03-21T15:24:21Z,2.0,40.2,29.9,,2026-03-21T15:28:42Z,2026-03-21T15:28:42Z,2026-03-21T15:24:21Z,,,,,,,,Cultivo 2,2026-03
{'$oid': '69bebb82b2147717dbde7178'},2026-03-21 15:31:01+00:00,2026-03-21T15:37:41Z,4.0,38.75,31.6,,2026-03-21T15:38:42Z,2026-03-21T15:38:42Z,2026-03-21T15:37:41Z,,,,,,,,Cultivo 2,2026-03
{'$oid': '69bebddab2147717dbde7179'},2026-03-21 15:44:21+00:00,2026-03-21T15:44:21Z,2.0,35.2,34.3,,2026-03-21T15:48:42Z,2026-03-21T15:48:42Z,2026-03-21T15:44:21Z,,,,,,,,Cultivo 2,2026-03
{'$oid': '69bec032b2147717dbde717a'},2026-03-21 15:51:01+00:00,2026-03-21T15:57:41Z,4.0,37.85,32.599999999999994,,2026-03-21T15:58:42Z,2026-03-21T15:58:42Z,2026-03-21T15:57:41Z,,,,,,,,Cultivo 2,2026-03
{'$oid': '69bec28ab2147717dbde717b'},2026-03-21 16:04:21+00:00,2026-03-21T16:04:21Z,2.0,37.9,31.2,,2026-03-21T16:08:42Z,2026-03-21T16:08:42Z,2026-03-21T16:04:21Z,,,,,,,,Cultivo 2,2026-03
{'$oid': '69bec4e3b2147717dbde717c'},2026-03-21 16:11:01+00:00,2026-03-21T16:17:41Z,4.0,39.349999999999994,32.1,,2026-03-21T16:18:43Z,2026-03-21T16:18:43Z,2026-03-21T16:17:41Z,,,,,,,,Cultivo 2,2026-03
{'$oid': '69bec73bb2147717dbde717d'},2026-03-21 16:24:21+00:00,2026-03-21T16:24:21Z,2.0,38.5,33.7,,2026-03-21T16:28:43Z,2026-03-21T16:28:43Z,2026-03-21T16:24:21Z,,,,,,,,Cultivo 2,2026-03
{'$oid': '69bec993b2147717dbde717e'},2026-03-21 16:31:01+00:00,2026-03-21T16:37:41Z,4.0,37.75,33.2,,2026-03-21T16:38:43Z,2026-03-21T16:38:43Z,2026-03-21T16:37:41Z,,,,,,,,Cultivo 2,2026-03
{'$oid': '69becbebb2147717dbde717f'},2026-03-21 16:44:21+00:00,2026-03-21T16:44:21Z,2.0,37.6,33.9,,2026-03-21T16:48:43Z,2026-03-21T16:48:43Z,2026-03-21T16:44:21Z,,,,,,,,Cultivo 2,2026-03
{'$oid': '69bece43b2147717dbde7180'},2026-03-21 16:51:01+00:00,2026-03-21T16:57:41Z,4.0,34.1,36.7,,2026-03-21T16:58:43Z,2026-03-21T16:58:43Z,2026-03-21T16:57:41Z,,,,,,,,Cultivo 2,2026-03
{'$oid': '69bed09bb2147717dbde7181'},2026-03-21 17:04:21+00:00,2026-03-21T17:04:21Z,2.0,34.8,35.6,,2026-03-21T17:08:43Z,2026-03-21T17:08:43Z,2026-03-21T17:04:21Z,,,,,,,,Cultivo 2,2026-03
{'$oid': '69bed2f3b2147717dbde7182'},2026-03-21 17:11:01+00:00,2026-03-21T17:17:41Z,4.0,33.400000000000006,38.05,,2026-03-21T17:18:43Z,2026-03-21T17:18:43Z,2026-03-21T17:17:41Z,,,,,,,,Cultivo 2,2026-03
{'$oid': '69bed54bb2147717dbde7183'},2026-03-21 17:24:21+00:00,2026-03-21T17:24:21Z,2.0,33.7,37.3,,2026-03-21T17:28:43Z,2026-03-21T17:28:43Z,2026-03-21T17:24:21Z,,,,,,,,Cultivo 2,2026-03
{'$oid': '69bed7a3b2147717dbde7184'},2026-03-21 17:31:01+00:00,2026-03-21T17:37:41Z,4.0,32.85,38.25,,2026-03-21T17:38:43Z,2026-03-21T17:38:43Z,2026-03-21T17:37:41Z,,,,,,,,Cultivo 2,2026-03
{'$oid': '69bed9fcb2147717dbde7185'},2026-03-21 17:44:21+00:00,2026-03-21T17:44:21Z,2.0,33.1,37.5,,2026-03-21T17:48:44Z,2026-03-21T17:48:44Z,2026-03-21T17:44:21Z,,,,,,,,Cultivo 2,2026-03
{'$oid': '69bedc54b2147717dbde7186'},2026-03-21 17:51:01+00:00,2026-03-21T17:57:41Z,4.0,29.9,42.599999999999994,,2026-03-21T17:58:44Z,2026-03-21T17:58:44Z,2026-03-21T17:57:41Z,,,,,,,,Cultivo 2,2026-03
{'$oid': '69bedeacb2147717dbde7187'},2026-03-21 18:04:21+00:00,2026-03-21T18:04:21Z,2.0,29.2,44.0,,2026-03-21T18:08:44Z,2026-03-21T18:08:44Z,2026-03-21T18:04:21Z,,,,,,,,Cultivo 2,2026-03
{'$oid': '69bee104b2147717dbde7188'},2026-03-21 18:11:03+00:00,2026-03-21T18:17:41Z,4.0,27.35,45.7,,2026-03-21T18:18:44Z,2026-03-21T18:18:44Z,2026-03-21T18:17:41Z,,,,,,,,Cultivo 2,2026-03
{'$oid': '69bee35cb2147717dbde7189'},2026-03-21 18:24:21+00:00,2026-03-21T18:24:21Z,2.0,25.8,47.4,,2026-03-21T18:28:44Z,2026-03-21T18:28:44Z,2026-03-21T18:24:21Z,,,,,,,,Cultivo 2,2026-03
{'$oid': '69bee5b4b2147717dbde718a'},2026-03-21 18:31:01+00:00,2026-03-21T18:37:41Z,4.0,24.85,49.8,,2026-03-21T18:38:44Z,2026-03-21T18:38:44Z,2026-03-21T18:37:41Z,,,,,,,,Cultivo 2,2026-03
{'$oid': '69bee80cb2147717dbde718b'},2026-03-21 18:44:21+00:00,2026-03-21T18:44:21Z,2.0,24.2,51.1,,2026-03-21T18:48:44Z,2026-03-21T18:48:44Z,2026-03-21T18:44:21Z,,,,,,,,Cultivo 2,2026-03
{'$oid': '69beea64b2147717dbde718c'},2026-03-21 18:51:01+00:00,2026-03-21T18:57:41Z,4.0,23.95,52.8,,2026-03-21T18:58:44Z,2026-03-21T18:58:44Z,2026-03-21T18:57:41Z,,,,,,,,Cultivo 2,2026-03
{'$oid': '69beecbcb2147717dbde718d'},2026-03-21 19:04:21+00:00,2026-03-21T19:04:21Z,2.0,23.8,51.8,,2026-03-21T19:08:44Z,2026-03-21T19:08:44Z,2026-03-21T19:04:21Z,,,,,,,,Cultivo 2,2026-03
{'$oid': '69beef14b2147717dbde718e'},2026-03-21 19:11:01+00:00,2026-03-21T19:17:42Z,4.0,23.4,52.75,,2026-03-21T19:18:44Z,2026-03-21T19:18:44Z,2026-03-21T19:17:42Z,,,,,,,,Cultivo 2,2026-03
{'$oid': '69bef16db2147717dbde718f'},2026-03-21 19:24:21+00:00,2026-03-21T19:24:21Z,2.0,23.9,52.5,,2026-03-21T19:28:45Z,2026-03-21T19:28:45Z,2026-03-21T19:24:21Z,,,,,,,,Cultivo 2,2026-03
{'$oid': '69bef3c5b2147717dbde7190'},2026-03-21 19:31:02+00:00,2026-03-21T19:37:41Z,4.0,24.45,51.55,,2026-03-21T19:38:45Z,2026-03-21T19:38:45Z,2026-03-21T19:37:41Z,,,,,,,,Cultivo 2,2026-03
{'$oid': '69bef61db2147717dbde7191'},2026-03-21 19:44:22+00:00,2026-03-21T19:44:22Z,2.0,23.6,52.2,,2026-03-21T19:48:45Z,2026-03-21T19:48:45Z,2026-03-21T19:44:22Z,,,,,,,,Cultivo 2,2026-03
{'$oid': '69bef875b2147717dbde7192'},2026-03-21 19:51:01+00:00,2026-03-21T19:57:43Z,4.0,22.75,54.7,,2026-03-21T19:58:45Z,2026-03-21T19:58:45Z,2026-03-21T19:57:43Z,,,,,,,,Cultivo 2,2026-03
{'$oid': '69befacdb2147717dbde7193'},2026-03-21 20:04:23+00:00,2026-03-21T20:04:23Z,2.0,22.2,55.1,,2026-03-21T20:08:45Z,2026-03-21T20:08:45Z,2026-03-21T20:04:23Z,,,,,,,,Cultivo 2,2026-03
{'$oid': '69befd25b2147717dbde7194'},2026-03-21 20:11:01+00:00,2026-03-21T20:17:42Z,4.0,23.3,54.15,,2026-03-21T20:18:45Z,2026-03-21T20:18:45Z,2026-03-21T20:17:42Z,,,,,,,,Cultivo 2,2026-03
{'$oid': '69beff7db2147717dbde7195'},2026-03-21 20:24:22+00:00,2026-03-21T20:24:22Z,2.0,21.6,57.2,,2026-03-21T20:28:45Z,2026-03-21T20:28:45Z,2026-03-21T20:24:22Z,,,,,,,,Cultivo 2,2026-03
{'$oid': '69bf01d5b2147717dbde7196'},2026-03-21 20:31:03+00:00,2026-03-21T20:37:50Z,6.0,22.400000000000002,55.733333333333334,,2026-03-21T20:38:45Z,2026-03-21T20:38:45Z,2026-03-21T20:37:50Z,,,,,,,,Cultivo 2,2026-03
{'$oid': '69bf042db2147717dbde7197'},2026-03-21 20:44:26+00:00,2026-03-21T20:44:26Z,2.0,22.1,55.8,,2026-03-21T20:48:45Z,2026-03-21T20:48:45Z,2026-03-21T20:44:26Z,,,,,,,,Cultivo 2,2026-03
{'$oid': '69bf0685b2147717dbde7198'},2026-03-21 20:51:03+00:00,2026-03-21T20:57:43Z,4.0,20.95,58.8,,2026-03-21T20:58:45Z,2026-03-21T20:58:45Z,2026-03-21T20:57:43Z,,,,,,,,Cultivo 2,2026-03
{'$oid': '69bf08deb2147717dbde7199'},2026-03-21 21:04:22+00:00,2026-03-21T21:04:22Z,2.0,19.9,61.4,,2026-03-21T21:08:46Z,2026-03-21T21:08:46Z,2026-03-21T21:04:22Z,,,,,,,,Cultivo 2,2026-03
{'$oid': '69bf0b36b2147717dbde719a'},2026-03-21 21:11:03+00:00,2026-03-21T21:17:43Z,4.0,19.549999999999997,61.95,,2026-03-21T21:18:46Z,2026-03-21T21:18:46Z,2026-03-21T21:17:43Z,,,,,,,,Cultivo 2,2026-03
{'$oid': '69bf0d8eb2147717dbde719b'},2026-03-21 21:24:22+00:00,2026-03-21T21:24:22Z,2.0,20.4,60.7,,2026-03-21T21:28:46Z,2026-03-21T21:28:46Z,2026-03-21T21:24:22Z,,,,,,,,Cultivo 2,2026-03
{'$oid': '69bf0fe6b2147717dbde719c'},2026-03-21 21:31:02+00:00,2026-03-21T21:37:43Z,4.0,20.85,59.9,,2026-03-21T21:38:46Z,2026-03-21T21:38:46Z,2026-03-21T21:37:43Z,,,,,,,,Cultivo 2,2026-03
{'$oid': '69bf123eb2147717dbde719d'},2026-03-21 21:44:22+00:00,2026-03-21T21:44:22Z,2.0,22.4,60.0,,2026-03-21T21:48:46Z,2026-03-21T21:48:46Z,2026-03-21T21:44:22Z,,,,,,,,Cultivo 2,2026-03
{'$oid': '69bf1496b2147717dbde719e'},2026-03-21 21:51:02+00:00,2026-03-21T21:57:43Z,4.0,23.2,59.3,,2026-03-21T21:58:46Z,2026-03-21T21:58:46Z,2026-03-21T21:57:43Z,,,,,,,,Cultivo 2,2026-03
{'$oid': '69bf16eeb2147717dbde719f'},2026-03-21 22:04:22+00:00,2026-03-21T22:04:22Z,2.0,23.8,56.7,,2026-03-21T22:08:46Z,2026-03-21T22:08:46Z,2026-03-21T22:04:22Z,,,,,,,,Cultivo 2,2026-03
{'$oid': '69bf1946b2147717dbde71a0'},2026-03-21 22:11:03+00:00,2026-03-21T22:17:41Z,4.0,21.4,60.2,,2026-03-21T22:18:46Z,2026-03-21T22:18:46Z,2026-03-21T22:17:41Z,,,,,,,,Cultivo 2,2026-03
{'$oid': '69bf1b9eb2147717dbde71a1'},2026-03-21 22:24:22+00:00,2026-03-21T22:24:22Z,2.0,19.2,63.8,,2026-03-21T22:28:46Z,2026-03-21T22:28:46Z,2026-03-21T22:24:22Z,,,,,,,,Cultivo 2,2026-03
{'$oid': '69bf1df6b2147717dbde71a2'},2026-03-21 22:31:02+00:00,2026-03-21T22:37:42Z,4.0,18.15,66.69999999999999,,2026-03-21T22:38:46Z,2026-03-21T22:38:46Z,2026-03-21T22:37:42Z,,,,,,,,Cultivo 2,2026-03
{'$oid': '69bf204fb2147717dbde71a3'},2026-03-21 22:44:22+00:00,2026-03-21T22:44:22Z,2.0,17.8,68.2,,2026-03-21T22:48:47Z,2026-03-21T22:48:47Z,2026-03-21T22:44:22Z,,,,,,,,Cultivo 2,2026-03
{'$oid': '69bf22a7b2147717dbde71a4'},2026-03-21 22:51:02+00:00,2026-03-21T22:57:42Z,4.0,17.6,69.15,,2026-03-21T22:58:47Z,2026-03-21T22:58:47Z,2026-03-21T22:57:42Z,,,,,,,,Cultivo 2,2026-03
{'$oid': '69bf24ffb2147717dbde71a5'},2026-03-21 23:04:22+00:00,2026-03-21T23:04:22Z,2.0,16.9,70.8,,2026-03-21T23:08:47Z,2026-03-21T23:08:47Z,2026-03-21T23:04:22Z,,,,,,,,Cultivo 2,2026-03
{'$oid': '69bf2757b2147717dbde71a6'},2026-03-21 23:11:02+00:00,2026-03-21T23:17:42Z,4.0,16.2,73.19999999999999,,2026-03-21T23:18:47Z,2026-03-21T23:18:47Z,2026-03-21T23:17:42Z,,,,,,,,Cultivo 2,2026-03
{'$oid': '69bf29afb2147717dbde71a7'},2026-03-21 23:24:22+00:00,2026-03-21T23:24:22Z,2.0,15.7,74.8,,2026-03-21T23:28:47Z,2026-03-21T23:28:47Z,2026-03-21T23:24:22Z,,,,,,,,Cultivo 2,2026-03
{'$oid': '69bf2c07b2147717dbde71a8'},2026-03-21 23:31:02+00:00,2026-03-21T23:37:44Z,4.0,15.3,77.45,,2026-03-21T23:38:47Z,2026-03-21T23:38:47Z,2026-03-21T23:37:44Z,,,,,,,,Cultivo 2,2026-03
{'$oid': '69bf2e5fb2147717dbde71a9'},2026-03-21 23:44:23+00:00,2026-03-21T23:44:23Z,2.0,15.0,78.4,,2026-03-21T23:48:47Z,2026-03-21T23:48:47Z,2026-03-21T23:44:23Z,,,,,,,,Cultivo 2,2026-03
{'$oid': '69bf30b7b2147717dbde71aa'},2026-03-21 23:51:02+00:00,2026-03-21T23:57:43Z,4.0,14.7,79.15,,2026-03-21T23:58:47Z,2026-03-21T23:58:47Z,2026-03-21T23:57:43Z,,,,,,,,Cultivo 2,2026-03
{'$oid': '69bf3310b2147717dbde71ab'},2026-03-22 00:04:24+00:00,2026-03-22T00:04:29Z,4.0,14.6,79.3,,2026-03-22T00:08:48Z,2026-03-22T00:08:48Z,2026-03-22T00:04:29Z,,,,,,,,Cultivo 2,2026-03
{'$oid': '69bf3568b2147717dbde71ac'},2026-03-22 00:11:06+00:00,2026-03-22T00:17:44Z,4.0,14.55,80.2,,2026-03-22T00:18:48Z,2026-03-22T00:18:48Z,2026-03-22T00:17:44Z,,,,,,,,Cultivo 2,2026-03
{'$oid': '69bf37c0b2147717dbde71ad'},2026-03-22 00:24:24+00:00,2026-03-22T00:24:24Z,2.0,14.5,81.3,,2026-03-22T00:28:48Z,2026-03-22T00:28:48Z,2026-03-22T00:24:24Z,,,,,,,,Cultivo 2,2026-03
{'$oid': '69bf3a18b2147717dbde71ae'},2026-03-22 00:31:04+00:00,2026-03-22T00:37:44Z,4.0,14.45,81.35,,2026-03-22T00:38:48Z,2026-03-22T00:38:48Z,2026-03-22T00:37:44Z,,,,,,,,Cultivo 2,2026-03
{'$oid': '69bf3c70b2147717dbde71af'},2026-03-22 00:44:24+00:00,2026-03-22T00:44:24Z,2.0,14.4,82.1,,2026-03-22T00:48:48Z,2026-03-22T00:48:48Z,2026-03-22T00:44:24Z,,,,,,,,Cultivo 2,2026-03
{'$oid': '69bf3ec8b2147717dbde71b0'},2026-03-22 00:51:03+00:00,2026-03-22T00:57:43Z,4.0,14.3,81.9,,2026-03-22T00:58:48Z,2026-03-22T00:58:48Z,2026-03-22T00:57:43Z,,,,,,,,Cultivo 2,2026-03
{'$oid': '69bf4120b2147717dbde71b1'},2026-03-22 01:04:24+00:00,2026-03-22T01:04:24Z,2.0,14.2,82.2,,2026-03-22T01:08:48Z,2026-03-22T01:08:48Z,2026-03-22T01:04:24Z,,,,,,,,Cultivo 2,2026-03
{'$oid': '69bf4378b2147717dbde71b2'},2026-03-22 01:11:04+00:00,2026-03-22T01:17:44Z,4.0,14.3,81.94999999999999,,2026-03-22T01:18:48Z,2026-03-22T01:18:48Z,2026-03-22T01:17:44Z,,,,,,,,Cultivo 2,2026-03
{'$oid': '69bf45d0b2147717dbde71b3'},2026-03-22 01:24:24+00:00,2026-03-22T01:24:24Z,2.0,14.3,81.4,,2026-03-22T01:28:48Z,2026-03-22T01:28:48Z,2026-03-22T01:24:24Z,,,,,,,,Cultivo 2,2026-03
{'$oid': '69bf4828b2147717dbde71b4'},2026-03-22 01:31:04+00:00,2026-03-22T01:37:44Z,6.0,14.266666666666667,82.0,,2026-03-22T01:38:48Z,2026-03-22T01:38:48Z,2026-03-22T01:37:44Z,,,,,,,,Cultivo 2,2026-03
{'$oid': '69bf4a81b2147717dbde71b5'},2026-03-22 01:44:24+00:00,2026-03-22T01:44:24Z,2.0,14.2,81.8,,2026-03-22T01:48:49Z,2026-03-22T01:48:49Z,2026-03-22T01:44:24Z,,,,,,,,Cultivo 2,2026-03
{'$oid': '69bf4cd9b2147717dbde71b6'},2026-03-22 01:51:04+00:00,2026-03-22T01:57:44Z,4.0,14.05,82.05,,2026-03-22T01:58:49Z,2026-03-22T01:58:49Z,2026-03-22T01:57:44Z,,,,,,,,Cultivo 2,2026-03
{'$oid': '69bf4f31b2147717dbde71b7'},2026-03-22 02:04:24+00:00,2026-03-22T02:04:24Z,2.0,14.0,81.5,,2026-03-22T02:08:49Z,2026-03-22T02:08:49Z,2026-03-22T02:04:24Z,,,,,,,,Cultivo 2,2026-03
{'$oid': '69bf5189b2147717dbde71b8'},2026-03-22 02:11:04+00:00,2026-03-22T02:17:44Z,6.0,13.766666666666667,81.10000000000001,,2026-03-22T02:18:49Z,2026-03-22T02:18:49Z,2026-03-22T02:17:44Z,,,,,,,,Cultivo 2,2026-03
{'$oid': '69bf53e1b2147717dbde71b9'},2026-03-22 02:24:24+00:00,2026-03-22T02:24:24Z,2.0,13.6,80.9,,2026-03-22T02:28:49Z,2026-03-22T02:28:49Z,2026-03-22T02:24:24Z,,,,,,,,Cultivo 2,2026-03
{'$oid': '69bf5639b2147717dbde71ba'},2026-03-22 02:31:03+00:00,2026-03-22T02:37:44Z,6.0,13.366666666666667,80.8,,2026-03-22T02:38:49Z,2026-03-22T02:38:49Z,2026-03-22T02:37:44Z,,,,,,,,Cultivo 2,2026-03
{'$oid': '69bf5891b2147717dbde71bb'},2026-03-22 02:44:23+00:00,2026-03-22T02:44:23Z,2.0,13.1,81.1,,2026-03-22T02:48:49Z,2026-03-22T02:48:49Z,2026-03-22T02:44:23Z,,,,,,,,Cultivo 2,2026-03
{'$oid': '69bf5ae9b2147717dbde71bc'},2026-03-22 02:51:03+00:00,2026-03-22T02:57:43Z,4.0,12.95,81.25,,2026-03-22T02:58:49Z,2026-03-22T02:58:49Z,2026-03-22T02:57:43Z,,,,,,,,Cultivo 2,2026-03
{'$oid': '69bf5d41b2147717dbde71bd'},2026-03-22 03:04:23+00:00,2026-03-22T03:04:23Z,2.0,13.0,81.5,,2026-03-22T03:08:49Z,2026-03-22T03:08:49Z,2026-03-22T03:04:23Z,,,,,,,,Cultivo 2,2026-03
{'$oid': '69bf5f9ab2147717dbde71be'},2026-03-22 03:11:02+00:00,2026-03-22T03:17:44Z,4.0,13.2,81.45,,2026-03-22T03:18:50Z,2026-03-22T03:18:50Z,2026-03-22T03:17:44Z,,,,,,,,Cultivo 2,2026-03
{'$oid': '69bf61f2b2147717dbde71bf'},2026-03-22 03:24:22+00:00,2026-03-22T03:24:22Z,2.0,13.3,81.2,,2026-03-22T03:28:50Z,2026-03-22T03:28:50Z,2026-03-22T03:24:22Z,,,,,,,,Cultivo 2,2026-03
{'$oid': '69bf644ab2147717dbde71c0'},2026-03-22 03:31:04+00:00,2026-03-22T03:37:43Z,4.0,13.25,81.5,,2026-03-22T03:38:50Z,2026-03-22T03:38:50Z,2026-03-22T03:37:43Z,,,,,,,,Cultivo 2,2026-03
{'$oid': '69bf66a2b2147717dbde71c1'},2026-03-22 03:44:25+00:00,2026-03-22T03:44:25Z,2.0,13.1,81.2,,2026-03-22T03:48:50Z,2026-03-22T03:48:50Z,2026-03-22T03:44:25Z,,,,,,,,Cultivo 2,2026-03
{'$oid': '69bf68fab2147717dbde71c2'},2026-03-22 03:51:03+00:00,2026-03-22T03:57:43Z,4.0,13.25,79.9,,2026-03-22T03:58:50Z,2026-03-22T03:58:50Z,2026-03-22T03:57:43Z,,,,,,,,Cultivo 2,2026-03
{'$oid': '69bf6b52b2147717dbde71c3'},2026-03-22 04:04:22+00:00,2026-03-22T04:04:22Z,2.0,12.9,79.7,,2026-03-22T04:08:50Z,2026-03-22T04:08:50Z,2026-03-22T04:04:22Z,,,,,,,,Cultivo 2,2026-03
{'$oid': '69bf6daab2147717dbde71c4'},2026-03-22 04:11:02+00:00,2026-03-22T04:17:43Z,4.0,12.55,80.4,,2026-03-22T04:18:50Z,2026-03-22T04:18:50Z,2026-03-22T04:17:43Z,,,,,,,,Cultivo 2,2026-03
{'$oid': '69bf7002b2147717dbde71c5'},2026-03-22 04:24:22+00:00,2026-03-22T04:24:22Z,2.0,12.3,80.2,,2026-03-22T04:28:50Z,2026-03-22T04:28:50Z,2026-03-22T04:24:22Z,,,,,,,,Cultivo 2,2026-03
{'$oid': '69bf725ab2147717dbde71c6'},2026-03-22 04:31:02+00:00,2026-03-22T04:37:42Z,4.0,12.05,80.55000000000001,,2026-03-22T04:38:50Z,2026-03-22T04:38:50Z,2026-03-22T04:37:42Z,,,,,,,,Cultivo 2,2026-03
{'$oid': '69bf74b2b2147717dbde71c7'},2026-03-22 04:44:22+00:00,2026-03-22T04:44:22Z,2.0,11.9,81.1,,2026-03-22T04:48:50Z,2026-03-22T04:48:50Z,2026-03-22T04:44:22Z,,,,,,,,Cultivo 2,2026-03
{'$oid': '69bf770ab2147717dbde71c8'},2026-03-22 04:51:02+00:00,2026-03-22T04:57:42Z,4.0,11.7,81.95,,2026-03-22T04:58:50Z,2026-03-22T04:58:50Z,2026-03-22T04:57:42Z,,,,,,,,Cultivo 2,2026-03
{'$oid': '69bf7963b2147717dbde71c9'},2026-03-22 05:04:22+00:00,2026-03-22T05:04:22Z,2.0,11.8,81.6,,2026-03-22T05:08:51Z,2026-03-22T05:08:51Z,2026-03-22T05:04:22Z,,,,,,,,Cultivo 2,2026-03
{'$oid': '69bf7bbbb2147717dbde71ca'},2026-03-22 05:11:02+00:00,2026-03-22T05:17:42Z,4.0,11.7,81.0,,2026-03-22T05:18:51Z,2026-03-22T05:18:51Z,2026-03-22T05:17:42Z,,,,,,,,Cultivo 2,2026-03
{'$oid': '69bf7e13b2147717dbde71cb'},2026-03-22 05:24:22+00:00,2026-03-22T05:24:22Z,2.0,11.5,81.5,,2026-03-22T05:28:51Z,2026-03-22T05:28:51Z,2026-03-22T05:24:22Z,,,,,,,,Cultivo 2,2026-03
{'$oid': '69bf806bb2147717dbde71cc'},2026-03-22 05:31:02+00:00,2026-03-22T05:37:42Z,4.0,11.7,80.9,,2026-03-22T05:38:51Z,2026-03-22T05:38:51Z,2026-03-22T05:37:42Z,,,,,,,,Cultivo 2,2026-03
{'$oid': '69bf82c3b2147717dbde71cd'},2026-03-22 05:44:22+00:00,2026-03-22T05:44:22Z,2.0,11.6,80.7,,2026-03-22T05:48:51Z,2026-03-22T05:48:51Z,2026-03-22T05:44:22Z,,,,,,,,Cultivo 2,2026-03
{'$oid': '69bf851bb2147717dbde71ce'},2026-03-22 05:51:02+00:00,2026-03-22T05:57:42Z,4.0,11.55,81.05000000000001,,2026-03-22T05:58:51Z,2026-03-22T05:58:51Z,2026-03-22T05:57:42Z,,,,,,,,Cultivo 2,2026-03
{'$oid': '69bf8773b2147717dbde71cf'},2026-03-22 06:04:22+00:00,2026-03-22T06:04:22Z,2.0,12.1,81.9,,2026-03-22T06:08:51Z,2026-03-22T06:08:51Z,2026-03-22T06:04:22Z,,,,,,,,Cultivo 2,2026-03
{'$oid': '69bf89cbb2147717dbde71d0'},2026-03-22 06:11:02+00:00,2026-03-22T06:17:42Z,4.0,12.350000000000001,81.65,,2026-03-22T06:18:51Z,2026-03-22T06:18:51Z,2026-03-22T06:17:42Z,,,,,,,,Cultivo 2,2026-03
{'$oid': '69bf8c23b2147717dbde71d1'},2026-03-22 06:24:22+00:00,2026-03-22T06:24:22Z,2.0,12.5,81.6,,2026-03-22T06:28:51Z,2026-03-22T06:28:51Z,2026-03-22T06:24:22Z,,,,,,,,Cultivo 2,2026-03
{'$oid': '69bf8e7cb2147717dbde71d2'},2026-03-22 06:31:02+00:00,2026-03-22T06:37:42Z,4.0,12.75,81.3,,2026-03-22T06:38:52Z,2026-03-22T06:38:52Z,2026-03-22T06:37:42Z,,,,,,,,Cultivo 2,2026-03
{'$oid': '69bf90d4b2147717dbde71d3'},2026-03-22 06:44:22+00:00,2026-03-22T06:44:22Z,2.0,12.8,81.2,,2026-03-22T06:48:52Z,2026-03-22T06:48:52Z,2026-03-22T06:44:22Z,,,,,,,,Cultivo 2,2026-03
{'$oid': '69bf932cb2147717dbde71d4'},2026-03-22 06:51:02+00:00,2026-03-22T06:57:42Z,4.0,12.8,80.7,,2026-03-22T06:58:52Z,2026-03-22T06:58:52Z,2026-03-22T06:57:42Z,,,,,,,,Cultivo 2,2026-03
{'$oid': '69bf9584b2147717dbde71d5'},2026-03-22 07:04:22+00:00,2026-03-22T07:04:22Z,2.0,12.8,80.8,,2026-03-22T07:08:52Z,2026-03-22T07:08:52Z,2026-03-22T07:04:22Z,,,,,,,,Cultivo 2,2026-03
{'$oid': '69bf97dcb2147717dbde71d6'},2026-03-22 07:11:02+00:00,2026-03-22T07:17:42Z,4.0,12.7,80.65,,2026-03-22T07:18:52Z,2026-03-22T07:18:52Z,2026-03-22T07:17:42Z,,,,,,,,Cultivo 2,2026-03
{'$oid': '69bf9a34b2147717dbde71d7'},2026-03-22 07:24:22+00:00,2026-03-22T07:24:22Z,2.0,12.6,80.7,,2026-03-22T07:28:52Z,2026-03-22T07:28:52Z,2026-03-22T07:24:22Z,,,,,,,,Cultivo 2,2026-03
{'$oid': '69bf9c8cb2147717dbde71d8'},2026-03-22 07:31:02+00:00,2026-03-22T07:37:42Z,4.0,12.55,80.05,,2026-03-22T07:38:52Z,2026-03-22T07:38:52Z,2026-03-22T07:37:42Z,,,,,,,,Cultivo 2,2026-03
{'$oid': '69bf9ee4b2147717dbde71d9'},2026-03-22 07:44:22+00:00,2026-03-22T07:44:22Z,2.0,12.3,80.5,,2026-03-22T07:48:52Z,2026-03-22T07:48:52Z,2026-03-22T07:44:22Z,,,,,,,,Cultivo 2,2026-03
{'$oid': '69bfa13cb2147717dbde71da'},2026-03-22 07:51:02+00:00,2026-03-22T07:57:42Z,4.0,12.3,80.69999999999999,,2026-03-22T07:58:52Z,2026-03-22T07:58:52Z,2026-03-22T07:57:42Z,,,,,,,,Cultivo 2,2026-03
{'$oid': '69bfa395b2147717dbde71db'},2026-03-22 08:04:22+00:00,2026-03-22T08:04:22Z,2.0,12.4,81.1,,2026-03-22T08:08:53Z,2026-03-22T08:08:53Z,2026-03-22T08:04:22Z,,,,,,,,Cultivo 2,2026-03
{'$oid': '69bfa5edb2147717dbde71dc'},2026-03-22 08:11:02+00:00,2026-03-22T08:17:42Z,4.0,12.45,81.05,,2026-03-22T08:18:53Z,2026-03-22T08:18:53Z,2026-03-22T08:17:42Z,,,,,,,,Cultivo 2,2026-03
{'$oid': '69bfa845b2147717dbde71dd'},2026-03-22 08:24:22+00:00,2026-03-22T08:24:22Z,2.0,12.5,81.3,,2026-03-22T08:28:53Z,2026-03-22T08:28:53Z,2026-03-22T08:24:22Z,,,,,,,,Cultivo 2,2026-03
{'$oid': '69bfaa9db2147717dbde71de'},2026-03-22 08:31:02+00:00,2026-03-22T08:37:42Z,4.0,12.5,80.8,,2026-03-22T08:38:53Z,2026-03-22T08:38:53Z,2026-03-22T08:37:42Z,,,,,,,,Cultivo 2,2026-03
{'$oid': '69bfacf5b2147717dbde71df'},2026-03-22 08:44:22+00:00,2026-03-22T08:44:22Z,2.0,12.5,80.9,,2026-03-22T08:48:53Z,2026-03-22T08:48:53Z,2026-03-22T08:44:22Z,,,,,,,,Cultivo 2,2026-03
{'$oid': '69bfaf4db2147717dbde71e0'},2026-03-22 08:51:02+00:00,2026-03-22T08:57:42Z,4.0,12.55,80.85,,2026-03-22T08:58:53Z,2026-03-22T08:58:53Z,2026-03-22T08:57:42Z,,,,,,,,Cultivo 2,2026-03
{'$oid': '69bfb1a5b2147717dbde71e1'},2026-03-22 09:04:22+00:00,2026-03-22T09:04:22Z,2.0,12.5,80.8,,2026-03-22T09:08:53Z,2026-03-22T09:08:53Z,2026-03-22T09:04:22Z,,,,,,,,Cultivo 2,2026-03
{'$oid': '69bfb3fdb2147717dbde71e2'},2026-03-22 09:11:03+00:00,2026-03-22T09:17:43Z,4.0,12.55,80.9,,2026-03-22T09:18:53Z,2026-03-22T09:18:53Z,2026-03-22T09:17:43Z,,,,,,,,Cultivo 2,2026-03
{'$oid': '69bfb655b2147717dbde71e3'},2026-03-22 09:24:23+00:00,2026-03-22T09:24:23Z,2.0,12.5,80.8,,2026-03-22T09:28:53Z,2026-03-22T09:28:53Z,2026-03-22T09:24:23Z,,,,,,,,Cultivo 2,2026-03
{'$oid': '69bfb8adb2147717dbde71e4'},2026-03-22 09:31:03+00:00,2026-03-22T09:37:43Z,4.0,12.6,80.94999999999999,,2026-03-22T09:38:53Z,2026-03-22T09:38:53Z,2026-03-22T09:37:43Z,,,,,,,,Cultivo 2,2026-03
{'$oid': '69bfbb05b2147717dbde71e5'},2026-03-22 09:44:23+00:00,2026-03-22T09:44:23Z,2.0,12.6,80.7,,2026-03-22T09:48:53Z,2026-03-22T09:48:53Z,2026-03-22T09:44:23Z,,,,,,,,Cultivo 2,2026-03
{'$oid': '69bfbd5eb2147717dbde71e6'},2026-03-22 09:51:03+00:00,2026-03-22T09:57:43Z,4.0,12.649999999999999,80.5,,2026-03-22T09:58:54Z,2026-03-22T09:58:54Z,2026-03-22T09:57:43Z,,,,,,,,Cultivo 2,2026-03
{'$oid': '69bfbfb6b2147717dbde71e7'},2026-03-22 10:04:24+00:00,2026-03-22T10:04:24Z,2.0,12.6,80.3,,2026-03-22T10:08:54Z,2026-03-22T10:08:54Z,2026-03-22T10:04:24Z,,,,,,,,Cultivo 2,2026-03
{'$oid': '69bfc20eb2147717dbde71e8'},2026-03-22 10:11:03+00:00,2026-03-22T10:17:43Z,4.0,12.5,79.75,,2026-03-22T10:18:54Z,2026-03-22T10:18:54Z,2026-03-22T10:17:43Z,,,,,,,,Cultivo 2,2026-03
{'$oid': '69bfc466b2147717dbde71e9'},2026-03-22 10:24:23+00:00,2026-03-22T10:24:23Z,2.0,12.3,79.9,,2026-03-22T10:28:54Z,2026-03-22T10:28:54Z,2026-03-22T10:24:23Z,,,,,,,,Cultivo 2,2026-03
{'$oid': '69bfc6beb2147717dbde71ea'},2026-03-22 10:31:03+00:00,2026-03-22T10:37:43Z,4.0,12.2,80.05000000000001,,2026-03-22T10:38:54Z,2026-03-22T10:38:54Z,2026-03-22T10:37:43Z,,,,,,,,Cultivo 2,2026-03
{'$oid': '69bfc916b2147717dbde71eb'},2026-03-22 10:44:23+00:00,2026-03-22T10:44:23Z,2.0,12.2,79.5,,2026-03-22T10:48:54Z,2026-03-22T10:48:54Z,2026-03-22T10:44:23Z,,,,,,,,Cultivo 2,2026-03
{'$oid': '69bfcb6eb2147717dbde71ec'},2026-03-22 10:51:03+00:00,2026-03-22T10:57:43Z,4.0,12.1,79.9,,2026-03-22T10:58:54Z,2026-03-22T10:58:54Z,2026-03-22T10:57:43Z,,,,,,,,Cultivo 2,2026-03
{'$oid': '69bfcdc6b2147717dbde71ed'},2026-03-22 11:04:24+00:00,2026-03-22T11:04:24Z,2.0,12.0,79.8,,2026-03-22T11:08:54Z,2026-03-22T11:08:54Z,2026-03-22T11:04:24Z,,,,,,,,Cultivo 2,2026-03
{'$oid': '69bfd01eb2147717dbde71ee'},2026-03-22 11:11:03+00:00,2026-03-22T11:17:43Z,4.0,11.85,79.69999999999999,,2026-03-22T11:18:54Z,2026-03-22T11:18:54Z,2026-03-22T11:17:43Z,,,,,,,,Cultivo 2,2026-03
{'$oid': '69bfd276b2147717dbde71ef'},2026-03-22 11:24:23+00:00,2026-03-22T11:24:23Z,2.0,11.7,79.7,,2026-03-22T11:28:54Z,2026-03-22T11:28:54Z,2026-03-22T11:24:23Z,,,,,,,,Cultivo 2,2026-03
{'$oid': '69bfd4cfb2147717dbde71f0'},2026-03-22 11:31:03+00:00,2026-03-22T11:37:43Z,4.0,12.05,79.7,,2026-03-22T11:38:55Z,2026-03-22T11:38:55Z,2026-03-22T11:37:43Z,,,,,,,,Cultivo 2,2026-03
{'$oid': '69bfd727b2147717dbde71f1'},2026-03-22 11:44:23+00:00,2026-03-22T11:44:23Z,2.0,12.2,78.9,,2026-03-22T11:48:55Z,2026-03-22T11:48:55Z,2026-03-22T11:44:23Z,,,,,,,,Cultivo 2,2026-03
{'$oid': '69bfd97fb2147717dbde71f2'},2026-03-22 11:51:04+00:00,2026-03-22T11:57:45Z,4.0,12.4,78.44999999999999,,2026-03-22T11:58:55Z,2026-03-22T11:58:55Z,2026-03-22T11:57:45Z,,,,,,,,Cultivo 2,2026-03
{'$oid': '69bfdbd7b2147717dbde71f3'},2026-03-22 12:04:25+00:00,2026-03-22T12:04:25Z,2.0,12.9,78.6,,2026-03-22T12:08:55Z,2026-03-22T12:08:55Z,2026-03-22T12:04:25Z,,,,,,,,Cultivo 2,2026-03
{'$oid': '69bfde2fb2147717dbde71f4'},2026-03-22 12:11:04+00:00,2026-03-22T12:17:44Z,4.0,13.3,77.80000000000001,,2026-03-22T12:18:55Z,2026-03-22T12:18:55Z,2026-03-22T12:17:44Z,,,,,,,,Cultivo 2,2026-03
{'$oid': '69bfe087b2147717dbde71f5'},2026-03-22 12:24:23+00:00,2026-03-22T12:24:23Z,2.0,13.9,77.3,,2026-03-22T12:28:55Z,2026-03-22T12:28:55Z,2026-03-22T12:24:23Z,,,,,,,,Cultivo 2,2026-03
{'$oid': '69bfe2dfb2147717dbde71f6'},2026-03-22 12:31:04+00:00,2026-03-22T12:37:44Z,4.0,14.5,75.45,,2026-03-22T12:38:55Z,2026-03-22T12:38:55Z,2026-03-22T12:37:44Z,,,,,,,,Cultivo 2,2026-03
{'$oid': '69bfe537b2147717dbde71f7'},2026-03-22 12:44:23+00:00,2026-03-22T12:44:23Z,2.0,15.0,74.4,,2026-03-22T12:48:55Z,2026-03-22T12:48:55Z,2026-03-22T12:44:23Z,,,,,,,,Cultivo 2,2026-03
{'$oid': '69bfe78fb2147717dbde71f8'},2026-03-22 12:51:03+00:00,2026-03-22T12:57:44Z,4.0,15.75,73.30000000000001,,2026-03-22T12:58:55Z,2026-03-22T12:58:55Z,2026-03-22T12:57:44Z,,,,,,,,Cultivo 2,2026-03
{'$oid': '69bfe9e7b2147717dbde71f9'},2026-03-22 13:04:25+00:00,2026-03-22T13:04:25Z,2.0,16.7,71.4,,2026-03-22T13:08:55Z,2026-03-22T13:08:55Z,2026-03-22T13:04:25Z,,,,,,,,Cultivo 2,2026-03
{'$oid': '69bfec40b2147717dbde71fa'},2026-03-22 13:11:05+00:00,2026-03-22T13:17:44Z,4.0,17.950000000000003,68.35,,2026-03-22T13:18:56Z,2026-03-22T13:18:56Z,2026-03-22T13:17:44Z,,,,,,,,Cultivo 2,2026-03
{'$oid': '69bfee98b2147717dbde71fb'},2026-03-22 13:24:24+00:00,2026-03-22T13:24:24Z,2.0,18.5,68.0,,2026-03-22T13:28:56Z,2026-03-22T13:28:56Z,2026-03-22T13:24:24Z,,,,,,,,Cultivo 2,2026-03
{'$oid': '69bff0f0b2147717dbde71fc'},2026-03-22 13:31:05+00:00,2026-03-22T13:37:44Z,4.0,19.75,65.25,,2026-03-22T13:38:56Z,2026-03-22T13:38:56Z,2026-03-22T13:37:44Z,,,,,,,,Cultivo 2,2026-03
{'$oid': '69bff348b2147717dbde71fd'},2026-03-22 13:44:26+00:00,2026-03-22T13:44:26Z,2.0,24.3,57.2,,2026-03-22T13:48:56Z,2026-03-22T13:48:56Z,2026-03-22T13:44:26Z,,,,,,,,Cultivo 2,2026-03
{'$oid': '69bff5a0b2147717dbde71fe'},2026-03-22 13:51:05+00:00,2026-03-22T13:57:44Z,4.0,30.75,47.2,,2026-03-22T13:58:56Z,2026-03-22T13:58:56Z,2026-03-22T13:57:44Z,,,,,,,,Cultivo 2,2026-03
{'$oid': '69bff7f8b2147717dbde71ff'},2026-03-22 14:04:24+00:00,2026-03-22T14:04:24Z,2.0,33.6,42.3,,2026-03-22T14:08:56Z,2026-03-22T14:08:56Z,2026-03-22T14:04:24Z,,,,,,,,Cultivo 2,2026-03
{'$oid': '69bffa50b2147717dbde7200'},2026-03-22 14:11:03+00:00,2026-03-22T14:17:43Z,4.0,36.150000000000006,40.75,,2026-03-22T14:18:56Z,2026-03-22T14:18:56Z,2026-03-22T14:17:43Z,,,,,,,,Cultivo 2,2026-03
{'$oid': '69bffca8b2147717dbde7201'},2026-03-22 14:24:23+00:00,2026-03-22T14:24:23Z,2.0,37.9,37.3,,2026-03-22T14:28:56Z,2026-03-22T14:28:56Z,2026-03-22T14:24:23Z,,,,,,,,Cultivo 2,2026-03
{'$oid': '69bfff00b2147717dbde7202'},2026-03-22 14:31:03+00:00,2026-03-22T14:37:43Z,4.0,39.8,36.0,,2026-03-22T14:38:56Z,2026-03-22T14:38:56Z,2026-03-22T14:37:43Z,,,,,,,,Cultivo 2,2026-03
{'$oid': '69c00158b2147717dbde7203'},2026-03-22 14:44:23+00:00,2026-03-22T14:44:23Z,2.0,41.4,34.5,,2026-03-22T14:48:56Z,2026-03-22T14:48:56Z,2026-03-22T14:44:23Z,,,,,,,,Cultivo 2,2026-03
{'$oid': '69c003b1b2147717dbde7204'},2026-03-22 14:51:04+00:00,2026-03-22T14:57:43Z,4.0,42.7,33.45,,2026-03-22T14:58:57Z,2026-03-22T14:58:57Z,2026-03-22T14:57:43Z,,,,,,,,Cultivo 2,2026-03
{'$oid': '69c00609b2147717dbde7205'},2026-03-22 15:04:23+00:00,2026-03-22T15:04:23Z,2.0,43.6,33.2,,2026-03-22T15:08:57Z,2026-03-22T15:08:57Z,2026-03-22T15:04:23Z,,,,,,,,Cultivo 2,2026-03
{'$oid': '69c00861b2147717dbde7206'},2026-03-22 15:11:04+00:00,2026-03-22T15:17:43Z,4.0,44.55,31.55,,2026-03-22T15:18:57Z,2026-03-22T15:18:57Z,2026-03-22T15:17:43Z,,,,,,,,Cultivo 2,2026-03
{'$oid': '69c00ab9b2147717dbde7207'},2026-03-22 15:24:23+00:00,2026-03-22T15:24:23Z,2.0,44.9,30.7,,2026-03-22T15:28:57Z,2026-03-22T15:28:57Z,2026-03-22T15:24:23Z,,,,,,,,Cultivo 2,2026-03
{'$oid': '69c00d11b2147717dbde7208'},2026-03-22 15:31:04+00:00,2026-03-22T15:37:43Z,4.0,44.25,31.0,,2026-03-22T15:38:57Z,2026-03-22T15:38:57Z,2026-03-22T15:37:43Z,,,,,,,,Cultivo 2,2026-03
{'$oid': '69c00f69b2147717dbde7209'},2026-03-22 15:44:23+00:00,2026-03-22T15:44:23Z,2.0,41.4,29.1,,2026-03-22T15:48:57Z,2026-03-22T15:48:57Z,2026-03-22T15:44:23Z,,,,,,,,Cultivo 2,2026-03
{'$oid': '69c011c1b2147717dbde720a'},2026-03-22 15:51:03+00:00,2026-03-22T15:57:43Z,4.0,42.650000000000006,31.299999999999997,,2026-03-22T15:58:57Z,2026-03-22T15:58:57Z,2026-03-22T15:57:43Z,,,,,,,,Cultivo 2,2026-03
{'$oid': '69c01419b2147717dbde720b'},2026-03-22 16:04:23+00:00,2026-03-22T16:04:23Z,2.0,42.3,30.1,,2026-03-22T16:08:57Z,2026-03-22T16:08:57Z,2026-03-22T16:04:23Z,,,,,,,,Cultivo 2,2026-03
{'$oid': '69c01671b2147717dbde720c'},2026-03-22 16:11:04+00:00,2026-03-22T16:17:43Z,4.0,41.3,30.5,,2026-03-22T16:18:57Z,2026-03-22T16:18:57Z,2026-03-22T16:17:43Z,,,,,,,,Cultivo 2,2026-03
{'$oid': '69c018c9b2147717dbde720d'},2026-03-22 16:24:23+00:00,2026-03-22T16:24:23Z,2.0,39.9,29.8,,2026-03-22T16:28:57Z,2026-03-22T16:28:57Z,2026-03-22T16:24:23Z,,,,,,,,Cultivo 2,2026-03
{'$oid': '69c01b22b2147717dbde720e'},2026-03-22 16:31:03+00:00,2026-03-22T16:37:43Z,4.0,38.8,31.9,,2026-03-22T16:38:58Z,2026-03-22T16:38:58Z,2026-03-22T16:37:43Z,,,,,,,,Cultivo 2,2026-03
{'$oid': '69c01d7ab2147717dbde720f'},2026-03-22 16:44:23+00:00,2026-03-22T16:44:23Z,2.0,39.8,31.4,,2026-03-22T16:48:58Z,2026-03-22T16:48:58Z,2026-03-22T16:44:23Z,,,,,,,,Cultivo 2,2026-03
{'$oid': '69c01fd2b2147717dbde7210'},2026-03-22 16:51:03+00:00,2026-03-22T16:57:43Z,4.0,38.15,31.1,,2026-03-22T16:58:58Z,2026-03-22T16:58:58Z,2026-03-22T16:57:43Z,,,,,,,,Cultivo 2,2026-03
{'$oid': '69c0222ab2147717dbde7211'},2026-03-22 17:04:23+00:00,2026-03-22T17:04:23Z,2.0,37.3,31.9,,2026-03-22T17:08:58Z,2026-03-22T17:08:58Z,2026-03-22T17:04:23Z,,,,,,,,Cultivo 2,2026-03
{'$oid': '69c02482b2147717dbde7212'},2026-03-22 17:11:04+00:00,2026-03-22T17:17:43Z,4.0,37.5,32.05,,2026-03-22T17:18:58Z,2026-03-22T17:18:58Z,2026-03-22T17:17:43Z,,,,,,,,Cultivo 2,2026-03
{'$oid': '69c026dab2147717dbde7213'},2026-03-22 17:24:24+00:00,2026-03-22T17:24:24Z,2.0,35.7,31.9,,2026-03-22T17:28:58Z,2026-03-22T17:28:58Z,2026-03-22T17:24:24Z,,,,,,,,Cultivo 2,2026-03
{'$oid': '69c02932b2147717dbde7214'},2026-03-22 17:31:03+00:00,2026-03-22T17:37:43Z,4.0,35.5,34.55,,2026-03-22T17:38:58Z,2026-03-22T17:38:58Z,2026-03-22T17:37:43Z,,,,,,,,Cultivo 2,2026-03
{'$oid': '69c02b8ab2147717dbde7215'},2026-03-22 17:44:24+00:00,2026-03-22T17:44:24Z,2.0,34.7,33.3,,2026-03-22T17:48:58Z,2026-03-22T17:48:58Z,2026-03-22T17:44:24Z,,,,,,,,Cultivo 2,2026-03
{'$oid': '69c02de3b2147717dbde7216'},2026-03-22 17:51:03+00:00,2026-03-22T17:57:45Z,4.0,33.650000000000006,36.0,,2026-03-22T17:58:59Z,2026-03-22T17:58:59Z,2026-03-22T17:57:45Z,,,,,,,,Cultivo 2,2026-03
{'$oid': '69c0303bb2147717dbde7217'},2026-03-22 18:04:24+00:00,2026-03-22T18:04:24Z,2.0,32.6,35.7,,2026-03-22T18:08:59Z,2026-03-22T18:08:59Z,2026-03-22T18:04:24Z,,,,,,,,Cultivo 2,2026-03
{'$oid': '69c03293b2147717dbde7218'},2026-03-22 18:11:05+00:00,2026-03-22T18:17:44Z,4.0,32.599999999999994,37.25,,2026-03-22T18:18:59Z,2026-03-22T18:18:59Z,2026-03-22T18:17:44Z,,,,,,,,Cultivo 2,2026-03
{'$oid': '69c034ebb2147717dbde7219'},2026-03-22 18:24:25+00:00,2026-03-22T18:24:25Z,2.0,31.8,36.4,,2026-03-22T18:28:59Z,2026-03-22T18:28:59Z,2026-03-22T18:24:25Z,,,,,,,,Cultivo 2,2026-03
{'$oid': '69c03743b2147717dbde721a'},2026-03-22 18:31:04+00:00,2026-03-22T18:37:44Z,4.0,32.1,36.75,,2026-03-22T18:38:59Z,2026-03-22T18:38:59Z,2026-03-22T18:37:44Z,,,,,,,,Cultivo 2,2026-03
{'$oid': '69c0399bb2147717dbde721b'},2026-03-22 18:44:24+00:00,2026-03-22T18:44:24Z,2.0,29.9,35.3,,2026-03-22T18:48:59Z,2026-03-22T18:48:59Z,2026-03-22T18:44:24Z,,,,,,,,Cultivo 2,2026-03
{'$oid': '69c03bf3b2147717dbde721c'},2026-03-22 18:51:05+00:00,2026-03-22T18:57:44Z,4.0,30.799999999999997,35.5,,2026-03-22T18:58:59Z,2026-03-22T18:58:59Z,2026-03-22T18:57:44Z,,,,,,,,Cultivo 2,2026-03
{'$oid': '69c03e4bb2147717dbde721d'},2026-03-22 19:04:24+00:00,2026-03-22T19:04:24Z,2.0,29.3,37.7,,2026-03-22T19:08:59Z,2026-03-22T19:08:59Z,2026-03-22T19:04:24Z,,,,,,,,Cultivo 2,2026-03
{'$oid': '69c040a3b2147717dbde721e'},2026-03-22 19:11:04+00:00,2026-03-22T19:17:45Z,4.0,27.6,38.7,,2026-03-22T19:18:59Z,2026-03-22T19:18:59Z,2026-03-22T19:17:45Z,,,,,,,,Cultivo 2,2026-03
{'$oid': '69c042fbb2147717dbde721f'},2026-03-22 19:24:25+00:00,2026-03-22T19:24:25Z,2.0,29.2,37.6,,2026-03-22T19:28:59Z,2026-03-22T19:28:59Z,2026-03-22T19:24:25Z,,,,,,,,Cultivo 2,2026-03
{'$oid': '69c04554b2147717dbde7220'},2026-03-22 19:31:06+00:00,2026-03-22T19:37:44Z,4.0,30.2,37.15,,2026-03-22T19:39:00Z,2026-03-22T19:39:00Z,2026-03-22T19:37:44Z,,,,,,,,Cultivo 2,2026-03
{'$oid': '69c047acb2147717dbde7221'},2026-03-22 19:44:24+00:00,2026-03-22T19:44:24Z,2.0,28.9,38.8,,2026-03-22T19:49:00Z,2026-03-22T19:49:00Z,2026-03-22T19:44:24Z,,,,,,,,Cultivo 2,2026-03
{'$oid': '69c04a04b2147717dbde7222'},2026-03-22 19:51:04+00:00,2026-03-22T19:57:45Z,4.0,28.4,39.5,,2026-03-22T19:59:00Z,2026-03-22T19:59:00Z,2026-03-22T19:57:45Z,,,,,,,,Cultivo 2,2026-03
{'$oid': '69c04c5cb2147717dbde7223'},2026-03-22 20:04:24+00:00,2026-03-22T20:04:24Z,2.0,27.6,40.0,,2026-03-22T20:09:00Z,2026-03-22T20:09:00Z,2026-03-22T20:04:24Z,,,,,,,,Cultivo 2,2026-03
{'$oid': '69c04eb4b2147717dbde7224'},2026-03-22 20:11:04+00:00,2026-03-22T20:17:44Z,4.0,25.9,42.8,,2026-03-22T20:19:00Z,2026-03-22T20:19:00Z,2026-03-22T20:17:44Z,,,,,,,,Cultivo 2,2026-03
{'$oid': '69c0510cb2147717dbde7225'},2026-03-22 20:24:24+00:00,2026-03-22T20:24:24Z,2.0,25.1,43.8,,2026-03-22T20:29:00Z,2026-03-22T20:29:00Z,2026-03-22T20:24:24Z,,,,,,,,Cultivo 2,2026-03
{'$oid': '69c05364b2147717dbde7226'},2026-03-22 20:31:04+00:00,2026-03-22T20:37:44Z,4.0,25.35,45.25,,2026-03-22T20:39:00Z,2026-03-22T20:39:00Z,2026-03-22T20:37:44Z,,,,,,,,Cultivo 2,2026-03
{'$oid': '69c055bcb2147717dbde7227'},2026-03-22 20:44:24+00:00,2026-03-22T20:44:24Z,2.0,24.7,44.5,,2026-03-22T20:49:00Z,2026-03-22T20:49:00Z,2026-03-22T20:44:24Z,,,,,,,,Cultivo 2,2026-03
{'$oid': '69c05814b2147717dbde7228'},2026-03-22 20:51:04+00:00,2026-03-22T20:57:44Z,4.0,24.95,45.75,,2026-03-22T20:59:00Z,2026-03-22T20:59:00Z,2026-03-22T20:57:44Z,,,,,,,,Cultivo 2,2026-03
{'$oid': '69c05a6db2147717dbde7229'},2026-03-22 21:04:25+00:00,2026-03-22T21:04:25Z,2.0,24.8,46.6,,2026-03-22T21:09:01Z,2026-03-22T21:09:01Z,2026-03-22T21:04:25Z,,,,,,,,Cultivo 2,2026-03
{'$oid': '69c05cc5b2147717dbde722a'},2026-03-22 21:11:04+00:00,2026-03-22T21:17:44Z,4.0,24.3,47.95,,2026-03-22T21:19:01Z,2026-03-22T21:19:01Z,2026-03-22T21:17:44Z,,,,,,,,Cultivo 2,2026-03
{'$oid': '69c05f1db2147717dbde722b'},2026-03-22 21:24:24+00:00,2026-03-22T21:24:24Z,2.0,24.0,48.0,,2026-03-22T21:29:01Z,2026-03-22T21:29:01Z,2026-03-22T21:24:24Z,,,,,,,,Cultivo 2,2026-03
{'$oid': '69c06175b2147717dbde722c'},2026-03-22 21:31:04+00:00,2026-03-22T21:37:44Z,4.0,23.8,49.05,,2026-03-22T21:39:01Z,2026-03-22T21:39:01Z,2026-03-22T21:37:44Z,,,,,,,,Cultivo 2,2026-03
{'$oid': '69c063cdb2147717dbde722d'},2026-03-22 21:44:24+00:00,2026-03-22T21:44:24Z,2.0,23.3,51.5,,2026-03-22T21:49:01Z,2026-03-22T21:49:01Z,2026-03-22T21:44:24Z,,,,,,,,Cultivo 2,2026-03
{'$oid': '69c06625b2147717dbde722e'},2026-03-22 21:51:04+00:00,2026-03-22T21:57:44Z,4.0,23.1,54.900000000000006,,2026-03-22T21:59:01Z,2026-03-22T21:59:01Z,2026-03-22T21:57:44Z,,,,,,,,Cultivo 2,2026-03
{'$oid': '69c0687db2147717dbde722f'},2026-03-22 22:04:25+00:00,2026-03-22T22:04:25Z,2.0,24.2,56.6,,2026-03-22T22:09:01Z,2026-03-22T22:09:01Z,2026-03-22T22:04:25Z,,,,,,,,Cultivo 2,2026-03
{'$oid': '69c06ad5b2147717dbde7230'},2026-03-22 22:11:04+00:00,2026-03-22T22:17:44Z,4.0,24.5,57.599999999999994,,2026-03-22T22:19:01Z,2026-03-22T22:19:01Z,2026-03-22T22:17:44Z,,,,,,,,Cultivo 2,2026-03
{'$oid': '69c06d2db2147717dbde7231'},2026-03-22 22:24:24+00:00,2026-03-22T22:24:24Z,2.0,23.9,57.3,,2026-03-22T22:29:01Z,2026-03-22T22:29:01Z,2026-03-22T22:24:24Z,,,,,,,,Cultivo 2,2026-03
{'$oid': '69c06f85b2147717dbde7232'},2026-03-22 22:31:04+00:00,2026-03-22T22:37:44Z,4.0,22.9,58.75,,2026-03-22T22:39:01Z,2026-03-22T22:39:01Z,2026-03-22T22:37:44Z,,,,,,,,Cultivo 2,2026-03
{'$oid': '69c071ddb2147717dbde7233'},2026-03-22 22:44:24+00:00,2026-03-22T22:44:24Z,2.0,22.2,60.6,,2026-03-22T22:49:01Z,2026-03-22T22:49:01Z,2026-03-22T22:44:24Z,,,,,,,,Cultivo 2,2026-03
{'$oid': '69c07435b2147717dbde7234'},2026-03-22 22:51:06+00:00,2026-03-22T22:57:44Z,4.0,21.35,62.5,,2026-03-22T22:59:01Z,2026-03-22T22:59:01Z,2026-03-22T22:57:44Z,,,,,,,,Cultivo 2,2026-03
{'$oid': '69c0768eb2147717dbde7235'},2026-03-22 23:04:24+00:00,2026-03-22T23:04:24Z,2.0,20.6,65.3,,2026-03-22T23:09:02Z,2026-03-22T23:09:02Z,2026-03-22T23:04:24Z,,,,,,,,Cultivo 2,2026-03
{'$oid': '69c078e6b2147717dbde7236'},2026-03-22 23:11:04+00:00,2026-03-22T23:17:44Z,4.0,19.450000000000003,68.05,,2026-03-22T23:19:02Z,2026-03-22T23:19:02Z,2026-03-22T23:17:44Z,,,,,,,,Cultivo 2,2026-03
{'$oid': '69c07b3eb2147717dbde7237'},2026-03-22 23:24:24+00:00,2026-03-22T23:24:24Z,2.0,18.4,71.0,,2026-03-22T23:29:02Z,2026-03-22T23:29:02Z,2026-03-22T23:24:24Z,,,,,,,,Cultivo 2,2026-03
{'$oid': '69c07d96b2147717dbde7238'},2026-03-22 23:31:04+00:00,2026-03-22T23:37:44Z,4.0,17.55,73.5,,2026-03-22T23:39:02Z,2026-03-22T23:39:02Z,2026-03-22T23:37:44Z,,,,,,,,Cultivo 2,2026-03
{'$oid': '69c07feeb2147717dbde7239'},2026-03-22 23:44:24+00:00,2026-03-22T23:44:24Z,2.0,16.9,75.0,,2026-03-22T23:49:02Z,2026-03-22T23:49:02Z,2026-03-22T23:44:24Z,,,,,,,,Cultivo 2,2026-03
{'$oid': '69c08246b2147717dbde723a'},2026-03-22 23:51:04+00:00,2026-03-22T23:57:45Z,4.0,16.450000000000003,76.4,,2026-03-22T23:59:02Z,2026-03-22T23:59:02Z,2026-03-22T23:57:45Z,,,,,,,,Cultivo 2,2026-03
{'$oid': '69c0849eb2147717dbde723b'},2026-03-23 00:04:24+00:00,2026-03-23T00:04:24Z,2.0,16.3,77.7,,2026-03-23T00:09:02Z,2026-03-23T00:09:02Z,2026-03-23T00:04:24Z,,,,,,,,Cultivo 2,2026-03
{'$oid': '69c086f6b2147717dbde723c'},2026-03-23 00:11:05+00:00,2026-03-23T00:17:46Z,4.0,16.1,78.15,,2026-03-23T00:19:02Z,2026-03-23T00:19:02Z,2026-03-23T00:17:46Z,,,,,,,,Cultivo 2,2026-03
{'$oid': '69c0894eb2147717dbde723d'},2026-03-23 00:24:24+00:00,2026-03-23T00:24:24Z,2.0,16.0,78.7,,2026-03-23T00:29:02Z,2026-03-23T00:29:02Z,2026-03-23T00:24:24Z,,,,,,,,Cultivo 2,2026-03
{'$oid': '69c08ba6b2147717dbde723e'},2026-03-23 00:31:04+00:00,2026-03-23T00:37:45Z,4.0,15.850000000000001,79.05000000000001,,2026-03-23T00:39:02Z,2026-03-23T00:39:02Z,2026-03-23T00:37:45Z,,,,,,,,Cultivo 2,2026-03
{'$oid': '69c08dffb2147717dbde723f'},2026-03-23 00:44:24+00:00,2026-03-23T00:44:24Z,2.0,15.7,79.4,,2026-03-23T00:49:03Z,2026-03-23T00:49:03Z,2026-03-23T00:44:24Z,,,,,,,,Cultivo 2,2026-03
{'$oid': '69c09057b2147717dbde7240'},2026-03-23 00:51:04+00:00,2026-03-23T00:57:44Z,4.0,15.649999999999999,80.05,,2026-03-23T00:59:03Z,2026-03-23T00:59:03Z,2026-03-23T00:57:44Z,,,,,,,,Cultivo 2,2026-03
{'$oid': '69c092afb2147717dbde7241'},2026-03-23 01:04:24+00:00,2026-03-23T01:04:24Z,2.0,15.7,80.2,,2026-03-23T01:09:03Z,2026-03-23T01:09:03Z,2026-03-23T01:04:24Z,,,,,,,,Cultivo 2,2026-03
{'$oid': '69c09507b2147717dbde7242'},2026-03-23 01:11:04+00:00,2026-03-23T01:17:45Z,4.0,15.7,80.35,,2026-03-23T01:19:03Z,2026-03-23T01:19:03Z,2026-03-23T01:17:45Z,,,,,,,,Cultivo 2,2026-03
{'$oid': '69c0975fb2147717dbde7243'},2026-03-23 01:24:27+00:00,2026-03-23T01:24:27Z,2.0,15.6,80.3,,2026-03-23T01:29:03Z,2026-03-23T01:29:03Z,2026-03-23T01:24:27Z,,,,,,,,Cultivo 2,2026-03
{'$oid': '69c099b7b2147717dbde7244'},2026-03-23 01:31:06+00:00,2026-03-23T01:37:46Z,4.0,15.7,79.95,,2026-03-23T01:39:03Z,2026-03-23T01:39:03Z,2026-03-23T01:37:46Z,,,,,,,,Cultivo 2,2026-03
{'$oid': '69c09c0fb2147717dbde7245'},2026-03-23 01:44:25+00:00,2026-03-23T01:44:25Z,2.0,15.6,79.7,,2026-03-23T01:49:03Z,2026-03-23T01:49:03Z,2026-03-23T01:44:25Z,,,,,,,,Cultivo 2,2026-03
{'$oid': '69c09e67b2147717dbde7246'},2026-03-23 01:51:04+00:00,2026-03-23T01:57:46Z,4.0,15.55,80.35,,2026-03-23T01:59:03Z,2026-03-23T01:59:03Z,2026-03-23T01:57:46Z,,,,,,,,Cultivo 2,2026-03
{'$oid': '69c0a0bfb2147717dbde7247'},2026-03-23 02:04:25+00:00,2026-03-23T02:04:25Z,2.0,15.6,80.4,,2026-03-23T02:09:03Z,2026-03-23T02:09:03Z,2026-03-23T02:04:25Z,,,,,,,,Cultivo 2,2026-03
{'$oid': '69c0a317b2147717dbde7248'},2026-03-23 02:11:06+00:00,2026-03-23T02:17:45Z,4.0,15.9,80.5,,2026-03-23T02:19:03Z,2026-03-23T02:19:03Z,2026-03-23T02:17:45Z,,,,,,,,Cultivo 2,2026-03
{'$oid': '69c0a56fb2147717dbde7249'},2026-03-23 02:24:27+00:00,2026-03-23T02:24:27Z,2.0,15.9,81.1,,2026-03-23T02:29:03Z,2026-03-23T02:29:03Z,2026-03-23T02:24:27Z,,,,,,,,Cultivo 2,2026-03
{'$oid': '69c0a7c8b2147717dbde724a'},2026-03-23 02:31:06+00:00,2026-03-23T02:37:45Z,4.0,15.8,80.9,,2026-03-23T02:39:04Z,2026-03-23T02:39:04Z,2026-03-23T02:37:45Z,,,,,,,,Cultivo 2,2026-03
{'$oid': '69c0aa20b2147717dbde724b'},2026-03-23 02:44:25+00:00,2026-03-23T02:44:25Z,2.0,15.7,80.6,,2026-03-23T02:49:04Z,2026-03-23T02:49:04Z,2026-03-23T02:44:25Z,,,,,,,,Cultivo 2,2026-03
{'$oid': '69c0ac78b2147717dbde724c'},2026-03-23 02:51:04+00:00,2026-03-23T02:57:45Z,4.0,15.45,80.35,,2026-03-23T02:59:04Z,2026-03-23T02:59:04Z,2026-03-23T02:57:45Z,,,,,,,,Cultivo 2,2026-03
{'$oid': '69c0aed0b2147717dbde724d'},2026-03-23 03:04:25+00:00,2026-03-23T03:04:25Z,2.0,15.2,80.6,,2026-03-23T03:09:04Z,2026-03-23T03:09:04Z,2026-03-23T03:04:25Z,,,,,,,,Cultivo 2,2026-03
{'$oid': '69c0b128b2147717dbde724e'},2026-03-23 03:11:05+00:00,2026-03-23T03:17:46Z,4.0,15.1,80.55,,2026-03-23T03:19:04Z,2026-03-23T03:19:04Z,2026-03-23T03:17:46Z,,,,,,,,Cultivo 2,2026-03
{'$oid': '69c0b380b2147717dbde724f'},2026-03-23 03:24:26+00:00,2026-03-23T03:24:26Z,2.0,15.0,80.9,,2026-03-23T03:29:04Z,2026-03-23T03:29:04Z,2026-03-23T03:24:26Z,,,,,,,,Cultivo 2,2026-03
{'$oid': '69c0b5d8b2147717dbde7250'},2026-03-23 03:31:06+00:00,2026-03-23T03:37:45Z,4.0,15.0,80.94999999999999,,2026-03-23T03:39:04Z,2026-03-23T03:39:04Z,2026-03-23T03:37:45Z,,,,,,,,Cultivo 2,2026-03
{'$oid': '69c0b830b2147717dbde7251'},2026-03-23 03:44:25+00:00,2026-03-23T03:44:25Z,2.0,15.1,81.1,,2026-03-23T03:49:04Z,2026-03-23T03:49:04Z,2026-03-23T03:44:25Z,,,,,,,,Cultivo 2,2026-03
{'$oid': '69c0ba88b2147717dbde7252'},2026-03-23 03:51:05+00:00,2026-03-23T03:57:45Z,4.0,15.2,81.85,,2026-03-23T03:59:04Z,2026-03-23T03:59:04Z,2026-03-23T03:57:45Z,,,,,,,,Cultivo 2,2026-03
{'$oid': '69c0bce0b2147717dbde7253'},2026-03-23 04:04:27+00:00,2026-03-23T04:04:27Z,2.0,15.1,82.4,,2026-03-23T04:09:04Z,2026-03-23T04:09:04Z,2026-03-23T04:04:27Z,,,,,,,,Cultivo 2,2026-03
{'$oid': '69c0bf39b2147717dbde7254'},2026-03-23 04:11:05+00:00,2026-03-23T04:17:45Z,4.0,15.2,82.0,,2026-03-23T04:19:05Z,2026-03-23T04:19:05Z,2026-03-23T04:17:45Z,,,,,,,,Cultivo 2,2026-03
{'$oid': '69c0c191b2147717dbde7255'},2026-03-23 04:24:25+00:00,2026-03-23T04:24:25Z,2.0,15.2,81.3,,2026-03-23T04:29:05Z,2026-03-23T04:29:05Z,2026-03-23T04:24:25Z,,,,,,,,Cultivo 2,2026-03
{'$oid': '69c0c3e9b2147717dbde7256'},2026-03-23 04:31:05+00:00,2026-03-23T04:37:45Z,4.0,14.9,81.35,,2026-03-23T04:39:05Z,2026-03-23T04:39:05Z,2026-03-23T04:37:45Z,,,,,,,,Cultivo 2,2026-03
{'$oid': '69c0c641b2147717dbde7257'},2026-03-23 04:44:25+00:00,2026-03-23T04:44:25Z,2.0,14.7,81.4,,2026-03-23T04:49:05Z,2026-03-23T04:49:05Z,2026-03-23T04:44:25Z,,,,,,,,Cultivo 2,2026-03
{'$oid': '69c0c899b2147717dbde7258'},2026-03-23 04:51:05+00:00,2026-03-23T04:57:45Z,4.0,14.649999999999999,81.2,,2026-03-23T04:59:05Z,2026-03-23T04:59:05Z,2026-03-23T04:57:45Z,,,,,,,,Cultivo 2,2026-03
{'$oid': '69c0caf1b2147717dbde7259'},2026-03-23 05:04:25+00:00,2026-03-23T05:04:25Z,2.0,14.5,81.5,,2026-03-23T05:09:05Z,2026-03-23T05:09:05Z,2026-03-23T05:04:25Z,,,,,,,,Cultivo 2,2026-03
{'$oid': '69c0cd49b2147717dbde725a'},2026-03-23 05:11:05+00:00,2026-03-23T05:17:45Z,4.0,14.45,81.75,,2026-03-23T05:19:05Z,2026-03-23T05:19:05Z,2026-03-23T05:17:45Z,,,,,,,,Cultivo 2,2026-03
{'$oid': '69c0cfa1b2147717dbde725b'},2026-03-23 05:24:26+00:00,2026-03-23T05:24:26Z,2.0,14.4,81.8,,2026-03-23T05:29:05Z,2026-03-23T05:29:05Z,2026-03-23T05:24:26Z,,,,,,,,Cultivo 2,2026-03
{'$oid': '69c0d1f9b2147717dbde725c'},2026-03-23 05:31:05+00:00,2026-03-23T05:37:45Z,4.0,14.350000000000001,81.7,,2026-03-23T05:39:05Z,2026-03-23T05:39:05Z,2026-03-23T05:37:45Z,,,,,,,,Cultivo 2,2026-03
{'$oid': '69c0d451b2147717dbde725d'},2026-03-23 05:44:25+00:00,2026-03-23T05:44:25Z,2.0,14.3,81.5,,2026-03-23T05:49:05Z,2026-03-23T05:49:05Z,2026-03-23T05:44:25Z,,,,,,,,Cultivo 2,2026-03
{'$oid': '69c0d6a9b2147717dbde725e'},2026-03-23 05:51:05+00:00,2026-03-23T05:57:45Z,4.0,14.25,81.65,,2026-03-23T05:59:05Z,2026-03-23T05:59:05Z,2026-03-23T05:57:45Z,,,,,,,,Cultivo 2,2026-03
{'$oid': '69c0d902b2147717dbde725f'},2026-03-23 06:04:25+00:00,2026-03-23T06:04:25Z,2.0,14.1,81.4,,2026-03-23T06:09:06Z,2026-03-23T06:09:06Z,2026-03-23T06:04:25Z,,,,,,,,Cultivo 2,2026-03
{'$oid': '69c0db5ab2147717dbde7260'},2026-03-23 06:11:05+00:00,2026-03-23T06:17:45Z,4.0,14.0,81.4,,2026-03-23T06:19:06Z,2026-03-23T06:19:06Z,2026-03-23T06:17:45Z,,,,,,,,Cultivo 2,2026-03
{'$oid': '69c0ddb2b2147717dbde7261'},2026-03-23 06:24:25+00:00,2026-03-23T06:24:25Z,2.0,13.9,81.4,,2026-03-23T06:29:06Z,2026-03-23T06:29:06Z,2026-03-23T06:24:25Z,,,,,,,,Cultivo 2,2026-03
{'$oid': '69c0e00ab2147717dbde7262'},2026-03-23 06:31:05+00:00,2026-03-23T06:37:45Z,4.0,13.75,81.5,,2026-03-23T06:39:06Z,2026-03-23T06:39:06Z,2026-03-23T06:37:45Z,,,,,,,,Cultivo 2,2026-03
{'$oid': '69c0e262b2147717dbde7263'},2026-03-23 06:44:25+00:00,2026-03-23T06:44:25Z,2.0,13.7,81.9,,2026-03-23T06:49:06Z,2026-03-23T06:49:06Z,2026-03-23T06:44:25Z,,,,,,,,Cultivo 2,2026-03
{'$oid': '69c0e4bab2147717dbde7264'},2026-03-23 06:51:05+00:00,2026-03-23T06:57:45Z,4.0,13.6,82.2,,2026-03-23T06:59:06Z,2026-03-23T06:59:06Z,2026-03-23T06:57:45Z,,,,,,,,Cultivo 2,2026-03
{'$oid': '69c0e712b2147717dbde7265'},2026-03-23 07:04:25+00:00,2026-03-23T07:04:25Z,2.0,13.6,82.1,,2026-03-23T07:09:06Z,2026-03-23T07:09:06Z,2026-03-23T07:04:25Z,,,,,,,,Cultivo 2,2026-03
{'$oid': '69c0e96ab2147717dbde7266'},2026-03-23 07:11:05+00:00,2026-03-23T07:17:45Z,4.0,13.45,81.9,,2026-03-23T07:19:06Z,2026-03-23T07:19:06Z,2026-03-23T07:17:45Z,,,,,,,,Cultivo 2,2026-03
{'$oid': '69c0ebc2b2147717dbde7267'},2026-03-23 07:24:25+00:00,2026-03-23T07:24:25Z,2.0,13.4,81.7,,2026-03-23T07:29:06Z,2026-03-23T07:29:06Z,2026-03-23T07:24:25Z,,,,,,,,Cultivo 2,2026-03
{'$oid': '69c0ee1bb2147717dbde7268'},2026-03-23 07:31:05+00:00,2026-03-23T07:37:45Z,4.0,13.3,82.15,,2026-03-23T07:39:07Z,2026-03-23T07:39:07Z,2026-03-23T07:37:45Z,,,,,,,,Cultivo 2,2026-03
{'$oid': '69c0f073b2147717dbde7269'},2026-03-23 07:44:25+00:00,2026-03-23T07:44:25Z,2.0,13.2,82.4,,2026-03-23T07:49:07Z,2026-03-23T07:49:07Z,2026-03-23T07:44:25Z,,,,,,,,Cultivo 2,2026-03
{'$oid': '69c0f2cbb2147717dbde726a'},2026-03-23 07:51:05+00:00,2026-03-23T07:57:45Z,4.0,13.05,81.95,,2026-03-23T07:59:07Z,2026-03-23T07:59:07Z,2026-03-23T07:57:45Z,,,,,,,,Cultivo 2,2026-03
{'$oid': '69c0f523b2147717dbde726b'},2026-03-23 08:04:25+00:00,2026-03-23T08:04:25Z,2.0,12.9,81.7,,2026-03-23T08:09:07Z,2026-03-23T08:09:07Z,2026-03-23T08:04:25Z,,,,,,,,Cultivo 2,2026-03
{'$oid': '69c0f77bb2147717dbde726c'},2026-03-23 08:11:05+00:00,2026-03-23T08:17:45Z,4.0,12.850000000000001,81.65,,2026-03-23T08:19:07Z,2026-03-23T08:19:07Z,2026-03-23T08:17:45Z,,,,,,,,Cultivo 2,2026-03
{'$oid': '69c0f9d3b2147717dbde726d'},2026-03-23 08:24:25+00:00,2026-03-23T08:24:25Z,2.0,12.8,81.5,,2026-03-23T08:29:07Z,2026-03-23T08:29:07Z,2026-03-23T08:24:25Z,,,,,,,,Cultivo 2,2026-03
{'$oid': '69c0fc2bb2147717dbde726e'},2026-03-23 08:31:05+00:00,2026-03-23T08:37:45Z,4.0,12.7,81.75,,2026-03-23T08:39:07Z,2026-03-23T08:39:07Z,2026-03-23T08:37:45Z,,,,,,,,Cultivo 2,2026-03
{'$oid': '69c0fe83b2147717dbde726f'},2026-03-23 08:44:25+00:00,2026-03-23T08:44:25Z,2.0,12.6,81.9,,2026-03-23T08:49:07Z,2026-03-23T08:49:07Z,2026-03-23T08:44:25Z,,,,,,,,Cultivo 2,2026-03
{'$oid': '69c100dbb2147717dbde7270'},2026-03-23 08:51:05+00:00,2026-03-23T08:57:45Z,4.0,12.6,81.75,,2026-03-23T08:59:07Z,2026-03-23T08:59:07Z,2026-03-23T08:57:45Z,,,,,,,,Cultivo 2,2026-03
{'$oid': '69c10334b2147717dbde7271'},2026-03-23 09:04:25+00:00,2026-03-23T09:04:25Z,2.0,12.5,81.6,,2026-03-23T09:09:08Z,2026-03-23T09:09:08Z,2026-03-23T09:04:25Z,,,,,,,,Cultivo 2,2026-03
{'$oid': '69c1058cb2147717dbde7272'},2026-03-23 09:11:05+00:00,2026-03-23T09:17:45Z,4.0,12.5,81.85,,2026-03-23T09:19:08Z,2026-03-23T09:19:08Z,2026-03-23T09:17:45Z,,,,,,,,Cultivo 2,2026-03
{'$oid': '69c107e4b2147717dbde7273'},2026-03-23 09:24:25+00:00,2026-03-23T09:24:25Z,2.0,12.4,81.6,,2026-03-23T09:29:08Z,2026-03-23T09:29:08Z,2026-03-23T09:24:25Z,,,,,,,,Cultivo 2,2026-03
{'$oid': '69c10a3cb2147717dbde7274'},2026-03-23 09:31:05+00:00,2026-03-23T09:37:45Z,4.0,12.4,81.9,,2026-03-23T09:39:08Z,2026-03-23T09:39:08Z,2026-03-23T09:37:45Z,,,,,,,,Cultivo 2,2026-03
{'$oid': '69c10c94b2147717dbde7275'},2026-03-23 09:44:25+00:00,2026-03-23T09:44:25Z,2.0,12.3,81.9,,2026-03-23T09:49:08Z,2026-03-23T09:49:08Z,2026-03-23T09:44:25Z,,,,,,,,Cultivo 2,2026-03
{'$oid': '69c10eecb2147717dbde7276'},2026-03-23 09:51:05+00:00,2026-03-23T09:57:45Z,4.0,12.3,81.69999999999999,,2026-03-23T09:59:08Z,2026-03-23T09:59:08Z,2026-03-23T09:57:45Z,,,,,,,,Cultivo 2,2026-03
{'$oid': '69c11144b2147717dbde7277'},2026-03-23 10:04:25+00:00,2026-03-23T10:04:25Z,2.0,12.2,82.0,,2026-03-23T10:09:08Z,2026-03-23T10:09:08Z,2026-03-23T10:04:25Z,,,,,,,,Cultivo 2,2026-03
{'$oid': '69c1139cb2147717dbde7278'},2026-03-23 10:11:05+00:00,2026-03-23T10:17:45Z,4.0,12.149999999999999,82.25,,2026-03-23T10:19:08Z,2026-03-23T10:19:08Z,2026-03-23T10:17:45Z,,,,,,,,Cultivo 2,2026-03
{'$oid': '69c115f4b2147717dbde7279'},2026-03-23 10:24:25+00:00,2026-03-23T10:24:25Z,2.0,12.3,82.2,,2026-03-23T10:29:08Z,2026-03-23T10:29:08Z,2026-03-23T10:24:25Z,,,,,,,,Cultivo 2,2026-03
{'$oid': '69c1184db2147717dbde727a'},2026-03-23 10:31:05+00:00,2026-03-23T10:37:45Z,4.0,12.25,82.05000000000001,,2026-03-23T10:39:09Z,2026-03-23T10:39:09Z,2026-03-23T10:37:45Z,,,,,,,,Cultivo 2,2026-03
{'$oid': '69c11aa5b2147717dbde727b'},2026-03-23 10:44:25+00:00,2026-03-23T10:44:25Z,2.0,12.1,81.7,,2026-03-23T10:49:09Z,2026-03-23T10:49:09Z,2026-03-23T10:44:25Z,,,,,,,,Cultivo 2,2026-03
{'$oid': '69c11cfdb2147717dbde727c'},2026-03-23 10:51:05+00:00,2026-03-23T10:57:45Z,4.0,11.95,81.69999999999999,,2026-03-23T10:59:09Z,2026-03-23T10:59:09Z,2026-03-23T10:57:45Z,,,,,,,,Cultivo 2,2026-03
{'$oid': '69c11f55b2147717dbde727d'},2026-03-23 11:04:25+00:00,2026-03-23T11:04:25Z,2.0,11.9,81.7,,2026-03-23T11:09:09Z,2026-03-23T11:09:09Z,2026-03-23T11:04:25Z,,,,,,,,Cultivo 2,2026-03
{'$oid': '69c121adb2147717dbde727e'},2026-03-23 11:11:05+00:00,2026-03-23T11:17:45Z,4.0,11.850000000000001,81.7,,2026-03-23T11:19:09Z,2026-03-23T11:19:09Z,2026-03-23T11:17:45Z,,,,,,,,Cultivo 2,2026-03
{'$oid': '69c12405b2147717dbde727f'},2026-03-23 11:24:25+00:00,2026-03-23T11:24:25Z,2.0,11.8,81.3,,2026-03-23T11:29:09Z,2026-03-23T11:29:09Z,2026-03-23T11:24:25Z,,,,,,,,Cultivo 2,2026-03
{'$oid': '69c1265db2147717dbde7280'},2026-03-23 11:31:05+00:00,2026-03-23T11:37:45Z,4.0,12.2,81.35,,2026-03-23T11:39:09Z,2026-03-23T11:39:09Z,2026-03-23T11:37:45Z,,,,,,,,Cultivo 2,2026-03
{'$oid': '69c128b5b2147717dbde7281'},2026-03-23 11:44:25+00:00,2026-03-23T11:44:25Z,2.0,12.5,80.7,,2026-03-23T11:49:09Z,2026-03-23T11:49:09Z,2026-03-23T11:44:25Z,,,,,,,,Cultivo 2,2026-03
{'$oid': '69c12b0db2147717dbde7282'},2026-03-23 11:51:05+00:00,2026-03-23T11:57:45Z,4.0,13.25,79.44999999999999,,2026-03-23T11:59:09Z,2026-03-23T11:59:09Z,2026-03-23T11:57:45Z,,,,,,,,Cultivo 2,2026-03
{'$oid': '69c12d65b2147717dbde7283'},2026-03-23 12:04:25+00:00,2026-03-23T12:04:25Z,2.0,14.1,78.4,,2026-03-23T12:09:09Z,2026-03-23T12:09:09Z,2026-03-23T12:04:25Z,,,,,,,,Cultivo 2,2026-03
{'$oid': '69c12fbdb2147717dbde7284'},2026-03-23 12:11:05+00:00,2026-03-23T12:17:45Z,4.0,15.0,77.8,,2026-03-23T12:19:09Z,2026-03-23T12:19:09Z,2026-03-23T12:17:45Z,,,,,,,,Cultivo 2,2026-03
{'$oid': '69c13215b2147717dbde7285'},2026-03-23 12:24:26+00:00,2026-03-23T12:24:26Z,2.0,15.8,75.8,,2026-03-23T12:29:09Z,2026-03-23T12:29:09Z,2026-03-23T12:24:26Z,,,,,,,,Cultivo 2,2026-03
{'$oid': '69c1346eb2147717dbde7286'},2026-03-23 12:31:06+00:00,2026-03-23T12:37:46Z,4.0,16.549999999999997,73.85,,2026-03-23T12:39:10Z,2026-03-23T12:39:10Z,2026-03-23T12:37:46Z,,,,,,,,Cultivo 2,2026-03
{'$oid': '69c136c6b2147717dbde7287'},2026-03-23 12:44:28+00:00,2026-03-23T12:44:28Z,2.0,17.8,72.7,,2026-03-23T12:49:10Z,2026-03-23T12:49:10Z,2026-03-23T12:44:28Z,,,,,,,,Cultivo 2,2026-03
{'$oid': '69c1391eb2147717dbde7288'},2026-03-23 12:51:06+00:00,2026-03-23T12:57:47Z,4.0,21.65,67.0,,2026-03-23T12:59:10Z,2026-03-23T12:59:10Z,2026-03-23T12:57:47Z,,,,,,,,Cultivo 2,2026-03
{'$oid': '69c13b76b2147717dbde7289'},2026-03-23 13:04:27+00:00,2026-03-23T13:04:27Z,2.0,24.1,60.6,,2026-03-23T13:09:10Z,2026-03-23T13:09:10Z,2026-03-23T13:04:27Z,,,,,,,,Cultivo 2,2026-03
{'$oid': '69c13dceb2147717dbde728a'},2026-03-23 13:13:21+00:00,2026-03-23T13:13:21Z,2.0,24.9,57.7,,2026-03-23T13:19:10Z,2026-03-23T13:19:10Z,2026-03-23T13:13:21Z,,,,,,,,Cultivo 2,2026-03
{'$oid': '69c14026b2147717dbde728b'},2026-03-23 13:20:02+00:00,2026-03-23T13:26:42Z,4.0,26.8,55.15,,2026-03-23T13:29:10Z,2026-03-23T13:29:10Z,2026-03-23T13:26:42Z,,,,,,,,Cultivo 2,2026-03
{'$oid': '69c1427eb2147717dbde728c'},2026-03-23 13:33:23+00:00,2026-03-23T13:33:23Z,2.0,28.7,48.9,,2026-03-23T13:39:10Z,2026-03-23T13:39:10Z,2026-03-23T13:33:23Z,,,,,,,,Cultivo 2,2026-03
{'$oid': '69c144d6b2147717dbde728d'},2026-03-23 13:40:03+00:00,2026-03-23T13:46:41Z,4.0,30.3,50.25,,2026-03-23T13:49:10Z,2026-03-23T13:49:10Z,2026-03-23T13:46:41Z,,,,,,,,Cultivo 2,2026-03
{'$oid': '69c1472eb2147717dbde728e'},2026-03-23 13:53:22+00:00,2026-03-23T13:53:22Z,2.0,33.0,47.5,,2026-03-23T13:59:10Z,2026-03-23T13:59:10Z,2026-03-23T13:53:22Z,,,,,,,,Cultivo 2,2026-03
{'$oid': '69c14987b2147717dbde728f'},2026-03-23 14:00:03+00:00,2026-03-23T14:06:43Z,4.0,36.05,42.5,,2026-03-23T14:09:11Z,2026-03-23T14:09:11Z,2026-03-23T14:06:43Z,,,,,,,,Cultivo 2,2026-03
{'$oid': '69c14bdfb2147717dbde7290'},2026-03-23 14:13:22+00:00,2026-03-23T14:13:22Z,2.0,38.0,41.3,,2026-03-23T14:19:11Z,2026-03-23T14:19:11Z,2026-03-23T14:13:22Z,,,,,,,,Cultivo 2,2026-03
{'$oid': '69c14e37b2147717dbde7291'},2026-03-23 14:20:03+00:00,2026-03-23T14:26:43Z,4.0,40.15,39.4,,2026-03-23T14:29:11Z,2026-03-23T14:29:11Z,2026-03-23T14:26:43Z,,,,,,,,Cultivo 2,2026-03
{'$oid': '69c1508fb2147717dbde7292'},2026-03-23 14:33:23+00:00,2026-03-23T14:33:23Z,2.0,42.1,35.5,,2026-03-23T14:39:11Z,2026-03-23T14:39:11Z,2026-03-23T14:33:23Z,,,,,,,,Cultivo 2,2026-03
{'$oid': '69c152e7b2147717dbde7293'},2026-03-23 14:40:03+00:00,2026-03-23T14:46:44Z,4.0,43.7,35.85,,2026-03-23T14:49:11Z,2026-03-23T14:49:11Z,2026-03-23T14:46:44Z,,,,,,,,Cultivo 2,2026-03
{'$oid': '69c1553fb2147717dbde7294'},2026-03-23 14:53:24+00:00,2026-03-23T14:53:24Z,2.0,44.5,33.9,,2026-03-23T14:59:11Z,2026-03-23T14:59:11Z,2026-03-23T14:53:24Z,,,,,,,,Cultivo 2,2026-03
{'$oid': '69c15797b2147717dbde7295'},2026-03-23 15:00:02+00:00,2026-03-23T15:06:42Z,4.0,24.68748116157783,33.0,,2026-03-23T15:09:11Z,2026-03-23T15:09:11Z,2026-03-23T15:06:42Z,,,,,,,,Cultivo 2,2026-03
{'$oid': '69c159efb2147717dbde7296'},2026-03-23 15:13:22+00:00,2026-03-23T15:13:22Z,2.0,33.80423251897942,30.8,,2026-03-23T15:19:11Z,2026-03-23T15:19:11Z,2026-03-23T15:13:22Z,,,,,,,,Cultivo 2,2026-03
{'$oid': '69c15c47b2147717dbde7297'},2026-03-23 15:20:02+00:00,2026-03-23T15:26:42Z,4.0,24.888127283780133,31.65,,2026-03-23T15:29:11Z,2026-03-23T15:29:11Z,2026-03-23T15:26:42Z,,,,,,,,Cultivo 2,2026-03
{'$oid': '69c15ea0b2147717dbde7298'},2026-03-23 15:33:22+00:00,2026-03-23T15:33:22Z,2.0,34.51486591317777,32.4,,2026-03-23T15:39:12Z,2026-03-23T15:39:12Z,2026-03-23T15:33:22Z,,,,,,,,Cultivo 2,2026-03
{'$oid': '69c160f8b2147717dbde7299'},2026-03-23 15:40:02+00:00,2026-03-23T15:46:42Z,4.0,22.100628950791194,30.5,,2026-03-23T15:49:12Z,2026-03-23T15:49:12Z,2026-03-23T15:46:42Z,,,,,,,,Cultivo 2,2026-03
{'$oid': '69c16350b2147717dbde729a'},2026-03-23 15:53:21+00:00,2026-03-23T15:53:21Z,2.0,27.14091571045015,28.0,,2026-03-23T15:59:12Z,2026-03-23T15:59:12Z,2026-03-23T15:53:21Z,,,,,,,,Cultivo 2,2026-03
{'$oid': '69c165a8b2147717dbde729b'},2026-03-23 16:00:02+00:00,2026-03-23T16:06:42Z,4.0,33.36185917562244,28.450000000000003,,2026-03-23T16:09:12Z,2026-03-23T16:09:12Z,2026-03-23T16:06:42Z,,,,,,,,Cultivo 2,2026-03
{'$oid': '69c16800b2147717dbde729c'},2026-03-23 16:13:22+00:00,2026-03-23T16:13:22Z,2.0,20.454194887165745,29.5,,2026-03-23T16:19:12Z,2026-03-23T16:19:12Z,2026-03-23T16:13:22Z,,,,,,,,Cultivo 2,2026-03
{'$oid': '69c16a58b2147717dbde729d'},2026-03-23 16:20:02+00:00,2026-03-23T16:26:42Z,4.0,44.95,29.5,,2026-03-23T16:29:12Z,2026-03-23T16:29:12Z,2026-03-23T16:26:42Z,,,,,,,,Cultivo 2,2026-03
{'$oid': '69c16cb0b2147717dbde729e'},2026-03-23 16:33:22+00:00,2026-03-23T16:33:22Z,2.0,44.3,28.8,,2026-03-23T16:39:12Z,2026-03-23T16:39:12Z,2026-03-23T16:33:22Z,,,,,,,,Cultivo 2,2026-03
{'$oid': '69c16f08b2147717dbde729f'},2026-03-23 16:40:02+00:00,2026-03-23T16:46:42Z,4.0,44.5,30.6,,2026-03-23T16:49:12Z,2026-03-23T16:49:12Z,2026-03-23T16:46:42Z,,,,,,,,Cultivo 2,2026-03
{'$oid': '69c17160b2147717dbde72a0'},2026-03-23 16:53:22+00:00,2026-03-23T16:53:22Z,2.0,43.3,31.3,,2026-03-23T16:59:12Z,2026-03-23T16:59:12Z,2026-03-23T16:53:22Z,,,,,,,,Cultivo 2,2026-03
{'$oid': '69c173b8b2147717dbde72a1'},2026-03-23 17:00:02+00:00,2026-03-23T17:06:42Z,4.0,43.5,30.7,,2026-03-23T17:09:12Z,2026-03-23T17:09:12Z,2026-03-23T17:06:42Z,,,,,,,,Cultivo 2,2026-03
{'$oid': '69c17611b2147717dbde72a2'},2026-03-23 17:13:22+00:00,2026-03-23T17:13:22Z,2.0,42.5,31.7,,2026-03-23T17:19:13Z,2026-03-23T17:19:13Z,2026-03-23T17:13:22Z,,,,,,,,Cultivo 2,2026-03
{'$oid': '69c17869b2147717dbde72a3'},2026-03-23 17:20:03+00:00,2026-03-23T17:26:42Z,4.0,40.05,32.7,,2026-03-23T17:29:13Z,2026-03-23T17:29:13Z,2026-03-23T17:26:42Z,,,,,,,,Cultivo 2,2026-03
{'$oid': '69c17ac1b2147717dbde72a4'},2026-03-23 17:33:22+00:00,2026-03-23T17:33:22Z,2.0,38.3,34.4,,2026-03-23T17:39:13Z,2026-03-23T17:39:13Z,2026-03-23T17:33:22Z,,,,,,,,Cultivo 2,2026-03
{'$oid': '69c17d19b2147717dbde72a5'},2026-03-23 17:40:02+00:00,2026-03-23T17:46:42Z,4.0,34.599999999999994,36.5,,2026-03-23T17:49:13Z,2026-03-23T17:49:13Z,2026-03-23T17:46:42Z,,,,,,,,Cultivo 2,2026-03
{'$oid': '69c17f71b2147717dbde72a6'},2026-03-23 17:53:23+00:00,2026-03-23T17:53:23Z,2.0,30.9,41.5,,2026-03-23T17:59:13Z,2026-03-23T17:59:13Z,2026-03-23T17:53:23Z,,,,,,,,Cultivo 2,2026-03
{'$oid': '69c181c9b2147717dbde72a7'},2026-03-23 18:00:02+00:00,2026-03-23T18:06:42Z,4.0,29.25,43.95,,2026-03-23T18:09:13Z,2026-03-23T18:09:13Z,2026-03-23T18:06:42Z,,,,,,,,Cultivo 2,2026-03
{'$oid': '69c18421b2147717dbde72a8'},2026-03-23 18:13:22+00:00,2026-03-23T18:13:22Z,2.0,28.2,45.2,,2026-03-23T18:19:13Z,2026-03-23T18:19:13Z,2026-03-23T18:13:22Z,,,,,,,,Cultivo 2,2026-03
{'$oid': '69c18679b2147717dbde72a9'},2026-03-23 18:20:02+00:00,2026-03-23T18:26:42Z,4.0,26.799999999999997,46.75,,2026-03-23T18:29:13Z,2026-03-23T18:29:13Z,2026-03-23T18:26:42Z,,,,,,,,Cultivo 2,2026-03
{'$oid': '69c188d1b2147717dbde72aa'},2026-03-23 18:33:22+00:00,2026-03-23T18:33:22Z,2.0,26.7,46.8,,2026-03-23T18:39:13Z,2026-03-23T18:39:13Z,2026-03-23T18:33:22Z,,,,,,,,Cultivo 2,2026-03
{'$oid': '69c18b29b2147717dbde72ab'},2026-03-23 18:40:02+00:00,2026-03-23T18:46:42Z,4.0,25.7,48.3,,2026-03-23T18:49:13Z,2026-03-23T18:49:13Z,2026-03-23T18:46:42Z,,,,,,,,Cultivo 2,2026-03
{'$oid': '69c18d81b2147717dbde72ac'},2026-03-23 18:53:22+00:00,2026-03-23T18:53:22Z,2.0,25.3,49.6,,2026-03-23T18:59:13Z,2026-03-23T18:59:13Z,2026-03-23T18:53:22Z,,,,,,,,Cultivo 2,2026-03
{'$oid': '69c18fd9b2147717dbde72ad'},2026-03-23 19:00:02+00:00,2026-03-23T19:06:42Z,4.0,25.049999999999997,50.9,,2026-03-23T19:09:13Z,2026-03-23T19:09:13Z,2026-03-23T19:06:42Z,,,,,,,,Cultivo 2,2026-03
{'$oid': '69c19232b2147717dbde72ae'},2026-03-23 19:13:22+00:00,2026-03-23T19:13:22Z,2.0,24.6,53.3,,2026-03-23T19:19:14Z,2026-03-23T19:19:14Z,2026-03-23T19:13:22Z,,,,,,,,Cultivo 2,2026-03
{'$oid': '69c1948ab2147717dbde72af'},2026-03-23 19:20:03+00:00,2026-03-23T19:26:42Z,4.0,25.35,52.2,,2026-03-23T19:29:14Z,2026-03-23T19:29:14Z,2026-03-23T19:26:42Z,,,,,,,,Cultivo 2,2026-03
{'$oid': '69c196e2b2147717dbde72b0'},2026-03-23 19:33:22+00:00,2026-03-23T19:33:22Z,2.0,26.2,51.1,,2026-03-23T19:39:14Z,2026-03-23T19:39:14Z,2026-03-23T19:33:22Z,,,,,,,,Cultivo 2,2026-03
{'$oid': '69c1993ab2147717dbde72b1'},2026-03-23 19:40:02+00:00,2026-03-23T19:46:43Z,4.0,25.95,51.8,,2026-03-23T19:49:14Z,2026-03-23T19:49:14Z,2026-03-23T19:46:43Z,,,,,,,,Cultivo 2,2026-03
{'$oid': '69c19b92b2147717dbde72b2'},2026-03-23 19:53:22+00:00,2026-03-23T19:53:22Z,2.0,26.2,51.8,,2026-03-23T19:59:14Z,2026-03-23T19:59:14Z,2026-03-23T19:53:22Z,,,,,,,,Cultivo 2,2026-03
{'$oid': '69c19deab2147717dbde72b3'},2026-03-23 20:00:02+00:00,2026-03-23T20:06:42Z,4.0,25.05,53.9,,2026-03-23T20:09:14Z,2026-03-23T20:09:14Z,2026-03-23T20:06:42Z,,,,,,,,Cultivo 2,2026-03
{'$oid': '69c1a042b2147717dbde72b4'},2026-03-23 20:13:22+00:00,2026-03-23T20:13:22Z,2.0,24.3,55.3,,2026-03-23T20:19:14Z,2026-03-23T20:19:14Z,2026-03-23T20:13:22Z,,,,,,,,Cultivo 2,2026-03
{'$oid': '69c1a29ab2147717dbde72b5'},2026-03-23 20:20:02+00:00,2026-03-23T20:26:42Z,4.0,23.35,57.7,,2026-03-23T20:29:14Z,2026-03-23T20:29:14Z,2026-03-23T20:26:42Z,,,,,,,,Cultivo 2,2026-03
{'$oid': '69c1a4f2b2147717dbde72b6'},2026-03-23 20:33:22+00:00,2026-03-23T20:33:22Z,2.0,22.1,60.5,,2026-03-23T20:39:14Z,2026-03-23T20:39:14Z,2026-03-23T20:33:22Z,,,,,,,,Cultivo 2,2026-03
{'$oid': '69c1a74ab2147717dbde72b7'},2026-03-23 20:40:02+00:00,2026-03-23T20:46:42Z,4.0,21.15,63.35,,2026-03-23T20:49:14Z,2026-03-23T20:49:14Z,2026-03-23T20:46:42Z,,,,,,,,Cultivo 2,2026-03
{'$oid': '69c1a9a3b2147717dbde72b8'},2026-03-23 20:53:22+00:00,2026-03-23T20:53:22Z,2.0,20.9,66.4,,2026-03-23T20:59:15Z,2026-03-23T20:59:15Z,2026-03-23T20:53:22Z,,,,,,,,Cultivo 2,2026-03
{'$oid': '69c1abfbb2147717dbde72b9'},2026-03-23 21:00:02+00:00,2026-03-23T21:06:42Z,4.0,20.0,70.5,,2026-03-23T21:09:15Z,2026-03-23T21:09:15Z,2026-03-23T21:06:42Z,,,,,,,,Cultivo 2,2026-03
{'$oid': '69c1ae53b2147717dbde72ba'},2026-03-23 21:13:22+00:00,2026-03-23T21:13:22Z,2.0,19.4,72.8,,2026-03-23T21:19:15Z,2026-03-23T21:19:15Z,2026-03-23T21:13:22Z,,,,,,,,Cultivo 2,2026-03
{'$oid': '69c1b0abb2147717dbde72bb'},2026-03-23 21:20:03+00:00,2026-03-23T21:26:42Z,4.0,18.35,76.2,,2026-03-23T21:29:15Z,2026-03-23T21:29:15Z,2026-03-23T21:26:42Z,,,,,,,,Cultivo 2,2026-03
{'$oid': '69c1b303b2147717dbde72bc'},2026-03-23 21:33:23+00:00,2026-03-23T21:33:23Z,2.0,18.5,76.5,,2026-03-23T21:39:15Z,2026-03-23T21:39:15Z,2026-03-23T21:33:23Z,,,,,,,,Cultivo 2,2026-03
{'$oid': '69c1b55bb2147717dbde72bd'},2026-03-23 21:40:03+00:00,2026-03-23T21:46:42Z,4.0,18.65,76.55,,2026-03-23T21:49:15Z,2026-03-23T21:49:15Z,2026-03-23T21:46:42Z,,,,,,,,Cultivo 2,2026-03
{'$oid': '69c1b7b3b2147717dbde72be'},2026-03-23 21:53:24+00:00,2026-03-23T21:53:24Z,2.0,18.7,76.1,,2026-03-23T21:59:15Z,2026-03-23T21:59:15Z,2026-03-23T21:53:24Z,,,,,,,,Cultivo 2,2026-03
{'$oid': '69c1ba0bb2147717dbde72bf'},2026-03-23 22:00:02+00:00,2026-03-23T22:06:44Z,4.0,18.95,75.85,,2026-03-23T22:09:15Z,2026-03-23T22:09:15Z,2026-03-23T22:06:44Z,,,,,,,,Cultivo 2,2026-03
{'$oid': '69c1bc63b2147717dbde72c0'},2026-03-23 22:13:22+00:00,2026-03-23T22:13:22Z,2.0,19.0,76.1,,2026-03-23T22:19:15Z,2026-03-23T22:19:15Z,2026-03-23T22:13:22Z,,,,,,,,Cultivo 2,2026-03
{'$oid': '69c1bebcb2147717dbde72c1'},2026-03-23 22:20:03+00:00,2026-03-23T22:26:43Z,4.0,18.85,76.1,,2026-03-23T22:29:16Z,2026-03-23T22:29:16Z,2026-03-23T22:26:43Z,,,,,,,,Cultivo 2,2026-03
{'$oid': '69c1c114b2147717dbde72c2'},2026-03-23 22:33:23+00:00,2026-03-23T22:33:23Z,2.0,18.7,77.0,,2026-03-23T22:39:16Z,2026-03-23T22:39:16Z,2026-03-23T22:33:23Z,,,,,,,,Cultivo 2,2026-03
{'$oid': '69c1c36cb2147717dbde72c3'},2026-03-23 22:46:43+00:00,2026-03-23T22:46:43Z,2.0,18.3,78.2,,2026-03-23T22:49:16Z,2026-03-23T22:49:16Z,2026-03-23T22:46:43Z,,,,,,,,Cultivo 2,2026-03
{'$oid': '69c1c5c4b2147717dbde72c4'},2026-03-23 22:53:24+00:00,2026-03-23T22:53:24Z,2.0,18.2,78.1,,2026-03-23T22:59:16Z,2026-03-23T22:59:16Z,2026-03-23T22:53:24Z,,,,,,,,Cultivo 2,2026-03
{'$oid': '69c1c81cb2147717dbde72c5'},2026-03-23 23:00:04+00:00,2026-03-23T23:06:45Z,4.0,18.15,78.65,,2026-03-23T23:09:16Z,2026-03-23T23:09:16Z,2026-03-23T23:06:45Z,,,,,,,,Cultivo 2,2026-03
{'$oid': '69c1ca74b2147717dbde72c6'},2026-03-23 23:13:26+00:00,2026-03-23T23:13:26Z,2.0,18.0,79.2,,2026-03-23T23:19:16Z,2026-03-23T23:19:16Z,2026-03-23T23:13:26Z,,,,,,,,Cultivo 2,2026-03
{'$oid': '69c1ccccb2147717dbde72c7'},2026-03-23 23:20:04+00:00,2026-03-23T23:26:43Z,4.0,17.95,79.65,,2026-03-23T23:29:16Z,2026-03-23T23:29:16Z,2026-03-23T23:26:43Z,,,,,,,,Cultivo 2,2026-03
{'$oid': '69c1cf24b2147717dbde72c8'},2026-03-23 23:33:24+00:00,2026-03-23T23:33:24Z,2.0,17.9,80.1,,2026-03-23T23:39:16Z,2026-03-23T23:39:16Z,2026-03-23T23:33:24Z,,,,,,,,Cultivo 2,2026-03
{'$oid': '69c1d17db2147717dbde72c9'},2026-03-23 23:40:04+00:00,2026-03-23T23:46:43Z,4.0,17.700000000000003,79.6,,2026-03-23T23:49:17Z,2026-03-23T23:49:17Z,2026-03-23T23:46:43Z,,,,,,,,Cultivo 2,2026-03
{'$oid': '69c1d3d5b2147717dbde72ca'},2026-03-23 23:53:23+00:00,2026-03-23T23:53:23Z,2.0,17.5,80.0,,2026-03-23T23:59:17Z,2026-03-23T23:59:17Z,2026-03-23T23:53:23Z,,,,,,,,Cultivo 2,2026-03
{'$oid': '69c1d62db2147717dbde72cb'},2026-03-24 00:00:03+00:00,2026-03-24T00:06:44Z,4.0,17.25,80.25,,2026-03-24T00:09:17Z,2026-03-24T00:09:17Z,2026-03-24T00:06:44Z,,,,,,,,Cultivo 2,2026-03
{'$oid': '69c1d885b2147717dbde72cc'},2026-03-24 00:13:25+00:00,2026-03-24T00:13:25Z,2.0,17.2,80.4,,2026-03-24T00:19:17Z,2026-03-24T00:19:17Z,2026-03-24T00:13:25Z,,,,,,,,Cultivo 2,2026-03
{'$oid': '69c1daddb2147717dbde72cd'},2026-03-24 00:20:04+00:00,2026-03-24T00:26:43Z,4.0,17.15,80.45,,2026-03-24T00:29:17Z,2026-03-24T00:29:17Z,2026-03-24T00:26:43Z,,,,,,,,Cultivo 2,2026-03
{'$oid': '69c1dd35b2147717dbde72ce'},2026-03-24 00:33:25+00:00,2026-03-24T00:33:37Z,6.0,17.0,79.9,,2026-03-24T00:39:17Z,2026-03-24T00:39:17Z,2026-03-24T00:33:37Z,,,,,,,,Cultivo 2,2026-03
{'$oid': '69c1df8db2147717dbde72cf'},2026-03-24 00:40:05+00:00,2026-03-24T00:46:44Z,4.0,16.65,79.4,,2026-03-24T00:49:17Z,2026-03-24T00:49:17Z,2026-03-24T00:46:44Z,,,,,,,,Cultivo 2,2026-03
{'$oid': '69c1e1e5b2147717dbde72d0'},2026-03-24 00:53:24+00:00,2026-03-24T00:53:24Z,2.0,16.4,79.7,,2026-03-24T00:59:17Z,2026-03-24T00:59:17Z,2026-03-24T00:53:24Z,,,,,,,,Cultivo 2,2026-03
{'$oid': '69c1e43db2147717dbde72d1'},2026-03-24 01:00:05+00:00,2026-03-24T01:06:47Z,4.0,16.15,80.05000000000001,,2026-03-24T01:09:17Z,2026-03-24T01:09:17Z,2026-03-24T01:06:47Z,,,,,,,,Cultivo 2,2026-03
{'$oid': '69c1e696b2147717dbde72d2'},2026-03-24 01:13:25+00:00,2026-03-24T01:13:25Z,2.0,16.2,80.5,,2026-03-24T01:19:18Z,2026-03-24T01:19:18Z,2026-03-24T01:13:25Z,,,,,,,,Cultivo 2,2026-03
{'$oid': '69c1e8eeb2147717dbde72d3'},2026-03-24 01:20:04+00:00,2026-03-24T01:26:45Z,4.0,16.0,80.44999999999999,,2026-03-24T01:29:18Z,2026-03-24T01:29:18Z,2026-03-24T01:26:45Z,,,,,,,,Cultivo 2,2026-03
{'$oid': '69c1eb46b2147717dbde72d4'},2026-03-24 01:33:26+00:00,2026-03-24T01:33:26Z,2.0,16.0,80.5,,2026-03-24T01:39:18Z,2026-03-24T01:39:18Z,2026-03-24T01:33:26Z,,,,,,,,Cultivo 2,2026-03
{'$oid': '69c1ed9eb2147717dbde72d5'},2026-03-24 01:40:06+00:00,2026-03-24T01:46:45Z,4.0,15.9,80.75,,2026-03-24T01:49:18Z,2026-03-24T01:49:18Z,2026-03-24T01:46:45Z,,,,,,,,Cultivo 2,2026-03
{'$oid': '69c1eff6b2147717dbde72d6'},2026-03-24 01:53:25+00:00,2026-03-24T01:53:25Z,2.0,15.8,81.1,,2026-03-24T01:59:18Z,2026-03-24T01:59:18Z,2026-03-24T01:53:25Z,,,,,,,,Cultivo 2,2026-03
{'$oid': '69c1f24eb2147717dbde72d7'},2026-03-24 02:00:04+00:00,2026-03-24T02:06:45Z,4.0,15.8,81.25,,2026-03-24T02:09:18Z,2026-03-24T02:09:18Z,2026-03-24T02:06:45Z,,,,,,,,Cultivo 2,2026-03
{'$oid': '69c1f4a6b2147717dbde72d8'},2026-03-24 02:13:25+00:00,2026-03-24T02:13:25Z,2.0,15.8,81.2,,2026-03-24T02:19:18Z,2026-03-24T02:19:18Z,2026-03-24T02:13:25Z,,,,,,,,Cultivo 2,2026-03
{'$oid': '69c1f6feb2147717dbde72d9'},2026-03-24 02:20:05+00:00,2026-03-24T02:26:45Z,4.0,15.7,81.30000000000001,,2026-03-24T02:29:18Z,2026-03-24T02:29:18Z,2026-03-24T02:26:45Z,,,,,,,,Cultivo 2,2026-03
{'$oid': '69c1f956b2147717dbde72da'},2026-03-24 02:33:24+00:00,2026-03-24T02:33:24Z,2.0,15.7,81.3,,2026-03-24T02:39:18Z,2026-03-24T02:39:18Z,2026-03-24T02:33:24Z,,,,,,,,Cultivo 2,2026-03
{'$oid': '69c1fbaeb2147717dbde72db'},2026-03-24 02:40:03+00:00,2026-03-24T02:46:43Z,4.0,15.5,81.1,,2026-03-24T02:49:18Z,2026-03-24T02:49:18Z,2026-03-24T02:46:43Z,,,,,,,,Cultivo 2,2026-03
{'$oid': '69c1fe06b2147717dbde72dc'},2026-03-24 02:53:23+00:00,2026-03-24T02:53:23Z,2.0,15.2,80.8,,2026-03-24T02:59:18Z,2026-03-24T02:59:18Z,2026-03-24T02:53:23Z,,,,,,,,Cultivo 2,2026-03
{'$oid': '69c2005fb2147717dbde72dd'},2026-03-24 03:00:04+00:00,2026-03-24T03:06:43Z,4.0,15.05,81.25,,2026-03-24T03:09:19Z,2026-03-24T03:09:19Z,2026-03-24T03:06:43Z,,,,,,,,Cultivo 2,2026-03
{'$oid': '69c202b7b2147717dbde72de'},2026-03-24 03:13:25+00:00,2026-03-24T03:13:25Z,2.0,14.9,81.5,,2026-03-24T03:19:19Z,2026-03-24T03:19:19Z,2026-03-24T03:13:25Z,,,,,,,,Cultivo 2,2026-03
{'$oid': '69c2050fb2147717dbde72df'},2026-03-24 03:20:03+00:00,2026-03-24T03:26:43Z,4.0,15.1,81.9,,2026-03-24T03:29:19Z,2026-03-24T03:29:19Z,2026-03-24T03:26:43Z,,,,,,,,Cultivo 2,2026-03
{'$oid': '69c20767b2147717dbde72e0'},2026-03-24 03:33:23+00:00,2026-03-24T03:33:23Z,2.0,15.2,81.8,,2026-03-24T03:39:19Z,2026-03-24T03:39:19Z,2026-03-24T03:33:23Z,,,,,,,,Cultivo 2,2026-03
{'$oid': '69c209bfb2147717dbde72e1'},2026-03-24 03:40:04+00:00,2026-03-24T03:46:43Z,4.0,15.149999999999999,82.0,,2026-03-24T03:49:19Z,2026-03-24T03:49:19Z,2026-03-24T03:46:43Z,,,,,,,,Cultivo 2,2026-03
{'$oid': '69c20c17b2147717dbde72e2'},2026-03-24 03:53:23+00:00,2026-03-24T03:53:23Z,2.0,15.2,81.7,,2026-03-24T03:59:19Z,2026-03-24T03:59:19Z,2026-03-24T03:53:23Z,,,,,,,,Cultivo 2,2026-03
{'$oid': '69c20e6fb2147717dbde72e3'},2026-03-24 04:00:03+00:00,2026-03-24T04:06:43Z,4.0,15.2,81.85,,2026-03-24T04:09:19Z,2026-03-24T04:09:19Z,2026-03-24T04:06:43Z,,,,,,,,Cultivo 2,2026-03
{'$oid': '69c210c7b2147717dbde72e4'},2026-03-24 04:13:23+00:00,2026-03-24T04:13:23Z,2.0,15.2,81.8,,2026-03-24T04:19:19Z,2026-03-24T04:19:19Z,2026-03-24T04:13:23Z,,,,,,,,Cultivo 2,2026-03
{'$oid': '69c2131fb2147717dbde72e5'},2026-03-24 04:20:03+00:00,2026-03-24T04:26:43Z,4.0,15.1,81.75,,2026-03-24T04:29:19Z,2026-03-24T04:29:19Z,2026-03-24T04:26:43Z,,,,,,,,Cultivo 2,2026-03
{'$oid': '69c21577b2147717dbde72e6'},2026-03-24 04:33:23+00:00,2026-03-24T04:33:23Z,2.0,14.8,81.3,,2026-03-24T04:39:19Z,2026-03-24T04:39:19Z,2026-03-24T04:33:23Z,,,,,,,,Cultivo 2,2026-03
{'$oid': '69c217d0b2147717dbde72e7'},2026-03-24 04:40:03+00:00,2026-03-24T04:46:43Z,4.0,14.350000000000001,81.55,,2026-03-24T04:49:20Z,2026-03-24T04:49:20Z,2026-03-24T04:46:43Z,,,,,,,,Cultivo 2,2026-03
{'$oid': '69c21a28b2147717dbde72e8'},2026-03-24 04:53:23+00:00,2026-03-24T04:53:23Z,2.0,14.2,82.0,,2026-03-24T04:59:20Z,2026-03-24T04:59:20Z,2026-03-24T04:53:23Z,,,,,,,,Cultivo 2,2026-03
{'$oid': '69c21c80b2147717dbde72e9'},2026-03-24 05:00:03+00:00,2026-03-24T05:06:43Z,4.0,14.05,82.1,,2026-03-24T05:09:20Z,2026-03-24T05:09:20Z,2026-03-24T05:06:43Z,,,,,,,,Cultivo 2,2026-03
{'$oid': '69c21ed8b2147717dbde72ea'},2026-03-24 05:13:23+00:00,2026-03-24T05:13:23Z,2.0,14.0,82.0,,2026-03-24T05:19:20Z,2026-03-24T05:19:20Z,2026-03-24T05:13:23Z,,,,,,,,Cultivo 2,2026-03
{'$oid': '69c22130b2147717dbde72eb'},2026-03-24 05:20:03+00:00,2026-03-24T05:26:43Z,4.0,13.9,81.9,,2026-03-24T05:29:20Z,2026-03-24T05:29:20Z,2026-03-24T05:26:43Z,,,,,,,,Cultivo 2,2026-03
{'$oid': '69c22388b2147717dbde72ec'},2026-03-24 05:33:23+00:00,2026-03-24T05:33:23Z,2.0,13.8,82.2,,2026-03-24T05:39:20Z,2026-03-24T05:39:20Z,2026-03-24T05:33:23Z,,,,,,,,Cultivo 2,2026-03
{'$oid': '69c225e0b2147717dbde72ed'},2026-03-24 05:40:03+00:00,2026-03-24T05:46:43Z,4.0,13.75,82.45,,2026-03-24T05:49:20Z,2026-03-24T05:49:20Z,2026-03-24T05:46:43Z,,,,,,,,Cultivo 2,2026-03
{'$oid': '69c22838b2147717dbde72ee'},2026-03-24 05:53:23+00:00,2026-03-24T05:53:23Z,2.0,13.7,82.2,,2026-03-24T05:59:20Z,2026-03-24T05:59:20Z,2026-03-24T05:53:23Z,,,,,,,,Cultivo 2,2026-03
{'$oid': '69c22a90b2147717dbde72ef'},2026-03-24 06:00:03+00:00,2026-03-24T06:06:43Z,4.0,13.7,82.4,,2026-03-24T06:09:20Z,2026-03-24T06:09:20Z,2026-03-24T06:06:43Z,,,,,,,,Cultivo 2,2026-03
{'$oid': '69c22ce8b2147717dbde72f0'},2026-03-24 06:13:23+00:00,2026-03-24T06:13:23Z,2.0,13.6,82.4,,2026-03-24T06:19:20Z,2026-03-24T06:19:20Z,2026-03-24T06:13:23Z,,,,,,,,Cultivo 2,2026-03
{'$oid': '69c22f41b2147717dbde72f1'},2026-03-24 06:20:03+00:00,2026-03-24T06:26:43Z,4.0,13.6,82.5,,2026-03-24T06:29:21Z,2026-03-24T06:29:21Z,2026-03-24T06:26:43Z,,,,,,,,Cultivo 2,2026-03
{'$oid': '69c23199b2147717dbde72f2'},2026-03-24 06:33:23+00:00,2026-03-24T06:33:23Z,2.0,13.6,82.5,,2026-03-24T06:39:21Z,2026-03-24T06:39:21Z,2026-03-24T06:33:23Z,,,,,,,,Cultivo 2,2026-03
{'$oid': '69c233f1b2147717dbde72f3'},2026-03-24 06:40:03+00:00,2026-03-24T06:46:43Z,4.0,13.5,82.35,,2026-03-24T06:49:21Z,2026-03-24T06:49:21Z,2026-03-24T06:46:43Z,,,,,,,,Cultivo 2,2026-03
{'$oid': '69c23649b2147717dbde72f4'},2026-03-24 06:53:23+00:00,2026-03-24T06:53:23Z,2.0,13.4,82.1,,2026-03-24T06:59:21Z,2026-03-24T06:59:21Z,2026-03-24T06:53:23Z,,,,,,,,Cultivo 2,2026-03
{'$oid': '69c238a1b2147717dbde72f5'},2026-03-24 07:00:03+00:00,2026-03-24T07:06:43Z,4.0,13.350000000000001,82.1,,2026-03-24T07:09:21Z,2026-03-24T07:09:21Z,2026-03-24T07:06:43Z,,,,,,,,Cultivo 2,2026-03
{'$oid': '69c23af9b2147717dbde72f6'},2026-03-24 07:13:23+00:00,2026-03-24T07:13:23Z,2.0,13.2,82.2,,2026-03-24T07:19:21Z,2026-03-24T07:19:21Z,2026-03-24T07:13:23Z,,,,,,,,Cultivo 2,2026-03
{'$oid': '69c23d51b2147717dbde72f7'},2026-03-24 07:20:03+00:00,2026-03-24T07:26:43Z,4.0,13.149999999999999,82.30000000000001,,2026-03-24T07:29:21Z,2026-03-24T07:29:21Z,2026-03-24T07:26:43Z,,,,,,,,Cultivo 2,2026-03
{'$oid': '69c23fa9b2147717dbde72f8'},2026-03-24 07:33:23+00:00,2026-03-24T07:33:23Z,2.0,13.2,82.7,,2026-03-24T07:39:21Z,2026-03-24T07:39:21Z,2026-03-24T07:33:23Z,,,,,,,,Cultivo 2,2026-03
{'$oid': '69c24201b2147717dbde72f9'},2026-03-24 07:40:03+00:00,2026-03-24T07:46:43Z,4.0,13.4,82.5,,2026-03-24T07:49:21Z,2026-03-24T07:49:21Z,2026-03-24T07:46:43Z,,,,,,,,Cultivo 2,2026-03
{'$oid': '69c24459b2147717dbde72fa'},2026-03-24 07:53:23+00:00,2026-03-24T07:53:23Z,2.0,13.4,82.3,,2026-03-24T07:59:21Z,2026-03-24T07:59:21Z,2026-03-24T07:53:23Z,,,,,,,,Cultivo 2,2026-03
{'$oid': '69c246b2b2147717dbde72fb'},2026-03-24 08:00:03+00:00,2026-03-24T08:06:43Z,4.0,13.6,82.5,,2026-03-24T08:09:22Z,2026-03-24T08:09:22Z,2026-03-24T08:06:43Z,,,,,,,,Cultivo 2,2026-03
{'$oid': '69c2490ab2147717dbde72fc'},2026-03-24 08:13:23+00:00,2026-03-24T08:13:23Z,2.0,13.6,82.2,,2026-03-24T08:19:22Z,2026-03-24T08:19:22Z,2026-03-24T08:13:23Z,,,,,,,,Cultivo 2,2026-03
{'$oid': '69c24b62b2147717dbde72fd'},2026-03-24 08:20:03+00:00,2026-03-24T08:26:43Z,4.0,13.6,82.19999999999999,,2026-03-24T08:29:22Z,2026-03-24T08:29:22Z,2026-03-24T08:26:43Z,,,,,,,,Cultivo 2,2026-03
{'$oid': '69c24dbab2147717dbde72fe'},2026-03-24 08:33:23+00:00,2026-03-24T08:33:23Z,2.0,13.7,82.4,,2026-03-24T08:39:22Z,2026-03-24T08:39:22Z,2026-03-24T08:33:23Z,,,,,,,,Cultivo 2,2026-03
{'$oid': '69c25012b2147717dbde72ff'},2026-03-24 08:40:03+00:00,2026-03-24T08:46:43Z,4.0,13.8,82.4,,2026-03-24T08:49:22Z,2026-03-24T08:49:22Z,2026-03-24T08:46:43Z,,,,,,,,Cultivo 2,2026-03
{'$oid': '69c2526ab2147717dbde7300'},2026-03-24 08:53:23+00:00,2026-03-24T08:53:23Z,2.0,13.8,82.4,,2026-03-24T08:59:22Z,2026-03-24T08:59:22Z,2026-03-24T08:53:23Z,,,,,,,,Cultivo 2,2026-03
{'$oid': '69c254c2b2147717dbde7301'},2026-03-24 09:00:03+00:00,2026-03-24T09:06:43Z,4.0,13.75,82.1,,2026-03-24T09:09:22Z,2026-03-24T09:09:22Z,2026-03-24T09:06:43Z,,,,,,,,Cultivo 2,2026-03
{'$oid': '69c2571ab2147717dbde7302'},2026-03-24 09:13:23+00:00,2026-03-24T09:13:23Z,2.0,13.5,82.1,,2026-03-24T09:19:22Z,2026-03-24T09:19:22Z,2026-03-24T09:13:23Z,,,,,,,,Cultivo 2,2026-03
{'$oid': '69c25972b2147717dbde7303'},2026-03-24 09:20:03+00:00,2026-03-24T09:26:43Z,4.0,13.350000000000001,81.75,,2026-03-24T09:29:22Z,2026-03-24T09:29:22Z,2026-03-24T09:26:43Z,,,,,,,,Cultivo 2,2026-03
{'$oid': '69c25bcbb2147717dbde7304'},2026-03-24 09:33:23+00:00,2026-03-24T09:33:23Z,2.0,13.0,81.8,,2026-03-24T09:39:23Z,2026-03-24T09:39:23Z,2026-03-24T09:33:23Z,,,,,,,,Cultivo 2,2026-03
{'$oid': '69c25e23b2147717dbde7305'},2026-03-24 09:40:03+00:00,2026-03-24T09:46:43Z,4.0,12.7,82.0,,2026-03-24T09:49:23Z,2026-03-24T09:49:23Z,2026-03-24T09:46:43Z,,,,,,,,Cultivo 2,2026-03
{'$oid': '69c2607bb2147717dbde7306'},2026-03-24 09:53:23+00:00,2026-03-24T09:53:23Z,2.0,12.8,82.4,,2026-03-24T09:59:23Z,2026-03-24T09:59:23Z,2026-03-24T09:53:23Z,,,,,,,,Cultivo 2,2026-03
{'$oid': '69c262d3b2147717dbde7307'},2026-03-24 10:00:03+00:00,2026-03-24T10:06:43Z,4.0,12.75,82.65,,2026-03-24T10:09:23Z,2026-03-24T10:09:23Z,2026-03-24T10:06:43Z,,,,,,,,Cultivo 2,2026-03
{'$oid': '69c2652bb2147717dbde7308'},2026-03-24 10:13:23+00:00,2026-03-24T10:13:23Z,2.0,12.9,82.8,,2026-03-24T10:19:23Z,2026-03-24T10:19:23Z,2026-03-24T10:13:23Z,,,,,,,,Cultivo 2,2026-03
{'$oid': '69c26783b2147717dbde7309'},2026-03-24 10:20:03+00:00,2026-03-24T10:26:43Z,4.0,13.05,82.65,,2026-03-24T10:29:23Z,2026-03-24T10:29:23Z,2026-03-24T10:26:43Z,,,,,,,,Cultivo 2,2026-03
{'$oid': '69c269dbb2147717dbde730a'},2026-03-24 10:33:23+00:00,2026-03-24T10:33:23Z,2.0,13.1,82.2,,2026-03-24T10:39:23Z,2026-03-24T10:39:23Z,2026-03-24T10:33:23Z,,,,,,,,Cultivo 2,2026-03
{'$oid': '69c26c33b2147717dbde730b'},2026-03-24 10:40:03+00:00,2026-03-24T10:46:43Z,4.0,12.9,82.1,,2026-03-24T10:49:23Z,2026-03-24T10:49:23Z,2026-03-24T10:46:43Z,,,,,,,,Cultivo 2,2026-03
{'$oid': '69c26e8bb2147717dbde730c'},2026-03-24 10:53:24+00:00,2026-03-24T10:53:24Z,2.0,13.0,82.4,,2026-03-24T10:59:23Z,2026-03-24T10:59:23Z,2026-03-24T10:53:24Z,,,,,,,,Cultivo 2,2026-03
{'$oid': '69c270e3b2147717dbde730d'},2026-03-24 11:00:03+00:00,2026-03-24T11:06:44Z,4.0,12.75,82.1,,2026-03-24T11:09:23Z,2026-03-24T11:09:23Z,2026-03-24T11:06:44Z,,,,,,,,Cultivo 2,2026-03
{'$oid': '69c2733bb2147717dbde730e'},2026-03-24 11:13:24+00:00,2026-03-24T11:13:24Z,2.0,12.6,82.2,,2026-03-24T11:19:23Z,2026-03-24T11:19:23Z,2026-03-24T11:13:24Z,,,,,,,,Cultivo 2,2026-03
{'$oid': '69c27594b2147717dbde730f'},2026-03-24 11:20:04+00:00,2026-03-24T11:26:44Z,4.0,12.649999999999999,82.4,,2026-03-24T11:29:24Z,2026-03-24T11:29:24Z,2026-03-24T11:26:44Z,,,,,,,,Cultivo 2,2026-03
{'$oid': '69c277ecb2147717dbde7310'},2026-03-24 11:33:24+00:00,2026-03-24T11:33:24Z,2.0,13.0,82.2,,2026-03-24T11:39:24Z,2026-03-24T11:39:24Z,2026-03-24T11:33:24Z,,,,,,,,Cultivo 2,2026-03
{'$oid': '69c27a44b2147717dbde7311'},2026-03-24 11:40:04+00:00,2026-03-24T11:46:44Z,4.0,13.45,81.85,,2026-03-24T11:49:24Z,2026-03-24T11:49:24Z,2026-03-24T11:46:44Z,,,,,,,,Cultivo 2,2026-03
{'$oid': '69c27c9cb2147717dbde7312'},2026-03-24 11:53:24+00:00,2026-03-24T11:53:24Z,2.0,13.8,81.2,,2026-03-24T11:59:24Z,2026-03-24T11:59:24Z,2026-03-24T11:53:24Z,,,,,,,,Cultivo 2,2026-03
{'$oid': '69c27ef4b2147717dbde7313'},2026-03-24 12:00:04+00:00,2026-03-24T12:06:44Z,4.0,14.45,80.55000000000001,,2026-03-24T12:09:24Z,2026-03-24T12:09:24Z,2026-03-24T12:06:44Z,,,,,,,,Cultivo 2,2026-03
{'$oid': '69c2814cb2147717dbde7314'},2026-03-24 12:13:24+00:00,2026-03-24T12:13:24Z,2.0,15.9,78.3,,2026-03-24T12:19:24Z,2026-03-24T12:19:24Z,2026-03-24T12:13:24Z,,,,,,,,Cultivo 2,2026-03
{'$oid': '69c283a4b2147717dbde7315'},2026-03-24 12:20:04+00:00,2026-03-24T12:26:44Z,4.0,20.799999999999997,71.1,,2026-03-24T12:29:24Z,2026-03-24T12:29:24Z,2026-03-24T12:26:44Z,,,,,,,,Cultivo 2,2026-03
{'$oid': '69c285fcb2147717dbde7316'},2026-03-24 12:33:24+00:00,2026-03-24T12:33:24Z,2.0,24.8,59.7,,2026-03-24T12:39:24Z,2026-03-24T12:39:24Z,2026-03-24T12:33:24Z,,,,,,,,Cultivo 2,2026-03
{'$oid': '69c28854b2147717dbde7317'},2026-03-24 12:40:04+00:00,2026-03-24T12:46:44Z,4.0,25.1,59.25,,2026-03-24T12:49:24Z,2026-03-24T12:49:24Z,2026-03-24T12:46:44Z,,,,,,,,Cultivo 2,2026-03
{'$oid': '69c28aacb2147717dbde7318'},2026-03-24 12:53:24+00:00,2026-03-24T12:53:24Z,2.0,25.3,58.5,,2026-03-24T12:59:24Z,2026-03-24T12:59:24Z,2026-03-24T12:53:24Z,,,,,,,,Cultivo 2,2026-03
{'$oid': '69c28d05b2147717dbde7319'},2026-03-24 13:00:04+00:00,2026-03-24T13:06:44Z,4.0,25.799999999999997,57.6,,2026-03-24T13:09:25Z,2026-03-24T13:09:25Z,2026-03-24T13:06:44Z,,,,,,,,Cultivo 2,2026-03
{'$oid': '69c28f5db2147717dbde731a'},2026-03-24 13:13:24+00:00,2026-03-24T13:13:24Z,2.0,26.8,57.3,,2026-03-24T13:19:25Z,2026-03-24T13:19:25Z,2026-03-24T13:13:24Z,,,,,,,,Cultivo 2,2026-03
{'$oid': '69c291b5b2147717dbde731b'},2026-03-24 13:20:04+00:00,2026-03-24T13:26:44Z,4.0,28.35,52.650000000000006,,2026-03-24T13:29:25Z,2026-03-24T13:29:25Z,2026-03-24T13:26:44Z,,,,,,,,Cultivo 2,2026-03
{'$oid': '69c29665b2147717dbde731c'},2026-03-24 13:40:04+00:00,2026-03-24T13:46:44Z,4.0,31.35,50.349999999999994,,2026-03-24T13:49:25Z,2026-03-24T13:49:25Z,2026-03-24T13:46:44Z,,,,,,,,Cultivo 2,2026-03
{'$oid': '69c298bdb2147717dbde731d'},2026-03-24 13:53:24+00:00,2026-03-24T13:53:24Z,2.0,32.6,48.0,,2026-03-24T13:59:25Z,2026-03-24T13:59:25Z,2026-03-24T13:53:24Z,,,,,,,,Cultivo 2,2026-03
{'$oid': '69c29b15b2147717dbde731e'},2026-03-24 14:00:04+00:00,2026-03-24T14:06:44Z,4.0,34.05,45.2,,2026-03-24T14:09:25Z,2026-03-24T14:09:25Z,2026-03-24T14:06:44Z,,,,,,,,Cultivo 2,2026-03
{'$oid': '69c29d6db2147717dbde731f'},2026-03-24 14:13:24+00:00,2026-03-24T14:13:24Z,2.0,36.7,42.0,,2026-03-24T14:19:25Z,2026-03-24T14:19:25Z,2026-03-24T14:13:24Z,,,,,,,,Cultivo 2,2026-03
{'$oid': '69c29fc5b2147717dbde7320'},2026-03-24 14:20:04+00:00,2026-03-24T14:26:44Z,4.0,38.900000000000006,40.3,,2026-03-24T14:29:25Z,2026-03-24T14:29:25Z,2026-03-24T14:26:44Z,,,,,,,,Cultivo 2,2026-03
{'$oid': '69c2a21db2147717dbde7321'},2026-03-24 14:33:24+00:00,2026-03-24T14:33:24Z,2.0,39.8,42.1,,2026-03-24T14:39:25Z,2026-03-24T14:39:25Z,2026-03-24T14:33:24Z,,,,,,,,Cultivo 2,2026-03
{'$oid': '69c2a475b2147717dbde7322'},2026-03-24 14:40:04+00:00,2026-03-24T14:46:44Z,4.0,42.7,38.6,,2026-03-24T14:49:25Z,2026-03-24T14:49:25Z,2026-03-24T14:46:44Z,,,,,,,,Cultivo 2,2026-03
{'$oid': '69c2a6cdb2147717dbde7323'},2026-03-24 14:53:24+00:00,2026-03-24T14:53:24Z,2.0,45.0,34.6,,2026-03-24T14:59:25Z,2026-03-24T14:59:25Z,2026-03-24T14:53:24Z,,,,,,,,Cultivo 2,2026-03
{'$oid': '69c2a925b2147717dbde7324'},2026-03-24 15:00:04+00:00,2026-03-24T15:06:44Z,4.0,44.7,32.650000000000006,,2026-03-24T15:09:25Z,2026-03-24T15:09:25Z,2026-03-24T15:06:44Z,,,,,,,,Cultivo 2,2026-03
{'$oid': '69c2ab7eb2147717dbde7325'},2026-03-24 15:13:24+00:00,2026-03-24T15:13:24Z,2.0,44.9,32.6,,2026-03-24T15:19:26Z,2026-03-24T15:19:26Z,2026-03-24T15:13:24Z,,,,,,,,Cultivo 2,2026-03
{'$oid': '69c2add6b2147717dbde7326'},2026-03-24 15:20:04+00:00,2026-03-24T15:26:44Z,4.0,44.25,33.2,,2026-03-24T15:29:26Z,2026-03-24T15:29:26Z,2026-03-24T15:26:44Z,,,,,,,,Cultivo 2,2026-03
{'$oid': '69c2b02eb2147717dbde7327'},2026-03-24 15:33:24+00:00,2026-03-24T15:33:24Z,2.0,43.9,31.4,,2026-03-24T15:39:26Z,2026-03-24T15:39:26Z,2026-03-24T15:33:24Z,,,,,,,,Cultivo 2,2026-03
{'$oid': '69c2b286b2147717dbde7328'},2026-03-24 15:40:04+00:00,2026-03-24T15:46:44Z,4.0,43.35,32.85,,2026-03-24T15:49:26Z,2026-03-24T15:49:26Z,2026-03-24T15:46:44Z,,,,,,,,Cultivo 2,2026-03
{'$oid': '69c2b4deb2147717dbde7329'},2026-03-24 15:53:24+00:00,2026-03-24T15:53:24Z,2.0,43.5,33.3,,2026-03-24T15:59:26Z,2026-03-24T15:59:26Z,2026-03-24T15:53:24Z,,,,,,,,Cultivo 2,2026-03
{'$oid': '69c2b736b2147717dbde732a'},2026-03-24 16:00:04+00:00,2026-03-24T16:06:44Z,4.0,43.75,32.55,,2026-03-24T16:09:26Z,2026-03-24T16:09:26Z,2026-03-24T16:06:44Z,,,,,,,,Cultivo 2,2026-03
{'$oid': '69c2b98eb2147717dbde732b'},2026-03-24 16:13:24+00:00,2026-03-24T16:13:24Z,2.0,43.6,33.6,,2026-03-24T16:19:26Z,2026-03-24T16:19:26Z,2026-03-24T16:13:24Z,,,,,,,,Cultivo 2,2026-03
{'$oid': '69c2bbe6b2147717dbde732c'},2026-03-24 16:20:04+00:00,2026-03-24T16:26:44Z,4.0,43.2,33.05,,2026-03-24T16:29:26Z,2026-03-24T16:29:26Z,2026-03-24T16:26:44Z,,,,,,,,Cultivo 2,2026-03
{'$oid': '69c2be3eb2147717dbde732d'},2026-03-24 16:33:24+00:00,2026-03-24T16:33:24Z,2.0,43.1,32.3,,2026-03-24T16:39:26Z,2026-03-24T16:39:26Z,2026-03-24T16:33:24Z,,,,,,,,Cultivo 2,2026-03
{'$oid': '69c2c097b2147717dbde732e'},2026-03-24 16:40:04+00:00,2026-03-24T16:46:47Z,4.0,43.099999999999994,32.8,,2026-03-24T16:49:27Z,2026-03-24T16:49:27Z,2026-03-24T16:46:47Z,,,,,,,,Cultivo 2,2026-03
{'$oid': '69c2c2efb2147717dbde732f'},2026-03-24 16:53:24+00:00,2026-03-24T16:53:24Z,2.0,43.6,31.4,,2026-03-24T16:59:27Z,2026-03-24T16:59:27Z,2026-03-24T16:53:24Z,,,,,,,,Cultivo 2,2026-03
{'$oid': '69c2c547b2147717dbde7330'},2026-03-24 17:00:04+00:00,2026-03-24T17:06:44Z,4.0,43.3,33.599999999999994,,2026-03-24T17:09:27Z,2026-03-24T17:09:27Z,2026-03-24T17:06:44Z,,,,,,,,Cultivo 2,2026-03
{'$oid': '69c2c79fb2147717dbde7331'},2026-03-24 17:13:24+00:00,2026-03-24T17:13:24Z,2.0,42.7,33.6,,2026-03-24T17:19:27Z,2026-03-24T17:19:27Z,2026-03-24T17:13:24Z,,,,,,,,Cultivo 2,2026-03
{'$oid': '69c2c9f7b2147717dbde7332'},2026-03-24 17:20:04+00:00,2026-03-24T17:26:44Z,4.0,41.599999999999994,34.05,,2026-03-24T17:29:27Z,2026-03-24T17:29:27Z,2026-03-24T17:26:44Z,,,,,,,,Cultivo 2,2026-03
{'$oid': '69c2cc4fb2147717dbde7333'},2026-03-24 17:33:24+00:00,2026-03-24T17:33:24Z,2.0,40.0,36.2,,2026-03-24T17:39:27Z,2026-03-24T17:39:27Z,2026-03-24T17:33:24Z,,,,,,,,Cultivo 2,2026-03
{'$oid': '69c2cea7b2147717dbde7334'},2026-03-24 17:40:04+00:00,2026-03-24T17:46:44Z,4.0,39.05,35.599999999999994,,2026-03-24T17:49:27Z,2026-03-24T17:49:27Z,2026-03-24T17:46:44Z,,,,,,,,Cultivo 2,2026-03
{'$oid': '69c2d0ffb2147717dbde7335'},2026-03-24 17:53:24+00:00,2026-03-24T17:53:24Z,2.0,38.2,34.7,,2026-03-24T17:59:27Z,2026-03-24T17:59:27Z,2026-03-24T17:53:24Z,,,,,,,,Cultivo 2,2026-03
{'$oid': '69c2d358b2147717dbde7336'},2026-03-24 18:00:04+00:00,2026-03-24T18:06:44Z,4.0,36.0,37.6,,2026-03-24T18:09:28Z,2026-03-24T18:09:28Z,2026-03-24T18:06:44Z,,,,,,,,Cultivo 2,2026-03
{'$oid': '69c2d5b0b2147717dbde7337'},2026-03-24 18:13:24+00:00,2026-03-24T18:13:24Z,2.0,34.7,38.2,,2026-03-24T18:19:28Z,2026-03-24T18:19:28Z,2026-03-24T18:13:24Z,,,,,,,,Cultivo 2,2026-03
{'$oid': '69c2d808b2147717dbde7338'},2026-03-24 18:20:04+00:00,2026-03-24T18:26:44Z,4.0,34.6,40.45,,2026-03-24T18:29:28Z,2026-03-24T18:29:28Z,2026-03-24T18:26:44Z,,,,,,,,Cultivo 2,2026-03
{'$oid': '69c2da60b2147717dbde7339'},2026-03-24 18:33:24+00:00,2026-03-24T18:33:24Z,2.0,33.3,38.9,,2026-03-24T18:39:28Z,2026-03-24T18:39:28Z,2026-03-24T18:33:24Z,,,,,,,,Cultivo 2,2026-03
{'$oid': '69c2dcb8b2147717dbde733a'},2026-03-24 18:40:04+00:00,2026-03-24T18:46:44Z,4.0,32.25,41.45,,2026-03-24T18:49:28Z,2026-03-24T18:49:28Z,2026-03-24T18:46:44Z,,,,,,,,Cultivo 2,2026-03
{'$oid': '69c2df10b2147717dbde733b'},2026-03-24 18:53:24+00:00,2026-03-24T18:53:24Z,2.0,31.8,45.2,,2026-03-24T18:59:28Z,2026-03-24T18:59:28Z,2026-03-24T18:53:24Z,,,,,,,,Cultivo 2,2026-03
{'$oid': '69c2e168b2147717dbde733c'},2026-03-24 19:00:05+00:00,2026-03-24T19:06:44Z,4.0,29.65,47.05,,2026-03-24T19:09:28Z,2026-03-24T19:09:28Z,2026-03-24T19:06:44Z,,,,,,,,Cultivo 2,2026-03
{'$oid': '69c2e3c0b2147717dbde733d'},2026-03-24 19:13:25+00:00,2026-03-24T19:13:25Z,2.0,29.0,46.6,,2026-03-24T19:19:28Z,2026-03-24T19:19:28Z,2026-03-24T19:13:25Z,,,,,,,,Cultivo 2,2026-03
{'$oid': '69c2e618b2147717dbde733e'},2026-03-24 19:20:05+00:00,2026-03-24T19:26:45Z,4.0,29.0,46.8,,2026-03-24T19:29:28Z,2026-03-24T19:29:28Z,2026-03-24T19:26:45Z,,,,,,,,Cultivo 2,2026-03
{'$oid': '69c2e870b2147717dbde733f'},2026-03-24 19:33:25+00:00,2026-03-24T19:33:25Z,2.0,30.4,46.3,,2026-03-24T19:39:28Z,2026-03-24T19:39:28Z,2026-03-24T19:33:25Z,,,,,,,,Cultivo 2,2026-03
{'$oid': '69c2eac8b2147717dbde7340'},2026-03-24 19:40:05+00:00,2026-03-24T19:46:45Z,4.0,31.0,45.7,,2026-03-24T19:49:28Z,2026-03-24T19:49:28Z,2026-03-24T19:46:45Z,,,,,,,,Cultivo 2,2026-03
{'$oid': '69c2ed20b2147717dbde7341'},2026-03-24 19:53:26+00:00,2026-03-24T19:53:26Z,2.0,28.7,48.4,,2026-03-24T19:59:28Z,2026-03-24T19:59:28Z,2026-03-24T19:53:26Z,,,,,,,,Cultivo 2,2026-03
{'$oid': '69c2ef79b2147717dbde7342'},2026-03-24 20:00:05+00:00,2026-03-24T20:06:45Z,4.0,26.200000000000003,52.650000000000006,,2026-03-24T20:09:29Z,2026-03-24T20:09:29Z,2026-03-24T20:06:45Z,,,,,,,,Cultivo 2,2026-03
{'$oid': '69c2f1d1b2147717dbde7343'},2026-03-24 20:13:25+00:00,2026-03-24T20:13:25Z,2.0,25.0,53.7,,2026-03-24T20:19:29Z,2026-03-24T20:19:29Z,2026-03-24T20:13:25Z,,,,,,,,Cultivo 2,2026-03
{'$oid': '69c2f429b2147717dbde7344'},2026-03-24 20:20:07+00:00,2026-03-24T20:26:45Z,4.0,24.450000000000003,55.05,,2026-03-24T20:29:29Z,2026-03-24T20:29:29Z,2026-03-24T20:26:45Z,,,,,,,,Cultivo 2,2026-03
{'$oid': '69c2f681b2147717dbde7345'},2026-03-24 20:33:25+00:00,2026-03-24T20:33:25Z,2.0,23.8,58.1,,2026-03-24T20:39:29Z,2026-03-24T20:39:29Z,2026-03-24T20:33:25Z,,,,,,,,Cultivo 2,2026-03
{'$oid': '69c2f8d9b2147717dbde7346'},2026-03-24 20:40:05+00:00,2026-03-24T20:46:47Z,4.0,23.1,59.4,,2026-03-24T20:49:29Z,2026-03-24T20:49:29Z,2026-03-24T20:46:47Z,,,,,,,,Cultivo 2,2026-03
{'$oid': '69c2fb31b2147717dbde7347'},2026-03-24 20:53:26+00:00,2026-03-24T20:53:38Z,6.0,23.1,58.6,,2026-03-24T20:59:29Z,2026-03-24T20:59:29Z,2026-03-24T20:53:38Z,,,,,,,,Cultivo 2,2026-03
{'$oid': '69c2fd89b2147717dbde7348'},2026-03-24 21:00:06+00:00,2026-03-24T21:06:46Z,4.0,23.05,59.0,,2026-03-24T21:09:29Z,2026-03-24T21:09:29Z,2026-03-24T21:06:46Z,,,,,,,,Cultivo 2,2026-03
{'$oid': '69c2ffe1b2147717dbde7349'},2026-03-24 21:13:25+00:00,2026-03-24T21:13:25Z,2.0,22.9,59.9,,2026-03-24T21:19:29Z,2026-03-24T21:19:29Z,2026-03-24T21:13:25Z,,,,,,,,Cultivo 2,2026-03
{'$oid': '69c30239b2147717dbde734a'},2026-03-24 21:20:06+00:00,2026-03-24T21:26:45Z,4.0,21.65,64.0,,2026-03-24T21:29:29Z,2026-03-24T21:29:29Z,2026-03-24T21:26:45Z,,,,,,,,Cultivo 2,2026-03
{'$oid': '69c30492b2147717dbde734b'},2026-03-24 21:33:25+00:00,2026-03-24T21:33:25Z,2.0,21.0,65.8,,2026-03-24T21:39:30Z,2026-03-24T21:39:30Z,2026-03-24T21:33:25Z,,,,,,,,Cultivo 2,2026-03
{'$oid': '69c306eab2147717dbde734c'},2026-03-24 21:40:06+00:00,2026-03-24T21:46:45Z,4.0,20.6,67.5,,2026-03-24T21:49:30Z,2026-03-24T21:49:30Z,2026-03-24T21:46:45Z,,,,,,,,Cultivo 2,2026-03
{'$oid': '69c30942b2147717dbde734d'},2026-03-24 21:53:26+00:00,2026-03-24T21:53:26Z,2.0,20.0,68.5,,2026-03-24T21:59:30Z,2026-03-24T21:59:30Z,2026-03-24T21:53:26Z,,,,,,,,Cultivo 2,2026-03
{'$oid': '69c30b9ab2147717dbde734e'},2026-03-24 22:00:05+00:00,2026-03-24T22:06:45Z,4.0,19.2,70.0,,2026-03-24T22:09:30Z,2026-03-24T22:09:30Z,2026-03-24T22:06:45Z,,,,,,,,Cultivo 2,2026-03
{'$oid': '69c30df2b2147717dbde734f'},2026-03-24 22:13:25+00:00,2026-03-24T22:13:25Z,2.0,18.8,71.0,,2026-03-24T22:19:30Z,2026-03-24T22:19:30Z,2026-03-24T22:13:25Z,,,,,,,,Cultivo 2,2026-03
{'$oid': '69c3104ab2147717dbde7350'},2026-03-24 22:20:05+00:00,2026-03-24T22:26:45Z,6.0,18.4,73.0,,2026-03-24T22:29:30Z,2026-03-24T22:29:30Z,2026-03-24T22:26:45Z,,,,,,,,Cultivo 2,2026-03
{'$oid': '69c312a2b2147717dbde7351'},2026-03-24 22:33:25+00:00,2026-03-24T22:33:25Z,2.0,18.2,75.9,,2026-03-24T22:39:30Z,2026-03-24T22:39:30Z,2026-03-24T22:33:25Z,,,,,,,,Cultivo 2,2026-03
{'$oid': '69c314fab2147717dbde7352'},2026-03-24 22:40:05+00:00,2026-03-24T22:46:45Z,4.0,18.35,76.05,,2026-03-24T22:49:30Z,2026-03-24T22:49:30Z,2026-03-24T22:46:45Z,,,,,,,,Cultivo 2,2026-03
{'$oid': '69c31752b2147717dbde7353'},2026-03-24 22:53:25+00:00,2026-03-24T22:53:25Z,2.0,18.1,76.5,,2026-03-24T22:59:30Z,2026-03-24T22:59:30Z,2026-03-24T22:53:25Z,,,,,,,,Cultivo 2,2026-03
{'$oid': '69c319abb2147717dbde7354'},2026-03-24 23:00:07+00:00,2026-03-24T23:06:46Z,4.0,18.15,76.9,,2026-03-24T23:09:31Z,2026-03-24T23:09:31Z,2026-03-24T23:06:46Z,,,,,,,,Cultivo 2,2026-03
{'$oid': '69c31c03b2147717dbde7355'},2026-03-24 23:13:25+00:00,2026-03-24T23:13:25Z,2.0,17.9,78.0,,2026-03-24T23:19:31Z,2026-03-24T23:19:31Z,2026-03-24T23:13:25Z,,,,,,,,Cultivo 2,2026-03
{'$oid': '69c31e5bb2147717dbde7356'},2026-03-24 23:20:06+00:00,2026-03-24T23:26:46Z,4.0,17.7,78.3,,2026-03-24T23:29:31Z,2026-03-24T23:29:31Z,2026-03-24T23:26:46Z,,,,,,,,Cultivo 2,2026-03
{'$oid': '69c320b3b2147717dbde7357'},2026-03-24 23:33:25+00:00,2026-03-24T23:33:25Z,2.0,17.5,79.5,,2026-03-24T23:39:31Z,2026-03-24T23:39:31Z,2026-03-24T23:33:25Z,,,,,,,,Cultivo 2,2026-03
{'$oid': '69c3230bb2147717dbde7358'},2026-03-24 23:40:05+00:00,2026-03-24T23:46:45Z,4.0,17.2,79.65,,2026-03-24T23:49:31Z,2026-03-24T23:49:31Z,2026-03-24T23:46:45Z,,,,,,,,Cultivo 2,2026-03
{'$oid': '69c32563b2147717dbde7359'},2026-03-24 23:53:25+00:00,2026-03-24T23:53:25Z,2.0,17.1,79.8,,2026-03-24T23:59:31Z,2026-03-24T23:59:31Z,2026-03-24T23:53:25Z,,,,,,,,Cultivo 2,2026-03
{'$oid': '69c327bbb2147717dbde735a'},2026-03-25 00:00:05+00:00,2026-03-25T00:06:45Z,4.0,17.0,79.75,,2026-03-25T00:09:31Z,2026-03-25T00:09:31Z,2026-03-25T00:06:45Z,,,,,,,,Cultivo 2,2026-03
{'$oid': '69c32a13b2147717dbde735b'},2026-03-25 00:13:25+00:00,2026-03-25T00:13:25Z,2.0,17.0,79.9,,2026-03-25T00:19:31Z,2026-03-25T00:19:31Z,2026-03-25T00:13:25Z,,,,,,,,Cultivo 2,2026-03
{'$oid': '69c32c6bb2147717dbde735c'},2026-03-25 00:20:06+00:00,2026-03-25T00:26:47Z,4.0,17.0,80.2,,2026-03-25T00:29:31Z,2026-03-25T00:29:31Z,2026-03-25T00:26:47Z,,,,,,,,Cultivo 2,2026-03
{'$oid': '69c32ec4b2147717dbde735d'},2026-03-25 00:33:25+00:00,2026-03-25T00:33:25Z,2.0,16.9,80.9,,2026-03-25T00:39:32Z,2026-03-25T00:39:32Z,2026-03-25T00:33:25Z,,,,,,,,Cultivo 2,2026-03
{'$oid': '69c3311cb2147717dbde735e'},2026-03-25 00:40:05+00:00,2026-03-25T00:46:47Z,4.0,16.9,80.65,,2026-03-25T00:49:32Z,2026-03-25T00:49:32Z,2026-03-25T00:46:47Z,,,,,,,,Cultivo 2,2026-03
{'$oid': '69c33374b2147717dbde735f'},2026-03-25 00:53:27+00:00,2026-03-25T00:53:27Z,2.0,16.8,81.1,,2026-03-25T00:59:32Z,2026-03-25T00:59:32Z,2026-03-25T00:53:27Z,,,,,,,,Cultivo 2,2026-03
{'$oid': '69c335ccb2147717dbde7360'},2026-03-25 01:00:07+00:00,2026-03-25T01:06:47Z,4.0,16.7,81.05,,2026-03-25T01:09:32Z,2026-03-25T01:09:32Z,2026-03-25T01:06:47Z,,,,,,,,Cultivo 2,2026-03
{'$oid': '69c33824b2147717dbde7361'},2026-03-25 01:13:26+00:00,2026-03-25T01:13:26Z,2.0,16.7,81.4,,2026-03-25T01:19:32Z,2026-03-25T01:19:32Z,2026-03-25T01:13:26Z,,,,,,,,Cultivo 2,2026-03
{'$oid': '69c33a7cb2147717dbde7362'},2026-03-25 01:20:05+00:00,2026-03-25T01:26:47Z,4.0,16.7,81.35,,2026-03-25T01:29:32Z,2026-03-25T01:29:32Z,2026-03-25T01:26:47Z,,,,,,,,Cultivo 2,2026-03
{'$oid': '69c33cd4b2147717dbde7363'},2026-03-25 01:33:25+00:00,2026-03-25T01:33:25Z,2.0,16.7,81.5,,2026-03-25T01:39:32Z,2026-03-25T01:39:32Z,2026-03-25T01:33:25Z,,,,,,,,Cultivo 2,2026-03
{'$oid': '69c33f2cb2147717dbde7364'},2026-03-25 01:40:05+00:00,2026-03-25T01:46:46Z,4.0,16.6,81.6,,2026-03-25T01:49:32Z,2026-03-25T01:49:32Z,2026-03-25T01:46:46Z,,,,,,,,Cultivo 2,2026-03
{'$oid': '69c34184b2147717dbde7365'},2026-03-25 01:53:27+00:00,2026-03-25T01:53:27Z,2.0,16.6,81.4,,2026-03-25T01:59:32Z,2026-03-25T01:59:32Z,2026-03-25T01:53:27Z,,,,,,,,Cultivo 2,2026-03
{'$oid': '69c343ddb2147717dbde7366'},2026-03-25 02:00:06+00:00,2026-03-25T02:06:46Z,4.0,16.5,81.85,,2026-03-25T02:09:33Z,2026-03-25T02:09:33Z,2026-03-25T02:06:46Z,,,,,,,,Cultivo 2,2026-03
{'$oid': '69c34635b2147717dbde7367'},2026-03-25 02:13:26+00:00,2026-03-25T02:13:26Z,2.0,16.4,81.4,,2026-03-25T02:19:33Z,2026-03-25T02:19:33Z,2026-03-25T02:13:26Z,,,,,,,,Cultivo 2,2026-03
{'$oid': '69c3488db2147717dbde7368'},2026-03-25 02:20:07+00:00,2026-03-25T02:26:47Z,4.0,16.35,81.75,,2026-03-25T02:29:33Z,2026-03-25T02:29:33Z,2026-03-25T02:26:47Z,,,,,,,,Cultivo 2,2026-03
{'$oid': '69c34ae5b2147717dbde7369'},2026-03-25 02:33:26+00:00,2026-03-25T02:33:26Z,2.0,16.5,81.6,,2026-03-25T02:39:33Z,2026-03-25T02:39:33Z,2026-03-25T02:33:26Z,,,,,,,,Cultivo 2,2026-03
{'$oid': '69c34d3db2147717dbde736a'},2026-03-25 02:40:07+00:00,2026-03-25T02:46:46Z,4.0,16.55,81.35,,2026-03-25T02:49:33Z,2026-03-25T02:49:33Z,2026-03-25T02:46:46Z,,,,,,,,Cultivo 2,2026-03
{'$oid': '69c34f95b2147717dbde736b'},2026-03-25 02:53:26+00:00,2026-03-25T02:53:26Z,2.0,16.5,81.5,,2026-03-25T02:59:33Z,2026-03-25T02:59:33Z,2026-03-25T02:53:26Z,,,,,,,,Cultivo 2,2026-03
{'$oid': '69c351edb2147717dbde736c'},2026-03-25 03:00:05+00:00,2026-03-25T03:06:46Z,4.0,16.4,81.45,,2026-03-25T03:09:33Z,2026-03-25T03:09:33Z,2026-03-25T03:06:46Z,,,,,,,,Cultivo 2,2026-03
{'$oid': '69c35445b2147717dbde736d'},2026-03-25 03:13:26+00:00,2026-03-25T03:13:26Z,2.0,16.4,81.6,,2026-03-25T03:19:33Z,2026-03-25T03:19:33Z,2026-03-25T03:13:26Z,,,,,,,,Cultivo 2,2026-03
{'$oid': '69c3569db2147717dbde736e'},2026-03-25 03:20:05+00:00,2026-03-25T03:26:45Z,4.0,16.45,81.85,,2026-03-25T03:29:33Z,2026-03-25T03:29:33Z,2026-03-25T03:26:45Z,,,,,,,,Cultivo 2,2026-03
{'$oid': '69c358f5b2147717dbde736f'},2026-03-25 03:33:26+00:00,2026-03-25T03:33:26Z,2.0,16.5,82.0,,2026-03-25T03:39:33Z,2026-03-25T03:39:33Z,2026-03-25T03:33:26Z,,,,,,,,Cultivo 2,2026-03
{'$oid': '69c35b4db2147717dbde7370'},2026-03-25 03:40:05+00:00,2026-03-25T03:46:45Z,4.0,16.5,82.0,,2026-03-25T03:49:33Z,2026-03-25T03:49:33Z,2026-03-25T03:46:45Z,,,,,,,,Cultivo 2,2026-03
{'$oid': '69c35da6b2147717dbde7371'},2026-03-25 03:53:25+00:00,2026-03-25T03:53:25Z,2.0,16.6,81.7,,2026-03-25T03:59:34Z,2026-03-25T03:59:34Z,2026-03-25T03:53:25Z,,,,,,,,Cultivo 2,2026-03
{'$oid': '69c35ffeb2147717dbde7372'},2026-03-25 04:00:05+00:00,2026-03-25T04:06:45Z,4.0,16.45,82.2,,2026-03-25T04:09:34Z,2026-03-25T04:09:34Z,2026-03-25T04:06:45Z,,,,,,,,Cultivo 2,2026-03
{'$oid': '69c36256b2147717dbde7373'},2026-03-25 04:13:25+00:00,2026-03-25T04:13:25Z,2.0,16.4,82.4,,2026-03-25T04:19:34Z,2026-03-25T04:19:34Z,2026-03-25T04:13:25Z,,,,,,,,Cultivo 2,2026-03
{'$oid': '69c364aeb2147717dbde7374'},2026-03-25 04:20:05+00:00,2026-03-25T04:26:45Z,4.0,16.35,82.15,,2026-03-25T04:29:34Z,2026-03-25T04:29:34Z,2026-03-25T04:26:45Z,,,,,,,,Cultivo 2,2026-03
{'$oid': '69c36706b2147717dbde7375'},2026-03-25 04:33:25+00:00,2026-03-25T04:33:25Z,2.0,16.3,82.0,,2026-03-25T04:39:34Z,2026-03-25T04:39:34Z,2026-03-25T04:33:25Z,,,,,,,,Cultivo 2,2026-03
{'$oid': '69c3695eb2147717dbde7376'},2026-03-25 04:40:05+00:00,2026-03-25T04:46:45Z,4.0,16.35,81.95,,2026-03-25T04:49:34Z,2026-03-25T04:49:34Z,2026-03-25T04:46:45Z,,,,,,,,Cultivo 2,2026-03
{'$oid': '69c36bb6b2147717dbde7377'},2026-03-25 04:53:25+00:00,2026-03-25T04:53:25Z,2.0,16.2,81.9,,2026-03-25T04:59:34Z,2026-03-25T04:59:34Z,2026-03-25T04:53:25Z,,,,,,,,Cultivo 2,2026-03
{'$oid': '69c36e0eb2147717dbde7378'},2026-03-25 05:00:05+00:00,2026-03-25T05:06:45Z,4.0,16.2,81.85,,2026-03-25T05:09:34Z,2026-03-25T05:09:34Z,2026-03-25T05:06:45Z,,,,,,,,Cultivo 2,2026-03
{'$oid': '69c37066b2147717dbde7379'},2026-03-25 05:13:25+00:00,2026-03-25T05:13:25Z,2.0,16.1,82.1,,2026-03-25T05:19:34Z,2026-03-25T05:19:34Z,2026-03-25T05:13:25Z,,,,,,,,Cultivo 2,2026-03
{'$oid': '69c372bfb2147717dbde737a'},2026-03-25 05:20:05+00:00,2026-03-25T05:26:45Z,4.0,16.0,82.19999999999999,,2026-03-25T05:29:35Z,2026-03-25T05:29:35Z,2026-03-25T05:26:45Z,,,,,,,,Cultivo 2,2026-03
{'$oid': '69c37517b2147717dbde737b'},2026-03-25 05:33:25+00:00,2026-03-25T05:33:25Z,2.0,16.0,82.0,,2026-03-25T05:39:35Z,2026-03-25T05:39:35Z,2026-03-25T05:33:25Z,,,,,,,,Cultivo 2,2026-03
{'$oid': '69c3776fb2147717dbde737c'},2026-03-25 05:40:05+00:00,2026-03-25T05:46:45Z,4.0,16.0,82.3,,2026-03-25T05:49:35Z,2026-03-25T05:49:35Z,2026-03-25T05:46:45Z,,,,,,,,Cultivo 2,2026-03
{'$oid': '69c379c7b2147717dbde737d'},2026-03-25 05:53:25+00:00,2026-03-25T05:53:25Z,2.0,16.0,82.4,,2026-03-25T05:59:35Z,2026-03-25T05:59:35Z,2026-03-25T05:53:25Z,,,,,,,,Cultivo 2,2026-03
{'$oid': '69c37c1fb2147717dbde737e'},2026-03-25 06:00:05+00:00,2026-03-25T06:06:45Z,4.0,16.0,82.1,,2026-03-25T06:09:35Z,2026-03-25T06:09:35Z,2026-03-25T06:06:45Z,,,,,,,,Cultivo 2,2026-03
{'$oid': '69c37e77b2147717dbde737f'},2026-03-25 06:13:25+00:00,2026-03-25T06:13:25Z,2.0,16.0,82.2,,2026-03-25T06:19:35Z,2026-03-25T06:19:35Z,2026-03-25T06:13:25Z,,,,,,,,Cultivo 2,2026-03
{'$oid': '69c380cfb2147717dbde7380'},2026-03-25 06:20:05+00:00,2026-03-25T06:26:45Z,4.0,15.95,82.4,,2026-03-25T06:29:35Z,2026-03-25T06:29:35Z,2026-03-25T06:26:45Z,,,,,,,,Cultivo 2,2026-03
{'$oid': '69c38327b2147717dbde7381'},2026-03-25 06:33:25+00:00,2026-03-25T06:33:25Z,2.0,16.0,82.7,,2026-03-25T06:39:35Z,2026-03-25T06:39:35Z,2026-03-25T06:33:25Z,,,,,,,,Cultivo 2,2026-03
{'$oid': '69c3857fb2147717dbde7382'},2026-03-25 06:40:05+00:00,2026-03-25T06:46:45Z,4.0,16.0,82.6,,2026-03-25T06:49:35Z,2026-03-25T06:49:35Z,2026-03-25T06:46:45Z,,,,,,,,Cultivo 2,2026-03
{'$oid': '69c387d7b2147717dbde7383'},2026-03-25 06:53:25+00:00,2026-03-25T06:53:25Z,2.0,16.0,82.3,,2026-03-25T06:59:35Z,2026-03-25T06:59:35Z,2026-03-25T06:53:25Z,,,,,,,,Cultivo 2,2026-03
{'$oid': '69c38a30b2147717dbde7384'},2026-03-25 07:00:05+00:00,2026-03-25T07:06:45Z,4.0,15.95,82.45,,2026-03-25T07:09:36Z,2026-03-25T07:09:36Z,2026-03-25T07:06:45Z,,,,,,,,Cultivo 2,2026-03
{'$oid': '69c38c88b2147717dbde7385'},2026-03-25 07:13:25+00:00,2026-03-25T07:13:25Z,2.0,15.9,82.6,,2026-03-25T07:19:36Z,2026-03-25T07:19:36Z,2026-03-25T07:13:25Z,,,,,,,,Cultivo 2,2026-03
{'$oid': '69c38ee0b2147717dbde7386'},2026-03-25 07:20:06+00:00,2026-03-25T07:26:46Z,4.0,15.9,82.55000000000001,,2026-03-25T07:29:36Z,2026-03-25T07:29:36Z,2026-03-25T07:26:46Z,,,,,,,,Cultivo 2,2026-03
{'$oid': '69c39138b2147717dbde7387'},2026-03-25 07:33:26+00:00,2026-03-25T07:33:26Z,2.0,16.0,82.7,,2026-03-25T07:39:36Z,2026-03-25T07:39:36Z,2026-03-25T07:33:26Z,,,,,,,,Cultivo 2,2026-03
{'$oid': '69c39390b2147717dbde7388'},2026-03-25 07:40:06+00:00,2026-03-25T07:46:46Z,4.0,16.0,82.75,,2026-03-25T07:49:36Z,2026-03-25T07:49:36Z,2026-03-25T07:46:46Z,,,,,,,,Cultivo 2,2026-03
{'$oid': '69c395e8b2147717dbde7389'},2026-03-25 07:53:26+00:00,2026-03-25T07:53:26Z,2.0,16.0,82.6,,2026-03-25T07:59:36Z,2026-03-25T07:59:36Z,2026-03-25T07:53:26Z,,,,,,,,Cultivo 2,2026-03
{'$oid': '69c39840b2147717dbde738a'},2026-03-25 08:00:06+00:00,2026-03-25T08:06:46Z,4.0,16.0,82.65,,2026-03-25T08:09:36Z,2026-03-25T08:09:36Z,2026-03-25T08:06:46Z,,,,,,,,Cultivo 2,2026-03
{'$oid': '69c39a98b2147717dbde738b'},2026-03-25 08:13:26+00:00,2026-03-25T08:13:26Z,2.0,15.9,82.5,,2026-03-25T08:19:36Z,2026-03-25T08:19:36Z,2026-03-25T08:13:26Z,,,,,,,,Cultivo 2,2026-03
{'$oid': '69c39cf0b2147717dbde738c'},2026-03-25 08:20:06+00:00,2026-03-25T08:26:46Z,4.0,16.0,82.8,,2026-03-25T08:29:36Z,2026-03-25T08:29:36Z,2026-03-25T08:26:46Z,,,,,,,,Cultivo 2,2026-03
{'$oid': '69c39f49b2147717dbde738d'},2026-03-25 08:33:26+00:00,2026-03-25T08:33:26Z,2.0,16.0,82.6,,2026-03-25T08:39:37Z,2026-03-25T08:39:37Z,2026-03-25T08:33:26Z,,,,,,,,Cultivo 2,2026-03
{'$oid': '69c3a1a1b2147717dbde738e'},2026-03-25 08:40:06+00:00,2026-03-25T08:46:46Z,4.0,15.9,82.65,,2026-03-25T08:49:37Z,2026-03-25T08:49:37Z,2026-03-25T08:46:46Z,,,,,,,,Cultivo 2,2026-03
{'$oid': '69c3a3f9b2147717dbde738f'},2026-03-25 08:53:26+00:00,2026-03-25T08:53:26Z,2.0,15.9,82.7,,2026-03-25T08:59:37Z,2026-03-25T08:59:37Z,2026-03-25T08:53:26Z,,,,,,,,Cultivo 2,2026-03
{'$oid': '69c3a651b2147717dbde7390'},2026-03-25 09:00:06+00:00,2026-03-25T09:06:46Z,4.0,15.9,82.80000000000001,,2026-03-25T09:09:37Z,2026-03-25T09:09:37Z,2026-03-25T09:06:46Z,,,,,,,,Cultivo 2,2026-03
{'$oid': '69c3a8a9b2147717dbde7391'},2026-03-25 09:13:26+00:00,2026-03-25T09:13:26Z,2.0,15.8,82.9,,2026-03-25T09:19:37Z,2026-03-25T09:19:37Z,2026-03-25T09:13:26Z,,,,,,,,Cultivo 2,2026-03
{'$oid': '69c3ab01b2147717dbde7392'},2026-03-25 09:20:06+00:00,2026-03-25T09:26:46Z,4.0,15.8,82.95,,2026-03-25T09:29:37Z,2026-03-25T09:29:37Z,2026-03-25T09:26:46Z,,,,,,,,Cultivo 2,2026-03
{'$oid': '69c3ad59b2147717dbde7393'},2026-03-25 09:33:26+00:00,2026-03-25T09:33:26Z,2.0,15.8,83.1,,2026-03-25T09:39:37Z,2026-03-25T09:39:37Z,2026-03-25T09:33:26Z,,,,,,,,Cultivo 2,2026-03
{'$oid': '69c3afb1b2147717dbde7394'},2026-03-25 09:40:06+00:00,2026-03-25T09:46:46Z,4.0,15.7,83.0,,2026-03-25T09:49:37Z,2026-03-25T09:49:37Z,2026-03-25T09:46:46Z,,,,,,,,Cultivo 2,2026-03
{'$oid': '69c3b209b2147717dbde7395'},2026-03-25 09:53:26+00:00,2026-03-25T09:53:26Z,2.0,15.6,82.8,,2026-03-25T09:59:37Z,2026-03-25T09:59:37Z,2026-03-25T09:53:26Z,,,,,,,,Cultivo 2,2026-03
{'$oid': '69c3b461b2147717dbde7396'},2026-03-25 10:00:06+00:00,2026-03-25T10:06:46Z,4.0,15.6,82.9,,2026-03-25T10:09:37Z,2026-03-25T10:09:37Z,2026-03-25T10:06:46Z,,,,,,,,Cultivo 2,2026-03
{'$oid': '69c3b6b9b2147717dbde7397'},2026-03-25 10:13:26+00:00,2026-03-25T10:13:26Z,2.0,15.6,82.9,,2026-03-25T10:19:37Z,2026-03-25T10:19:37Z,2026-03-25T10:13:26Z,,,,,,,,Cultivo 2,2026-03
{'$oid': '69c3b912b2147717dbde7398'},2026-03-25 10:20:06+00:00,2026-03-25T10:26:46Z,4.0,15.55,82.85,,2026-03-25T10:29:38Z,2026-03-25T10:29:38Z,2026-03-25T10:26:46Z,,,,,,,,Cultivo 2,2026-03
{'$oid': '69c3bb6ab2147717dbde7399'},2026-03-25 10:33:26+00:00,2026-03-25T10:33:26Z,2.0,15.6,82.9,,2026-03-25T10:39:38Z,2026-03-25T10:39:38Z,2026-03-25T10:33:26Z,,,,,,,,Cultivo 2,2026-03
{'$oid': '69c3bdc2b2147717dbde739a'},2026-03-25 10:40:07+00:00,2026-03-25T10:46:46Z,4.0,15.55,82.9,,2026-03-25T10:49:38Z,2026-03-25T10:49:38Z,2026-03-25T10:46:46Z,,,,,,,,Cultivo 2,2026-03
{'$oid': '69c3c01ab2147717dbde739b'},2026-03-25 10:53:26+00:00,2026-03-25T10:53:26Z,2.0,15.6,82.9,,2026-03-25T10:59:38Z,2026-03-25T10:59:38Z,2026-03-25T10:53:26Z,,,,,,,,Cultivo 2,2026-03
{'$oid': '69c3c272b2147717dbde739c'},2026-03-25 11:00:06+00:00,2026-03-25T11:06:46Z,4.0,15.55,82.85,,2026-03-25T11:09:38Z,2026-03-25T11:09:38Z,2026-03-25T11:06:46Z,,,,,,,,Cultivo 2,2026-03
{'$oid': '69c3c4cab2147717dbde739d'},2026-03-25 11:13:26+00:00,2026-03-25T11:13:26Z,2.0,15.5,83.0,,2026-03-25T11:19:38Z,2026-03-25T11:19:38Z,2026-03-25T11:13:26Z,,,,,,,,Cultivo 2,2026-03
{'$oid': '69c3c722b2147717dbde739e'},2026-03-25 11:20:06+00:00,2026-03-25T11:26:46Z,4.0,15.45,82.85,,2026-03-25T11:29:38Z,2026-03-25T11:29:38Z,2026-03-25T11:26:46Z,,,,,,,,Cultivo 2,2026-03
{'$oid': '69c3c97ab2147717dbde739f'},2026-03-25 11:33:26+00:00,2026-03-25T11:33:26Z,2.0,15.5,82.5,,2026-03-25T11:39:38Z,2026-03-25T11:39:38Z,2026-03-25T11:33:26Z,,,,,,,,Cultivo 2,2026-03
{'$oid': '69c3cbd2b2147717dbde73a0'},2026-03-25 11:40:06+00:00,2026-03-25T11:46:46Z,4.0,15.7,82.65,,2026-03-25T11:49:38Z,2026-03-25T11:49:38Z,2026-03-25T11:46:46Z,,,,,,,,Cultivo 2,2026-03
{'$oid': '69c3ce2ab2147717dbde73a1'},2026-03-25 11:53:26+00:00,2026-03-25T11:53:26Z,2.0,15.8,82.5,,2026-03-25T11:59:38Z,2026-03-25T11:59:38Z,2026-03-25T11:53:26Z,,,,,,,,Cultivo 2,2026-03
{'$oid': '69c3d083b2147717dbde73a2'},2026-03-25 12:00:06+00:00,2026-03-25T12:06:46Z,4.0,16.05,81.85,,2026-03-25T12:09:39Z,2026-03-25T12:09:39Z,2026-03-25T12:06:46Z,,,,,,,,Cultivo 2,2026-03
{'$oid': '69c3d2dbb2147717dbde73a3'},2026-03-25 12:13:26+00:00,2026-03-25T12:13:26Z,2.0,16.4,81.3,,2026-03-25T12:19:39Z,2026-03-25T12:19:39Z,2026-03-25T12:13:26Z,,,,,,,,Cultivo 2,2026-03
{'$oid': '69c3d533b2147717dbde73a4'},2026-03-25 12:20:06+00:00,2026-03-25T12:26:46Z,4.0,16.6,80.75,,2026-03-25T12:29:39Z,2026-03-25T12:29:39Z,2026-03-25T12:26:46Z,,,,,,,,Cultivo 2,2026-03
{'$oid': '69c3d78bb2147717dbde73a5'},2026-03-25 12:33:26+00:00,2026-03-25T12:33:26Z,2.0,16.6,80.8,,2026-03-25T12:39:39Z,2026-03-25T12:39:39Z,2026-03-25T12:33:26Z,,,,,,,,Cultivo 2,2026-03
{'$oid': '69c3d9e3b2147717dbde73a6'},2026-03-25 12:40:06+00:00,2026-03-25T12:46:46Z,4.0,16.4,80.55,,2026-03-25T12:49:39Z,2026-03-25T12:49:39Z,2026-03-25T12:46:46Z,,,,,,,,Cultivo 2,2026-03
{'$oid': '69c3dc3bb2147717dbde73a7'},2026-03-25 12:53:27+00:00,2026-03-25T12:53:27Z,2.0,16.3,80.7,,2026-03-25T12:59:39Z,2026-03-25T12:59:39Z,2026-03-25T12:53:27Z,,,,,,,,Cultivo 2,2026-03
{'$oid': '69c3de94b2147717dbde73a8'},2026-03-25 13:00:06+00:00,2026-03-25T13:06:46Z,4.0,16.95,80.15,,2026-03-25T13:09:40Z,2026-03-25T13:09:40Z,2026-03-25T13:06:46Z,,,,,,,,Cultivo 2,2026-03
{'$oid': '69c3e0ecb2147717dbde73a9'},2026-03-25 13:13:27+00:00,2026-03-25T13:13:27Z,2.0,17.9,79.5,,2026-03-25T13:19:40Z,2026-03-25T13:19:40Z,2026-03-25T13:13:27Z,,,,,,,,Cultivo 2,2026-03
{'$oid': '69c3e344b2147717dbde73aa'},2026-03-25 13:20:06+00:00,2026-03-25T13:26:47Z,4.0,18.55,77.80000000000001,,2026-03-25T13:29:40Z,2026-03-25T13:29:40Z,2026-03-25T13:26:47Z,,,,,,,,Cultivo 2,2026-03
{'$oid': '69c3e59cb2147717dbde73ab'},2026-03-25 13:33:26+00:00,2026-03-25T13:33:26Z,2.0,18.6,77.6,,2026-03-25T13:39:40Z,2026-03-25T13:39:40Z,2026-03-25T13:33:26Z,,,,,,,,Cultivo 2,2026-03
{'$oid': '69c3e7f4b2147717dbde73ac'},2026-03-25 13:40:06+00:00,2026-03-25T13:46:46Z,4.0,19.55,75.25,,2026-03-25T13:49:40Z,2026-03-25T13:49:40Z,2026-03-25T13:46:46Z,,,,,,,,Cultivo 2,2026-03
{'$oid': '69c3ea4cb2147717dbde73ad'},2026-03-25 13:53:26+00:00,2026-03-25T13:53:26Z,2.0,21.3,71.9,,2026-03-25T13:59:40Z,2026-03-25T13:59:40Z,2026-03-25T13:53:26Z,,,,,,,,Cultivo 2,2026-03
{'$oid': '69c3eca4b2147717dbde73ae'},2026-03-25 14:00:06+00:00,2026-03-25T14:06:46Z,4.0,22.799999999999997,68.9,,2026-03-25T14:09:40Z,2026-03-25T14:09:40Z,2026-03-25T14:06:46Z,,,,,,,,Cultivo 2,2026-03
{'$oid': '69c3eefcb2147717dbde73af'},2026-03-25 14:13:26+00:00,2026-03-25T14:13:26Z,2.0,23.4,66.9,,2026-03-25T14:19:40Z,2026-03-25T14:19:40Z,2026-03-25T14:13:26Z,,,,,,,,Cultivo 2,2026-03
{'$oid': '69c3f154b2147717dbde73b0'},2026-03-25 14:20:06+00:00,2026-03-25T14:26:46Z,4.0,24.0,64.1,,2026-03-25T14:29:40Z,2026-03-25T14:29:40Z,2026-03-25T14:26:46Z,,,,,,,,Cultivo 2,2026-03
{'$oid': '69c3f3acb2147717dbde73b1'},2026-03-25 14:33:26+00:00,2026-03-25T14:33:26Z,2.0,24.7,63.9,,2026-03-25T14:39:40Z,2026-03-25T14:39:40Z,2026-03-25T14:33:26Z,,,,,,,,Cultivo 2,2026-03
{'$oid': '69c3f604b2147717dbde73b2'},2026-03-25 14:40:06+00:00,2026-03-25T14:46:46Z,4.0,26.4,62.2,,2026-03-25T14:49:40Z,2026-03-25T14:49:40Z,2026-03-25T14:46:46Z,,,,,,,,Cultivo 2,2026-03
{'$oid': '69c3f85db2147717dbde73b3'},2026-03-25 14:53:26+00:00,2026-03-25T14:53:26Z,2.0,31.3,54.2,,2026-03-25T14:59:41Z,2026-03-25T14:59:41Z,2026-03-25T14:53:26Z,,,,,,,,Cultivo 2,2026-03
{'$oid': '69c3fab5b2147717dbde73b4'},2026-03-25 15:00:06+00:00,2026-03-25T15:06:46Z,4.0,31.3,51.25,,2026-03-25T15:09:41Z,2026-03-25T15:09:41Z,2026-03-25T15:06:46Z,,,,,,,,Cultivo 2,2026-03
{'$oid': '69c3fd0db2147717dbde73b5'},2026-03-25 15:13:26+00:00,2026-03-25T15:13:26Z,2.0,32.4,52.0,,2026-03-25T15:19:41Z,2026-03-25T15:19:41Z,2026-03-25T15:13:26Z,,,,,,,,Cultivo 2,2026-03
{'$oid': '69c3ff65b2147717dbde73b6'},2026-03-25 15:20:07+00:00,2026-03-25T15:26:46Z,4.0,40.25,42.55,,2026-03-25T15:29:41Z,2026-03-25T15:29:41Z,2026-03-25T15:26:46Z,,,,,,,,Cultivo 2,2026-03
{'$oid': '69c401bdb2147717dbde73b7'},2026-03-25 15:33:26+00:00,2026-03-25T15:33:26Z,2.0,44.5,37.3,,2026-03-25T15:39:41Z,2026-03-25T15:39:41Z,2026-03-25T15:33:26Z,,,,,,,,Cultivo 2,2026-03
{'$oid': '69c40415b2147717dbde73b8'},2026-03-25 15:40:07+00:00,2026-03-25T15:46:46Z,4.0,37.400000000000006,40.7,,2026-03-25T15:49:41Z,2026-03-25T15:49:41Z,2026-03-25T15:46:46Z,,,,,,,,Cultivo 2,2026-03
{'$oid': '69c4066db2147717dbde73b9'},2026-03-25 15:53:27+00:00,2026-03-25T15:53:27Z,2.0,35.1,42.1,,2026-03-25T15:59:41Z,2026-03-25T15:59:41Z,2026-03-25T15:53:27Z,,,,,,,,Cultivo 2,2026-03
{'$oid': '69c408c5b2147717dbde73ba'},2026-03-25 16:00:06+00:00,2026-03-25T16:06:46Z,4.0,39.0,41.349999999999994,,2026-03-25T16:09:41Z,2026-03-25T16:09:41Z,2026-03-25T16:06:46Z,,,,,,,,Cultivo 2,2026-03
{'$oid': '69c40b1eb2147717dbde73bb'},2026-03-25 16:13:27+00:00,2026-03-25T16:13:27Z,2.0,42.1,37.3,,2026-03-25T16:19:42Z,2026-03-25T16:19:42Z,2026-03-25T16:13:27Z,,,,,,,,Cultivo 2,2026-03
{'$oid': '69c40d76b2147717dbde73bc'},2026-03-25 16:20:06+00:00,2026-03-25T16:26:46Z,4.0,41.55,37.2,,2026-03-25T16:29:42Z,2026-03-25T16:29:42Z,2026-03-25T16:26:46Z,,,,,,,,Cultivo 2,2026-03
{'$oid': '69c40fceb2147717dbde73bd'},2026-03-25 16:33:26+00:00,2026-03-25T16:33:26Z,2.0,39.8,39.5,,2026-03-25T16:39:42Z,2026-03-25T16:39:42Z,2026-03-25T16:33:26Z,,,,,,,,Cultivo 2,2026-03
{'$oid': '69c41226b2147717dbde73be'},2026-03-25 16:40:06+00:00,2026-03-25T16:46:46Z,4.0,42.349999999999994,37.8,,2026-03-25T16:49:42Z,2026-03-25T16:49:42Z,2026-03-25T16:46:46Z,,,,,,,,Cultivo 2,2026-03
{'$oid': '69c4147eb2147717dbde73bf'},2026-03-25 16:53:27+00:00,2026-03-25T16:53:27Z,2.0,43.2,35.4,,2026-03-25T16:59:42Z,2026-03-25T16:59:42Z,2026-03-25T16:53:27Z,,,,,,,,Cultivo 2,2026-03
{'$oid': '69c416d6b2147717dbde73c0'},2026-03-25 17:00:07+00:00,2026-03-25T17:06:47Z,4.0,41.5,37.5,,2026-03-25T17:09:42Z,2026-03-25T17:09:42Z,2026-03-25T17:06:47Z,,,,,,,,Cultivo 2,2026-03
{'$oid': '69c4192eb2147717dbde73c1'},2026-03-25 17:13:27+00:00,2026-03-25T17:13:27Z,2.0,36.3,40.6,,2026-03-25T17:19:42Z,2026-03-25T17:19:42Z,2026-03-25T17:13:27Z,,,,,,,,Cultivo 2,2026-03
{'$oid': '69c41b86b2147717dbde73c2'},2026-03-25 17:20:07+00:00,2026-03-25T17:26:48Z,4.0,31.049999999999997,46.7,,2026-03-25T17:29:42Z,2026-03-25T17:29:42Z,2026-03-25T17:26:48Z,,,,,,,,Cultivo 2,2026-03
{'$oid': '69c41ddeb2147717dbde73c3'},2026-03-25 17:33:27+00:00,2026-03-25T17:33:27Z,2.0,31.4,46.8,,2026-03-25T17:39:42Z,2026-03-25T17:39:42Z,2026-03-25T17:33:27Z,,,,,,,,Cultivo 2,2026-03
{'$oid': '69c42036b2147717dbde73c4'},2026-03-25 17:40:07+00:00,2026-03-25T17:46:47Z,4.0,31.05,46.599999999999994,,2026-03-25T17:49:42Z,2026-03-25T17:49:42Z,2026-03-25T17:46:47Z,,,,,,,,Cultivo 2,2026-03
{'$oid': '69c4228eb2147717dbde73c5'},2026-03-25 17:53:27+00:00,2026-03-25T17:53:27Z,2.0,31.0,46.7,,2026-03-25T17:59:42Z,2026-03-25T17:59:42Z,2026-03-25T17:53:27Z,,,,,,,,Cultivo 2,2026-03
{'$oid': '69c424e7b2147717dbde73c6'},2026-03-25 18:00:07+00:00,2026-03-25T18:06:47Z,4.0,30.9,47.7,,2026-03-25T18:09:43Z,2026-03-25T18:09:43Z,2026-03-25T18:06:47Z,,,,,,,,Cultivo 2,2026-03
{'$oid': '69c4273fb2147717dbde73c7'},2026-03-25 18:13:27+00:00,2026-03-25T18:13:27Z,2.0,29.9,49.2,,2026-03-25T18:19:43Z,2026-03-25T18:19:43Z,2026-03-25T18:13:27Z,,,,,,,,Cultivo 2,2026-03
{'$oid': '69c42997b2147717dbde73c8'},2026-03-25 18:20:07+00:00,2026-03-25T18:26:47Z,4.0,28.35,51.4,,2026-03-25T18:29:43Z,2026-03-25T18:29:43Z,2026-03-25T18:26:47Z,,,,,,,,Cultivo 2,2026-03
{'$oid': '69c42befb2147717dbde73c9'},2026-03-25 18:33:29+00:00,2026-03-25T18:33:29Z,2.0,28.4,52.4,,2026-03-25T18:39:43Z,2026-03-25T18:39:43Z,2026-03-25T18:33:29Z,,,,,,,,Cultivo 2,2026-03
{'$oid': '69c42e47b2147717dbde73ca'},2026-03-25 18:40:07+00:00,2026-03-25T18:46:47Z,4.0,29.35,50.75,,2026-03-25T18:49:43Z,2026-03-25T18:49:43Z,2026-03-25T18:46:47Z,,,,,,,,Cultivo 2,2026-03
{'$oid': '69c4309fb2147717dbde73cb'},2026-03-25 18:53:27+00:00,2026-03-25T18:53:27Z,2.0,31.1,48.1,,2026-03-25T18:59:43Z,2026-03-25T18:59:43Z,2026-03-25T18:53:27Z,,,,,,,,Cultivo 2,2026-03
{'$oid': '69c432f7b2147717dbde73cc'},2026-03-25 19:00:08+00:00,2026-03-25T19:06:47Z,4.0,30.45,48.7,,2026-03-25T19:09:43Z,2026-03-25T19:09:43Z,2026-03-25T19:06:47Z,,,,,,,,Cultivo 2,2026-03
{'$oid': '69c4354fb2147717dbde73cd'},2026-03-25 19:13:27+00:00,2026-03-25T19:13:27Z,2.0,29.6,50.0,,2026-03-25T19:19:43Z,2026-03-25T19:19:43Z,2026-03-25T19:13:27Z,,,,,,,,Cultivo 2,2026-03
{'$oid': '69c437a7b2147717dbde73ce'},2026-03-25 19:20:07+00:00,2026-03-25T19:26:47Z,4.0,30.200000000000003,48.349999999999994,,2026-03-25T19:29:43Z,2026-03-25T19:29:43Z,2026-03-25T19:26:47Z,,,,,,,,Cultivo 2,2026-03
{'$oid': '69c43a00b2147717dbde73cf'},2026-03-25 19:33:27+00:00,2026-03-25T19:33:27Z,2.0,29.8,48.3,,2026-03-25T19:39:44Z,2026-03-25T19:39:44Z,2026-03-25T19:33:27Z,,,,,,,,Cultivo 2,2026-03
{'$oid': '69c43c58b2147717dbde73d0'},2026-03-25 19:40:07+00:00,2026-03-25T19:46:47Z,4.0,29.9,47.35,,2026-03-25T19:49:44Z,2026-03-25T19:49:44Z,2026-03-25T19:46:47Z,,,,,,,,Cultivo 2,2026-03
{'$oid': '69c43eb0b2147717dbde73d1'},2026-03-25 19:53:27+00:00,2026-03-25T19:53:27Z,2.0,28.9,49.5,,2026-03-25T19:59:44Z,2026-03-25T19:59:44Z,2026-03-25T19:53:27Z,,,,,,,,Cultivo 2,2026-03
{'$oid': '69c44108b2147717dbde73d2'},2026-03-25 20:00:07+00:00,2026-03-25T20:06:47Z,4.0,27.85,50.35,,2026-03-25T20:09:44Z,2026-03-25T20:09:44Z,2026-03-25T20:06:47Z,,,,,,,,Cultivo 2,2026-03
{'$oid': '69c44360b2147717dbde73d3'},2026-03-25 20:13:28+00:00,2026-03-25T20:13:28Z,2.0,27.2,51.6,,2026-03-25T20:19:44Z,2026-03-25T20:19:44Z,2026-03-25T20:13:28Z,,,,,,,,Cultivo 2,2026-03
{'$oid': '69c445b8b2147717dbde73d4'},2026-03-25 20:20:07+00:00,2026-03-25T20:26:47Z,4.0,25.45,55.3,,2026-03-25T20:29:44Z,2026-03-25T20:29:44Z,2026-03-25T20:26:47Z,,,,,,,,Cultivo 2,2026-03
{'$oid': '69c44810b2147717dbde73d5'},2026-03-25 20:33:27+00:00,2026-03-25T20:33:27Z,2.0,24.1,58.0,,2026-03-25T20:39:44Z,2026-03-25T20:39:44Z,2026-03-25T20:33:27Z,,,,,,,,Cultivo 2,2026-03
{'$oid': '69c44a68b2147717dbde73d6'},2026-03-25 20:40:07+00:00,2026-03-25T20:46:47Z,4.0,23.0,59.95,,2026-03-25T20:49:44Z,2026-03-25T20:49:44Z,2026-03-25T20:46:47Z,,,,,,,,Cultivo 2,2026-03
{'$oid': '69c44cc0b2147717dbde73d7'},2026-03-25 20:53:27+00:00,2026-03-25T20:53:27Z,2.0,22.2,61.2,,2026-03-25T20:59:44Z,2026-03-25T20:59:44Z,2026-03-25T20:53:27Z,,,,,,,,Cultivo 2,2026-03
{'$oid': '69c44f18b2147717dbde73d8'},2026-03-25 21:00:07+00:00,2026-03-25T21:06:48Z,4.0,22.15,61.95,,2026-03-25T21:09:44Z,2026-03-25T21:09:44Z,2026-03-25T21:06:48Z,,,,,,,,Cultivo 2,2026-03
{'$oid': '69c45171b2147717dbde73d9'},2026-03-25 21:13:27+00:00,2026-03-25T21:13:27Z,2.0,21.9,62.5,,2026-03-25T21:19:45Z,2026-03-25T21:19:45Z,2026-03-25T21:13:27Z,,,,,,,,Cultivo 2,2026-03
{'$oid': '69c453c9b2147717dbde73da'},2026-03-25 21:20:09+00:00,2026-03-25T21:26:48Z,4.0,21.9,62.7,,2026-03-25T21:29:45Z,2026-03-25T21:29:45Z,2026-03-25T21:26:48Z,,,,,,,,Cultivo 2,2026-03
{'$oid': '69c45621b2147717dbde73db'},2026-03-25 21:33:27+00:00,2026-03-25T21:33:27Z,2.0,21.7,62.6,,2026-03-25T21:39:45Z,2026-03-25T21:39:45Z,2026-03-25T21:33:27Z,,,,,,,,Cultivo 2,2026-03
{'$oid': '69c45879b2147717dbde73dc'},2026-03-25 21:40:08+00:00,2026-03-25T21:46:47Z,4.0,21.75,63.900000000000006,,2026-03-25T21:49:45Z,2026-03-25T21:49:45Z,2026-03-25T21:46:47Z,,,,,,,,Cultivo 2,2026-03
{'$oid': '69c45ad1b2147717dbde73dd'},2026-03-25 21:53:28+00:00,2026-03-25T21:53:28Z,2.0,21.5,65.3,,2026-03-25T21:59:45Z,2026-03-25T21:59:45Z,2026-03-25T21:53:28Z,,,,,,,,Cultivo 2,2026-03
{'$oid': '69c45d29b2147717dbde73de'},2026-03-25 22:00:07+00:00,2026-03-25T22:06:48Z,4.0,21.2,66.05,,2026-03-25T22:09:45Z,2026-03-25T22:09:45Z,2026-03-25T22:06:48Z,,,,,,,,Cultivo 2,2026-03
{'$oid': '69c45f81b2147717dbde73df'},2026-03-25 22:13:29+00:00,2026-03-25T22:13:29Z,2.0,20.9,67.1,,2026-03-25T22:19:45Z,2026-03-25T22:19:45Z,2026-03-25T22:13:29Z,,,,,,,,Cultivo 2,2026-03
{'$oid': '69c461d9b2147717dbde73e0'},2026-03-25 22:20:09+00:00,2026-03-25T22:26:56Z,6.0,20.400000000000002,68.3,,2026-03-25T22:29:45Z,2026-03-25T22:29:45Z,2026-03-25T22:26:56Z,,,,,,,,Cultivo 2,2026-03
{'$oid': '69c46431b2147717dbde73e1'},2026-03-25 22:33:29+00:00,2026-03-25T22:33:29Z,2.0,20.0,70.0,,2026-03-25T22:39:45Z,2026-03-25T22:39:45Z,2026-03-25T22:33:29Z,,,,,,,,Cultivo 2,2026-03
{'$oid': '69c46689b2147717dbde73e2'},2026-03-25 22:40:09+00:00,2026-03-25T22:46:49Z,4.0,19.299999999999997,71.5,,2026-03-25T22:49:45Z,2026-03-25T22:49:45Z,2026-03-25T22:46:49Z,,,,,,,,Cultivo 2,2026-03
{'$oid': '69c468e1b2147717dbde73e3'},2026-03-25 22:53:28+00:00,2026-03-25T22:53:28Z,2.0,18.8,73.4,,2026-03-25T22:59:45Z,2026-03-25T22:59:45Z,2026-03-25T22:53:28Z,,,,,,,,Cultivo 2,2026-03
{'$oid': '69c46b39b2147717dbde73e4'},2026-03-25 23:00:09+00:00,2026-03-25T23:06:47Z,4.0,18.049999999999997,75.55000000000001,,2026-03-25T23:09:45Z,2026-03-25T23:09:45Z,2026-03-25T23:06:47Z,,,,,,,,Cultivo 2,2026-03
{'$oid': '69c46d92b2147717dbde73e5'},2026-03-25 23:13:27+00:00,2026-03-25T23:13:27Z,2.0,17.7,76.9,,2026-03-25T23:19:46Z,2026-03-25T23:19:46Z,2026-03-25T23:13:27Z,,,,,,,,Cultivo 2,2026-03
{'$oid': '69c46feab2147717dbde73e6'},2026-03-25 23:20:08+00:00,2026-03-25T23:26:49Z,4.0,17.75,78.8,,2026-03-25T23:29:46Z,2026-03-25T23:29:46Z,2026-03-25T23:26:49Z,,,,,,,,Cultivo 2,2026-03
{'$oid': '69c47242b2147717dbde73e7'},2026-03-25 23:33:27+00:00,2026-03-25T23:33:27Z,2.0,17.9,79.6,,2026-03-25T23:39:46Z,2026-03-25T23:39:46Z,2026-03-25T23:33:27Z,,,,,,,,Cultivo 2,2026-03
{'$oid': '69c4749ab2147717dbde73e8'},2026-03-25 23:40:08+00:00,2026-03-25T23:46:48Z,4.0,17.95,79.6,,2026-03-25T23:49:46Z,2026-03-25T23:49:46Z,2026-03-25T23:46:48Z,,,,,,,,Cultivo 2,2026-03
{'$oid': '69c476f2b2147717dbde73e9'},2026-03-25 23:53:29+00:00,2026-03-25T23:53:29Z,2.0,18.0,79.6,,2026-03-25T23:59:46Z,2026-03-25T23:59:46Z,2026-03-25T23:53:29Z,,,,,,,,Cultivo 2,2026-03
{'$oid': '69c4794ab2147717dbde73ea'},2026-03-26 00:00:09+00:00,2026-03-26T00:06:47Z,4.0,17.9,79.9,,2026-03-26T00:09:46Z,2026-03-26T00:09:46Z,2026-03-26T00:06:47Z,,,,,,,,Cultivo 2,2026-03
{'$oid': '69c47ba2b2147717dbde73eb'},2026-03-26 00:13:28+00:00,2026-03-26T00:13:28Z,2.0,17.9,80.1,,2026-03-26T00:19:46Z,2026-03-26T00:19:46Z,2026-03-26T00:13:28Z,,,,,,,,Cultivo 2,2026-03
{'$oid': '69c47dfab2147717dbde73ec'},2026-03-26 00:20:08+00:00,2026-03-26T00:26:49Z,4.0,17.799999999999997,80.1,,2026-03-26T00:29:46Z,2026-03-26T00:29:46Z,2026-03-26T00:26:49Z,,,,,,,,Cultivo 2,2026-03
{'$oid': '69c48052b2147717dbde73ed'},2026-03-26 00:33:28+00:00,2026-03-26T00:33:28Z,2.0,17.6,80.4,,2026-03-26T00:39:46Z,2026-03-26T00:39:46Z,2026-03-26T00:33:28Z,,,,,,,,Cultivo 2,2026-03
{'$oid': '69c482aab2147717dbde73ee'},2026-03-26 00:40:08+00:00,2026-03-26T00:46:48Z,4.0,17.3,80.8,,2026-03-26T00:49:46Z,2026-03-26T00:49:46Z,2026-03-26T00:46:48Z,,,,,,,,Cultivo 2,2026-03
{'$oid': '69c48503b2147717dbde73ef'},2026-03-26 00:53:28+00:00,2026-03-26T00:53:28Z,2.0,17.4,81.0,,2026-03-26T00:59:47Z,2026-03-26T00:59:47Z,2026-03-26T00:53:28Z,,,,,,,,Cultivo 2,2026-03
{'$oid': '69c4875bb2147717dbde73f0'},2026-03-26 01:00:12+00:00,2026-03-26T01:06:47Z,6.0,17.166666666666668,81.03333333333333,,2026-03-26T01:09:47Z,2026-03-26T01:09:47Z,2026-03-26T01:06:47Z,,,,,,,,Cultivo 2,2026-03
{'$oid': '69c489b3b2147717dbde73f1'},2026-03-26 01:13:28+00:00,2026-03-26T01:13:28Z,2.0,17.2,81.0,,2026-03-26T01:19:47Z,2026-03-26T01:19:47Z,2026-03-26T01:13:28Z,,,,,,,,Cultivo 2,2026-03
{'$oid': '69c48c0bb2147717dbde73f2'},2026-03-26 01:20:09+00:00,2026-03-26T01:26:49Z,4.0,17.0,81.1,,2026-03-26T01:29:47Z,2026-03-26T01:29:47Z,2026-03-26T01:26:49Z,,,,,,,,Cultivo 2,2026-03
{'$oid': '69c48e63b2147717dbde73f3'},2026-03-26 01:33:29+00:00,2026-03-26T01:33:36Z,4.0,16.9,81.2,,2026-03-26T01:39:47Z,2026-03-26T01:39:47Z,2026-03-26T01:33:36Z,,,,,,,,Cultivo 2,2026-03
{'$oid': '69c490bbb2147717dbde73f4'},2026-03-26 01:40:09+00:00,2026-03-26T01:46:48Z,4.0,17.05,81.45,,2026-03-26T01:49:47Z,2026-03-26T01:49:47Z,2026-03-26T01:46:48Z,,,,,,,,Cultivo 2,2026-03
{'$oid': '69c49313b2147717dbde73f5'},2026-03-26 01:53:30+00:00,2026-03-26T01:53:30Z,2.0,17.0,81.7,,2026-03-26T01:59:47Z,2026-03-26T01:59:47Z,2026-03-26T01:53:30Z,,,,,,,,Cultivo 2,2026-03
{'$oid': '69c4956bb2147717dbde73f6'},2026-03-26 02:00:09+00:00,2026-03-26T02:06:49Z,4.0,16.95,81.4,,2026-03-26T02:09:47Z,2026-03-26T02:09:47Z,2026-03-26T02:06:49Z,,,,,,,,Cultivo 2,2026-03
{'$oid': '69c497c3b2147717dbde73f7'},2026-03-26 02:13:30+00:00,2026-03-26T02:13:30Z,2.0,16.8,81.8,,2026-03-26T02:19:47Z,2026-03-26T02:19:47Z,2026-03-26T02:13:30Z,,,,,,,,Cultivo 2,2026-03
{'$oid': '69c49a1cb2147717dbde73f8'},2026-03-26 02:20:08+00:00,2026-03-26T02:26:47Z,4.0,16.9,81.9,,2026-03-26T02:29:48Z,2026-03-26T02:29:48Z,2026-03-26T02:26:47Z,,,,,,,,Cultivo 2,2026-03
{'$oid': '69c49c74b2147717dbde73f9'},2026-03-26 02:33:29+00:00,2026-03-26T02:33:29Z,2.0,16.9,81.7,,2026-03-26T02:39:48Z,2026-03-26T02:39:48Z,2026-03-26T02:33:29Z,,,,,,,,Cultivo 2,2026-03
{'$oid': '69c49eccb2147717dbde73fa'},2026-03-26 02:40:07+00:00,2026-03-26T02:46:49Z,4.0,16.8,82.0,,2026-03-26T02:49:48Z,2026-03-26T02:49:48Z,2026-03-26T02:46:49Z,,,,,,,,Cultivo 2,2026-03
{'$oid': '69c4a124b2147717dbde73fb'},2026-03-26 02:53:28+00:00,2026-03-26T02:53:28Z,2.0,16.8,81.9,,2026-03-26T02:59:48Z,2026-03-26T02:59:48Z,2026-03-26T02:53:28Z,,,,,,,,Cultivo 2,2026-03
{'$oid': '69c4a37cb2147717dbde73fc'},2026-03-26 03:00:09+00:00,2026-03-26T03:06:50Z,4.0,16.65,82.0,,2026-03-26T03:09:48Z,2026-03-26T03:09:48Z,2026-03-26T03:06:50Z,,,,,,,,Cultivo 2,2026-03
{'$oid': '69c4a5d4b2147717dbde73fd'},2026-03-26 03:13:29+00:00,2026-03-26T03:13:29Z,2.0,16.5,82.0,,2026-03-26T03:19:48Z,2026-03-26T03:19:48Z,2026-03-26T03:13:29Z,,,,,,,,Cultivo 2,2026-03
{'$oid': '69c4a82cb2147717dbde73fe'},2026-03-26 03:20:07+00:00,2026-03-26T03:26:49Z,4.0,16.6,82.15,,2026-03-26T03:29:48Z,2026-03-26T03:29:48Z,2026-03-26T03:26:49Z,,,,,,,,Cultivo 2,2026-03
{'$oid': '69c4aa84b2147717dbde73ff'},2026-03-26 03:33:28+00:00,2026-03-26T03:33:28Z,2.0,16.6,82.2,,2026-03-26T03:39:48Z,2026-03-26T03:39:48Z,2026-03-26T03:33:28Z,,,,,,,,Cultivo 2,2026-03
{'$oid': '69c4acdcb2147717dbde7400'},2026-03-26 03:40:09+00:00,2026-03-26T03:46:48Z,4.0,16.45,82.2,,2026-03-26T03:49:48Z,2026-03-26T03:49:48Z,2026-03-26T03:46:48Z,,,,,,,,Cultivo 2,2026-03
{'$oid': '69c4af34b2147717dbde7401'},2026-03-26 03:53:28+00:00,2026-03-26T03:53:28Z,2.0,16.3,82.4,,2026-03-26T03:59:48Z,2026-03-26T03:59:48Z,2026-03-26T03:53:28Z,,,,,,,,Cultivo 2,2026-03
{'$oid': '69c4b18cb2147717dbde7402'},2026-03-26 04:00:08+00:00,2026-03-26T04:06:48Z,4.0,16.25,81.75,,2026-03-26T04:09:48Z,2026-03-26T04:09:48Z,2026-03-26T04:06:48Z,,,,,,,,Cultivo 2,2026-03
{'$oid': '69c4b3e5b2147717dbde7403'},2026-03-26 04:13:28+00:00,2026-03-26T04:13:28Z,2.0,16.1,81.2,,2026-03-26T04:19:49Z,2026-03-26T04:19:49Z,2026-03-26T04:13:28Z,,,,,,,,Cultivo 2,2026-03
{'$oid': '69c4b63db2147717dbde7404'},2026-03-26 04:20:08+00:00,2026-03-26T04:26:48Z,4.0,15.8,81.45,,2026-03-26T04:29:49Z,2026-03-26T04:29:49Z,2026-03-26T04:26:48Z,,,,,,,,Cultivo 2,2026-03
{'$oid': '69c4b895b2147717dbde7405'},2026-03-26 04:33:28+00:00,2026-03-26T04:33:28Z,2.0,15.5,81.7,,2026-03-26T04:39:49Z,2026-03-26T04:39:49Z,2026-03-26T04:33:28Z,,,,,,,,Cultivo 2,2026-03
{'$oid': '69c4baedb2147717dbde7406'},2026-03-26 04:40:08+00:00,2026-03-26T04:46:48Z,4.0,15.25,81.69999999999999,,2026-03-26T04:49:49Z,2026-03-26T04:49:49Z,2026-03-26T04:46:48Z,,,,,,,,Cultivo 2,2026-03
{'$oid': '69c4bd45b2147717dbde7407'},2026-03-26 04:53:28+00:00,2026-03-26T04:53:28Z,2.0,15.1,82.1,,2026-03-26T04:59:49Z,2026-03-26T04:59:49Z,2026-03-26T04:53:28Z,,,,,,,,Cultivo 2,2026-03
{'$oid': '69c4bf9db2147717dbde7408'},2026-03-26 05:00:08+00:00,2026-03-26T05:06:48Z,4.0,14.95,82.25,,2026-03-26T05:09:49Z,2026-03-26T05:09:49Z,2026-03-26T05:06:48Z,,,,,,,,Cultivo 2,2026-03
{'$oid': '69c4c1f5b2147717dbde7409'},2026-03-26 05:13:28+00:00,2026-03-26T05:13:28Z,2.0,14.7,82.6,,2026-03-26T05:19:49Z,2026-03-26T05:19:49Z,2026-03-26T05:13:28Z,,,,,,,,Cultivo 2,2026-03
{'$oid': '69c4c44db2147717dbde740a'},2026-03-26 05:20:08+00:00,2026-03-26T05:26:48Z,4.0,14.7,82.6,,2026-03-26T05:29:49Z,2026-03-26T05:29:49Z,2026-03-26T05:26:48Z,,,,,,,,Cultivo 2,2026-03
{'$oid': '69c4c6a5b2147717dbde740b'},2026-03-26 05:33:28+00:00,2026-03-26T05:33:28Z,2.0,14.6,82.6,,2026-03-26T05:39:49Z,2026-03-26T05:39:49Z,2026-03-26T05:33:28Z,,,,,,,,Cultivo 2,2026-03
{'$oid': '69c4c8feb2147717dbde740c'},2026-03-26 05:40:08+00:00,2026-03-26T05:46:48Z,4.0,14.6,82.9,,2026-03-26T05:49:50Z,2026-03-26T05:49:50Z,2026-03-26T05:46:48Z,,,,,,,,Cultivo 2,2026-03
{'$oid': '69c4cb56b2147717dbde740d'},2026-03-26 05:53:28+00:00,2026-03-26T05:53:28Z,2.0,14.5,83.5,,2026-03-26T05:59:50Z,2026-03-26T05:59:50Z,2026-03-26T05:53:28Z,,,,,,,,Cultivo 2,2026-03
{'$oid': '69c4cdaeb2147717dbde740e'},2026-03-26 06:00:08+00:00,2026-03-26T06:06:48Z,4.0,14.45,83.1,,2026-03-26T06:09:50Z,2026-03-26T06:09:50Z,2026-03-26T06:06:48Z,,,,,,,,Cultivo 2,2026-03
{'$oid': '69c4d006b2147717dbde740f'},2026-03-26 06:13:28+00:00,2026-03-26T06:13:28Z,2.0,14.3,83.0,,2026-03-26T06:19:50Z,2026-03-26T06:19:50Z,2026-03-26T06:13:28Z,,,,,,,,Cultivo 2,2026-03
{'$oid': '69c4d25eb2147717dbde7410'},2026-03-26 06:20:08+00:00,2026-03-26T06:26:48Z,4.0,14.3,83.25,,2026-03-26T06:29:50Z,2026-03-26T06:29:50Z,2026-03-26T06:26:48Z,,,,,,,,Cultivo 2,2026-03
{'$oid': '69c4d4b6b2147717dbde7411'},2026-03-26 06:33:28+00:00,2026-03-26T06:33:28Z,2.0,14.2,82.6,,2026-03-26T06:39:50Z,2026-03-26T06:39:50Z,2026-03-26T06:33:28Z,,,,,,,,Cultivo 2,2026-03
{'$oid': '69c4d70eb2147717dbde7412'},2026-03-26 06:40:08+00:00,2026-03-26T06:46:48Z,4.0,14.2,83.1,,2026-03-26T06:49:50Z,2026-03-26T06:49:50Z,2026-03-26T06:46:48Z,,,,,,,,Cultivo 2,2026-03
{'$oid': '69c4d966b2147717dbde7413'},2026-03-26 06:53:28+00:00,2026-03-26T06:53:28Z,2.0,14.4,82.9,,2026-03-26T06:59:50Z,2026-03-26T06:59:50Z,2026-03-26T06:53:28Z,,,,,,,,Cultivo 2,2026-03
{'$oid': '69c4dbbeb2147717dbde7414'},2026-03-26 07:00:08+00:00,2026-03-26T07:06:48Z,4.0,14.4,82.75,,2026-03-26T07:09:50Z,2026-03-26T07:09:50Z,2026-03-26T07:06:48Z,,,,,,,,Cultivo 2,2026-03
{'$oid': '69c4de17b2147717dbde7415'},2026-03-26 07:13:28+00:00,2026-03-26T07:13:28Z,2.0,14.4,83.2,,2026-03-26T07:19:51Z,2026-03-26T07:19:51Z,2026-03-26T07:13:28Z,,,,,,,,Cultivo 2,2026-03
{'$oid': '69c4e06fb2147717dbde7416'},2026-03-26 07:20:08+00:00,2026-03-26T07:26:48Z,4.0,14.3,83.25,,2026-03-26T07:29:51Z,2026-03-26T07:29:51Z,2026-03-26T07:26:48Z,,,,,,,,Cultivo 2,2026-03
{'$oid': '69c4e2c7b2147717dbde7417'},2026-03-26 07:33:28+00:00,2026-03-26T07:33:28Z,2.0,14.3,83.0,,2026-03-26T07:39:51Z,2026-03-26T07:39:51Z,2026-03-26T07:33:28Z,,,,,,,,Cultivo 2,2026-03
{'$oid': '69c4e51fb2147717dbde7418'},2026-03-26 07:40:08+00:00,2026-03-26T07:46:48Z,4.0,14.3,82.6,,2026-03-26T07:49:51Z,2026-03-26T07:49:51Z,2026-03-26T07:46:48Z,,,,,,,,Cultivo 2,2026-03
{'$oid': '69c4e777b2147717dbde7419'},2026-03-26 07:53:28+00:00,2026-03-26T07:53:28Z,2.0,14.3,83.3,,2026-03-26T07:59:51Z,2026-03-26T07:59:51Z,2026-03-26T07:53:28Z,,,,,,,,Cultivo 2,2026-03
{'$oid': '69c4e9cfb2147717dbde741a'},2026-03-26 08:00:08+00:00,2026-03-26T08:06:48Z,4.0,13.95,83.35,,2026-03-26T08:09:51Z,2026-03-26T08:09:51Z,2026-03-26T08:06:48Z,,,,,,,,Cultivo 2,2026-03
{'$oid': '69c4ec27b2147717dbde741b'},2026-03-26 08:13:28+00:00,2026-03-26T08:13:28Z,2.0,13.9,82.3,,2026-03-26T08:19:51Z,2026-03-26T08:19:51Z,2026-03-26T08:13:28Z,,,,,,,,Cultivo 2,2026-03
{'$oid': '69c4ee7fb2147717dbde741c'},2026-03-26 08:20:08+00:00,2026-03-26T08:26:48Z,4.0,13.7,82.25,,2026-03-26T08:29:51Z,2026-03-26T08:29:51Z,2026-03-26T08:26:48Z,,,,,,,,Cultivo 2,2026-03
{'$oid': '69c4f0d7b2147717dbde741d'},2026-03-26 08:33:28+00:00,2026-03-26T08:33:28Z,2.0,13.6,82.7,,2026-03-26T08:39:51Z,2026-03-26T08:39:51Z,2026-03-26T08:33:28Z,,,,,,,,Cultivo 2,2026-03
{'$oid': '69c4f32fb2147717dbde741e'},2026-03-26 08:40:08+00:00,2026-03-26T08:46:48Z,4.0,13.45,82.55000000000001,,2026-03-26T08:49:51Z,2026-03-26T08:49:51Z,2026-03-26T08:46:48Z,,,,,,,,Cultivo 2,2026-03
{'$oid': '69c4f588b2147717dbde741f'},2026-03-26 08:53:28+00:00,2026-03-26T08:53:28Z,2.0,13.3,82.8,,2026-03-26T08:59:52Z,2026-03-26T08:59:52Z,2026-03-26T08:53:28Z,,,,,,,,Cultivo 2,2026-03
{'$oid': '69c4f7e0b2147717dbde7420'},2026-03-26 09:00:08+00:00,2026-03-26T09:06:48Z,4.0,13.25,82.95,,2026-03-26T09:09:52Z,2026-03-26T09:09:52Z,2026-03-26T09:06:48Z,,,,,,,,Cultivo 2,2026-03
{'$oid': '69c4fa38b2147717dbde7421'},2026-03-26 09:13:28+00:00,2026-03-26T09:13:28Z,2.0,13.2,82.4,,2026-03-26T09:19:52Z,2026-03-26T09:19:52Z,2026-03-26T09:13:28Z,,,,,,,,Cultivo 2,2026-03
{'$oid': '69c4fc90b2147717dbde7422'},2026-03-26 09:20:08+00:00,2026-03-26T09:26:48Z,4.0,13.0,82.6,,2026-03-26T09:29:52Z,2026-03-26T09:29:52Z,2026-03-26T09:26:48Z,,,,,,,,Cultivo 2,2026-03
{'$oid': '69c4fee8b2147717dbde7423'},2026-03-26 09:33:28+00:00,2026-03-26T09:33:28Z,2.0,13.0,82.9,,2026-03-26T09:39:52Z,2026-03-26T09:39:52Z,2026-03-26T09:33:28Z,,,,,,,,Cultivo 2,2026-03
{'$oid': '69c50140b2147717dbde7424'},2026-03-26 09:40:08+00:00,2026-03-26T09:46:48Z,4.0,13.05,82.9,,2026-03-26T09:49:52Z,2026-03-26T09:49:52Z,2026-03-26T09:46:48Z,,,,,,,,Cultivo 2,2026-03
{'$oid': '69c50398b2147717dbde7425'},2026-03-26 09:53:28+00:00,2026-03-26T09:53:28Z,2.0,12.9,82.7,,2026-03-26T09:59:52Z,2026-03-26T09:59:52Z,2026-03-26T09:53:28Z,,,,,,,,Cultivo 2,2026-03
{'$oid': '69c505f0b2147717dbde7426'},2026-03-26 10:00:08+00:00,2026-03-26T10:06:48Z,4.0,12.8,82.80000000000001,,2026-03-26T10:09:52Z,2026-03-26T10:09:52Z,2026-03-26T10:06:48Z,,,,,,,,Cultivo 2,2026-03
{'$oid': '69c50848b2147717dbde7427'},2026-03-26 10:13:28+00:00,2026-03-26T10:13:28Z,2.0,12.7,82.8,,2026-03-26T10:19:52Z,2026-03-26T10:19:52Z,2026-03-26T10:13:28Z,,,,,,,,Cultivo 2,2026-03
{'$oid': '69c50aa1b2147717dbde7428'},2026-03-26 10:20:08+00:00,2026-03-26T10:26:48Z,4.0,12.649999999999999,82.95,,2026-03-26T10:29:53Z,2026-03-26T10:29:53Z,2026-03-26T10:26:48Z,,,,,,,,Cultivo 2,2026-03
{'$oid': '69c50cf9b2147717dbde7429'},2026-03-26 10:33:28+00:00,2026-03-26T10:33:28Z,2.0,12.5,83.7,,2026-03-26T10:39:53Z,2026-03-26T10:39:53Z,2026-03-26T10:33:28Z,,,,,,,,Cultivo 2,2026-03
{'$oid': '69c50f51b2147717dbde742a'},2026-03-26 10:40:08+00:00,2026-03-26T10:46:48Z,4.0,12.45,82.95,,2026-03-26T10:49:53Z,2026-03-26T10:49:53Z,2026-03-26T10:46:48Z,,,,,,,,Cultivo 2,2026-03
{'$oid': '69c511a9b2147717dbde742b'},2026-03-26 10:53:28+00:00,2026-03-26T10:53:28Z,2.0,12.4,83.0,,2026-03-26T10:59:53Z,2026-03-26T10:59:53Z,2026-03-26T10:53:28Z,,,,,,,,Cultivo 2,2026-03
{'$oid': '69c51401b2147717dbde742c'},2026-03-26 11:00:08+00:00,2026-03-26T11:06:48Z,4.0,12.45,82.85,,2026-03-26T11:09:53Z,2026-03-26T11:09:53Z,2026-03-26T11:06:48Z,,,,,,,,Cultivo 2,2026-03
{'$oid': '69c51659b2147717dbde742d'},2026-03-26 11:13:28+00:00,2026-03-26T11:13:28Z,2.0,12.3,82.8,,2026-03-26T11:19:53Z,2026-03-26T11:19:53Z,2026-03-26T11:13:28Z,,,,,,,,Cultivo 2,2026-03
{'$oid': '69c518b1b2147717dbde742e'},2026-03-26 11:20:09+00:00,2026-03-26T11:26:48Z,4.0,12.45,82.65,,2026-03-26T11:29:53Z,2026-03-26T11:29:53Z,2026-03-26T11:26:48Z,,,,,,,,Cultivo 2,2026-03
{'$oid': '69c51b09b2147717dbde742f'},2026-03-26 11:33:28+00:00,2026-03-26T11:33:28Z,2.0,12.6,82.2,,2026-03-26T11:39:53Z,2026-03-26T11:39:53Z,2026-03-26T11:33:28Z,,,,,,,,Cultivo 2,2026-03
{'$oid': '69c51d61b2147717dbde7430'},2026-03-26 11:40:08+00:00,2026-03-26T11:46:48Z,4.0,13.100000000000001,81.85,,2026-03-26T11:49:53Z,2026-03-26T11:49:53Z,2026-03-26T11:46:48Z,,,,,,,,Cultivo 2,2026-03
{'$oid': '69c51fb9b2147717dbde7431'},2026-03-26 11:53:28+00:00,2026-03-26T11:53:28Z,2.0,13.9,80.3,,2026-03-26T11:59:53Z,2026-03-26T11:59:53Z,2026-03-26T11:53:28Z,,,,,,,,Cultivo 2,2026-03
{'$oid': '69c52212b2147717dbde7432'},2026-03-26 12:00:08+00:00,2026-03-26T12:06:48Z,4.0,15.2,77.15,,2026-03-26T12:09:54Z,2026-03-26T12:09:54Z,2026-03-26T12:06:48Z,,,,,,,,Cultivo 2,2026-03
{'$oid': '69c5246ab2147717dbde7433'},2026-03-26 12:13:28+00:00,2026-03-26T12:13:28Z,2.0,16.6,74.1,,2026-03-26T12:19:54Z,2026-03-26T12:19:54Z,2026-03-26T12:13:28Z,,,,,,,,Cultivo 2,2026-03
{'$oid': '69c526c2b2147717dbde7434'},2026-03-26 12:20:08+00:00,2026-03-26T12:26:48Z,4.0,18.7,69.6,,2026-03-26T12:29:54Z,2026-03-26T12:29:54Z,2026-03-26T12:26:48Z,,,,,,,,Cultivo 2,2026-03
{'$oid': '69c5291ab2147717dbde7435'},2026-03-26 12:33:28+00:00,2026-03-26T12:33:28Z,2.0,20.5,65.3,,2026-03-26T12:39:54Z,2026-03-26T12:39:54Z,2026-03-26T12:33:28Z,,,,,,,,Cultivo 2,2026-03
{'$oid': '69c52b72b2147717dbde7436'},2026-03-26 12:40:08+00:00,2026-03-26T12:46:48Z,4.0,20.700000000000003,65.05000000000001,,2026-03-26T12:49:54Z,2026-03-26T12:49:54Z,2026-03-26T12:46:48Z,,,,,,,,Cultivo 2,2026-03
{'$oid': '69c52dcab2147717dbde7437'},2026-03-26 12:53:28+00:00,2026-03-26T12:53:28Z,2.0,20.9,65.2,,2026-03-26T12:59:54Z,2026-03-26T12:59:54Z,2026-03-26T12:53:28Z,,,,,,,,Cultivo 2,2026-03
{'$oid': '69c53022b2147717dbde7438'},2026-03-26 13:00:08+00:00,2026-03-26T13:06:48Z,4.0,21.25,64.0,,2026-03-26T13:09:54Z,2026-03-26T13:09:54Z,2026-03-26T13:06:48Z,,,,,,,,Cultivo 2,2026-03
{'$oid': '69c5327ab2147717dbde7439'},2026-03-26 13:13:28+00:00,2026-03-26T13:13:28Z,2.0,20.9,64.3,,2026-03-26T13:19:54Z,2026-03-26T13:19:54Z,2026-03-26T13:13:28Z,,,,,,,,Cultivo 2,2026-03
{'$oid': '69c534d2b2147717dbde743a'},2026-03-26 13:20:08+00:00,2026-03-26T13:26:48Z,4.0,21.25,65.1,,2026-03-26T13:29:54Z,2026-03-26T13:29:54Z,2026-03-26T13:26:48Z,,,,,,,,Cultivo 2,2026-03
{'$oid': '69c5372ab2147717dbde743b'},2026-03-26 13:33:28+00:00,2026-03-26T13:33:28Z,2.0,21.5,65.1,,2026-03-26T13:39:54Z,2026-03-26T13:39:54Z,2026-03-26T13:33:28Z,,,,,,,,Cultivo 2,2026-03
{'$oid': '69c53983b2147717dbde743c'},2026-03-26 13:40:09+00:00,2026-03-26T13:46:48Z,4.0,22.049999999999997,64.15,,2026-03-26T13:49:55Z,2026-03-26T13:49:55Z,2026-03-26T13:46:48Z,,,,,,,,Cultivo 2,2026-03
{'$oid': '69c53bdbb2147717dbde743d'},2026-03-26 13:53:28+00:00,2026-03-26T13:53:28Z,2.0,22.8,63.4,,2026-03-26T13:59:55Z,2026-03-26T13:59:55Z,2026-03-26T13:53:28Z,,,,,,,,Cultivo 2,2026-03
{'$oid': '69c53e33b2147717dbde743e'},2026-03-26 14:00:08+00:00,2026-03-26T14:06:48Z,4.0,23.0,62.349999999999994,,2026-03-26T14:09:55Z,2026-03-26T14:09:55Z,2026-03-26T14:06:48Z,,,,,,,,Cultivo 2,2026-03
{'$oid': '69c5408bb2147717dbde743f'},2026-03-26 14:13:28+00:00,2026-03-26T14:13:28Z,2.0,23.3,62.3,,2026-03-26T14:19:55Z,2026-03-26T14:19:55Z,2026-03-26T14:13:28Z,,,,,,,,Cultivo 2,2026-03
{'$oid': '69c542e3b2147717dbde7440'},2026-03-26 14:20:09+00:00,2026-03-26T14:26:49Z,4.0,23.75,60.9,,2026-03-26T14:29:55Z,2026-03-26T14:29:55Z,2026-03-26T14:26:49Z,,,,,,,,Cultivo 2,2026-03
{'$oid': '69c5453bb2147717dbde7441'},2026-03-26 14:33:29+00:00,2026-03-26T14:33:29Z,2.0,24.6,58.1,,2026-03-26T14:39:55Z,2026-03-26T14:39:55Z,2026-03-26T14:33:29Z,,,,,,,,Cultivo 2,2026-03
{'$oid': '69c54793b2147717dbde7442'},2026-03-26 14:40:09+00:00,2026-03-26T14:46:49Z,4.0,25.8,57.3,,2026-03-26T14:49:55Z,2026-03-26T14:49:55Z,2026-03-26T14:46:49Z,,,,,,,,Cultivo 2,2026-03
{'$oid': '69c549ebb2147717dbde7443'},2026-03-26 14:53:29+00:00,2026-03-26T14:53:29Z,2.0,27.6,53.8,,2026-03-26T14:59:55Z,2026-03-26T14:59:55Z,2026-03-26T14:53:29Z,,,,,,,,Cultivo 2,2026-03
{'$oid': '69c54c43b2147717dbde7444'},2026-03-26 15:00:09+00:00,2026-03-26T15:06:49Z,4.0,29.9,51.6,,2026-03-26T15:09:55Z,2026-03-26T15:09:55Z,2026-03-26T15:06:49Z,,,,,,,,Cultivo 2,2026-03
{'$oid': '69c54e9cb2147717dbde7445'},2026-03-26 15:13:29+00:00,2026-03-26T15:13:29Z,2.0,32.2,48.2,,2026-03-26T15:19:56Z,2026-03-26T15:19:56Z,2026-03-26T15:13:29Z,,,,,,,,Cultivo 2,2026-03
{'$oid': '69c550f4b2147717dbde7446'},2026-03-26 15:20:09+00:00,2026-03-26T15:26:49Z,4.0,37.25,43.8,,2026-03-26T15:29:56Z,2026-03-26T15:29:56Z,2026-03-26T15:26:49Z,,,,,,,,Cultivo 2,2026-03
{'$oid': '69c5534cb2147717dbde7447'},2026-03-26 15:33:29+00:00,2026-03-26T15:33:29Z,2.0,40.9,39.0,,2026-03-26T15:39:56Z,2026-03-26T15:39:56Z,2026-03-26T15:33:29Z,,,,,,,,Cultivo 2,2026-03
{'$oid': '69c555a4b2147717dbde7448'},2026-03-26 15:40:09+00:00,2026-03-26T15:46:49Z,4.0,41.6,40.150000000000006,,2026-03-26T15:49:56Z,2026-03-26T15:49:56Z,2026-03-26T15:46:49Z,,,,,,,,Cultivo 2,2026-03
{'$oid': '69c557fcb2147717dbde7449'},2026-03-26 15:53:29+00:00,2026-03-26T15:53:29Z,2.0,40.9,36.9,,2026-03-26T15:59:56Z,2026-03-26T15:59:56Z,2026-03-26T15:53:29Z,,,,,,,,Cultivo 2,2026-03
{'$oid': '69c55a54b2147717dbde744a'},2026-03-26 16:00:09+00:00,2026-03-26T16:06:49Z,4.0,38.35,39.2,,2026-03-26T16:09:56Z,2026-03-26T16:09:56Z,2026-03-26T16:06:49Z,,,,,,,,Cultivo 2,2026-03
{'$oid': '69c55cacb2147717dbde744b'},2026-03-26 16:13:29+00:00,2026-03-26T16:13:29Z,2.0,35.7,40.8,,2026-03-26T16:19:56Z,2026-03-26T16:19:56Z,2026-03-26T16:13:29Z,,,,,,,,Cultivo 2,2026-03
{'$oid': '69c55f04b2147717dbde744c'},2026-03-26 16:20:09+00:00,2026-03-26T16:26:49Z,4.0,33.0,42.5,,2026-03-26T16:29:56Z,2026-03-26T16:29:56Z,2026-03-26T16:26:49Z,,,,,,,,Cultivo 2,2026-03
{'$oid': '69c5615cb2147717dbde744d'},2026-03-26 16:33:29+00:00,2026-03-26T16:33:29Z,2.0,30.4,45.4,,2026-03-26T16:39:56Z,2026-03-26T16:39:56Z,2026-03-26T16:33:29Z,,,,,,,,Cultivo 2,2026-03
{'$oid': '69c563b5b2147717dbde744e'},2026-03-26 16:40:09+00:00,2026-03-26T16:46:49Z,4.0,28.200000000000003,46.55,,2026-03-26T16:49:57Z,2026-03-26T16:49:57Z,2026-03-26T16:46:49Z,,,,,,,,Cultivo 2,2026-03
{'$oid': '69c5660db2147717dbde744f'},2026-03-26 16:53:29+00:00,2026-03-26T16:53:29Z,2.0,26.0,53.7,,2026-03-26T16:59:57Z,2026-03-26T16:59:57Z,2026-03-26T16:53:29Z,,,,,,,,Cultivo 2,2026-03
{'$oid': '69c56865b2147717dbde7450'},2026-03-26 17:00:09+00:00,2026-03-26T17:06:49Z,4.0,24.799999999999997,55.15,,2026-03-26T17:09:57Z,2026-03-26T17:09:57Z,2026-03-26T17:06:49Z,,,,,,,,Cultivo 2,2026-03
{'$oid': '69c56abdb2147717dbde7451'},2026-03-26 17:13:29+00:00,2026-03-26T17:13:29Z,2.0,24.0,57.2,,2026-03-26T17:19:57Z,2026-03-26T17:19:57Z,2026-03-26T17:13:29Z,,,,,,,,Cultivo 2,2026-03
{'$oid': '69c56d15b2147717dbde7452'},2026-03-26 17:20:09+00:00,2026-03-26T17:26:49Z,4.0,24.35,56.85,,2026-03-26T17:29:57Z,2026-03-26T17:29:57Z,2026-03-26T17:26:49Z,,,,,,,,Cultivo 2,2026-03
{'$oid': '69c56f6db2147717dbde7453'},2026-03-26 17:33:30+00:00,2026-03-26T17:33:30Z,2.0,24.9,56.2,,2026-03-26T17:39:57Z,2026-03-26T17:39:57Z,2026-03-26T17:33:30Z,,,,,,,,Cultivo 2,2026-03
{'$oid': '69c571c5b2147717dbde7454'},2026-03-26 17:40:09+00:00,2026-03-26T17:46:49Z,4.0,25.9,55.8,,2026-03-26T17:49:57Z,2026-03-26T17:49:57Z,2026-03-26T17:46:49Z,,,,,,,,Cultivo 2,2026-03
{'$oid': '69c5741db2147717dbde7455'},2026-03-26 17:53:31+00:00,2026-03-26T17:53:31Z,2.0,27.0,55.3,,2026-03-26T17:59:57Z,2026-03-26T17:59:57Z,2026-03-26T17:53:31Z,,,,,,,,Cultivo 2,2026-03
{'$oid': '69c57675b2147717dbde7456'},2026-03-26 18:00:09+00:00,2026-03-26T18:06:49Z,4.0,27.25,55.75,,2026-03-26T18:09:57Z,2026-03-26T18:09:57Z,2026-03-26T18:06:49Z,,,,,,,,Cultivo 2,2026-03
{'$oid': '69c578cdb2147717dbde7457'},2026-03-26 18:13:29+00:00,2026-03-26T18:13:29Z,2.0,26.8,54.7,,2026-03-26T18:19:57Z,2026-03-26T18:19:57Z,2026-03-26T18:13:29Z,,,,,,,,Cultivo 2,2026-03
{'$oid': '69c57b26b2147717dbde7458'},2026-03-26 18:20:09+00:00,2026-03-26T18:26:49Z,4.0,26.799999999999997,54.05,,2026-03-26T18:29:58Z,2026-03-26T18:29:58Z,2026-03-26T18:26:49Z,,,,,,,,Cultivo 2,2026-03
{'$oid': '69c57d7eb2147717dbde7459'},2026-03-26 18:33:29+00:00,2026-03-26T18:33:29Z,2.0,27.4,54.4,,2026-03-26T18:39:58Z,2026-03-26T18:39:58Z,2026-03-26T18:33:29Z,,,,,,,,Cultivo 2,2026-03
{'$oid': '69c57fd6b2147717dbde745a'},2026-03-26 18:40:09+00:00,2026-03-26T18:46:49Z,4.0,28.35,52.349999999999994,,2026-03-26T18:49:58Z,2026-03-26T18:49:58Z,2026-03-26T18:46:49Z,,,,,,,,Cultivo 2,2026-03
{'$oid': '69c5822eb2147717dbde745b'},2026-03-26 18:53:29+00:00,2026-03-26T18:53:29Z,2.0,28.9,51.5,,2026-03-26T18:59:58Z,2026-03-26T18:59:58Z,2026-03-26T18:53:29Z,,,,,,,,Cultivo 2,2026-03
{'$oid': '69c58486b2147717dbde745c'},2026-03-26 19:00:09+00:00,2026-03-26T19:06:49Z,4.0,28.6,50.55,,2026-03-26T19:09:58Z,2026-03-26T19:09:58Z,2026-03-26T19:06:49Z,,,,,,,,Cultivo 2,2026-03
{'$oid': '69c586deb2147717dbde745d'},2026-03-26 19:13:29+00:00,2026-03-26T19:13:29Z,2.0,28.5,49.0,,2026-03-26T19:19:58Z,2026-03-26T19:19:58Z,2026-03-26T19:13:29Z,,,,,,,,Cultivo 2,2026-03
{'$oid': '69c58936b2147717dbde745e'},2026-03-26 19:20:09+00:00,2026-03-26T19:26:50Z,4.0,27.1,49.9,,2026-03-26T19:29:58Z,2026-03-26T19:29:58Z,2026-03-26T19:26:50Z,,,,,,,,Cultivo 2,2026-03
{'$oid': '69c58b8eb2147717dbde745f'},2026-03-26 19:33:30+00:00,2026-03-26T19:33:30Z,2.0,25.3,51.8,,2026-03-26T19:39:58Z,2026-03-26T19:39:58Z,2026-03-26T19:33:30Z,,,,,,,,Cultivo 2,2026-03
{'$oid': '69c58de6b2147717dbde7460'},2026-03-26 19:40:09+00:00,2026-03-26T19:46:49Z,4.0,25.5,53.35,,2026-03-26T19:49:58Z,2026-03-26T19:49:58Z,2026-03-26T19:46:49Z,,,,,,,,Cultivo 2,2026-03
{'$oid': '69c5903eb2147717dbde7461'},2026-03-26 19:53:29+00:00,2026-03-26T19:53:29Z,2.0,24.6,52.4,,2026-03-26T19:59:58Z,2026-03-26T19:59:58Z,2026-03-26T19:53:29Z,,,,,,,,Cultivo 2,2026-03
{'$oid': '69c59297b2147717dbde7462'},2026-03-26 20:00:09+00:00,2026-03-26T20:06:50Z,4.0,24.0,55.4,,2026-03-26T20:09:59Z,2026-03-26T20:09:59Z,2026-03-26T20:06:50Z,,,,,,,,Cultivo 2,2026-03
{'$oid': '69c594efb2147717dbde7463'},2026-03-26 20:13:29+00:00,2026-03-26T20:13:29Z,2.0,23.8,59.3,,2026-03-26T20:19:59Z,2026-03-26T20:19:59Z,2026-03-26T20:13:29Z,,,,,,,,Cultivo 2,2026-03
{'$oid': '69c59747b2147717dbde7464'},2026-03-26 20:20:10+00:00,2026-03-26T20:26:50Z,4.0,23.55,57.0,,2026-03-26T20:29:59Z,2026-03-26T20:29:59Z,2026-03-26T20:26:50Z,,,,,,,,Cultivo 2,2026-03
{'$oid': '69c5999fb2147717dbde7465'},2026-03-26 20:33:29+00:00,2026-03-26T20:33:29Z,2.0,24.4,56.5,,2026-03-26T20:39:59Z,2026-03-26T20:39:59Z,2026-03-26T20:33:29Z,,,,,,,,Cultivo 2,2026-03
{'$oid': '69c59bf7b2147717dbde7466'},2026-03-26 20:40:09+00:00,2026-03-26T20:46:49Z,4.0,25.0,53.75,,2026-03-26T20:49:59Z,2026-03-26T20:49:59Z,2026-03-26T20:46:49Z,,,,,,,,Cultivo 2,2026-03
{'$oid': '69c59e4fb2147717dbde7467'},2026-03-26 20:53:29+00:00,2026-03-26T20:53:29Z,2.0,24.6,56.6,,2026-03-26T20:59:59Z,2026-03-26T20:59:59Z,2026-03-26T20:53:29Z,,,,,,,,Cultivo 2,2026-03
{'$oid': '69c5a0a7b2147717dbde7468'},2026-03-26 21:00:09+00:00,2026-03-26T21:06:49Z,4.0,24.0,55.0,,2026-03-26T21:09:59Z,2026-03-26T21:09:59Z,2026-03-26T21:06:49Z,,,,,,,,Cultivo 2,2026-03
{'$oid': '69c5a2ffb2147717dbde7469'},2026-03-26 21:13:29+00:00,2026-03-26T21:13:29Z,2.0,24.2,58.0,,2026-03-26T21:19:59Z,2026-03-26T21:19:59Z,2026-03-26T21:13:29Z,,,,,,,,Cultivo 2,2026-03
{'$oid': '69c5a557b2147717dbde746a'},2026-03-26 21:20:09+00:00,2026-03-26T21:26:49Z,4.0,25.15,56.0,,2026-03-26T21:29:59Z,2026-03-26T21:29:59Z,2026-03-26T21:26:49Z,,,,,,,,Cultivo 2,2026-03
{'$oid': '69c5a7b0b2147717dbde746b'},2026-03-26 21:33:30+00:00,2026-03-26T21:33:30Z,2.0,24.9,57.7,,2026-03-26T21:40:00Z,2026-03-26T21:40:00Z,2026-03-26T21:33:30Z,,,,,,,,Cultivo 2,2026-03
{'$oid': '69c5aa08b2147717dbde746c'},2026-03-26 21:40:09+00:00,2026-03-26T21:46:50Z,4.0,23.35,58.150000000000006,,2026-03-26T21:50:00Z,2026-03-26T21:50:00Z,2026-03-26T21:46:50Z,,,,,,,,Cultivo 2,2026-03
{'$oid': '69c5ac60b2147717dbde746d'},2026-03-26 21:53:30+00:00,2026-03-26T21:53:30Z,2.0,22.9,58.2,,2026-03-26T22:00:00Z,2026-03-26T22:00:00Z,2026-03-26T21:53:30Z,,,,,,,,Cultivo 2,2026-03
{'$oid': '69c5aeb8b2147717dbde746e'},2026-03-26 22:00:09+00:00,2026-03-26T22:06:49Z,4.0,22.4,60.2,,2026-03-26T22:10:00Z,2026-03-26T22:10:00Z,2026-03-26T22:06:49Z,,,,,,,,Cultivo 2,2026-03
{'$oid': '69c5b110b2147717dbde746f'},2026-03-26 22:13:29+00:00,2026-03-26T22:13:29Z,2.0,22.6,59.5,,2026-03-26T22:20:00Z,2026-03-26T22:20:00Z,2026-03-26T22:13:29Z,,,,,,,,Cultivo 2,2026-03
{'$oid': '69c5b368b2147717dbde7470'},2026-03-26 22:20:09+00:00,2026-03-26T22:26:49Z,4.0,22.35,58.2,,2026-03-26T22:30:00Z,2026-03-26T22:30:00Z,2026-03-26T22:26:49Z,,,,,,,,Cultivo 2,2026-03
{'$oid': '69c5b5c0b2147717dbde7471'},2026-03-26 22:33:30+00:00,2026-03-26T22:33:30Z,2.0,21.7,60.2,,2026-03-26T22:40:00Z,2026-03-26T22:40:00Z,2026-03-26T22:33:30Z,,,,,,,,Cultivo 2,2026-03
{'$oid': '69c5b818b2147717dbde7472'},2026-03-26 22:40:11+00:00,2026-03-26T22:46:49Z,4.0,20.799999999999997,61.3,,2026-03-26T22:50:00Z,2026-03-26T22:50:00Z,2026-03-26T22:46:49Z,,,,,,,,Cultivo 2,2026-03
{'$oid': '69c5ba70b2147717dbde7473'},2026-03-26 22:53:30+00:00,2026-03-26T22:53:30Z,2.0,19.7,64.8,,2026-03-26T23:00:00Z,2026-03-26T23:00:00Z,2026-03-26T22:53:30Z,,,,,,,,Cultivo 2,2026-03
{'$oid': '69c5bcc9b2147717dbde7474'},2026-03-26 23:00:10+00:00,2026-03-26T23:06:49Z,4.0,18.549999999999997,68.75,,2026-03-26T23:10:01Z,2026-03-26T23:10:01Z,2026-03-26T23:06:49Z,,,,,,,,Cultivo 2,2026-03
{'$oid': '69c5bf21b2147717dbde7475'},2026-03-26 23:13:29+00:00,2026-03-26T23:13:29Z,2.0,17.6,73.6,,2026-03-26T23:20:01Z,2026-03-26T23:20:01Z,2026-03-26T23:13:29Z,,,,,,,,Cultivo 2,2026-03
{'$oid': '69c5c179b2147717dbde7476'},2026-03-26 23:20:10+00:00,2026-03-26T23:26:50Z,4.0,16.85,76.15,,2026-03-26T23:30:01Z,2026-03-26T23:30:01Z,2026-03-26T23:26:50Z,,,,,,,,Cultivo 2,2026-03
{'$oid': '69c5c3d1b2147717dbde7477'},2026-03-26 23:33:29+00:00,2026-03-26T23:33:29Z,2.0,16.4,77.8,,2026-03-26T23:40:01Z,2026-03-26T23:40:01Z,2026-03-26T23:33:29Z,,,,,,,,Cultivo 2,2026-03
{'$oid': '69c5c629b2147717dbde7478'},2026-03-26 23:40:11+00:00,2026-03-26T23:46:50Z,4.0,16.1,79.45,,2026-03-26T23:50:01Z,2026-03-26T23:50:01Z,2026-03-26T23:46:50Z,,,,,,,,Cultivo 2,2026-03
{'$oid': '69c5c881b2147717dbde7479'},2026-03-26 23:53:31+00:00,2026-03-26T23:53:31Z,2.0,15.9,79.5,,2026-03-27T00:00:01Z,2026-03-27T00:00:01Z,2026-03-26T23:53:31Z,,,,,,,,Cultivo 2,2026-03
{'$oid': '69c5cad9b2147717dbde747a'},2026-03-27 00:00:13+00:00,2026-03-27T00:06:51Z,4.0,15.8,79.44999999999999,,2026-03-27T00:10:01Z,2026-03-27T00:10:01Z,2026-03-27T00:06:51Z,,,,,,,,Cultivo 2,2026-03
{'$oid': '69c5cd31b2147717dbde747b'},2026-03-27 00:13:30+00:00,2026-03-27T00:13:30Z,2.0,15.7,79.7,,2026-03-27T00:20:01Z,2026-03-27T00:20:01Z,2026-03-27T00:13:30Z,,,,,,,,Cultivo 2,2026-03
{'$oid': '69c5cf89b2147717dbde747c'},2026-03-27 00:20:11+00:00,2026-03-27T00:26:50Z,4.0,15.649999999999999,80.5,,2026-03-27T00:30:01Z,2026-03-27T00:30:01Z,2026-03-27T00:26:50Z,,,,,,,,Cultivo 2,2026-03
{'$oid': '69c5d1e2b2147717dbde747d'},2026-03-27 00:33:30+00:00,2026-03-27T00:33:30Z,2.0,15.7,81.2,,2026-03-27T00:40:02Z,2026-03-27T00:40:02Z,2026-03-27T00:33:30Z,,,,,,,,Cultivo 2,2026-03
{'$oid': '69c5d43ab2147717dbde747e'},2026-03-27 00:40:11+00:00,2026-03-27T00:46:51Z,4.0,15.5,82.19999999999999,,2026-03-27T00:50:02Z,2026-03-27T00:50:02Z,2026-03-27T00:46:51Z,,,,,,,,Cultivo 2,2026-03
{'$oid': '69c5d692b2147717dbde747f'},2026-03-27 00:53:32+00:00,2026-03-27T00:53:32Z,2.0,15.5,81.6,,2026-03-27T01:00:02Z,2026-03-27T01:00:02Z,2026-03-27T00:53:32Z,,,,,,,,Cultivo 2,2026-03
{'$oid': '69c5d8eab2147717dbde7480'},2026-03-27 01:00:12+00:00,2026-03-27T01:06:51Z,4.0,15.45,80.85,,2026-03-27T01:10:02Z,2026-03-27T01:10:02Z,2026-03-27T01:06:51Z,,,,,,,,Cultivo 2,2026-03
{'$oid': '69c5db42b2147717dbde7481'},2026-03-27 01:13:32+00:00,2026-03-27T01:13:32Z,2.0,15.5,80.9,,2026-03-27T01:20:02Z,2026-03-27T01:20:02Z,2026-03-27T01:13:32Z,,,,,,,,Cultivo 2,2026-03
{'$oid': '69c5dd9ab2147717dbde7482'},2026-03-27 01:20:11+00:00,2026-03-27T01:26:52Z,4.0,15.6,80.9,,2026-03-27T01:30:02Z,2026-03-27T01:30:02Z,2026-03-27T01:26:52Z,,,,,,,,Cultivo 2,2026-03
{'$oid': '69c5dff2b2147717dbde7483'},2026-03-27 01:33:31+00:00,2026-03-27T01:33:31Z,2.0,15.4,80.7,,2026-03-27T01:40:02Z,2026-03-27T01:40:02Z,2026-03-27T01:33:31Z,,,,,,,,Cultivo 2,2026-03
{'$oid': '69c5e24ab2147717dbde7484'},2026-03-27 01:40:13+00:00,2026-03-27T01:46:51Z,4.0,14.85,81.05,,2026-03-27T01:50:02Z,2026-03-27T01:50:02Z,2026-03-27T01:46:51Z,,,,,,,,Cultivo 2,2026-03
{'$oid': '69c5e4a2b2147717dbde7485'},2026-03-27 01:53:36+00:00,2026-03-27T01:53:41Z,4.0,14.6,81.3,,2026-03-27T02:00:02Z,2026-03-27T02:00:02Z,2026-03-27T01:53:41Z,,,,,,,,Cultivo 2,2026-03
{'$oid': '69c5e6fab2147717dbde7486'},2026-03-27 02:00:12+00:00,2026-03-27T02:06:51Z,4.0,14.25,82.0,,2026-03-27T02:10:02Z,2026-03-27T02:10:02Z,2026-03-27T02:06:51Z,,,,,,,,Cultivo 2,2026-03
{'$oid': '69c5e953b2147717dbde7487'},2026-03-27 02:13:30+00:00,2026-03-27T02:13:30Z,2.0,14.1,81.2,,2026-03-27T02:20:03Z,2026-03-27T02:20:03Z,2026-03-27T02:13:30Z,,,,,,,,Cultivo 2,2026-03
{'$oid': '69c5ebabb2147717dbde7488'},2026-03-27 02:20:10+00:00,2026-03-27T02:26:52Z,4.0,13.8,81.25,,2026-03-27T02:30:03Z,2026-03-27T02:30:03Z,2026-03-27T02:26:52Z,,,,,,,,Cultivo 2,2026-03
{'$oid': '69c5ee03b2147717dbde7489'},2026-03-27 02:33:32+00:00,2026-03-27T02:33:32Z,2.0,13.6,81.8,,2026-03-27T02:40:03Z,2026-03-27T02:40:03Z,2026-03-27T02:33:32Z,,,,,,,,Cultivo 2,2026-03
{'$oid': '69c5f05bb2147717dbde748a'},2026-03-27 02:40:12+00:00,2026-03-27T02:46:53Z,4.0,13.4,81.94999999999999,,2026-03-27T02:50:03Z,2026-03-27T02:50:03Z,2026-03-27T02:46:53Z,,,,,,,,Cultivo 2,2026-03
{'$oid': '69c5f2b3b2147717dbde748b'},2026-03-27 02:53:32+00:00,2026-03-27T02:53:32Z,2.0,13.4,81.4,,2026-03-27T03:00:03Z,2026-03-27T03:00:03Z,2026-03-27T02:53:32Z,,,,,,,,Cultivo 2,2026-03
{'$oid': '69c5f50bb2147717dbde748c'},2026-03-27 03:00:15+00:00,2026-03-27T03:06:52Z,6.0,13.3,81.56666666666666,,2026-03-27T03:10:03Z,2026-03-27T03:10:03Z,2026-03-27T03:06:52Z,,,,,,,,Cultivo 2,2026-03
{'$oid': '69c5f763b2147717dbde748d'},2026-03-27 03:13:32+00:00,2026-03-27T03:13:32Z,2.0,13.3,81.7,,2026-03-27T03:20:03Z,2026-03-27T03:20:03Z,2026-03-27T03:13:32Z,,,,,,,,Cultivo 2,2026-03
{'$oid': '69c5f9bbb2147717dbde748e'},2026-03-27 03:20:11+00:00,2026-03-27T03:26:51Z,4.0,13.149999999999999,81.55,,2026-03-27T03:30:03Z,2026-03-27T03:30:03Z,2026-03-27T03:26:51Z,,,,,,,,Cultivo 2,2026-03
{'$oid': '69c5fc13b2147717dbde748f'},2026-03-27 03:33:32+00:00,2026-03-27T03:33:32Z,2.0,13.1,81.7,,2026-03-27T03:40:03Z,2026-03-27T03:40:03Z,2026-03-27T03:33:32Z,,,,,,,,Cultivo 2,2026-03
{'$oid': '69c5fe6bb2147717dbde7490'},2026-03-27 03:40:12+00:00,2026-03-27T03:46:51Z,4.0,12.95,81.45,,2026-03-27T03:50:03Z,2026-03-27T03:50:03Z,2026-03-27T03:46:51Z,,,,,,,,Cultivo 2,2026-03
{'$oid': '69c600c3b2147717dbde7491'},2026-03-27 03:53:30+00:00,2026-03-27T03:53:30Z,2.0,12.7,81.5,,2026-03-27T04:00:03Z,2026-03-27T04:00:03Z,2026-03-27T03:53:30Z,,,,,,,,Cultivo 2,2026-03
{'$oid': '69c6031cb2147717dbde7492'},2026-03-27 04:00:11+00:00,2026-03-27T04:06:50Z,4.0,12.7,81.65,,2026-03-27T04:10:04Z,2026-03-27T04:10:04Z,2026-03-27T04:06:50Z,,,,,,,,Cultivo 2,2026-03
{'$oid': '69c60574b2147717dbde7493'},2026-03-27 04:13:30+00:00,2026-03-27T04:13:30Z,2.0,12.6,81.7,,2026-03-27T04:20:04Z,2026-03-27T04:20:04Z,2026-03-27T04:13:30Z,,,,,,,,Cultivo 2,2026-03
{'$oid': '69c607ccb2147717dbde7494'},2026-03-27 04:20:10+00:00,2026-03-27T04:26:50Z,4.0,12.75,81.85,,2026-03-27T04:30:04Z,2026-03-27T04:30:04Z,2026-03-27T04:26:50Z,,,,,,,,Cultivo 2,2026-03
{'$oid': '69c60a24b2147717dbde7495'},2026-03-27 04:33:30+00:00,2026-03-27T04:33:30Z,2.0,12.7,82.2,,2026-03-27T04:40:04Z,2026-03-27T04:40:04Z,2026-03-27T04:33:30Z,,,,,,,,Cultivo 2,2026-03
{'$oid': '69c60c7cb2147717dbde7496'},2026-03-27 04:40:10+00:00,2026-03-27T04:46:50Z,4.0,12.95,81.85,,2026-03-27T04:50:04Z,2026-03-27T04:50:04Z,2026-03-27T04:46:50Z,,,,,,,,Cultivo 2,2026-03
{'$oid': '69c60ed4b2147717dbde7497'},2026-03-27 04:53:30+00:00,2026-03-27T04:53:30Z,2.0,13.2,81.8,,2026-03-27T05:00:04Z,2026-03-27T05:00:04Z,2026-03-27T04:53:30Z,,,,,,,,Cultivo 2,2026-03
{'$oid': '69c6112cb2147717dbde7498'},2026-03-27 05:00:10+00:00,2026-03-27T05:06:50Z,4.0,13.149999999999999,81.85,,2026-03-27T05:10:04Z,2026-03-27T05:10:04Z,2026-03-27T05:06:50Z,,,,,,,,Cultivo 2,2026-03
{'$oid': '69c61384b2147717dbde7499'},2026-03-27 05:13:30+00:00,2026-03-27T05:13:30Z,2.0,13.1,81.9,,2026-03-27T05:20:04Z,2026-03-27T05:20:04Z,2026-03-27T05:13:30Z,,,,,,,,Cultivo 2,2026-03
{'$oid': '69c615dcb2147717dbde749a'},2026-03-27 05:20:10+00:00,2026-03-27T05:26:50Z,4.0,13.1,81.4,,2026-03-27T05:30:04Z,2026-03-27T05:30:04Z,2026-03-27T05:26:50Z,,,,,,,,Cultivo 2,2026-03
{'$oid': '69c61834b2147717dbde749b'},2026-03-27 05:33:30+00:00,2026-03-27T05:33:30Z,2.0,13.0,81.6,,2026-03-27T05:40:04Z,2026-03-27T05:40:04Z,2026-03-27T05:33:30Z,,,,,,,,Cultivo 2,2026-03
{'$oid': '69c61a8cb2147717dbde749c'},2026-03-27 05:40:10+00:00,2026-03-27T05:46:50Z,4.0,12.95,81.8,,2026-03-27T05:50:04Z,2026-03-27T05:50:04Z,2026-03-27T05:46:50Z,,,,,,,,Cultivo 2,2026-03
{'$oid': '69c61ce5b2147717dbde749d'},2026-03-27 05:53:30+00:00,2026-03-27T05:53:30Z,2.0,12.9,81.8,,2026-03-27T06:00:05Z,2026-03-27T06:00:05Z,2026-03-27T05:53:30Z,,,,,,,,Cultivo 2,2026-03
{'$oid': '69c61f3db2147717dbde749e'},2026-03-27 06:00:10+00:00,2026-03-27T06:06:50Z,4.0,13.15,81.85,,2026-03-27T06:10:05Z,2026-03-27T06:10:05Z,2026-03-27T06:06:50Z,,,,,,,,Cultivo 2,2026-03
{'$oid': '69c62195b2147717dbde749f'},2026-03-27 06:13:30+00:00,2026-03-27T06:13:30Z,2.0,13.5,81.9,,2026-03-27T06:20:05Z,2026-03-27T06:20:05Z,2026-03-27T06:13:30Z,,,,,,,,Cultivo 2,2026-03
{'$oid': '69c623edb2147717dbde74a0'},2026-03-27 06:20:10+00:00,2026-03-27T06:26:50Z,4.0,13.7,81.44999999999999,,2026-03-27T06:30:05Z,2026-03-27T06:30:05Z,2026-03-27T06:26:50Z,,,,,,,,Cultivo 2,2026-03
{'$oid': '69c62645b2147717dbde74a1'},2026-03-27 06:33:30+00:00,2026-03-27T06:33:30Z,2.0,13.5,80.9,,2026-03-27T06:40:05Z,2026-03-27T06:40:05Z,2026-03-27T06:33:30Z,,,,,,,,Cultivo 2,2026-03
{'$oid': '69c6289db2147717dbde74a2'},2026-03-27 06:40:10+00:00,2026-03-27T06:46:50Z,4.0,13.4,81.35,,2026-03-27T06:50:05Z,2026-03-27T06:50:05Z,2026-03-27T06:46:50Z,,,,,,,,Cultivo 2,2026-03
{'$oid': '69c62af5b2147717dbde74a3'},2026-03-27 06:53:30+00:00,2026-03-27T06:53:30Z,2.0,13.4,81.5,,2026-03-27T07:00:05Z,2026-03-27T07:00:05Z,2026-03-27T06:53:30Z,,,,,,,,Cultivo 2,2026-03
{'$oid': '69c62d4db2147717dbde74a4'},2026-03-27 07:00:10+00:00,2026-03-27T07:06:50Z,4.0,13.6,81.35,,2026-03-27T07:10:05Z,2026-03-27T07:10:05Z,2026-03-27T07:06:50Z,,,,,,,,Cultivo 2,2026-03
{'$oid': '69c62fa5b2147717dbde74a5'},2026-03-27 07:13:30+00:00,2026-03-27T07:13:30Z,2.0,13.5,81.4,,2026-03-27T07:20:05Z,2026-03-27T07:20:05Z,2026-03-27T07:13:30Z,,,,,,,,Cultivo 2,2026-03
{'$oid': '69c631fdb2147717dbde74a6'},2026-03-27 07:20:10+00:00,2026-03-27T07:26:50Z,4.0,13.649999999999999,81.6,,2026-03-27T07:30:05Z,2026-03-27T07:30:05Z,2026-03-27T07:26:50Z,,,,,,,,Cultivo 2,2026-03
{'$oid': '69c63456b2147717dbde74a7'},2026-03-27 07:33:30+00:00,2026-03-27T07:33:30Z,2.0,13.6,81.5,,2026-03-27T07:40:06Z,2026-03-27T07:40:06Z,2026-03-27T07:33:30Z,,,,,,,,Cultivo 2,2026-03
{'$oid': '69c636aeb2147717dbde74a8'},2026-03-27 07:40:10+00:00,2026-03-27T07:46:50Z,4.0,13.649999999999999,81.80000000000001,,2026-03-27T07:50:06Z,2026-03-27T07:50:06Z,2026-03-27T07:46:50Z,,,,,,,,Cultivo 2,2026-03
{'$oid': '69c63906b2147717dbde74a9'},2026-03-27 07:53:30+00:00,2026-03-27T07:53:30Z,2.0,13.7,81.8,,2026-03-27T08:00:06Z,2026-03-27T08:00:06Z,2026-03-27T07:53:30Z,,,,,,,,Cultivo 2,2026-03
{'$oid': '69c63b5eb2147717dbde74aa'},2026-03-27 08:00:10+00:00,2026-03-27T08:06:50Z,4.0,13.649999999999999,81.5,,2026-03-27T08:10:06Z,2026-03-27T08:10:06Z,2026-03-27T08:06:50Z,,,,,,,,Cultivo 2,2026-03
{'$oid': '69c63db6b2147717dbde74ab'},2026-03-27 08:13:30+00:00,2026-03-27T08:13:30Z,2.0,13.6,81.3,,2026-03-27T08:20:06Z,2026-03-27T08:20:06Z,2026-03-27T08:13:30Z,,,,,,,,Cultivo 2,2026-03
{'$oid': '69c6400eb2147717dbde74ac'},2026-03-27 08:20:10+00:00,2026-03-27T08:26:50Z,4.0,13.25,81.35,,2026-03-27T08:30:06Z,2026-03-27T08:30:06Z,2026-03-27T08:26:50Z,,,,,,,,Cultivo 2,2026-03
{'$oid': '69c64266b2147717dbde74ad'},2026-03-27 08:33:30+00:00,2026-03-27T08:33:30Z,2.0,12.9,81.5,,2026-03-27T08:40:06Z,2026-03-27T08:40:06Z,2026-03-27T08:33:30Z,,,,,,,,Cultivo 2,2026-03
{'$oid': '69c644beb2147717dbde74ae'},2026-03-27 08:40:10+00:00,2026-03-27T08:46:50Z,4.0,12.5,81.5,,2026-03-27T08:50:06Z,2026-03-27T08:50:06Z,2026-03-27T08:46:50Z,,,,,,,,Cultivo 2,2026-03
{'$oid': '69c64716b2147717dbde74af'},2026-03-27 08:53:30+00:00,2026-03-27T08:53:30Z,2.0,12.3,81.9,,2026-03-27T09:00:06Z,2026-03-27T09:00:06Z,2026-03-27T08:53:30Z,,,,,,,,Cultivo 2,2026-03
{'$oid': '69c6496eb2147717dbde74b0'},2026-03-27 09:00:10+00:00,2026-03-27T09:06:50Z,4.0,12.149999999999999,82.0,,2026-03-27T09:10:06Z,2026-03-27T09:10:06Z,2026-03-27T09:06:50Z,,,,,,,,Cultivo 2,2026-03
{'$oid': '69c64bc7b2147717dbde74b1'},2026-03-27 09:13:30+00:00,2026-03-27T09:13:30Z,2.0,11.9,82.4,,2026-03-27T09:20:07Z,2026-03-27T09:20:07Z,2026-03-27T09:13:30Z,,,,,,,,Cultivo 2,2026-03
{'$oid': '69c64e1fb2147717dbde74b2'},2026-03-27 09:20:10+00:00,2026-03-27T09:26:50Z,4.0,11.95,82.85,,2026-03-27T09:30:07Z,2026-03-27T09:30:07Z,2026-03-27T09:26:50Z,,,,,,,,Cultivo 2,2026-03
{'$oid': '69c65077b2147717dbde74b3'},2026-03-27 09:33:30+00:00,2026-03-27T09:33:30Z,2.0,12.0,82.7,,2026-03-27T09:40:07Z,2026-03-27T09:40:07Z,2026-03-27T09:33:30Z,,,,,,,,Cultivo 2,2026-03
{'$oid': '69c652cfb2147717dbde74b4'},2026-03-27 09:40:11+00:00,2026-03-27T09:46:50Z,4.0,12.05,82.6,,2026-03-27T09:50:07Z,2026-03-27T09:50:07Z,2026-03-27T09:46:50Z,,,,,,,,Cultivo 2,2026-03
{'$oid': '69c65527b2147717dbde74b5'},2026-03-27 09:53:30+00:00,2026-03-27T09:53:30Z,2.0,12.1,82.4,,2026-03-27T10:00:07Z,2026-03-27T10:00:07Z,2026-03-27T09:53:30Z,,,,,,,,Cultivo 2,2026-03
{'$oid': '69c6577fb2147717dbde74b6'},2026-03-27 10:00:10+00:00,2026-03-27T10:06:50Z,4.0,12.149999999999999,82.25,,2026-03-27T10:10:07Z,2026-03-27T10:10:07Z,2026-03-27T10:06:50Z,,,,,,,,Cultivo 2,2026-03
{'$oid': '69c659d7b2147717dbde74b7'},2026-03-27 10:13:30+00:00,2026-03-27T10:13:30Z,2.0,12.2,82.3,,2026-03-27T10:20:07Z,2026-03-27T10:20:07Z,2026-03-27T10:13:30Z,,,,,,,,Cultivo 2,2026-03
{'$oid': '69c65c2fb2147717dbde74b8'},2026-03-27 10:20:10+00:00,2026-03-27T10:26:50Z,4.0,12.05,82.30000000000001,,2026-03-27T10:30:07Z,2026-03-27T10:30:07Z,2026-03-27T10:26:50Z,,,,,,,,Cultivo 2,2026-03
{'$oid': '69c65e87b2147717dbde74b9'},2026-03-27 10:33:31+00:00,2026-03-27T10:33:31Z,2.0,12.1,82.4,,2026-03-27T10:40:07Z,2026-03-27T10:40:07Z,2026-03-27T10:33:31Z,,,,,,,,Cultivo 2,2026-03
{'$oid': '69c660dfb2147717dbde74ba'},2026-03-27 10:40:11+00:00,2026-03-27T10:46:51Z,4.0,12.2,82.15,,2026-03-27T10:50:07Z,2026-03-27T10:50:07Z,2026-03-27T10:46:51Z,,,,,,,,Cultivo 2,2026-03
{'$oid': '69c66338b2147717dbde74bb'},2026-03-27 10:53:31+00:00,2026-03-27T10:53:31Z,2.0,12.1,82.1,,2026-03-27T11:00:08Z,2026-03-27T11:00:08Z,2026-03-27T10:53:31Z,,,,,,,,Cultivo 2,2026-03
{'$oid': '69c66590b2147717dbde74bc'},2026-03-27 11:00:11+00:00,2026-03-27T11:06:51Z,4.0,11.8,82.1,,2026-03-27T11:10:08Z,2026-03-27T11:10:08Z,2026-03-27T11:06:51Z,,,,,,,,Cultivo 2,2026-03
{'$oid': '69c667e8b2147717dbde74bd'},2026-03-27 11:13:31+00:00,2026-03-27T11:13:31Z,2.0,11.4,82.2,,2026-03-27T11:20:08Z,2026-03-27T11:20:08Z,2026-03-27T11:13:31Z,,,,,,,,Cultivo 2,2026-03
{'$oid': '69c66a40b2147717dbde74be'},2026-03-27 11:20:11+00:00,2026-03-27T11:26:51Z,4.0,11.65,82.05000000000001,,2026-03-27T11:30:08Z,2026-03-27T11:30:08Z,2026-03-27T11:26:51Z,,,,,,,,Cultivo 2,2026-03
{'$oid': '69c66c98b2147717dbde74bf'},2026-03-27 11:33:31+00:00,2026-03-27T11:33:31Z,2.0,12.1,81.4,,2026-03-27T11:40:08Z,2026-03-27T11:40:08Z,2026-03-27T11:33:31Z,,,,,,,,Cultivo 2,2026-03
{'$oid': '69c66ef0b2147717dbde74c0'},2026-03-27 11:40:11+00:00,2026-03-27T11:46:51Z,4.0,12.65,80.15,,2026-03-27T11:50:08Z,2026-03-27T11:50:08Z,2026-03-27T11:46:51Z,,,,,,,,Cultivo 2,2026-03
{'$oid': '69c67148b2147717dbde74c1'},2026-03-27 11:53:31+00:00,2026-03-27T11:53:31Z,2.0,13.5,78.8,,2026-03-27T12:00:08Z,2026-03-27T12:00:08Z,2026-03-27T11:53:31Z,,,,,,,,Cultivo 2,2026-03
{'$oid': '69c673a0b2147717dbde74c2'},2026-03-27 12:00:11+00:00,2026-03-27T12:06:51Z,4.0,14.9,75.95,,2026-03-27T12:10:08Z,2026-03-27T12:10:08Z,2026-03-27T12:06:51Z,,,,,,,,Cultivo 2,2026-03
{'$oid': '69c675f8b2147717dbde74c3'},2026-03-27 12:13:31+00:00,2026-03-27T12:13:31Z,2.0,16.1,73.3,,2026-03-27T12:20:08Z,2026-03-27T12:20:08Z,2026-03-27T12:13:31Z,,,,,,,,Cultivo 2,2026-03
{'$oid': '69c67850b2147717dbde74c4'},2026-03-27 12:20:11+00:00,2026-03-27T12:26:51Z,4.0,17.05,70.4,,2026-03-27T12:30:08Z,2026-03-27T12:30:08Z,2026-03-27T12:26:51Z,,,,,,,,Cultivo 2,2026-03
{'$oid': '69c67aa8b2147717dbde74c5'},2026-03-27 12:33:31+00:00,2026-03-27T12:33:31Z,2.0,18.8,66.2,,2026-03-27T12:40:08Z,2026-03-27T12:40:08Z,2026-03-27T12:33:31Z,,,,,,,,Cultivo 2,2026-03
{'$oid': '69c67d00b2147717dbde74c6'},2026-03-27 12:40:11+00:00,2026-03-27T12:46:51Z,4.0,19.55,66.05000000000001,,2026-03-27T12:50:08Z,2026-03-27T12:50:08Z,2026-03-27T12:46:51Z,,,,,,,,Cultivo 2,2026-03
{'$oid': '69c67f59b2147717dbde74c7'},2026-03-27 12:53:31+00:00,2026-03-27T12:53:31Z,2.0,20.6,65.2,,2026-03-27T13:00:09Z,2026-03-27T13:00:09Z,2026-03-27T12:53:31Z,,,,,,,,Cultivo 2,2026-03
{'$oid': '69c681b1b2147717dbde74c8'},2026-03-27 13:00:11+00:00,2026-03-27T13:06:51Z,4.0,21.799999999999997,62.2,,2026-03-27T13:10:09Z,2026-03-27T13:10:09Z,2026-03-27T13:06:51Z,,,,,,,,Cultivo 2,2026-03
{'$oid': '69c68409b2147717dbde74c9'},2026-03-27 13:13:31+00:00,2026-03-27T13:13:31Z,2.0,23.4,59.4,,2026-03-27T13:20:09Z,2026-03-27T13:20:09Z,2026-03-27T13:13:31Z,,,,,,,,Cultivo 2,2026-03
{'$oid': '69c68661b2147717dbde74ca'},2026-03-27 13:20:11+00:00,2026-03-27T13:26:51Z,4.0,24.85,57.099999999999994,,2026-03-27T13:30:09Z,2026-03-27T13:30:09Z,2026-03-27T13:26:51Z,,,,,,,,Cultivo 2,2026-03
{'$oid': '69c688b9b2147717dbde74cb'},2026-03-27 13:33:31+00:00,2026-03-27T13:33:31Z,2.0,25.1,55.3,,2026-03-27T13:40:09Z,2026-03-27T13:40:09Z,2026-03-27T13:33:31Z,,,,,,,,Cultivo 2,2026-03
{'$oid': '69c68b11b2147717dbde74cc'},2026-03-27 13:40:11+00:00,2026-03-27T13:46:51Z,4.0,25.75,56.3,,2026-03-27T13:50:09Z,2026-03-27T13:50:09Z,2026-03-27T13:46:51Z,,,,,,,,Cultivo 2,2026-03
{'$oid': '69c68d69b2147717dbde74cd'},2026-03-27 13:53:31+00:00,2026-03-27T13:53:31Z,2.0,27.3,53.5,,2026-03-27T14:00:09Z,2026-03-27T14:00:09Z,2026-03-27T13:53:31Z,,,,,,,,Cultivo 2,2026-03
{'$oid': '69c68fc1b2147717dbde74ce'},2026-03-27 14:00:11+00:00,2026-03-27T14:06:51Z,4.0,28.5,51.25,,2026-03-27T14:10:09Z,2026-03-27T14:10:09Z,2026-03-27T14:06:51Z,,,,,,,,Cultivo 2,2026-03
{'$oid': '69c69219b2147717dbde74cf'},2026-03-27 14:13:31+00:00,2026-03-27T14:13:31Z,2.0,29.8,50.3,,2026-03-27T14:20:09Z,2026-03-27T14:20:09Z,2026-03-27T14:13:31Z,,,,,,,,Cultivo 2,2026-03
{'$oid': '69c69472b2147717dbde74d0'},2026-03-27 14:20:11+00:00,2026-03-27T14:26:51Z,4.0,29.95,48.95,,2026-03-27T14:30:10Z,2026-03-27T14:30:10Z,2026-03-27T14:26:51Z,,,,,,,,Cultivo 2,2026-03
{'$oid': '69c696cab2147717dbde74d1'},2026-03-27 14:33:31+00:00,2026-03-27T14:33:31Z,2.0,28.9,51.3,,2026-03-27T14:40:10Z,2026-03-27T14:40:10Z,2026-03-27T14:33:31Z,,,,,,,,Cultivo 2,2026-03
{'$oid': '69c69922b2147717dbde74d2'},2026-03-27 14:40:11+00:00,2026-03-27T14:46:51Z,4.0,29.450000000000003,49.85,,2026-03-27T14:50:10Z,2026-03-27T14:50:10Z,2026-03-27T14:46:51Z,,,,,,,,Cultivo 2,2026-03
{'$oid': '69c69b7ab2147717dbde74d3'},2026-03-27 14:53:31+00:00,2026-03-27T14:53:31Z,2.0,30.2,48.3,,2026-03-27T15:00:10Z,2026-03-27T15:00:10Z,2026-03-27T14:53:31Z,,,,,,,,Cultivo 2,2026-03
{'$oid': '69c69dd2b2147717dbde74d4'},2026-03-27 15:00:11+00:00,2026-03-27T15:06:51Z,4.0,30.3,48.2,,2026-03-27T15:10:10Z,2026-03-27T15:10:10Z,2026-03-27T15:06:51Z,,,,,,,,Cultivo 2,2026-03
{'$oid': '69c6a02ab2147717dbde74d5'},2026-03-27 15:13:31+00:00,2026-03-27T15:13:31Z,2.0,29.7,48.3,,2026-03-27T15:20:10Z,2026-03-27T15:20:10Z,2026-03-27T15:13:31Z,,,,,,,,Cultivo 2,2026-03
{'$oid': '69c6a282b2147717dbde74d6'},2026-03-27 15:20:11+00:00,2026-03-27T15:26:51Z,4.0,29.2,47.95,,2026-03-27T15:30:10Z,2026-03-27T15:30:10Z,2026-03-27T15:26:51Z,,,,,,,,Cultivo 2,2026-03
{'$oid': '69c6a4dab2147717dbde74d7'},2026-03-27 15:33:31+00:00,2026-03-27T15:33:31Z,2.0,29.6,49.9,,2026-03-27T15:40:10Z,2026-03-27T15:40:10Z,2026-03-27T15:33:31Z,,,,,,,,Cultivo 2,2026-03
{'$oid': '69c6a732b2147717dbde74d8'},2026-03-27 15:40:11+00:00,2026-03-27T15:46:51Z,4.0,29.9,49.85,,2026-03-27T15:50:10Z,2026-03-27T15:50:10Z,2026-03-27T15:46:51Z,,,,,,,,Cultivo 2,2026-03
{'$oid': '69c6a98ab2147717dbde74d9'},2026-03-27 15:53:31+00:00,2026-03-27T15:53:31Z,2.0,31.3,47.3,,2026-03-27T16:00:10Z,2026-03-27T16:00:10Z,2026-03-27T15:53:31Z,,,,,,,,Cultivo 2,2026-03
{'$oid': '69c6abe3b2147717dbde74da'},2026-03-27 16:00:11+00:00,2026-03-27T16:06:51Z,4.0,33.85,44.3,,2026-03-27T16:10:11Z,2026-03-27T16:10:11Z,2026-03-27T16:06:51Z,,,,,,,,Cultivo 2,2026-03
{'$oid': '69c6ae3bb2147717dbde74db'},2026-03-27 16:13:31+00:00,2026-03-27T16:13:31Z,2.0,34.8,43.6,,2026-03-27T16:20:11Z,2026-03-27T16:20:11Z,2026-03-27T16:13:31Z,,,,,,,,Cultivo 2,2026-03
{'$oid': '69c6b093b2147717dbde74dc'},2026-03-27 16:20:11+00:00,2026-03-27T16:26:51Z,4.0,36.400000000000006,41.25,,2026-03-27T16:30:11Z,2026-03-27T16:30:11Z,2026-03-27T16:26:51Z,,,,,,,,Cultivo 2,2026-03
{'$oid': '69c6b2ebb2147717dbde74dd'},2026-03-27 16:33:31+00:00,2026-03-27T16:33:31Z,2.0,37.6,42.0,,2026-03-27T16:40:11Z,2026-03-27T16:40:11Z,2026-03-27T16:33:31Z,,,,,,,,Cultivo 2,2026-03
{'$oid': '69c6b543b2147717dbde74de'},2026-03-27 16:40:11+00:00,2026-03-27T16:46:51Z,4.0,37.5,41.3,,2026-03-27T16:50:11Z,2026-03-27T16:50:11Z,2026-03-27T16:46:51Z,,,,,,,,Cultivo 2,2026-03
{'$oid': '69c6b79bb2147717dbde74df'},2026-03-27 16:53:31+00:00,2026-03-27T16:53:31Z,2.0,36.2,42.2,,2026-03-27T17:00:11Z,2026-03-27T17:00:11Z,2026-03-27T16:53:31Z,,,,,,,,Cultivo 2,2026-03
{'$oid': '69c6b9f3b2147717dbde74e0'},2026-03-27 17:00:11+00:00,2026-03-27T17:06:51Z,4.0,35.05,40.349999999999994,,2026-03-27T17:10:11Z,2026-03-27T17:10:11Z,2026-03-27T17:06:51Z,,,,,,,,Cultivo 2,2026-03
{'$oid': '69c6bc4bb2147717dbde74e1'},2026-03-27 17:13:31+00:00,2026-03-27T17:20:11Z,4.0,35.2,42.3,,2026-03-27T17:20:11Z,2026-03-27T17:20:11Z,2026-03-27T17:20:11Z,,,,,,,,Cultivo 2,2026-03
{'$oid': '69c6bea3b2147717dbde74e2'},2026-03-27 17:26:52+00:00,2026-03-27T17:26:52Z,2.0,34.7,40.6,,2026-03-27T17:30:11Z,2026-03-27T17:30:11Z,2026-03-27T17:26:52Z,,,,,,,,Cultivo 2,2026-03
{'$oid': '69c6c0fbb2147717dbde74e3'},2026-03-27 17:33:31+00:00,2026-03-27T17:33:31Z,2.0,34.5,40.6,,2026-03-27T17:40:11Z,2026-03-27T17:40:11Z,2026-03-27T17:33:31Z,,,,,,,,Cultivo 2,2026-03
{'$oid': '69c6c353b2147717dbde74e4'},2026-03-27 17:40:12+00:00,2026-03-27T17:46:51Z,4.0,35.1,41.5,,2026-03-27T17:50:11Z,2026-03-27T17:50:11Z,2026-03-27T17:46:51Z,,,,,,,,Cultivo 2,2026-03
{'$oid': '69c6c5acb2147717dbde74e5'},2026-03-27 17:53:32+00:00,2026-03-27T17:53:32Z,2.0,35.1,43.4,,2026-03-27T18:00:12Z,2026-03-27T18:00:12Z,2026-03-27T17:53:32Z,,,,,,,,Cultivo 2,2026-03
{'$oid': '69c6c804b2147717dbde74e6'},2026-03-27 18:00:12+00:00,2026-03-27T18:06:52Z,4.0,33.9,41.95,,2026-03-27T18:10:12Z,2026-03-27T18:10:12Z,2026-03-27T18:06:52Z,,,,,,,,Cultivo 2,2026-03
{'$oid': '69c6ca5cb2147717dbde74e7'},2026-03-27 18:13:31+00:00,2026-03-27T18:13:31Z,2.0,32.6,42.6,,2026-03-27T18:20:12Z,2026-03-27T18:20:12Z,2026-03-27T18:13:31Z,,,,,,,,Cultivo 2,2026-03
{'$oid': '69c6ccb4b2147717dbde74e8'},2026-03-27 18:20:12+00:00,2026-03-27T18:26:51Z,4.0,31.5,43.3,,2026-03-27T18:30:12Z,2026-03-27T18:30:12Z,2026-03-27T18:26:51Z,,,,,,,,Cultivo 2,2026-03
{'$oid': '69c6cf0cb2147717dbde74e9'},2026-03-27 18:33:31+00:00,2026-03-27T18:40:11Z,4.0,28.8,47.3,,2026-03-27T18:40:12Z,2026-03-27T18:40:12Z,2026-03-27T18:40:11Z,,,,,,,,Cultivo 2,2026-03
{'$oid': '69c6d164b2147717dbde74ea'},2026-03-27 18:46:51+00:00,2026-03-27T18:46:51Z,2.0,29.6,46.1,,2026-03-27T18:50:12Z,2026-03-27T18:50:12Z,2026-03-27T18:46:51Z,,,,,,,,Cultivo 2,2026-03
{'$oid': '69c6d3bcb2147717dbde74eb'},2026-03-27 18:53:33+00:00,2026-03-27T19:00:12Z,6.0,30.233333333333334,45.36666666666667,,2026-03-27T19:00:12Z,2026-03-27T19:00:12Z,2026-03-27T19:00:12Z,,,,,,,,Cultivo 2,2026-03
{'$oid': '69c6d614b2147717dbde74ec'},2026-03-27 19:06:53+00:00,2026-03-27T19:06:53Z,2.0,29.3,47.7,,2026-03-27T19:10:12Z,2026-03-27T19:10:12Z,2026-03-27T19:06:53Z,,,,,,,,Cultivo 2,2026-03
{'$oid': '69c6d86cb2147717dbde74ed'},2026-03-27 19:13:33+00:00,2026-03-27T19:20:12Z,4.0,29.1,47.15,,2026-03-27T19:20:12Z,2026-03-27T19:20:12Z,2026-03-27T19:20:12Z,,,,,,,,Cultivo 2,2026-03
{'$oid': '69c6dac5b2147717dbde74ee'},2026-03-27 19:26:52+00:00,2026-03-27T19:26:52Z,2.0,28.6,47.9,,2026-03-27T19:30:13Z,2026-03-27T19:30:13Z,2026-03-27T19:26:52Z,,,,,,,,Cultivo 2,2026-03
{'$oid': '69c6dd1db2147717dbde74ef'},2026-03-27 19:33:33+00:00,2026-03-27T19:40:12Z,4.0,28.6,48.3,,2026-03-27T19:40:13Z,2026-03-27T19:40:13Z,2026-03-27T19:40:12Z,,,,,,,,Cultivo 2,2026-03
{'$oid': '69c6df75b2147717dbde74f0'},2026-03-27 19:46:51+00:00,2026-03-27T19:46:51Z,2.0,28.3,49.4,,2026-03-27T19:50:13Z,2026-03-27T19:50:13Z,2026-03-27T19:46:51Z,,,,,,,,Cultivo 2,2026-03
{'$oid': '69c6e1cdb2147717dbde74f1'},2026-03-27 19:53:32+00:00,2026-03-27T20:00:13Z,4.0,26.0,53.7,,2026-03-27T20:00:13Z,2026-03-27T20:00:13Z,2026-03-27T20:00:13Z,,,,,,,,Cultivo 2,2026-03
{'$oid': '69c6e425b2147717dbde74f2'},2026-03-27 20:06:52+00:00,2026-03-27T20:06:52Z,2.0,25.0,54.4,,2026-03-27T20:10:13Z,2026-03-27T20:10:13Z,2026-03-27T20:06:52Z,,,,,,,,Cultivo 2,2026-03
{'$oid': '69c6e67db2147717dbde74f3'},2026-03-27 20:13:33+00:00,2026-03-27T20:20:12Z,4.0,24.6,55.95,,2026-03-27T20:20:13Z,2026-03-27T20:20:13Z,2026-03-27T20:20:12Z,,,,,,,,Cultivo 2,2026-03
{'$oid': '69c6e8d5b2147717dbde74f4'},2026-03-27 20:26:52+00:00,2026-03-27T20:26:52Z,2.0,23.9,57.7,,2026-03-27T20:30:13Z,2026-03-27T20:30:13Z,2026-03-27T20:26:52Z,,,,,,,,Cultivo 2,2026-03
{'$oid': '69c6eb2db2147717dbde74f5'},2026-03-27 20:33:32+00:00,2026-03-27T20:40:12Z,4.0,23.0,58.75,,2026-03-27T20:40:13Z,2026-03-27T20:40:13Z,2026-03-27T20:40:12Z,,,,,,,,Cultivo 2,2026-03
{'$oid': '69c6ed85b2147717dbde74f6'},2026-03-27 20:46:53+00:00,2026-03-27T20:46:53Z,2.0,22.4,61.2,,2026-03-27T20:50:13Z,2026-03-27T20:50:13Z,2026-03-27T20:46:53Z,,,,,,,,Cultivo 2,2026-03
{'$oid': '69c6efdeb2147717dbde74f7'},2026-03-27 20:53:33+00:00,2026-03-27T21:00:12Z,4.0,22.450000000000003,60.55,,2026-03-27T21:00:14Z,2026-03-27T21:00:14Z,2026-03-27T21:00:12Z,,,,,,,,Cultivo 2,2026-03
{'$oid': '69c6f236b2147717dbde74f8'},2026-03-27 21:06:52+00:00,2026-03-27T21:06:52Z,2.0,21.7,63.1,,2026-03-27T21:10:14Z,2026-03-27T21:10:14Z,2026-03-27T21:06:52Z,,,,,,,,Cultivo 2,2026-03
{'$oid': '69c6f48eb2147717dbde74f9'},2026-03-27 21:13:32+00:00,2026-03-27T21:20:14Z,4.0,22.1,61.55,,2026-03-27T21:20:14Z,2026-03-27T21:20:14Z,2026-03-27T21:20:14Z,,,,,,,,Cultivo 2,2026-03
{'$oid': '69c6f6e6b2147717dbde74fa'},2026-03-27 21:26:53+00:00,2026-03-27T21:26:53Z,2.0,21.4,63.3,,2026-03-27T21:30:14Z,2026-03-27T21:30:14Z,2026-03-27T21:26:53Z,,,,,,,,Cultivo 2,2026-03
{'$oid': '69c6f93eb2147717dbde74fb'},2026-03-27 21:33:33+00:00,2026-03-27T21:40:12Z,4.0,21.5,66.4,,2026-03-27T21:40:14Z,2026-03-27T21:40:14Z,2026-03-27T21:40:12Z,,,,,,,,Cultivo 2,2026-03
{'$oid': '69c6fb96b2147717dbde74fc'},2026-03-27 21:46:52+00:00,2026-03-27T21:46:52Z,2.0,22.4,65.4,,2026-03-27T21:50:14Z,2026-03-27T21:50:14Z,2026-03-27T21:46:52Z,,,,,,,,Cultivo 2,2026-03
{'$oid': '69c6fdeeb2147717dbde74fd'},2026-03-27 21:53:32+00:00,2026-03-27T22:00:12Z,4.0,22.0,66.1,,2026-03-27T22:00:14Z,2026-03-27T22:00:14Z,2026-03-27T22:00:12Z,,,,,,,,Cultivo 2,2026-03
{'$oid': '69c70046b2147717dbde74fe'},2026-03-27 22:06:52+00:00,2026-03-27T22:06:52Z,2.0,20.9,68.6,,2026-03-27T22:10:14Z,2026-03-27T22:10:14Z,2026-03-27T22:06:52Z,,,,,,,,Cultivo 2,2026-03
{'$oid': '69c7029eb2147717dbde74ff'},2026-03-27 22:13:33+00:00,2026-03-27T22:20:12Z,4.0,20.200000000000003,70.55,,2026-03-27T22:20:14Z,2026-03-27T22:20:14Z,2026-03-27T22:20:12Z,,,,,,,,Cultivo 2,2026-03
{'$oid': '69c704f6b2147717dbde7500'},2026-03-27 22:26:54+00:00,2026-03-27T22:26:54Z,2.0,19.8,72.0,,2026-03-27T22:30:14Z,2026-03-27T22:30:14Z,2026-03-27T22:26:54Z,,,,,,,,Cultivo 2,2026-03
{'$oid': '69c7074eb2147717dbde7501'},2026-03-27 22:33:32+00:00,2026-03-27T22:40:13Z,4.0,19.35,72.80000000000001,,2026-03-27T22:40:14Z,2026-03-27T22:40:14Z,2026-03-27T22:40:13Z,,,,,,,,Cultivo 2,2026-03
{'$oid': '69c709a7b2147717dbde7502'},2026-03-27 22:46:53+00:00,2026-03-27T22:46:53Z,2.0,18.9,74.1,,2026-03-27T22:50:15Z,2026-03-27T22:50:15Z,2026-03-27T22:46:53Z,,,,,,,,Cultivo 2,2026-03
{'$oid': '69c70bffb2147717dbde7503'},2026-03-27 22:53:32+00:00,2026-03-27T23:00:12Z,4.0,18.700000000000003,75.05,,2026-03-27T23:00:15Z,2026-03-27T23:00:15Z,2026-03-27T23:00:12Z,,,,,,,,Cultivo 2,2026-03
{'$oid': '69c70e57b2147717dbde7504'},2026-03-27 23:06:52+00:00,2026-03-27T23:06:52Z,2.0,18.3,75.2,,2026-03-27T23:10:15Z,2026-03-27T23:10:15Z,2026-03-27T23:06:52Z,,,,,,,,Cultivo 2,2026-03
{'$oid': '69c710afb2147717dbde7505'},2026-03-27 23:13:33+00:00,2026-03-27T23:20:13Z,4.0,17.9,76.7,,2026-03-27T23:20:15Z,2026-03-27T23:20:15Z,2026-03-27T23:20:13Z,,,,,,,,Cultivo 2,2026-03
{'$oid': '69c71307b2147717dbde7506'},2026-03-27 23:26:52+00:00,2026-03-27T23:26:52Z,2.0,17.5,77.5,,2026-03-27T23:30:15Z,2026-03-27T23:30:15Z,2026-03-27T23:26:52Z,,,,,,,,Cultivo 2,2026-03
{'$oid': '69c7155fb2147717dbde7507'},2026-03-27 23:33:32+00:00,2026-03-27T23:40:12Z,4.0,17.15,78.44999999999999,,2026-03-27T23:40:15Z,2026-03-27T23:40:15Z,2026-03-27T23:40:12Z,,,,,,,,Cultivo 2,2026-03
{'$oid': '69c717b8b2147717dbde7508'},2026-03-27 23:46:53+00:00,2026-03-27T23:46:53Z,2.0,17.0,79.3,,2026-03-27T23:50:16Z,2026-03-27T23:50:16Z,2026-03-27T23:46:53Z,,,,,,,,Cultivo 2,2026-03
{'$oid': '69c71a10b2147717dbde7509'},2026-03-27 23:53:34+00:00,2026-03-28T00:00:13Z,4.0,17.0,79.0,,2026-03-28T00:00:16Z,2026-03-28T00:00:16Z,2026-03-28T00:00:13Z,,,,,,,,Cultivo 2,2026-03
{'$oid': '69c71c68b2147717dbde750a'},2026-03-28 00:06:53+00:00,2026-03-28T00:06:53Z,2.0,17.0,79.3,,2026-03-28T00:10:16Z,2026-03-28T00:10:16Z,2026-03-28T00:06:53Z,,,,,,,,Cultivo 2,2026-03
{'$oid': '69c71ec0b2147717dbde750b'},2026-03-28 00:13:33+00:00,2026-03-28T00:20:14Z,4.0,16.85,79.35,,2026-03-28T00:20:16Z,2026-03-28T00:20:16Z,2026-03-28T00:20:14Z,,,,,,,,Cultivo 2,2026-03
{'$oid': '69c72118b2147717dbde750c'},2026-03-28 00:26:54+00:00,2026-03-28T00:26:54Z,2.0,16.7,79.9,,2026-03-28T00:30:16Z,2026-03-28T00:30:16Z,2026-03-28T00:26:54Z,,,,,,,,Cultivo 2,2026-03
{'$oid': '69c72370b2147717dbde750d'},2026-03-28 00:33:34+00:00,2026-03-28T00:40:15Z,8.0,16.7,79.85,,2026-03-28T00:40:16Z,2026-03-28T00:40:16Z,2026-03-28T00:40:15Z,,,,,,,,Cultivo 2,2026-03
{'$oid': '69c725c8b2147717dbde750e'},2026-03-28 00:46:54+00:00,2026-03-28T00:46:54Z,2.0,16.7,80.3,,2026-03-28T00:50:16Z,2026-03-28T00:50:16Z,2026-03-28T00:46:54Z,,,,,,,,Cultivo 2,2026-03
{'$oid': '69c72820b2147717dbde750f'},2026-03-28 00:53:34+00:00,2026-03-28T01:00:14Z,4.0,16.75,79.9,,2026-03-28T01:00:16Z,2026-03-28T01:00:16Z,2026-03-28T01:00:14Z,,,,,,,,Cultivo 2,2026-03
{'$oid': '69c72a78b2147717dbde7510'},2026-03-28 01:06:53+00:00,2026-03-28T01:06:53Z,2.0,16.4,80.7,,2026-03-28T01:10:16Z,2026-03-28T01:10:16Z,2026-03-28T01:06:53Z,,,,,,,,Cultivo 2,2026-03
{'$oid': '69c72cd0b2147717dbde7511'},2026-03-28 01:13:35+00:00,2026-03-28T01:20:14Z,4.0,15.9,81.55,,2026-03-28T01:20:16Z,2026-03-28T01:20:16Z,2026-03-28T01:20:14Z,,,,,,,,Cultivo 2,2026-03
{'$oid': '69c72f28b2147717dbde7512'},2026-03-28 01:26:54+00:00,2026-03-28T01:27:01Z,4.0,15.7,82.2,,2026-03-28T01:30:16Z,2026-03-28T01:30:16Z,2026-03-28T01:27:01Z,,,,,,,,Cultivo 2,2026-03
{'$oid': '69c73180b2147717dbde7513'},2026-03-28 01:33:34+00:00,2026-03-28T01:33:34Z,2.0,15.5,82.1,,2026-03-28T01:40:16Z,2026-03-28T01:40:16Z,2026-03-28T01:33:34Z,,,,,,,,Cultivo 2,2026-03
{'$oid': '69c733d9b2147717dbde7514'},2026-03-28 01:40:18+00:00,2026-03-28T01:46:54Z,6.0,15.433333333333334,82.5,,2026-03-28T01:50:17Z,2026-03-28T01:50:17Z,2026-03-28T01:46:54Z,,,,,,,,Cultivo 2,2026-03
{'$oid': '69c73631b2147717dbde7515'},2026-03-28 01:53:34+00:00,2026-03-28T02:00:14Z,4.0,15.3,81.85,,2026-03-28T02:00:17Z,2026-03-28T02:00:17Z,2026-03-28T02:00:14Z,,,,,,,,Cultivo 2,2026-03
{'$oid': '69c73889b2147717dbde7516'},2026-03-28 02:00:23+00:00,2026-03-28T02:06:54Z,4.0,15.3,81.85,,2026-03-28T02:10:17Z,2026-03-28T02:10:17Z,2026-03-28T02:06:54Z,,,,,,,,Cultivo 2,2026-03
{'$oid': '69c73ae1b2147717dbde7517'},2026-03-28 02:13:34+00:00,2026-03-28T02:20:13Z,4.0,15.149999999999999,82.1,,2026-03-28T02:20:17Z,2026-03-28T02:20:17Z,2026-03-28T02:20:13Z,,,,,,,,Cultivo 2,2026-03
{'$oid': '69c73d39b2147717dbde7518'},2026-03-28 02:26:53+00:00,2026-03-28T02:26:53Z,2.0,15.1,82.1,,2026-03-28T02:30:17Z,2026-03-28T02:30:17Z,2026-03-28T02:26:53Z,,,,,,,,Cultivo 2,2026-03
{'$oid': '69c73f91b2147717dbde7519'},2026-03-28 02:33:33+00:00,2026-03-28T02:40:17Z,4.0,15.0,82.15,,2026-03-28T02:40:17Z,2026-03-28T02:40:17Z,2026-03-28T02:40:17Z,,,,,,,,Cultivo 2,2026-03
{'$oid': '69c741e9b2147717dbde751a'},2026-03-28 02:46:53+00:00,2026-03-28T02:46:53Z,2.0,15.0,82.3,,2026-03-28T02:50:17Z,2026-03-28T02:50:17Z,2026-03-28T02:46:53Z,,,,,,,,Cultivo 2,2026-03
{'$oid': '69c74441b2147717dbde751b'},2026-03-28 02:53:32+00:00,2026-03-28T03:00:14Z,4.0,14.9,82.55,,2026-03-28T03:00:17Z,2026-03-28T03:00:17Z,2026-03-28T03:00:14Z,,,,,,,,Cultivo 2,2026-03
{'$oid': '69c74699b2147717dbde751c'},2026-03-28 03:06:54+00:00,2026-03-28T03:06:54Z,2.0,15.1,82.9,,2026-03-28T03:10:17Z,2026-03-28T03:10:17Z,2026-03-28T03:06:54Z,,,,,,,,Cultivo 2,2026-03
{'$oid': '69c748f1b2147717dbde751d'},2026-03-28 03:13:34+00:00,2026-03-28T03:20:12Z,4.0,15.25,82.4,,2026-03-28T03:20:17Z,2026-03-28T03:20:17Z,2026-03-28T03:20:12Z,,,,,,,,Cultivo 2,2026-03
{'$oid': '69c74b4ab2147717dbde751e'},2026-03-28 03:26:53+00:00,2026-03-28T03:26:53Z,2.0,15.4,82.2,,2026-03-28T03:30:18Z,2026-03-28T03:30:18Z,2026-03-28T03:26:53Z,,,,,,,,Cultivo 2,2026-03
{'$oid': '69c74da2b2147717dbde751f'},2026-03-28 03:33:33+00:00,2026-03-28T03:40:12Z,4.0,15.5,82.35,,2026-03-28T03:40:18Z,2026-03-28T03:40:18Z,2026-03-28T03:40:12Z,,,,,,,,Cultivo 2,2026-03
{'$oid': '69c74ffab2147717dbde7520'},2026-03-28 03:46:52+00:00,2026-03-28T03:46:52Z,2.0,15.5,82.3,,2026-03-28T03:50:18Z,2026-03-28T03:50:18Z,2026-03-28T03:46:52Z,,,,,,,,Cultivo 2,2026-03
{'$oid': '69c75252b2147717dbde7521'},2026-03-28 03:53:33+00:00,2026-03-28T04:00:12Z,4.0,15.6,82.5,,2026-03-28T04:00:18Z,2026-03-28T04:00:18Z,2026-03-28T04:00:12Z,,,,,,,,Cultivo 2,2026-03
{'$oid': '69c754aab2147717dbde7522'},2026-03-28 04:06:53+00:00,2026-03-28T04:06:53Z,2.0,15.5,82.2,,2026-03-28T04:10:18Z,2026-03-28T04:10:18Z,2026-03-28T04:06:53Z,,,,,,,,Cultivo 2,2026-03
{'$oid': '69c75702b2147717dbde7523'},2026-03-28 04:13:33+00:00,2026-03-28T04:20:13Z,4.0,15.5,82.3,,2026-03-28T04:20:18Z,2026-03-28T04:20:18Z,2026-03-28T04:20:13Z,,,,,,,,Cultivo 2,2026-03
{'$oid': '69c7595ab2147717dbde7524'},2026-03-28 04:26:53+00:00,2026-03-28T04:26:53Z,2.0,15.6,82.4,,2026-03-28T04:30:18Z,2026-03-28T04:30:18Z,2026-03-28T04:26:53Z,,,,,,,,Cultivo 2,2026-03
{'$oid': '69c75bb2b2147717dbde7525'},2026-03-28 04:33:34+00:00,2026-03-28T04:40:14Z,4.0,15.55,82.4,,2026-03-28T04:40:18Z,2026-03-28T04:40:18Z,2026-03-28T04:40:14Z,,,,,,,,Cultivo 2,2026-03
{'$oid': '69c75e0ab2147717dbde7526'},2026-03-28 04:46:54+00:00,2026-03-28T04:46:54Z,2.0,15.5,82.4,,2026-03-28T04:50:18Z,2026-03-28T04:50:18Z,2026-03-28T04:46:54Z,,,,,,,,Cultivo 2,2026-03
{'$oid': '69c76062b2147717dbde7527'},2026-03-28 04:53:32+00:00,2026-03-28T05:00:12Z,4.0,15.6,82.55,,2026-03-28T05:00:18Z,2026-03-28T05:00:18Z,2026-03-28T05:00:12Z,,,,,,,,Cultivo 2,2026-03
{'$oid': '69c762bbb2147717dbde7528'},2026-03-28 05:06:52+00:00,2026-03-28T05:06:52Z,2.0,15.6,82.5,,2026-03-28T05:10:19Z,2026-03-28T05:10:19Z,2026-03-28T05:06:52Z,,,,,,,,Cultivo 2,2026-03
{'$oid': '69c76513b2147717dbde7529'},2026-03-28 05:13:33+00:00,2026-03-28T05:20:13Z,4.0,15.6,82.5,,2026-03-28T05:20:19Z,2026-03-28T05:20:19Z,2026-03-28T05:20:13Z,,,,,,,,Cultivo 2,2026-03
{'$oid': '69c7676bb2147717dbde752a'},2026-03-28 05:26:53+00:00,2026-03-28T05:26:53Z,2.0,15.6,82.6,,2026-03-28T05:30:19Z,2026-03-28T05:30:19Z,2026-03-28T05:26:53Z,,,,,,,,Cultivo 2,2026-03
{'$oid': '69c769c3b2147717dbde752b'},2026-03-28 05:33:32+00:00,2026-03-28T05:40:12Z,4.0,15.6,82.6,,2026-03-28T05:40:19Z,2026-03-28T05:40:19Z,2026-03-28T05:40:12Z,,,,,,,,Cultivo 2,2026-03
{'$oid': '69c76c1bb2147717dbde752c'},2026-03-28 05:46:52+00:00,2026-03-28T05:46:52Z,2.0,15.5,82.6,,2026-03-28T05:50:19Z,2026-03-28T05:50:19Z,2026-03-28T05:46:52Z,,,,,,,,Cultivo 2,2026-03
{'$oid': '69c76e73b2147717dbde752d'},2026-03-28 05:53:32+00:00,2026-03-28T06:00:12Z,4.0,15.55,82.6,,2026-03-28T06:00:19Z,2026-03-28T06:00:19Z,2026-03-28T06:00:12Z,,,,,,,,Cultivo 2,2026-03
{'$oid': '69c770cbb2147717dbde752e'},2026-03-28 06:06:52+00:00,2026-03-28T06:06:52Z,2.0,15.6,82.5,,2026-03-28T06:10:19Z,2026-03-28T06:10:19Z,2026-03-28T06:06:52Z,,,,,,,,Cultivo 2,2026-03
{'$oid': '69c77323b2147717dbde752f'},2026-03-28 06:13:32+00:00,2026-03-28T06:20:12Z,4.0,15.55,82.6,,2026-03-28T06:20:19Z,2026-03-28T06:20:19Z,2026-03-28T06:20:12Z,,,,,,,,Cultivo 2,2026-03
{'$oid': '69c7757bb2147717dbde7530'},2026-03-28 06:26:53+00:00,2026-03-28T06:26:53Z,2.0,15.5,82.8,,2026-03-28T06:30:19Z,2026-03-28T06:30:19Z,2026-03-28T06:26:53Z,,,,,,,,Cultivo 2,2026-03
{'$oid': '69c777d3b2147717dbde7531'},2026-03-28 06:33:32+00:00,2026-03-28T06:40:13Z,4.0,15.6,82.65,,2026-03-28T06:40:19Z,2026-03-28T06:40:19Z,2026-03-28T06:40:13Z,,,,,,,,Cultivo 2,2026-03
{'$oid': '69c77a2cb2147717dbde7532'},2026-03-28 06:46:52+00:00,2026-03-28T06:46:52Z,2.0,15.5,82.5,,2026-03-28T06:50:20Z,2026-03-28T06:50:20Z,2026-03-28T06:46:52Z,,,,,,,,Cultivo 2,2026-03
{'$oid': '69c77c84b2147717dbde7533'},2026-03-28 06:53:32+00:00,2026-03-28T07:00:12Z,4.0,15.45,82.6,,2026-03-28T07:00:20Z,2026-03-28T07:00:20Z,2026-03-28T07:00:12Z,,,,,,,,Cultivo 2,2026-03
{'$oid': '69c77edcb2147717dbde7534'},2026-03-28 07:06:52+00:00,2026-03-28T07:06:52Z,2.0,15.5,82.7,,2026-03-28T07:10:20Z,2026-03-28T07:10:20Z,2026-03-28T07:06:52Z,,,,,,,,Cultivo 2,2026-03
{'$oid': '69c78134b2147717dbde7535'},2026-03-28 07:13:32+00:00,2026-03-28T07:20:12Z,4.0,15.4,82.6,,2026-03-28T07:20:20Z,2026-03-28T07:20:20Z,2026-03-28T07:20:12Z,,,,,,,,Cultivo 2,2026-03
{'$oid': '69c7838cb2147717dbde7536'},2026-03-28 07:26:53+00:00,2026-03-28T07:26:53Z,2.0,15.3,82.6,,2026-03-28T07:30:20Z,2026-03-28T07:30:20Z,2026-03-28T07:26:53Z,,,,,,,,Cultivo 2,2026-03
{'$oid': '69c785e4b2147717dbde7537'},2026-03-28 07:33:32+00:00,2026-03-28T07:40:13Z,4.0,15.25,82.80000000000001,,2026-03-28T07:40:20Z,2026-03-28T07:40:20Z,2026-03-28T07:40:13Z,,,,,,,,Cultivo 2,2026-03
{'$oid': '69c7883cb2147717dbde7538'},2026-03-28 07:46:52+00:00,2026-03-28T07:46:52Z,2.0,15.0,82.8,,2026-03-28T07:50:20Z,2026-03-28T07:50:20Z,2026-03-28T07:46:52Z,,,,,,,,Cultivo 2,2026-03
{'$oid': '69c78a94b2147717dbde7539'},2026-03-28 07:53:33+00:00,2026-03-28T08:00:12Z,4.0,14.9,82.5,,2026-03-28T08:00:20Z,2026-03-28T08:00:20Z,2026-03-28T08:00:12Z,,,,,,,,Cultivo 2,2026-03
{'$oid': '69c78cecb2147717dbde753a'},2026-03-28 08:06:53+00:00,2026-03-28T08:06:53Z,2.0,14.7,82.6,,2026-03-28T08:10:20Z,2026-03-28T08:10:20Z,2026-03-28T08:06:53Z,,,,,,,,Cultivo 2,2026-03
{'$oid': '69c78f44b2147717dbde753b'},2026-03-28 08:13:33+00:00,2026-03-28T08:20:13Z,4.0,14.6,82.9,,2026-03-28T08:20:20Z,2026-03-28T08:20:20Z,2026-03-28T08:20:13Z,,,,,,,,Cultivo 2,2026-03
{'$oid': '69c7919cb2147717dbde753c'},2026-03-28 08:26:53+00:00,2026-03-28T08:26:53Z,2.0,14.6,83.0,,2026-03-28T08:30:20Z,2026-03-28T08:30:20Z,2026-03-28T08:26:53Z,,,,,,,,Cultivo 2,2026-03
{'$oid': '69c793f5b2147717dbde753d'},2026-03-28 08:33:33+00:00,2026-03-28T08:40:13Z,4.0,14.7,83.0,,2026-03-28T08:40:21Z,2026-03-28T08:40:21Z,2026-03-28T08:40:13Z,,,,,,,,Cultivo 2,2026-03
{'$oid': '69c7964db2147717dbde753e'},2026-03-28 08:46:53+00:00,2026-03-28T08:46:53Z,2.0,14.7,82.8,,2026-03-28T08:50:21Z,2026-03-28T08:50:21Z,2026-03-28T08:46:53Z,,,,,,,,Cultivo 2,2026-03
{'$oid': '69c798a5b2147717dbde753f'},2026-03-28 08:53:33+00:00,2026-03-28T09:00:13Z,4.0,14.8,82.95,,2026-03-28T09:00:21Z,2026-03-28T09:00:21Z,2026-03-28T09:00:13Z,,,,,,,,Cultivo 2,2026-03
{'$oid': '69c79afdb2147717dbde7540'},2026-03-28 09:06:53+00:00,2026-03-28T09:06:53Z,2.0,14.7,82.9,,2026-03-28T09:10:21Z,2026-03-28T09:10:21Z,2026-03-28T09:06:53Z,,,,,,,,Cultivo 2,2026-03
{'$oid': '69c79d55b2147717dbde7541'},2026-03-28 09:13:33+00:00,2026-03-28T09:20:13Z,4.0,14.7,83.0,,2026-03-28T09:20:21Z,2026-03-28T09:20:21Z,2026-03-28T09:20:13Z,,,,,,,,Cultivo 2,2026-03
{'$oid': '69c79fadb2147717dbde7542'},2026-03-28 09:26:53+00:00,2026-03-28T09:26:53Z,2.0,14.7,82.8,,2026-03-28T09:30:21Z,2026-03-28T09:30:21Z,2026-03-28T09:26:53Z,,,,,,,,Cultivo 2,2026-03
{'$oid': '69c7a205b2147717dbde7543'},2026-03-28 09:33:33+00:00,2026-03-28T09:40:13Z,4.0,14.6,83.0,,2026-03-28T09:40:21Z,2026-03-28T09:40:21Z,2026-03-28T09:40:13Z,,,,,,,,Cultivo 2,2026-03
{'$oid': '69c7a45db2147717dbde7544'},2026-03-28 09:46:53+00:00,2026-03-28T09:46:53Z,2.0,14.5,82.9,,2026-03-28T09:50:21Z,2026-03-28T09:50:21Z,2026-03-28T09:46:53Z,,,,,,,,Cultivo 2,2026-03
{'$oid': '69c7a6b5b2147717dbde7545'},2026-03-28 09:53:35+00:00,2026-03-28T10:00:13Z,4.0,14.45,82.65,,2026-03-28T10:00:21Z,2026-03-28T10:00:21Z,2026-03-28T10:00:13Z,,,,,,,,Cultivo 2,2026-03
{'$oid': '69c7a90db2147717dbde7546'},2026-03-28 10:06:53+00:00,2026-03-28T10:06:53Z,2.0,14.3,82.5,,2026-03-28T10:10:21Z,2026-03-28T10:10:21Z,2026-03-28T10:06:53Z,,,,,,,,Cultivo 2,2026-03
{'$oid': '69c7ab66b2147717dbde7547'},2026-03-28 10:13:33+00:00,2026-03-28T10:20:13Z,4.0,14.2,82.75,,2026-03-28T10:20:22Z,2026-03-28T10:20:22Z,2026-03-28T10:20:13Z,,,,,,,,Cultivo 2,2026-03
{'$oid': '69c7adbeb2147717dbde7548'},2026-03-28 10:26:53+00:00,2026-03-28T10:26:53Z,2.0,14.0,82.7,,2026-03-28T10:30:22Z,2026-03-28T10:30:22Z,2026-03-28T10:26:53Z,,,,,,,,Cultivo 2,2026-03
{'$oid': '69c7b016b2147717dbde7549'},2026-03-28 10:33:33+00:00,2026-03-28T10:40:13Z,4.0,13.75,82.65,,2026-03-28T10:40:22Z,2026-03-28T10:40:22Z,2026-03-28T10:40:13Z,,,,,,,,Cultivo 2,2026-03
{'$oid': '69c7b26eb2147717dbde754a'},2026-03-28 10:46:53+00:00,2026-03-28T10:46:53Z,2.0,13.6,82.6,,2026-03-28T10:50:22Z,2026-03-28T10:50:22Z,2026-03-28T10:46:53Z,,,,,,,,Cultivo 2,2026-03
{'$oid': '69c7b4c6b2147717dbde754b'},2026-03-28 10:53:35+00:00,2026-03-28T11:00:13Z,4.0,13.4,82.9,,2026-03-28T11:00:22Z,2026-03-28T11:00:22Z,2026-03-28T11:00:13Z,,,,,,,,Cultivo 2,2026-03
{'$oid': '69c7b71eb2147717dbde754c'},2026-03-28 11:06:53+00:00,2026-03-28T11:06:53Z,2.0,13.4,82.9,,2026-03-28T11:10:22Z,2026-03-28T11:10:22Z,2026-03-28T11:06:53Z,,,,,,,,Cultivo 2,2026-03
{'$oid': '69c7b976b2147717dbde754d'},2026-03-28 11:13:33+00:00,2026-03-28T11:20:13Z,4.0,13.350000000000001,83.0,,2026-03-28T11:20:22Z,2026-03-28T11:20:22Z,2026-03-28T11:20:13Z,,,,,,,,Cultivo 2,2026-03
{'$oid': '69c7bbceb2147717dbde754e'},2026-03-28 11:26:53+00:00,2026-03-28T11:26:53Z,2.0,13.6,82.5,,2026-03-28T11:30:22Z,2026-03-28T11:30:22Z,2026-03-28T11:26:53Z,,,,,,,,Cultivo 2,2026-03
{'$oid': '69c7be26b2147717dbde754f'},2026-03-28 11:33:34+00:00,2026-03-28T11:40:13Z,4.0,13.85,81.55000000000001,,2026-03-28T11:40:22Z,2026-03-28T11:40:22Z,2026-03-28T11:40:13Z,,,,,,,,Cultivo 2,2026-03
{'$oid': '69c7c07fb2147717dbde7550'},2026-03-28 11:46:53+00:00,2026-03-28T11:46:53Z,2.0,14.5,80.0,,2026-03-28T11:50:23Z,2026-03-28T11:50:23Z,2026-03-28T11:46:53Z,,,,,,,,Cultivo 2,2026-03
{'$oid': '69c7c2d7b2147717dbde7551'},2026-03-28 11:53:33+00:00,2026-03-28T12:00:13Z,4.0,17.6,74.1,,2026-03-28T12:00:23Z,2026-03-28T12:00:23Z,2026-03-28T12:00:13Z,,,,,,,,Cultivo 2,2026-03
{'$oid': '69c7c52fb2147717dbde7552'},2026-03-28 12:06:53+00:00,2026-03-28T12:06:53Z,2.0,21.3,65.7,,2026-03-28T12:10:23Z,2026-03-28T12:10:23Z,2026-03-28T12:06:53Z,,,,,,,,Cultivo 2,2026-03
{'$oid': '69c7c787b2147717dbde7553'},2026-03-28 12:13:33+00:00,2026-03-28T12:20:13Z,4.0,22.2,61.75,,2026-03-28T12:20:23Z,2026-03-28T12:20:23Z,2026-03-28T12:20:13Z,,,,,,,,Cultivo 2,2026-03
{'$oid': '69c7c9dfb2147717dbde7554'},2026-03-28 12:26:54+00:00,2026-03-28T12:26:54Z,2.0,21.9,69.9,,2026-03-28T12:30:23Z,2026-03-28T12:30:23Z,2026-03-28T12:26:54Z,,,,,,,,Cultivo 2,2026-03
{'$oid': '69c7cc37b2147717dbde7555'},2026-03-28 12:33:33+00:00,2026-03-28T12:40:13Z,4.0,23.35,61.35,,2026-03-28T12:40:23Z,2026-03-28T12:40:23Z,2026-03-28T12:40:13Z,,,,,,,,Cultivo 2,2026-03
{'$oid': '69c7ce8fb2147717dbde7556'},2026-03-28 12:46:53+00:00,2026-03-28T12:46:53Z,2.0,24.6,59.6,,2026-03-28T12:50:23Z,2026-03-28T12:50:23Z,2026-03-28T12:46:53Z,,,,,,,,Cultivo 2,2026-03
{'$oid': '69c7d0e7b2147717dbde7557'},2026-03-28 12:53:33+00:00,2026-03-28T13:00:13Z,4.0,26.200000000000003,54.95,,2026-03-28T13:00:23Z,2026-03-28T13:00:23Z,2026-03-28T13:00:13Z,,,,,,,,Cultivo 2,2026-03
{'$oid': '69c7d340b2147717dbde7558'},2026-03-28 13:06:53+00:00,2026-03-28T13:06:53Z,2.0,27.8,51.2,,2026-03-28T13:10:24Z,2026-03-28T13:10:24Z,2026-03-28T13:06:53Z,,,,,,,,Cultivo 2,2026-03
{'$oid': '69c7d598b2147717dbde7559'},2026-03-28 13:13:33+00:00,2026-03-28T13:20:15Z,4.0,29.6,48.7,,2026-03-28T13:20:24Z,2026-03-28T13:20:24Z,2026-03-28T13:20:15Z,,,,,,,,Cultivo 2,2026-03
{'$oid': '69c7d7f0b2147717dbde755a'},2026-03-28 13:26:53+00:00,2026-03-28T13:26:53Z,2.0,30.5,45.5,,2026-03-28T13:30:24Z,2026-03-28T13:30:24Z,2026-03-28T13:26:53Z,,,,,,,,Cultivo 2,2026-03
{'$oid': '69c7da48b2147717dbde755b'},2026-03-28 13:33:34+00:00,2026-03-28T13:40:13Z,4.0,31.85,42.85,,2026-03-28T13:40:24Z,2026-03-28T13:40:24Z,2026-03-28T13:40:13Z,,,,,,,,Cultivo 2,2026-03
{'$oid': '69c7dca0b2147717dbde755c'},2026-03-28 13:46:53+00:00,2026-03-28T13:46:53Z,2.0,33.4,41.4,,2026-03-28T13:50:24Z,2026-03-28T13:50:24Z,2026-03-28T13:46:53Z,,,,,,,,Cultivo 2,2026-03
{'$oid': '69c7def8b2147717dbde755d'},2026-03-28 13:53:34+00:00,2026-03-28T14:00:13Z,4.0,36.4,37.75,,2026-03-28T14:00:24Z,2026-03-28T14:00:24Z,2026-03-28T14:00:13Z,,,,,,,,Cultivo 2,2026-03
{'$oid': '69c7e150b2147717dbde755e'},2026-03-28 14:06:53+00:00,2026-03-28T14:06:53Z,2.0,35.2,38.0,,2026-03-28T14:10:24Z,2026-03-28T14:10:24Z,2026-03-28T14:06:53Z,,,,,,,,Cultivo 2,2026-03
{'$oid': '69c7e3a8b2147717dbde755f'},2026-03-28 14:13:33+00:00,2026-03-28T14:20:13Z,4.0,26.8,46.650000000000006,,2026-03-28T14:20:24Z,2026-03-28T14:20:24Z,2026-03-28T14:20:13Z,,,,,,,,Cultivo 2,2026-03
{'$oid': '69c7e600b2147717dbde7560'},2026-03-28 14:26:53+00:00,2026-03-28T14:26:53Z,2.0,25.2,49.2,,2026-03-28T14:30:24Z,2026-03-28T14:30:24Z,2026-03-28T14:26:53Z,,,,,,,,Cultivo 2,2026-03
{'$oid': '69c7e858b2147717dbde7561'},2026-03-28 14:33:34+00:00,2026-03-28T14:40:13Z,4.0,25.85,49.65,,2026-03-28T14:40:24Z,2026-03-28T14:40:24Z,2026-03-28T14:40:13Z,,,,,,,,Cultivo 2,2026-03
{'$oid': '69c7eab1b2147717dbde7562'},2026-03-28 14:46:53+00:00,2026-03-28T14:46:53Z,2.0,27.3,46.6,,2026-03-28T14:50:25Z,2026-03-28T14:50:25Z,2026-03-28T14:46:53Z,,,,,,,,Cultivo 2,2026-03
{'$oid': '69c7ed09b2147717dbde7563'},2026-03-28 14:53:34+00:00,2026-03-28T15:00:15Z,4.0,27.9,46.15,,2026-03-28T15:00:25Z,2026-03-28T15:00:25Z,2026-03-28T15:00:15Z,,,,,,,,Cultivo 2,2026-03
{'$oid': '69c7ef61b2147717dbde7564'},2026-03-28 15:06:54+00:00,2026-03-28T15:06:54Z,2.0,29.6,44.1,,2026-03-28T15:10:25Z,2026-03-28T15:10:25Z,2026-03-28T15:06:54Z,,,,,,,,Cultivo 2,2026-03
{'$oid': '69c7f1b9b2147717dbde7565'},2026-03-28 15:13:34+00:00,2026-03-28T15:20:13Z,4.0,34.8,39.85,,2026-03-28T15:20:25Z,2026-03-28T15:20:25Z,2026-03-28T15:20:13Z,,,,,,,,Cultivo 2,2026-03
{'$oid': '69c7f411b2147717dbde7566'},2026-03-28 15:26:53+00:00,2026-03-28T15:26:53Z,2.0,33.2,41.5,,2026-03-28T15:30:25Z,2026-03-28T15:30:25Z,2026-03-28T15:26:53Z,,,,,,,,Cultivo 2,2026-03
{'$oid': '69c7f669b2147717dbde7567'},2026-03-28 15:33:34+00:00,2026-03-28T15:40:13Z,4.0,34.75,39.35,,2026-03-28T15:40:25Z,2026-03-28T15:40:25Z,2026-03-28T15:40:13Z,,,,,,,,Cultivo 2,2026-03
{'$oid': '69c7f8c1b2147717dbde7568'},2026-03-28 15:46:54+00:00,2026-03-28T15:46:54Z,2.0,33.3,40.4,,2026-03-28T15:50:25Z,2026-03-28T15:50:25Z,2026-03-28T15:46:54Z,,,,,,,,Cultivo 2,2026-03
{'$oid': '69c7fb19b2147717dbde7569'},2026-03-28 15:53:34+00:00,2026-03-28T16:00:14Z,4.0,31.799999999999997,42.8,,2026-03-28T16:00:25Z,2026-03-28T16:00:25Z,2026-03-28T16:00:14Z,,,,,,,,Cultivo 2,2026-03
{'$oid': '69c7fd71b2147717dbde756a'},2026-03-28 16:06:53+00:00,2026-03-28T16:06:53Z,2.0,32.9,40.6,,2026-03-28T16:10:25Z,2026-03-28T16:10:25Z,2026-03-28T16:06:53Z,,,,,,,,Cultivo 2,2026-03
{'$oid': '69c7ffc9b2147717dbde756b'},2026-03-28 16:13:34+00:00,2026-03-28T16:20:13Z,4.0,32.85,40.5,,2026-03-28T16:20:25Z,2026-03-28T16:20:25Z,2026-03-28T16:20:13Z,,,,,,,,Cultivo 2,2026-03
{'$oid': '69c80221b2147717dbde756c'},2026-03-28 16:26:53+00:00,2026-03-28T16:26:53Z,2.0,31.0,43.1,,2026-03-28T16:30:25Z,2026-03-28T16:30:25Z,2026-03-28T16:26:53Z,,,,,,,,Cultivo 2,2026-03
{'$oid': '69c8047ab2147717dbde756d'},2026-03-28 16:33:33+00:00,2026-03-28T16:40:14Z,4.0,29.4,43.0,,2026-03-28T16:40:26Z,2026-03-28T16:40:26Z,2026-03-28T16:40:14Z,,,,,,,,Cultivo 2,2026-03
{'$oid': '69c806d2b2147717dbde756e'},2026-03-28 16:46:54+00:00,2026-03-28T16:46:54Z,2.0,28.8,44.1,,2026-03-28T16:50:26Z,2026-03-28T16:50:26Z,2026-03-28T16:46:54Z,,,,,,,,Cultivo 2,2026-03
{'$oid': '69c8092ab2147717dbde756f'},2026-03-28 16:53:34+00:00,2026-03-28T17:00:15Z,4.0,28.1,45.2,,2026-03-28T17:00:26Z,2026-03-28T17:00:26Z,2026-03-28T17:00:15Z,,,,,,,,Cultivo 2,2026-03
{'$oid': '69c80b82b2147717dbde7570'},2026-03-28 17:06:54+00:00,2026-03-28T17:06:54Z,2.0,27.5,45.5,,2026-03-28T17:10:26Z,2026-03-28T17:10:26Z,2026-03-28T17:06:54Z,,,,,,,,Cultivo 2,2026-03
{'$oid': '69c80ddab2147717dbde7571'},2026-03-28 17:13:34+00:00,2026-03-28T17:20:13Z,4.0,27.549999999999997,46.05,,2026-03-28T17:20:26Z,2026-03-28T17:20:26Z,2026-03-28T17:20:13Z,,,,,,,,Cultivo 2,2026-03
{'$oid': '69c81032b2147717dbde7572'},2026-03-28 17:26:54+00:00,2026-03-28T17:26:54Z,2.0,30.9,47.0,,2026-03-28T17:30:26Z,2026-03-28T17:30:26Z,2026-03-28T17:26:54Z,,,,,,,,Cultivo 2,2026-03
{'$oid': '69c8128ab2147717dbde7573'},2026-03-28 17:33:34+00:00,2026-03-28T17:40:14Z,4.0,32.3,42.85,,2026-03-28T17:40:26Z,2026-03-28T17:40:26Z,2026-03-28T17:40:14Z,,,,,,,,Cultivo 2,2026-03
{'$oid': '69c814e2b2147717dbde7574'},2026-03-28 17:46:54+00:00,2026-03-28T17:46:54Z,2.0,34.5,36.1,,2026-03-28T17:50:26Z,2026-03-28T17:50:26Z,2026-03-28T17:46:54Z,,,,,,,,Cultivo 2,2026-03
{'$oid': '69c8173bb2147717dbde7575'},2026-03-28 17:53:34+00:00,2026-03-28T18:00:14Z,4.0,35.15,38.2,,2026-03-28T18:00:27Z,2026-03-28T18:00:27Z,2026-03-28T18:00:14Z,,,,,,,,Cultivo 2,2026-03
{'$oid': '69c81993b2147717dbde7576'},2026-03-28 18:06:54+00:00,2026-03-28T18:06:54Z,2.0,34.2,40.5,,2026-03-28T18:10:27Z,2026-03-28T18:10:27Z,2026-03-28T18:06:54Z,,,,,,,,Cultivo 2,2026-03
{'$oid': '69c81bebb2147717dbde7577'},2026-03-28 18:13:35+00:00,2026-03-28T18:20:16Z,4.0,33.400000000000006,40.45,,2026-03-28T18:20:27Z,2026-03-28T18:20:27Z,2026-03-28T18:20:16Z,,,,,,,,Cultivo 2,2026-03
{'$oid': '69c81e43b2147717dbde7578'},2026-03-28 18:26:57+00:00,2026-03-28T18:26:57Z,2.0,33.0,41.3,,2026-03-28T18:30:27Z,2026-03-28T18:30:27Z,2026-03-28T18:26:57Z,,,,,,,,Cultivo 2,2026-03
{'$oid': '69c8209bb2147717dbde7579'},2026-03-28 18:33:34+00:00,2026-03-28T18:40:22Z,6.0,33.53333333333333,40.06666666666667,,2026-03-28T18:40:27Z,2026-03-28T18:40:27Z,2026-03-28T18:40:22Z,,,,,,,,Cultivo 2,2026-03
{'$oid': '69c822f3b2147717dbde757a'},2026-03-28 18:46:54+00:00,2026-03-28T18:46:54Z,2.0,33.1,39.5,,2026-03-28T18:50:27Z,2026-03-28T18:50:27Z,2026-03-28T18:46:54Z,,,,,,,,Cultivo 2,2026-03
{'$oid': '69c8254bb2147717dbde757b'},2026-03-28 18:53:34+00:00,2026-03-28T19:00:14Z,4.0,35.2,38.150000000000006,,2026-03-28T19:00:27Z,2026-03-28T19:00:27Z,2026-03-28T19:00:14Z,,,,,,,,Cultivo 2,2026-03
{'$oid': '69c827a3b2147717dbde757c'},2026-03-28 19:06:54+00:00,2026-03-28T19:06:54Z,2.0,35.4,36.9,,2026-03-28T19:10:27Z,2026-03-28T19:10:27Z,2026-03-28T19:06:54Z,,,,,,,,Cultivo 2,2026-03
{'$oid': '69c829fbb2147717dbde757d'},2026-03-28 19:13:35+00:00,2026-03-28T19:20:14Z,4.0,31.95,39.75,,2026-03-28T19:20:27Z,2026-03-28T19:20:27Z,2026-03-28T19:20:14Z,,,,,,,,Cultivo 2,2026-03
{'$oid': '69c82c53b2147717dbde757e'},2026-03-28 19:26:56+00:00,2026-03-28T19:26:56Z,2.0,30.1,42.4,,2026-03-28T19:30:27Z,2026-03-28T19:30:27Z,2026-03-28T19:26:56Z,,,,,,,,Cultivo 2,2026-03
{'$oid': '69c82eabb2147717dbde757f'},2026-03-28 19:33:34+00:00,2026-03-28T19:40:14Z,4.0,28.45,44.25,,2026-03-28T19:40:27Z,2026-03-28T19:40:27Z,2026-03-28T19:40:14Z,,,,,,,,Cultivo 2,2026-03
{'$oid': '69c83104b2147717dbde7580'},2026-03-28 19:46:54+00:00,2026-03-28T19:46:54Z,2.0,27.3,46.4,,2026-03-28T19:50:28Z,2026-03-28T19:50:28Z,2026-03-28T19:46:54Z,,,,,,,,Cultivo 2,2026-03
{'$oid': '69c8335cb2147717dbde7581'},2026-03-28 19:53:34+00:00,2026-03-28T20:00:14Z,4.0,28.65,44.3,,2026-03-28T20:00:28Z,2026-03-28T20:00:28Z,2026-03-28T20:00:14Z,,,,,,,,Cultivo 2,2026-03
{'$oid': '69c835b4b2147717dbde7582'},2026-03-28 20:06:54+00:00,2026-03-28T20:06:54Z,2.0,31.1,42.3,,2026-03-28T20:10:28Z,2026-03-28T20:10:28Z,2026-03-28T20:06:54Z,,,,,,,,Cultivo 2,2026-03
{'$oid': '69c8380cb2147717dbde7583'},2026-03-28 20:13:34+00:00,2026-03-28T20:20:14Z,4.0,29.7,44.95,,2026-03-28T20:20:28Z,2026-03-28T20:20:28Z,2026-03-28T20:20:14Z,,,,,,,,Cultivo 2,2026-03
{'$oid': '69c83a64b2147717dbde7584'},2026-03-28 20:26:54+00:00,2026-03-28T20:26:54Z,2.0,27.5,47.7,,2026-03-28T20:30:28Z,2026-03-28T20:30:28Z,2026-03-28T20:26:54Z,,,,,,,,Cultivo 2,2026-03
{'$oid': '69c83cbcb2147717dbde7585'},2026-03-28 20:33:34+00:00,2026-03-28T20:40:14Z,4.0,27.200000000000003,48.6,,2026-03-28T20:40:28Z,2026-03-28T20:40:28Z,2026-03-28T20:40:14Z,,,,,,,,Cultivo 2,2026-03
{'$oid': '69c83f14b2147717dbde7586'},2026-03-28 20:46:55+00:00,2026-03-28T20:46:55Z,2.0,25.8,51.3,,2026-03-28T20:50:28Z,2026-03-28T20:50:28Z,2026-03-28T20:46:55Z,,,,,,,,Cultivo 2,2026-03
{'$oid': '69c8416cb2147717dbde7587'},2026-03-28 20:53:34+00:00,2026-03-28T21:00:15Z,4.0,24.2,53.599999999999994,,2026-03-28T21:00:28Z,2026-03-28T21:00:28Z,2026-03-28T21:00:15Z,,,,,,,,Cultivo 2,2026-03
{'$oid': '69c843c4b2147717dbde7588'},2026-03-28 21:06:54+00:00,2026-03-28T21:06:54Z,2.0,23.6,55.0,,2026-03-28T21:10:28Z,2026-03-28T21:10:28Z,2026-03-28T21:06:54Z,,,,,,,,Cultivo 2,2026-03
{'$oid': '69c8461cb2147717dbde7589'},2026-03-28 21:13:34+00:00,2026-03-28T21:20:14Z,4.0,23.6,54.9,,2026-03-28T21:20:28Z,2026-03-28T21:20:28Z,2026-03-28T21:20:14Z,,,,,,,,Cultivo 2,2026-03
{'$oid': '69c84875b2147717dbde758a'},2026-03-28 21:26:54+00:00,2026-03-28T21:26:54Z,2.0,23.5,55.6,,2026-03-28T21:30:29Z,2026-03-28T21:30:29Z,2026-03-28T21:26:54Z,,,,,,,,Cultivo 2,2026-03
{'$oid': '69c84acdb2147717dbde758b'},2026-03-28 21:33:34+00:00,2026-03-28T21:40:14Z,4.0,23.65,54.8,,2026-03-28T21:40:29Z,2026-03-28T21:40:29Z,2026-03-28T21:40:14Z,,,,,,,,Cultivo 2,2026-03
{'$oid': '69cbf6c0b2147717dbde758c'},2026-03-31 16:26:16+00:00,2026-03-31T16:26:16Z,2.0,21.7,66.3,,2026-03-31T16:30:56Z,2026-03-31T16:30:56Z,2026-03-31T16:26:16Z,,,,,,,,Cultivo 2,2026-03
{'$oid': '69cbf918b2147717dbde758d'},2026-03-31 16:32:56+00:00,2026-03-31T16:39:36Z,4.0,21.9,66.95,,2026-03-31T16:40:56Z,2026-03-31T16:40:56Z,2026-03-31T16:39:36Z,,,,,,,,Cultivo 2,2026-03
{'$oid': '69cbfb70b2147717dbde758e'},2026-03-31 16:46:16+00:00,2026-03-31T16:46:16Z,2.0,22.6,72.6,,2026-03-31T16:50:56Z,2026-03-31T16:50:56Z,2026-03-31T16:46:16Z,,,,,,,,Cultivo 2,2026-03
{'$oid': '69cc25a2b2147717dbde758f'},2026-03-31 19:44:47+00:00,2026-03-31T19:44:47Z,2.0,23.4,65.4,,2026-03-31T19:50:58Z,2026-03-31T19:50:58Z,2026-03-31T19:44:47Z,,,,,,,,Cultivo 2,2026-03
{'$oid': '69cc27fab2147717dbde7590'},2026-03-31 19:51:27+00:00,2026-03-31T19:58:07Z,4.0,23.0,65.6,,2026-03-31T20:00:58Z,2026-03-31T20:00:58Z,2026-03-31T19:58:07Z,,,,,,,,Cultivo 2,2026-03
{'$oid': '69cc2a52b2147717dbde7591'},2026-03-31 20:04:47+00:00,2026-03-31T20:04:47Z,2.0,22.6,67.1,,2026-03-31T20:10:58Z,2026-03-31T20:10:58Z,2026-03-31T20:04:47Z,,,,,,,,Cultivo 2,2026-03
{'$oid': '69cc2caab2147717dbde7592'},2026-03-31 20:20:18+00:00,2026-03-31T20:20:18Z,2.0,22.8,66.2,,2026-03-31T20:20:58Z,2026-03-31T20:20:58Z,2026-03-31T20:20:18Z,,,,,,,,Cultivo 2,2026-03
{'$oid': '69cc4b23b2147717dbde7593'},2026-03-31 22:27:05+00:00,2026-03-31T22:27:05Z,2.0,21.9,72.3,,2026-03-31T22:30:59Z,2026-03-31T22:30:59Z,2026-03-31T22:27:05Z,,,,,,,,Cultivo 2,2026-03
{'$oid': '69cc4d7bb2147717dbde7594'},2026-03-31 22:33:45+00:00,2026-03-31T22:33:45Z,2.0,21.9,68.8,,2026-03-31T22:40:59Z,2026-03-31T22:40:59Z,2026-03-31T22:33:45Z,,,,,,,,Cultivo 2,2026-03
{'$oid': '69cd45f2b2147717dbde7595'},2026-04-01 16:20:55+00:00,2026-04-01T16:20:55Z,2.0,22.0,65.3,,2026-04-01T16:21:06Z,2026-04-01T16:21:06Z,2026-04-01T16:20:55Z,,,,,,,,Cultivo 2,2026-04
{'$oid': '69cd484ab2147717dbde7596'},2026-04-01 16:27:35+00:00,2026-04-01T16:27:35Z,2.0,21.8,65.6,,2026-04-01T16:31:06Z,2026-04-01T16:31:06Z,2026-04-01T16:27:35Z,,,,,,,,Cultivo 2,2026-04
{'$oid': '69cd4aa2b2147717dbde7597'},2026-04-01 16:34:15+00:00,2026-04-01T16:40:55Z,4.0,22.1,65.15,,2026-04-01T16:41:06Z,2026-04-01T16:41:06Z,2026-04-01T16:40:55Z,,,,,,,,Cultivo 2,2026-04
{'$oid': '69cd4cfbb2147717dbde7598'},2026-04-01 16:47:35+00:00,2026-04-01T16:47:35Z,2.0,22.2,65.0,52.41686540796697,2026-04-01T16:51:07Z,2026-04-01T16:51:07Z,2026-04-01T16:47:35Z,,,,,,,,Cultivo 2,2026-04
{'$oid': '69cd4f53b2147717dbde7599'},2026-04-01 16:54:15+00:00,2026-04-01T16:54:15Z,2.0,22.0,65.5,89.99400350752514,2026-04-01T17:01:07Z,2026-04-01T17:01:07Z,2026-04-01T16:54:15Z,,,,,,,,Cultivo 2,2026-04
{'$oid': '69cdbb25b2147717dbde759a'},2026-04-02 00:35:09+00:00,2026-04-02T00:35:09Z,2.0,23.2,67.0,,2026-04-02T00:41:09Z,2026-04-02T00:41:09Z,2026-04-02T00:35:09Z,,,,,,,,Cultivo 2,2026-04
{'$oid': '69cdc22eb2147717dbde759b'},2026-04-02 01:03:36+00:00,2026-04-02T01:03:36Z,2.0,21.7,68.9,73.22736781244701,2026-04-02T01:11:10Z,2026-04-02T01:11:10Z,2026-04-02T01:03:36Z,,,,,,,,Cultivo 2,2026-04
{'$oid': '69cdd296b2147717dbde759c'},2026-04-02 02:18:52+00:00,2026-04-02T02:18:52Z,2.0,21.1,70.8,88.76417884391417,2026-04-02T02:21:10Z,2026-04-02T02:21:10Z,2026-04-02T02:18:52Z,,,,,,,,Cultivo 2,2026-04
{'$oid': '69cdd4eeb2147717dbde759d'},2026-04-02 02:25:32+00:00,2026-04-02T02:25:32Z,2.0,21.2,69.7,49.38816786659849,2026-04-02T02:31:10Z,2026-04-02T02:31:10Z,2026-04-02T02:25:32Z,,,,,,,,Cultivo 2,2026-04
{'$oid': '69cdd746b2147717dbde759e'},2026-04-02 02:32:12+00:00,2026-04-02T02:38:52Z,4.0,21.4,69.55,46.741871852867774,2026-04-02T02:41:10Z,2026-04-02T02:41:10Z,2026-04-02T02:38:52Z,,,,,,,,Cultivo 2,2026-04
{'$oid': '69cdd99fb2147717dbde759f'},2026-04-02 02:45:32+00:00,2026-04-02T02:45:32Z,2.0,21.6,69.7,79.00184620807497,2026-04-02T02:51:11Z,2026-04-02T02:51:11Z,2026-04-02T02:45:32Z,,,,,,,,Cultivo 2,2026-04
{'$oid': '69cddbf7b2147717dbde75a0'},2026-04-02 02:52:12+00:00,2026-04-02T02:58:54Z,4.0,21.4,68.69999999999999,50.99901298472611,2026-04-02T03:01:11Z,2026-04-02T03:01:11Z,2026-04-02T02:58:54Z,,,,,,,,Cultivo 2,2026-04
{'$oid': '69cde0a7b2147717dbde75a1'},2026-04-02 03:15:15+00:00,2026-04-02T03:15:15Z,2.0,21.5,69.8,57.01061578134532,2026-04-02T03:21:11Z,2026-04-02T03:21:11Z,2026-04-02T03:15:15Z,,,,,,,,Cultivo 2,2026-04
{'$oid': '69cde557b2147717dbde75a2'},2026-04-02 03:31:40+00:00,2026-04-02T03:31:40Z,2.0,21.9,67.1,87.55575733890814,2026-04-02T03:41:11Z,2026-04-02T03:41:11Z,2026-04-02T03:31:40Z,,,,,,,,Cultivo 2,2026-04
{'$oid': '69b579f14b70ba0947886868'},,,,31.1,46.2,64.5,,,2026-03-14T15:08:33Z,,,,,,,,Cultivo 2,
{'$oid': '69b57b814b70ba0947886869'},,,,29.7,48.1,64.9,,,2026-03-14T15:15:13Z,6.373136198950933,19.19,,,,,1.4086097991443136,Cultivo 2,
{'$oid': '69b57d114b70ba094788686a'},,,,29.3,49.0,65.3,,,2026-03-14T15:21:53Z,6.219086573779908,18.78,,,,,,Cultivo 2,
{'$oid': '69b57ea14b70ba094788686b'},,,,29.6,47.7,64.7,,,2026-03-14T15:28:33Z,6.146345488902261,18.97,,,,,,Cultivo 2,
{'$oid': '69b580314b70ba094788686c'},,,,29.5,48.7,64.8,,,2026-03-14T15:35:13Z,6.3690684736832495,19.03,,,,,,Cultivo 2,
{'$oid': '69b581c14b70ba094788686d'},,,,29.1,49.1,65.0,,,2026-03-14T15:41:53Z,6.406147826202351,19.09,,,,,,Cultivo 2,
{'$oid': '69b583514b70ba094788686e'},,,,28.4,48.6,64.7,,,2026-03-14T15:48:33Z,6.375578515223535,19.22,,,,,,Cultivo 2,
{'$oid': '69b584e14b70ba094788686f'},,,,28.7,49.1,65.0,,,2026-03-14T15:55:13Z,6.022363573745584,19.5,,,,,,Cultivo 2,
{'$oid': '69b586714b70ba0947886870'},,,,29.3,48.9,65.0,,,2026-03-14T16:01:53Z,6.0897503877317956,19.88,,,,,,Cultivo 2,
{'$oid': '69b588014b70ba0947886871'},,,,28.6,49.3,63.7,,,2026-03-14T16:08:33Z,6.007901701044564,19.84,,,,,,Cultivo 2,
{'$oid': '69b589914b70ba0947886872'},,,,28.9,48.7,63.2,,,2026-03-14T16:15:13Z,6.024329245485632,20.06,,,,,,Cultivo 2,
{'$oid': '69b58b224b70ba0947886873'},,,,29.5,48.4,63.6,,,2026-03-14T16:21:54Z,6.168192533329519,20.28,,,,,,Cultivo 2,
