{"_id":{"$oid":"68e002a344962f2ad0b983c4"},"start_ts":"2025-10-03T17:00:56Z","end_ts":"2025-10-03T17:06:36Z","count":35,"temp_air":15.334285714285715,"hum_air":76.65142857142857,"distance_cm":27.1,"generated_at":"2025-10-03T17:06:43Z","inserted_at":"2025-10-03T17:06:43Z"}
{"_id":{"$oid":"68e00383c14968ee5a9303ca"},"start_ts":"2025-10-03T17:06:46Z","end_ts":"2025-10-03T17:10:26Z","count":23,"temp_air":15.604347826086956,"hum_air":76.88695652173912,"distance_cm":27.1,"generated_at":"2025-10-03T17:10:27Z","inserted_at":"2025-10-03T17:10:27Z","ts":"2025-10-03T17:10:26Z"}
{"_id":{"$oid":"68e004fb44962f2ad0b983c5"},"start_ts":"2025-10-03T17:10:36Z","end_ts":"2025-10-03T17:16:37Z","count":37,"temp_air":15.840540540540541,"hum_air":75.67027027027027,"distance_cm":27.6,"generated_at":"2025-10-03T17:16:43Z","inserted_at":"2025-10-03T17:16:43Z"}
{"_id":{"$oid":"68e005dbc14968ee5a9303cb"},"start_ts":"2025-10-03T17:16:47Z","end_ts":"2025-10-03T17:20:27Z","count":23,"temp_air":15.97391304347826,"hum_air":73.02173913043478,"distance_cm":245.8,"generated_at":"2025-10-03T17:20:27Z","inserted_at":"2025-10-03T17:20:27Z","ts":"2025-10-03T17:20:27Z"}
{"_id":{"$oid":"68e0075344962f2ad0b983c6"},"start_ts":"2025-10-03T17:20:37Z","end_ts":"2025-10-03T17:22:17Z","count":11,"temp_air":15.99090909090909,"hum_air":72.92727272727272,"generated_at":"2025-10-03T17:26:43Z","inserted_at":"2025-10-03T17:26:43Z"}
{"_id":{"$oid":"68e00833c14968ee5a9303cc"},"start_ts":"2025-10-03T17:00:56Z","end_ts":"2025-10-03T17:22:17Z","count":129,"temp_air":15.69767441860465,"hum_air":75.44728682170543,"distance_cm":54.5625,"generated_at":"2025-10-03T17:30:27Z","inserted_at":"2025-10-03T17:30:27Z","ts":"2025-10-03T17:22:17Z"}
{"_id":{"$oid":"68e0318344962f2ad0b983c7"},"start_ts":"2025-10-03T20:25:25Z","end_ts":"2025-10-03T20:26:35Z","count":8,"temp_air":22.3625,"hum_air":55.5625,"generated_at":"2025-10-03T20:26:43Z","inserted_at":"2025-10-03T20:26:43Z"}
{"_id":{"$oid":"68e03263c14968ee5a9303cd"},"start_ts":"2025-10-03T20:26:45Z","end_ts":"2025-10-03T20:30:26Z","count":23,"temp_air":22.156521739130437,"hum_air":56.33913043478261,"generated_at":"2025-10-03T20:30:27Z","inserted_at":"2025-10-03T20:30:27Z","ts":"2025-10-03T20:30:26Z"}
{"_id":{"$oid":"68e033db44962f2ad0b983c8"},"start_ts":"2025-10-03T20:30:36Z","end_ts":"2025-10-03T20:36:37Z","count":37,"temp_air":21.88108108108108,"hum_air":57.93783783783784,"generated_at":"2025-10-03T20:36:43Z","inserted_at":"2025-10-03T20:36:43Z"}
{"_id":{"$oid":"68e034bbc14968ee5a9303ce"},"start_ts":"2025-10-03T20:36:46Z","end_ts":"2025-10-03T20:40:26Z","count":23,"temp_air":21.752173913043478,"hum_air":58.721739130434784,"generated_at":"2025-10-03T20:40:27Z","inserted_at":"2025-10-03T20:40:27Z","ts":"2025-10-03T20:40:26Z"}
{"_id":{"$oid":"68e0363344962f2ad0b983c9"},"start_ts":"2025-10-03T20:40:36Z","end_ts":"2025-10-03T20:46:36Z","count":37,"temp_air":21.683783783783785,"hum_air":59.44054054054054,"generated_at":"2025-10-03T20:46:43Z","inserted_at":"2025-10-03T20:46:43Z"}
{"_id":{"$oid":"68e03713c14968ee5a9303cf"},"start_ts":"2025-10-03T20:25:25Z","end_ts":"2025-10-03T20:46:36Z","count":128,"temp_air":21.88046875,"hum_air":58.07734375,"generated_at":"2025-10-03T20:50:27Z","inserted_at":"2025-10-03T20:50:27Z","ts":"2025-10-03T20:46:36Z"}
{"_id":{"$oid":"68e0525344962f2ad0b983ca"},"start_ts":"2025-10-03T22:42:39Z","end_ts":"2025-10-03T22:42:59Z","count":3,"temp_air":20.766666666666666,"hum_air":66.83333333333333,"generated_at":"2025-10-03T22:46:43Z","inserted_at":"2025-10-03T22:46:43Z"}
{"_id":{"$oid":"68e05333c14968ee5a9303d0"},"start_ts":"2025-10-03T22:47:00Z","end_ts":"2025-10-03T22:47:00Z","count":1,"temp_air":21.5,"hum_air":62.8,"generated_at":"2025-10-03T22:50:27Z","inserted_at":"2025-10-03T22:50:27Z","ts":"2025-10-03T22:47:00Z"}
{"_id":{"$oid":"68e0558bc14968ee5a9303d1"},"start_ts":"2025-10-03T22:42:39Z","end_ts":"2025-10-03T22:47:00Z","count":4,"temp_air":20.95,"hum_air":65.825,"generated_at":"2025-10-03T23:00:27Z","inserted_at":"2025-10-03T23:00:27Z","ts":"2025-10-03T22:47:00Z"}
{"_id":{"$oid":"68e05c93c14968ee5a9303d2"},"start_ts":"2025-10-03T23:30:22Z","end_ts":"2025-10-03T23:30:22Z","count":1,"temp_air":13.5,"hum_air":82.4,"generated_at":"2025-10-03T23:30:27Z","inserted_at":"2025-10-03T23:30:27Z","ts":"2025-10-03T23:30:22Z"}
{"_id":{"$oid":"68e05e0b44962f2ad0b983cb"},"start_ts":"2025-10-03T23:30:32Z","end_ts":"2025-10-03T23:36:41Z","count":40,"temp_air":14.165000000000001,"hum_air":80.2,"ph":7.400645161290322,"temp_water":12.156774193548387,"level1":"alto","level2":"bajo","level3":"alto","level4":"bajo","generated_at":"2025-10-03T23:36:43Z","inserted_at":"2025-10-03T23:36:43Z"}
{"_id":{"$oid":"68e05eebc14968ee5a9303d3"},"start_ts":"2025-10-03T23:36:52Z","end_ts":"2025-10-03T23:40:22Z","count":22,"temp_air":14.363636363636363,"hum_air":79.21363636363637,"ph":8.186363636363636,"temp_water":12.06,"distance_cm":30.3,"level1":"alto","level2":"bajo","level3":"alto","level4":"bajo","generated_at":"2025-10-03T23:40:27Z","inserted_at":"2025-10-03T23:40:27Z","ts":"2025-10-03T23:40:22Z"}
{"_id":{"$oid":"68e0606344962f2ad0b983cc"},"start_ts":"2025-10-03T23:40:32Z","end_ts":"2025-10-03T23:46:42Z","count":38,"temp_air":14.0,"hum_air":79.38947368421053,"ph":8.16625,"temp_water":12.0,"distance_cm":30.3,"level1":"alto","level2":"bajo","level3":"alto","level4":"bajo","generated_at":"2025-10-03T23:46:43Z","inserted_at":"2025-10-03T23:46:43Z"}
{"_id":{"$oid":"68e06143c14968ee5a9303d4"},"start_ts":"2025-10-03T23:46:52Z","end_ts":"2025-10-03T23:50:22Z","count":22,"temp_air":13.968181818181819,"hum_air":79.53636363636363,"distance_cm":30.3,"level1":"alto","level2":"bajo","level3":"alto","level4":"bajo","generated_at":"2025-10-03T23:50:27Z","inserted_at":"2025-10-03T23:50:27Z","ts":"2025-10-03T23:50:22Z"}
{"_id":{"$oid":"68e062bb44962f2ad0b983cd"},"start_ts":"2025-10-03T23:50:32Z","end_ts":"2025-10-03T23:56:43Z","count":40,"temp_air":14.1725,"hum_air":79.04,"distance_cm":30.3,"level1":"alto","level2":"bajo","level3":"alto","level4":"bajo","generated_at":"2025-10-03T23:56:43Z","inserted_at":"2025-10-03T23:56:43Z"}
{"_id":{"$oid":"68e0639bc14968ee5a9303d5"},"start_ts":"2025-10-03T23:56:54Z","end_ts":"2025-10-04T00:00:25Z","count":22,"temp_air":14.054545454545455,"hum_air":79.80909090909091,"distance_cm":30.245454545454546,"level1":"alto","level2":"bajo","level3":"alto","level4":"bajo","generated_at":"2025-10-04T00:00:27Z","inserted_at":"2025-10-04T00:00:27Z","ts":"2025-10-04T00:00:25Z"}
{"_id":{"$oid":"68e0651444962f2ad0b983ce"},"start_ts":"2025-10-04T00:00:35Z","end_ts":"2025-10-04T00:06:38Z","count":42,"temp_air":13.545238095238096,"hum_air":81.55714285714285,"distance_cm":30.2,"level1":"alto","level2":"bajo","level3":"alto","level4":"bajo","generated_at":"2025-10-04T00:06:44Z","inserted_at":"2025-10-04T00:06:44Z"}
{"_id":{"$oid":"68e065f3c14968ee5a9303d6"},"start_ts":"2025-10-04T00:06:45Z","end_ts":"2025-10-04T00:10:24Z","count":24,"temp_air":13.174999999999999,"hum_air":82.62916666666666,"distance_cm":30.2,"level1":"alto","level2":"bajo","level3":"alto","level4":"bajo","generated_at":"2025-10-04T00:10:27Z","inserted_at":"2025-10-04T00:10:27Z","ts":"2025-10-04T00:10:24Z"}
{"_id":{"$oid":"68e0676c44962f2ad0b983cf"},"start_ts":"2025-10-04T00:10:34Z","end_ts":"2025-10-04T00:16:36Z","count":45,"temp_air":12.908888888888889,"hum_air":83.07333333333334,"distance_cm":30.2,"level1":"alto","level2":"bajo","level3":"alto","level4":"bajo","generated_at":"2025-10-04T00:16:44Z","inserted_at":"2025-10-04T00:16:44Z"}
{"_id":{"$oid":"68e0684bc14968ee5a9303d7"},"start_ts":"2025-10-04T00:16:46Z","end_ts":"2025-10-04T00:20:25Z","count":25,"temp_air":12.78,"hum_air":83.356,"distance_cm":30.2,"level1":"alto","level2":"bajo","level3":"alto","level4":"bajo","generated_at":"2025-10-04T00:20:27Z","inserted_at":"2025-10-04T00:20:27Z","ts":"2025-10-04T00:20:25Z"}
{"_id":{"$oid":"68e069c444962f2ad0b983d0"},"start_ts":"2025-10-04T00:20:35Z","end_ts":"2025-10-04T00:26:36Z","count":42,"temp_air":12.707142857142857,"hum_air":83.88095238095238,"distance_cm":30.197619047619046,"level1":"alto","level2":"bajo","level3":"alto","level4":"bajo","generated_at":"2025-10-04T00:26:44Z","inserted_at":"2025-10-04T00:26:44Z"}
{"_id":{"$oid":"68e06aa3c14968ee5a9303d8"},"start_ts":"2025-10-04T00:26:46Z","end_ts":"2025-10-04T00:30:26Z","count":23,"temp_air":12.708695652173912,"hum_air":83.95652173913044,"distance_cm":30.11304347826087,"level1":"alto","level2":"bajo","level3":"alto","level4":"bajo","generated_at":"2025-10-04T00:30:27Z","inserted_at":"2025-10-04T00:30:27Z","ts":"2025-10-04T00:30:26Z"}
{"_id":{"$oid":"68e06c1c44962f2ad0b983d1"},"start_ts":"2025-10-04T00:30:36Z","end_ts":"2025-10-04T00:36:37Z","count":37,"temp_air":12.75945945945946,"hum_air":83.77567567567567,"distance_cm":30.1,"level1":"alto","level2":"bajo","level3":"alto","level4":"bajo","generated_at":"2025-10-04T00:36:44Z","inserted_at":"2025-10-04T00:36:44Z"}
{"_id":{"$oid":"68e06cfbc14968ee5a9303d9"},"start_ts":"2025-10-04T00:36:47Z","end_ts":"2025-10-04T00:40:26Z","count":23,"temp_air":12.778260869565218,"hum_air":83.42173913043479,"distance_cm":30.1,"level1":"alto","level2":"bajo","level3":"alto","level4":"bajo","generated_at":"2025-10-04T00:40:27Z","inserted_at":"2025-10-04T00:40:27Z","ts":"2025-10-04T00:40:26Z"}
{"_id":{"$oid":"68e06e7444962f2ad0b983d2"},"start_ts":"2025-10-04T00:40:36Z","end_ts":"2025-10-04T00:46:37Z","count":38,"temp_air":12.773684210526316,"hum_air":83.35,"distance_cm":30.1,"level1":"alto","level2":"bajo","level3":"alto","level4":"bajo","generated_at":"2025-10-04T00:46:44Z","inserted_at":"2025-10-04T00:46:44Z"}
{"_id":{"$oid":"68e06f54c14968ee5a9303da"},"start_ts":"2025-10-04T00:46:47Z","end_ts":"2025-10-04T00:50:18Z","count":26,"temp_air":12.649999999999999,"hum_air":83.67307692307692,"distance_cm":30.1,"level1":"alto","level2":"bajo","level3":"alto","level4":"bajo","generated_at":"2025-10-04T00:50:28Z","inserted_at":"2025-10-04T00:50:28Z","ts":"2025-10-04T00:50:18Z"}
{"_id":{"$oid":"68e070cc44962f2ad0b983d3"},"start_ts":"2025-10-04T00:50:28Z","end_ts":"2025-10-04T00:56:38Z","count":43,"temp_air":12.46279069767442,"hum_air":84.06976744186046,"distance_cm":30.02093023255814,"level1":"alto","level2":"bajo","level3":"alto","level4":"bajo","generated_at":"2025-10-04T00:56:44Z","inserted_at":"2025-10-04T00:56:44Z"}
{"_id":{"$oid":"68e071acc14968ee5a9303db"},"start_ts":"2025-10-04T00:56:48Z","end_ts":"2025-10-04T01:00:18Z","count":23,"temp_air":12.282608695652174,"hum_air":84.47826086956522,"distance_cm":30.0,"level1":"alto","level2":"bajo","level3":"alto","level4":"bajo","generated_at":"2025-10-04T01:00:28Z","inserted_at":"2025-10-04T01:00:28Z","ts":"2025-10-04T01:00:18Z"}
{"_id":{"$oid":"68e0732444962f2ad0b983d4"},"start_ts":"2025-10-04T01:00:28Z","end_ts":"2025-10-04T01:06:38Z","count":46,"temp_air":12.115217391304347,"hum_air":84.27173913043478,"distance_cm":30.0,"level1":"alto","level2":"bajo","level3":"alto","level4":"bajo","generated_at":"2025-10-04T01:06:44Z","inserted_at":"2025-10-04T01:06:44Z"}
{"_id":{"$oid":"68e07404c14968ee5a9303dc"},"start_ts":"2025-10-04T01:06:48Z","end_ts":"2025-10-04T01:10:22Z","count":26,"temp_air":12.046153846153846,"hum_air":84.80384615384615,"distance_cm":30.0,"level1":"alto","level2":"bajo","level3":"alto","level4":"bajo","generated_at":"2025-10-04T01:10:28Z","inserted_at":"2025-10-04T01:10:28Z","ts":"2025-10-04T01:10:22Z"}
{"_id":{"$oid":"68e0757c44962f2ad0b983d5"},"start_ts":"2025-10-04T01:10:29Z","end_ts":"2025-10-04T01:16:39Z","count":45,"temp_air":12.0,"hum_air":84.73777777777778,"distance_cm":30.0,"level1":"alto","level2":"bajo","level3":"alto","level4":"bajo","generated_at":"2025-10-04T01:16:44Z","inserted_at":"2025-10-04T01:16:44Z"}
{"_id":{"$oid":"68e0765cc14968ee5a9303dd"},"start_ts":"2025-10-04T01:16:46Z","end_ts":"2025-10-04T01:20:26Z","count":31,"temp_air":12.074193548387097,"hum_air":84.69354838709677,"distance_cm":29.996774193548386,"level1":"alto","level2":"bajo","level3":"alto","level4":"bajo","generated_at":"2025-10-04T01:20:28Z","inserted_at":"2025-10-04T01:20:28Z","ts":"2025-10-04T01:20:26Z"}
{"_id":{"$oid":"68e077d444962f2ad0b983d6"},"start_ts":"2025-10-04T01:20:29Z","end_ts":"2025-10-04T01:26:40Z","count":40,"temp_air":12.174999999999999,"hum_air":84.7875,"distance_cm":29.9375,"level1":"alto","level2":"bajo","level3":"alto","level4":"bajo","generated_at":"2025-10-04T01:26:44Z","inserted_at":"2025-10-04T01:26:44Z"}
{"_id":{"$oid":"68e078b4c14968ee5a9303de"},"start_ts":"2025-10-04T01:26:51Z","end_ts":"2025-10-04T01:30:19Z","count":25,"temp_air":12.284,"hum_air":85.312,"distance_cm":29.9,"level1":"alto","level2":"bajo","level3":"alto","level4":"bajo","generated_at":"2025-10-04T01:30:28Z","inserted_at":"2025-10-04T01:30:28Z","ts":"2025-10-04T01:30:19Z"}
{"_id":{"$oid":"68e07a2c44962f2ad0b983d7"},"start_ts":"2025-10-04T01:30:30Z","end_ts":"2025-10-04T01:36:41Z","count":40,"temp_air":12.332500000000001,"hum_air":84.77250000000001,"distance_cm":29.9,"level1":"alto","level2":"bajo","level3":"alto","level4":"bajo","generated_at":"2025-10-04T01:36:44Z","inserted_at":"2025-10-04T01:36:44Z"}
{"_id":{"$oid":"68e07b0cc14968ee5a9303df"},"start_ts":"2025-10-04T01:36:51Z","end_ts":"2025-10-04T01:40:20Z","count":24,"temp_air":12.441666666666666,"hum_air":84.925,"distance_cm":29.9,"level1":"alto","level2":"bajo","level3":"alto","level4":"bajo","generated_at":"2025-10-04T01:40:28Z","inserted_at":"2025-10-04T01:40:28Z","ts":"2025-10-04T01:40:20Z"}
{"_id":{"$oid":"68e07c8444962f2ad0b983d8"},"start_ts":"2025-10-04T01:40:30Z","end_ts":"2025-10-04T01:46:39Z","count":40,"temp_air":12.5275,"hum_air":84.8075,"distance_cm":29.9,"level1":"alto","level2":"bajo","level3":"alto","level4":"bajo","generated_at":"2025-10-04T01:46:44Z","inserted_at":"2025-10-04T01:46:44Z"}
{"_id":{"$oid":"68e07d64c14968ee5a9303e0"},"start_ts":"2025-10-04T01:46:45Z","end_ts":"2025-10-04T01:50:21Z","count":25,"temp_air":12.623999999999999,"hum_air":84.612,"distance_cm":29.9,"level1":"alto","level2":"bajo","level3":"alto","level4":"bajo","generated_at":"2025-10-04T01:50:28Z","inserted_at":"2025-10-04T01:50:28Z","ts":"2025-10-04T01:50:21Z"}
{"_id":{"$oid":"68e07edc44962f2ad0b983d9"},"start_ts":"2025-10-04T01:50:31Z","end_ts":"2025-10-04T01:56:41Z","count":38,"temp_air":12.649999999999999,"hum_air":84.76052631578948,"distance_cm":29.9,"level1":"alto","level2":"bajo","level3":"alto","level4":"bajo","generated_at":"2025-10-04T01:56:44Z","inserted_at":"2025-10-04T01:56:44Z"}
{"_id":{"$oid":"68e07fbcc14968ee5a9303e1"},"start_ts":"2025-10-04T01:56:51Z","end_ts":"2025-10-04T02:00:21Z","count":25,"temp_air":12.607999999999999,"hum_air":84.34,"distance_cm":29.895999999999997,"level1":"alto","level2":"bajo","level3":"alto","level4":"bajo","generated_at":"2025-10-04T02:00:28Z","inserted_at":"2025-10-04T02:00:28Z","ts":"2025-10-04T02:00:21Z"}
{"_id":{"$oid":"68e0813444962f2ad0b983da"},"start_ts":"2025-10-04T02:00:31Z","end_ts":"2025-10-04T02:06:42Z","count":40,"temp_air":12.6825,"hum_air":84.17,"distance_cm":29.802500000000002,"level1":"alto","level2":"bajo","level3":"alto","level4":"bajo","generated_at":"2025-10-04T02:06:44Z","inserted_at":"2025-10-04T02:06:44Z"}
{"_id":{"$oid":"68e08214c14968ee5a9303e2"},"start_ts":"2025-10-04T02:06:52Z","end_ts":"2025-10-04T02:10:22Z","count":25,"temp_air":12.780000000000001,"hum_air":83.964,"distance_cm":29.8,"level1":"alto","level2":"bajo","level3":"alto","level4":"bajo","generated_at":"2025-10-04T02:10:28Z","inserted_at":"2025-10-04T02:10:28Z","ts":"2025-10-04T02:10:22Z"}
{"_id":{"$oid":"68e0838c44962f2ad0b983db"},"start_ts":"2025-10-04T02:10:32Z","end_ts":"2025-10-04T02:16:41Z","count":38,"temp_air":12.826315789473686,"hum_air":83.12368421052632,"distance_cm":29.8,"level1":"alto","level2":"bajo","level3":"alto","level4":"bajo","generated_at":"2025-10-04T02:16:44Z","inserted_at":"2025-10-04T02:16:44Z"}
{"_id":{"$oid":"68e0846cc14968ee5a9303e3"},"start_ts":"2025-10-04T02:16:52Z","end_ts":"2025-10-04T02:20:25Z","count":23,"temp_air":12.830434782608696,"hum_air":80.27826086956522,"distance_cm":29.8,"level1":"alto","level2":"bajo","level3":"alto","level4":"bajo","generated_at":"2025-10-04T02:20:28Z","inserted_at":"2025-10-04T02:20:28Z","ts":"2025-10-04T02:20:25Z"}
{"_id":{"$oid":"68e085e444962f2ad0b983dc"},"start_ts":"2025-10-04T02:20:29Z","end_ts":"2025-10-04T02:26:42Z","count":41,"temp_air":12.751219512195123,"hum_air":80.23658536585366,"distance_cm":29.8,"level1":"alto","level2":"bajo","level3":"alto","level4":"bajo","generated_at":"2025-10-04T02:26:44Z","inserted_at":"2025-10-04T02:26:44Z"}
{"_id":{"$oid":"68e086c4c14968ee5a9303e4"},"start_ts":"2025-10-04T02:26:53Z","end_ts":"2025-10-04T02:30:23Z","count":24,"temp_air":12.6,"hum_air":81.3625,"distance_cm":29.8,"level1":"alto","level2":"bajo","level3":"alto","level4":"bajo","generated_at":"2025-10-04T02:30:28Z","inserted_at":"2025-10-04T02:30:28Z","ts":"2025-10-04T02:30:23Z"}
{"_id":{"$oid":"68e0883c44962f2ad0b983dd"},"start_ts":"2025-10-04T02:30:34Z","end_ts":"2025-10-04T02:36:44Z","count":38,"temp_air":12.397368421052631,"hum_air":81.37894736842105,"distance_cm":29.8,"level1":"alto","level2":"bajo","level3":"alto","level4":"bajo","generated_at":"2025-10-04T02:36:44Z","inserted_at":"2025-10-04T02:36:44Z"}
{"_id":{"$oid":"68e0891cc14968ee5a9303e5"},"start_ts":"2025-10-04T02:36:56Z","end_ts":"2025-10-04T02:40:24Z","count":22,"temp_air":12.25,"hum_air":82.29545454545455,"distance_cm":29.8,"level1":"alto","level2":"bajo","level3":"alto","level4":"bajo","generated_at":"2025-10-04T02:40:28Z","inserted_at":"2025-10-04T02:40:28Z","ts":"2025-10-04T02:40:24Z"}
{"_id":{"$oid":"68e08a9444962f2ad0b983de"},"start_ts":"2025-10-04T02:40:33Z","end_ts":"2025-10-04T02:46:44Z","count":39,"temp_air":12.097435897435897,"hum_air":83.27948717948718,"distance_cm":29.8,"level1":"alto","level2":"bajo","level3":"alto","level4":"bajo","generated_at":"2025-10-04T02:46:44Z","inserted_at":"2025-10-04T02:46:44Z"}
{"_id":{"$oid":"68e08b74c14968ee5a9303e6"},"start_ts":"2025-10-04T02:46:54Z","end_ts":"2025-10-04T02:50:25Z","count":22,"temp_air":11.99090909090909,"hum_air":83.35909090909091,"distance_cm":29.8,"level1":"alto","level2":"bajo","level3":"alto","level4":"bajo","generated_at":"2025-10-04T02:50:28Z","inserted_at":"2025-10-04T02:50:28Z","ts":"2025-10-04T02:50:25Z"}
{"_id":{"$oid":"68e08cec44962f2ad0b983df"},"start_ts":"2025-10-04T02:50:38Z","end_ts":"2025-10-04T02:56:44Z","count":39,"temp_air":11.894871794871795,"hum_air":83.46153846153847,"distance_cm":29.8,"level1":"alto","level2":"bajo","level3":"alto","level4":"bajo","generated_at":"2025-10-04T02:56:44Z","inserted_at":"2025-10-04T02:56:44Z"}
{"_id":{"$oid":"68e08dccc14968ee5a9303e7"},"start_ts":"2025-10-04T02:56:56Z","end_ts":"2025-10-04T03:00:25Z","count":22,"temp_air":11.818181818181818,"hum_air":83.77727272727273,"distance_cm":29.8,"level1":"alto","level2":"bajo","level3":"alto","level4":"bajo","generated_at":"2025-10-04T03:00:28Z","inserted_at":"2025-10-04T03:00:28Z","ts":"2025-10-04T03:00:25Z"}
{"_id":{"$oid":"68e08f4444962f2ad0b983e0"},"start_ts":"2025-10-04T03:00:35Z","end_ts":"2025-10-04T03:06:36Z","count":37,"temp_air":11.756756756756756,"hum_air":83.34864864864865,"distance_cm":29.778378378378378,"level1":"alto","level2":"bajo","level3":"alto","level4":"bajo","generated_at":"2025-10-04T03:06:44Z","inserted_at":"2025-10-04T03:06:44Z"}
{"_id":{"$oid":"68e09024c14968ee5a9303e8"},"start_ts":"2025-10-04T03:06:45Z","end_ts":"2025-10-04T03:10:25Z","count":23,"temp_air":11.791304347826086,"hum_air":83.22608695652174,"distance_cm":29.734782608695653,"level1":"alto","level2":"bajo","level3":"alto","level4":"bajo","generated_at":"2025-10-04T03:10:28Z","inserted_at":"2025-10-04T03:10:28Z","ts":"2025-10-04T03:10:25Z"}
{"_id":{"$oid":"68e0919c44962f2ad0b983e1"},"start_ts":"2025-10-04T03:10:35Z","end_ts":"2025-10-04T03:16:35Z","count":37,"temp_air":11.875675675675677,"hum_air":82.58108108108108,"distance_cm":29.71351351351351,"level1":"alto","level2":"bajo","level3":"alto","level4":"bajo","generated_at":"2025-10-04T03:16:44Z","inserted_at":"2025-10-04T03:16:44Z"}
{"_id":{"$oid":"68e0927cc14968ee5a9303e9"},"start_ts":"2025-10-04T03:16:45Z","end_ts":"2025-10-04T03:20:25Z","count":23,"temp_air":12.082608695652173,"hum_air":83.00869565217391,"distance_cm":29.7,"level1":"alto","level2":"bajo","level3":"alto","level4":"bajo","generated_at":"2025-10-04T03:20:28Z","inserted_at":"2025-10-04T03:20:28Z","ts":"2025-10-04T03:20:25Z"}
{"_id":{"$oid":"68e093f444962f2ad0b983e2"},"start_ts":"2025-10-04T03:20:35Z","end_ts":"2025-10-04T03:26:35Z","count":37,"temp_air":12.205405405405406,"hum_air":82.97027027027028,"distance_cm":29.7,"level1":"alto","level2":"bajo","level3":"alto","level4":"bajo","generated_at":"2025-10-04T03:26:44Z","inserted_at":"2025-10-04T03:26:44Z"}
{"_id":{"$oid":"68e094d4c14968ee5a9303ea"},"start_ts":"2025-10-04T03:26:45Z","end_ts":"2025-10-04T03:30:25Z","count":23,"temp_air":12.28695652173913,"hum_air":80.87826086956521,"distance_cm":29.7,"level1":"alto","level2":"bajo","level3":"alto","level4":"bajo","generated_at":"2025-10-04T03:30:28Z","inserted_at":"2025-10-04T03:30:28Z","ts":"2025-10-04T03:30:25Z"}
{"_id":{"$oid":"68e0964c44962f2ad0b983e3"},"start_ts":"2025-10-04T03:30:35Z","end_ts":"2025-10-04T03:36:36Z","count":37,"temp_air":12.372972972972974,"hum_air":79.73243243243243,"distance_cm":29.7,"level1":"alto","level2":"bajo","level3":"alto","level4":"bajo","generated_at":"2025-10-04T03:36:44Z","inserted_at":"2025-10-04T03:36:44Z"}
{"_id":{"$oid":"68e0972cc14968ee5a9303eb"},"start_ts":"2025-10-04T03:36:46Z","end_ts":"2025-10-04T03:40:26Z","count":23,"temp_air":12.41304347826087,"hum_air":79.55652173913043,"distance_cm":29.7,"level1":"alto","level2":"bajo","level3":"alto","level4":"bajo","generated_at":"2025-10-04T03:40:28Z","inserted_at":"2025-10-04T03:40:28Z","ts":"2025-10-04T03:40:26Z"}
{"_id":{"$oid":"68e098a444962f2ad0b983e4"},"start_ts":"2025-10-04T03:40:36Z","end_ts":"2025-10-04T03:46:37Z","count":37,"temp_air":12.456756756756757,"hum_air":80.09189189189189,"distance_cm":29.7,"level1":"alto","level2":"bajo","level3":"alto","level4":"bajo","generated_at":"2025-10-04T03:46:44Z","inserted_at":"2025-10-04T03:46:44Z"}
{"_id":{"$oid":"68e09984c14968ee5a9303ec"},"start_ts":"2025-10-04T03:46:47Z","end_ts":"2025-10-04T03:50:27Z","count":23,"temp_air":12.486956521739131,"hum_air":81.73478260869565,"distance_cm":29.7,"level1":"alto","level2":"bajo","level3":"alto","level4":"bajo","generated_at":"2025-10-04T03:50:28Z","inserted_at":"2025-10-04T03:50:28Z","ts":"2025-10-04T03:50:27Z"}
{"_id":{"$oid":"68e09afc44962f2ad0b983e5"},"start_ts":"2025-10-04T03:50:37Z","end_ts":"2025-10-04T03:56:37Z","count":37,"temp_air":12.413513513513514,"hum_air":82.32162162162162,"distance_cm":29.7,"level1":"alto","level2":"bajo","level3":"alto","level4":"bajo","generated_at":"2025-10-04T03:56:44Z","inserted_at":"2025-10-04T03:56:44Z"}
{"_id":{"$oid":"68e09bdcc14968ee5a9303ed"},"start_ts":"2025-10-04T03:56:47Z","end_ts":"2025-10-04T04:00:27Z","count":23,"temp_air":12.378260869565217,"hum_air":82.85652173913043,"distance_cm":29.7,"level1":"alto","level2":"bajo","level3":"alto","level4":"bajo","generated_at":"2025-10-04T04:00:28Z","inserted_at":"2025-10-04T04:00:28Z","ts":"2025-10-04T04:00:27Z"}
{"_id":{"$oid":"68e09d5444962f2ad0b983e6"},"start_ts":"2025-10-04T04:00:37Z","end_ts":"2025-10-04T04:06:38Z","count":37,"temp_air":12.386486486486486,"hum_air":82.01891891891891,"distance_cm":29.7,"level1":"alto","level2":"bajo","level3":"alto","level4":"bajo","generated_at":"2025-10-04T04:06:44Z","inserted_at":"2025-10-04T04:06:44Z"}
{"_id":{"$oid":"68e09e34c14968ee5a9303ee"},"start_ts":"2025-10-04T04:06:48Z","end_ts":"2025-10-04T04:10:28Z","count":23,"temp_air":12.4,"hum_air":80.67391304347827,"distance_cm":29.7,"level1":"alto","level2":"bajo","level3":"alto","level4":"bajo","generated_at":"2025-10-04T04:10:28Z","inserted_at":"2025-10-04T04:10:28Z","ts":"2025-10-04T04:10:28Z"}
{"_id":{"$oid":"68e09fad44962f2ad0b983e7"},"start_ts":"2025-10-04T04:10:38Z","end_ts":"2025-10-04T04:16:38Z","count":37,"temp_air":12.42972972972973,"hum_air":79.8108108108108,"distance_cm":29.7,"level1":"alto","level2":"bajo","level3":"alto","level4":"bajo","generated_at":"2025-10-04T04:16:45Z","inserted_at":"2025-10-04T04:16:45Z"}
{"_id":{"$oid":"68e0a08cc14968ee5a9303ef"},"start_ts":"2025-10-04T04:16:48Z","end_ts":"2025-10-04T04:20:28Z","count":23,"temp_air":12.495652173913044,"hum_air":79.60434782608695,"distance_cm":29.7,"level1":"alto","level2":"bajo","level3":"alto","level4":"bajo","generated_at":"2025-10-04T04:20:28Z","inserted_at":"2025-10-04T04:20:28Z","ts":"2025-10-04T04:20:28Z"}
{"_id":{"$oid":"68e0a20544962f2ad0b983e8"},"start_ts":"2025-10-04T04:20:38Z","end_ts":"2025-10-04T04:26:39Z","count":37,"temp_air":12.505405405405405,"hum_air":79.7918918918919,"distance_cm":29.7,"level1":"alto","level2":"bajo","level3":"alto","level4":"bajo","generated_at":"2025-10-04T04:26:45Z","inserted_at":"2025-10-04T04:26:45Z"}
{"_id":{"$oid":"68e0a2e4c14968ee5a9303f0"},"start_ts":"2025-10-04T04:26:49Z","end_ts":"2025-10-04T04:30:19Z","count":22,"temp_air":12.477272727272727,"hum_air":81.67272727272727,"distance_cm":29.7,"level1":"alto","level2":"bajo","level3":"alto","level4":"bajo","generated_at":"2025-10-04T04:30:28Z","inserted_at":"2025-10-04T04:30:28Z","ts":"2025-10-04T04:30:19Z"}
{"_id":{"$oid":"68e0a45d44962f2ad0b983e9"},"start_ts":"2025-10-04T04:30:29Z","end_ts":"2025-10-04T04:36:39Z","count":38,"temp_air":12.43421052631579,"hum_air":82.21842105263158,"distance_cm":29.69736842105263,"level1":"alto","level2":"bajo","level3":"alto","level4":"bajo","generated_at":"2025-10-04T04:36:45Z","inserted_at":"2025-10-04T04:36:45Z"}
{"_id":{"$oid":"68e0a53cc14968ee5a9303f1"},"start_ts":"2025-10-04T04:36:49Z","end_ts":"2025-10-04T04:40:19Z","count":22,"temp_air":12.354545454545455,"hum_air":82.19090909090909,"distance_cm":29.65909090909091,"level1":"alto","level2":"bajo","level3":"alto","level4":"bajo","generated_at":"2025-10-04T04:40:28Z","inserted_at":"2025-10-04T04:40:28Z","ts":"2025-10-04T04:40:19Z"}
{"_id":{"$oid":"68e0a6b544962f2ad0b983ea"},"start_ts":"2025-10-04T04:40:29Z","end_ts":"2025-10-04T04:46:40Z","count":38,"temp_air":12.226315789473684,"hum_air":82.42631578947369,"distance_cm":29.623684210526317,"level1":"alto","level2":"bajo","level3":"alto","level4":"bajo","generated_at":"2025-10-04T04:46:45Z","inserted_at":"2025-10-04T04:46:45Z"}
{"_id":{"$oid":"68e0a794c14968ee5a9303f2"},"start_ts":"2025-10-04T04:46:50Z","end_ts":"2025-10-04T04:50:20Z","count":22,"temp_air":12.095454545454546,"hum_air":82.05454545454545,"distance_cm":29.6,"level1":"alto","level2":"bajo","level3":"alto","level4":"bajo","generated_at":"2025-10-04T04:50:28Z","inserted_at":"2025-10-04T04:50:28Z","ts":"2025-10-04T04:50:20Z"}
{"_id":{"$oid":"68e0a90d44962f2ad0b983eb"},"start_ts":"2025-10-04T04:50:30Z","end_ts":"2025-10-04T04:56:40Z","count":38,"temp_air":11.992105263157894,"hum_air":82.43684210526315,"distance_cm":29.621052631578948,"level1":"alto","level2":"bajo","level3":"alto","level4":"bajo","generated_at":"2025-10-04T04:56:45Z","inserted_at":"2025-10-04T04:56:45Z"}
{"_id":{"$oid":"68e0a9ecc14968ee5a9303f3"},"start_ts":"2025-10-04T04:56:50Z","end_ts":"2025-10-04T05:00:21Z","count":22,"temp_air":12.013636363636364,"hum_air":82.97727272727273,"distance_cm":29.6,"level1":"alto","level2":"bajo","level3":"alto","level4":"bajo","generated_at":"2025-10-04T05:00:28Z","inserted_at":"2025-10-04T05:00:28Z","ts":"2025-10-04T05:00:21Z"}
{"_id":{"$oid":"68e0ab6544962f2ad0b983ec"},"start_ts":"2025-10-04T05:00:31Z","end_ts":"2025-10-04T05:06:41Z","count":38,"temp_air":12.01578947368421,"hum_air":81.81842105263158,"distance_cm":29.6,"level1":"alto","level2":"bajo","level3":"alto","level4":"bajo","generated_at":"2025-10-04T05:06:45Z","inserted_at":"2025-10-04T05:06:45Z"}
{"_id":{"$oid":"68e0ac44c14968ee5a9303f4"},"start_ts":"2025-10-04T05:06:51Z","end_ts":"2025-10-04T05:10:21Z","count":22,"temp_air":12.054545454545455,"hum_air":81.75454545454545,"distance_cm":29.6,"level1":"alto","level2":"bajo","level3":"alto","level4":"bajo","generated_at":"2025-10-04T05:10:28Z","inserted_at":"2025-10-04T05:10:28Z","ts":"2025-10-04T05:10:21Z"}
{"_id":{"$oid":"68e0adbd44962f2ad0b983ed"},"start_ts":"2025-10-04T05:10:31Z","end_ts":"2025-10-04T05:16:42Z","count":38,"temp_air":12.144736842105262,"hum_air":81.92105263157895,"distance_cm":29.6,"level1":"alto","level2":"bajo","level3":"alto","level4":"bajo","generated_at":"2025-10-04T05:16:45Z","inserted_at":"2025-10-04T05:16:45Z"}
{"_id":{"$oid":"68e0ae9dc14968ee5a9303f5"},"start_ts":"2025-10-04T05:16:52Z","end_ts":"2025-10-04T05:20:22Z","count":22,"temp_air":12.186363636363636,"hum_air":81.74090909090908,"distance_cm":29.6,"level1":"alto","level2":"bajo","level3":"alto","level4":"bajo","generated_at":"2025-10-04T05:20:29Z","inserted_at":"2025-10-04T05:20:29Z","ts":"2025-10-04T05:20:22Z"}
{"_id":{"$oid":"68e0b01544962f2ad0b983ee"},"start_ts":"2025-10-04T05:20:32Z","end_ts":"2025-10-04T05:26:42Z","count":38,"temp_air":12.286842105263158,"hum_air":81.22368421052632,"distance_cm":29.6,"level1":"alto","level2":"bajo","level3":"alto","level4":"bajo","generated_at":"2025-10-04T05:26:45Z","inserted_at":"2025-10-04T05:26:45Z"}
{"_id":{"$oid":"68e0b0f5c14968ee5a9303f6"},"start_ts":"2025-10-04T05:26:52Z","end_ts":"2025-10-04T05:30:22Z","count":22,"temp_air":12.39090909090909,"hum_air":81.47272727272727,"distance_cm":29.6,"level1":"alto","level2":"bajo","level3":"alto","level4":"bajo","generated_at":"2025-10-04T05:30:29Z","inserted_at":"2025-10-04T05:30:29Z","ts":"2025-10-04T05:30:22Z"}
{"_id":{"$oid":"68e0b26d44962f2ad0b983ef"},"start_ts":"2025-10-04T05:30:32Z","end_ts":"2025-10-04T05:36:43Z","count":38,"temp_air":12.452631578947368,"hum_air":81.45,"distance_cm":29.6,"level1":"alto","level2":"bajo","level3":"alto","level4":"bajo","generated_at":"2025-10-04T05:36:45Z","inserted_at":"2025-10-04T05:36:45Z"}
{"_id":{"$oid":"68e0b34dc14968ee5a9303f7"},"start_ts":"2025-10-04T05:36:53Z","end_ts":"2025-10-04T05:40:23Z","count":22,"temp_air":12.481818181818182,"hum_air":81.66363636363637,"distance_cm":29.6,"level1":"alto","level2":"bajo","level3":"alto","level4":"bajo","generated_at":"2025-10-04T05:40:29Z","inserted_at":"2025-10-04T05:40:29Z","ts":"2025-10-04T05:40:23Z"}
{"_id":{"$oid":"68e0b4c544962f2ad0b983f0"},"start_ts":"2025-10-04T05:40:33Z","end_ts":"2025-10-04T05:46:43Z","count":38,"temp_air":12.444736842105263,"hum_air":81.56052631578947,"distance_cm":29.6,"level1":"alto","level2":"bajo","level3":"alto","level4":"bajo","generated_at":"2025-10-04T05:46:45Z","inserted_at":"2025-10-04T05:46:45Z"}
{"_id":{"$oid":"68e0b5a5c14968ee5a9303f8"},"start_ts":"2025-10-04T05:46:53Z","end_ts":"2025-10-04T05:50:24Z","count":22,"temp_air":12.459090909090909,"hum_air":81.5909090909091,"distance_cm":29.6,"level1":"alto","level2":"bajo","level3":"alto","level4":"bajo","generated_at":"2025-10-04T05:50:29Z","inserted_at":"2025-10-04T05:50:29Z","ts":"2025-10-04T05:50:24Z"}
{"_id":{"$oid":"68e0b71d44962f2ad0b983f1"},"start_ts":"2025-10-04T05:50:34Z","end_ts":"2025-10-04T05:56:44Z","count":38,"temp_air":12.478947368421053,"hum_air":81.40526315789474,"distance_cm":29.6,"level1":"alto","level2":"bajo","level3":"alto","level4":"bajo","generated_at":"2025-10-04T05:56:45Z","inserted_at":"2025-10-04T05:56:45Z"}
{"_id":{"$oid":"68e0b7fdc14968ee5a9303f9"},"start_ts":"2025-10-04T05:56:54Z","end_ts":"2025-10-04T06:00:24Z","count":22,"temp_air":12.495454545454546,"hum_air":81.4,"distance_cm":29.6,"level1":"alto","level2":"bajo","level3":"alto","level4":"bajo","generated_at":"2025-10-04T06:00:29Z","inserted_at":"2025-10-04T06:00:29Z","ts":"2025-10-04T06:00:24Z"}
{"_id":{"$oid":"68e0b97544962f2ad0b983f2"},"start_ts":"2025-10-04T06:00:34Z","end_ts":"2025-10-04T06:06:45Z","count":38,"temp_air":12.494736842105263,"hum_air":81.55,"distance_cm":29.6,"level1":"alto","level2":"bajo","level3":"alto","level4":"bajo","generated_at":"2025-10-04T06:06:45Z","inserted_at":"2025-10-04T06:06:45Z"}
{"_id":{"$oid":"68e0ba55c14968ee5a9303fa"},"start_ts":"2025-10-04T06:06:55Z","end_ts":"2025-10-04T06:10:25Z","count":22,"temp_air":12.454545454545455,"hum_air":82.05,"distance_cm":29.6,"level1":"alto","level2":"bajo","level3":"alto","level4":"bajo","generated_at":"2025-10-04T06:10:29Z","inserted_at":"2025-10-04T06:10:29Z","ts":"2025-10-04T06:10:25Z"}
{"_id":{"$oid":"68e0bbcd44962f2ad0b983f3"},"start_ts":"2025-10-04T06:10:35Z","end_ts":"2025-10-04T06:16:35Z","count":37,"temp_air":12.413513513513514,"hum_air":81.73513513513514,"distance_cm":29.6,"level1":"alto","level2":"bajo","level3":"alto","level4":"bajo","generated_at":"2025-10-04T06:16:45Z","inserted_at":"2025-10-04T06:16:45Z"}
{"_id":{"$oid":"68e0bcadc14968ee5a9303fb"},"start_ts":"2025-10-04T06:16:45Z","end_ts":"2025-10-04T06:20:25Z","count":23,"temp_air":12.356521739130436,"hum_air":81.73478260869565,"distance_cm":29.6,"level1":"alto","level2":"bajo","level3":"alto","level4":"bajo","generated_at":"2025-10-04T06:20:29Z","inserted_at":"2025-10-04T06:20:29Z","ts":"2025-10-04T06:20:25Z"}
{"_id":{"$oid":"68e0be2544962f2ad0b983f4"},"start_ts":"2025-10-04T06:20:35Z","end_ts":"2025-10-04T06:26:36Z","count":37,"temp_air":12.345945945945946,"hum_air":82.01891891891891,"distance_cm":29.6,"level1":"alto","level2":"bajo","level3":"alto","level4":"bajo","generated_at":"2025-10-04T06:26:45Z","inserted_at":"2025-10-04T06:26:45Z"}
{"_id":{"$oid":"68e0bf05c14968ee5a9303fc"},"start_ts":"2025-10-04T06:26:46Z","end_ts":"2025-10-04T06:30:26Z","count":23,"temp_air":12.347826086956522,"hum_air":82.18260869565218,"distance_cm":29.6,"level1":"alto","level2":"bajo","level3":"alto","level4":"bajo","generated_at":"2025-10-04T06:30:29Z","inserted_at":"2025-10-04T06:30:29Z","ts":"2025-10-04T06:30:26Z"}
{"_id":{"$oid":"68e0c07d44962f2ad0b983f5"},"start_ts":"2025-10-04T06:30:36Z","end_ts":"2025-10-04T06:36:36Z","count":37,"temp_air":12.397297297297298,"hum_air":82.18648648648649,"distance_cm":29.6,"level1":"alto","level2":"bajo","level3":"alto","level4":"bajo","generated_at":"2025-10-04T06:36:45Z","inserted_at":"2025-10-04T06:36:45Z"}
{"_id":{"$oid":"68e0c15dc14968ee5a9303fd"},"start_ts":"2025-10-04T06:36:46Z","end_ts":"2025-10-04T06:40:27Z","count":23,"temp_air":12.391304347826088,"hum_air":82.14782608695653,"distance_cm":29.6,"level1":"alto","level2":"bajo","level3":"alto","level4":"bajo","generated_at":"2025-10-04T06:40:29Z","inserted_at":"2025-10-04T06:40:29Z","ts":"2025-10-04T06:40:27Z"}
{"_id":{"$oid":"68e0c2d544962f2ad0b983f6"},"start_ts":"2025-10-04T06:40:37Z","end_ts":"2025-10-04T06:46:37Z","count":37,"temp_air":12.375675675675677,"hum_air":82.16756756756757,"distance_cm":29.6,"level1":"alto","level2":"bajo","level3":"alto","level4":"bajo","generated_at":"2025-10-04T06:46:45Z","inserted_at":"2025-10-04T06:46:45Z"}
{"_id":{"$oid":"68e0c3b5c14968ee5a9303fe"},"start_ts":"2025-10-04T06:46:47Z","end_ts":"2025-10-04T06:50:27Z","count":23,"temp_air":12.373913043478261,"hum_air":82.37391304347827,"distance_cm":29.6,"level1":"alto","level2":"bajo","level3":"alto","level4":"bajo","generated_at":"2025-10-04T06:50:29Z","inserted_at":"2025-10-04T06:50:29Z","ts":"2025-10-04T06:50:27Z"}
{"_id":{"$oid":"68e0c52d44962f2ad0b983f7"},"start_ts":"2025-10-04T06:50:37Z","end_ts":"2025-10-04T06:56:38Z","count":37,"temp_air":12.302702702702703,"hum_air":82.43783783783783,"distance_cm":29.6,"level1":"alto","level2":"bajo","level3":"alto","level4":"bajo","generated_at":"2025-10-04T06:56:45Z","inserted_at":"2025-10-04T06:56:45Z"}
{"_id":{"$oid":"68e0c60dc14968ee5a9303ff"},"start_ts":"2025-10-04T06:56:49Z","end_ts":"2025-10-04T07:00:28Z","count":23,"temp_air":12.21304347826087,"hum_air":82.8913043478261,"distance_cm":29.6,"level1":"alto","level2":"bajo","level3":"alto","level4":"bajo","generated_at":"2025-10-04T07:00:29Z","inserted_at":"2025-10-04T07:00:29Z","ts":"2025-10-04T07:00:28Z"}
{"_id":{"$oid":"68e0c78544962f2ad0b983f8"},"start_ts":"2025-10-04T07:00:38Z","end_ts":"2025-10-04T07:06:38Z","count":37,"temp_air":12.213513513513513,"hum_air":82.7945945945946,"distance_cm":29.6,"level1":"alto","level2":"bajo","level3":"alto","level4":"bajo","generated_at":"2025-10-04T07:06:45Z","inserted_at":"2025-10-04T07:06:45Z"}
{"_id":{"$oid":"68e0c865c14968ee5a930400"},"start_ts":"2025-10-04T07:06:48Z","end_ts":"2025-10-04T07:10:28Z","count":23,"temp_air":12.178260869565216,"hum_air":82.66521739130435,"distance_cm":29.565217391304348,"level1":"alto","level2":"bajo","level3":"alto","level4":"bajo","generated_at":"2025-10-04T07:10:29Z","inserted_at":"2025-10-04T07:10:29Z","ts":"2025-10-04T07:10:28Z"}
{"_id":{"$oid":"68e0c9dd44962f2ad0b983f9"},"start_ts":"2025-10-04T07:10:38Z","end_ts":"2025-10-04T07:16:39Z","count":37,"temp_air":12.132432432432433,"hum_air":82.97837837837838,"distance_cm":29.513513513513512,"level1":"alto","level2":"bajo","level3":"alto","level4":"bajo","generated_at":"2025-10-04T07:16:45Z","inserted_at":"2025-10-04T07:16:45Z"}
{"_id":{"$oid":"68e0cabdc14968ee5a930401"},"start_ts":"2025-10-04T07:16:49Z","end_ts":"2025-10-04T07:20:29Z","count":23,"temp_air":12.113043478260868,"hum_air":83.0,"distance_cm":29.504347826086956,"level1":"alto","level2":"bajo","level3":"alto","level4":"bajo","generated_at":"2025-10-04T07:20:29Z","inserted_at":"2025-10-04T07:20:29Z","ts":"2025-10-04T07:20:29Z"}
{"_id":{"$oid":"68e0cc3544962f2ad0b983fa"},"start_ts":"2025-10-04T07:20:39Z","end_ts":"2025-10-04T07:26:39Z","count":37,"temp_air":12.089189189189188,"hum_air":83.08918918918918,"distance_cm":29.554054054054056,"level1":"alto","level2":"bajo","level3":"alto","level4":"bajo","generated_at":"2025-10-04T07:26:45Z","inserted_at":"2025-10-04T07:26:45Z"}
{"_id":{"$oid":"68e0cd15c14968ee5a930402"},"start_ts":"2025-10-04T07:26:49Z","end_ts":"2025-10-04T07:30:20Z","count":22,"temp_air":12.036363636363637,"hum_air":82.94545454545455,"distance_cm":29.509090909090908,"level1":"alto","level2":"bajo","level3":"alto","level4":"bajo","generated_at":"2025-10-04T07:30:29Z","inserted_at":"2025-10-04T07:30:29Z","ts":"2025-10-04T07:30:20Z"}
{"_id":{"$oid":"68e0ce8e44962f2ad0b983fb"},"start_ts":"2025-10-04T07:30:30Z","end_ts":"2025-10-04T07:36:40Z","count":38,"temp_air":12.08421052631579,"hum_air":83.05263157894737,"distance_cm":29.507894736842104,"level1":"alto","level2":"bajo","level3":"alto","level4":"bajo","generated_at":"2025-10-04T07:36:46Z","inserted_at":"2025-10-04T07:36:46Z"}
{"_id":{"$oid":"68e0cf6dc14968ee5a930403"},"start_ts":"2025-10-04T07:36:50Z","end_ts":"2025-10-04T07:40:20Z","count":22,"temp_air":12.05,"hum_air":82.83181818181818,"distance_cm":29.509090909090908,"level1":"alto","level2":"bajo","level3":"alto","level4":"bajo","generated_at":"2025-10-04T07:40:29Z","inserted_at":"2025-10-04T07:40:29Z","ts":"2025-10-04T07:40:20Z"}
{"_id":{"$oid":"68e0d0e644962f2ad0b983fc"},"start_ts":"2025-10-04T07:40:30Z","end_ts":"2025-10-04T07:46:41Z","count":38,"temp_air":11.99736842105263,"hum_air":82.65526315789474,"distance_cm":29.53157894736842,"level1":"alto","level2":"bajo","level3":"alto","level4":"bajo","generated_at":"2025-10-04T07:46:46Z","inserted_at":"2025-10-04T07:46:46Z"}
{"_id":{"$oid":"68e0d1c5c14968ee5a930404"},"start_ts":"2025-10-04T07:46:51Z","end_ts":"2025-10-04T07:50:21Z","count":22,"temp_air":12.004545454545454,"hum_air":82.6590909090909,"distance_cm":29.504545454545454,"level1":"alto","level2":"bajo","level3":"alto","level4":"bajo","generated_at":"2025-10-04T07:50:29Z","inserted_at":"2025-10-04T07:50:29Z","ts":"2025-10-04T07:50:21Z"}
{"_id":{"$oid":"68e0d33e44962f2ad0b983fd"},"start_ts":"2025-10-04T07:50:31Z","end_ts":"2025-10-04T07:56:41Z","count":38,"temp_air":11.968421052631578,"hum_air":83.01315789473684,"distance_cm":29.5,"level1":"alto","level2":"bajo","level3":"alto","level4":"bajo","generated_at":"2025-10-04T07:56:46Z","inserted_at":"2025-10-04T07:56:46Z"}
{"_id":{"$oid":"68e0d41dc14968ee5a930405"},"start_ts":"2025-10-04T07:56:51Z","end_ts":"2025-10-04T08:00:21Z","count":22,"temp_air":11.790909090909091,"hum_air":83.39545454545454,"distance_cm":29.5,"level1":"alto","level2":"bajo","level3":"alto","level4":"bajo","generated_at":"2025-10-04T08:00:29Z","inserted_at":"2025-10-04T08:00:29Z","ts":"2025-10-04T08:00:21Z"}
{"_id":{"$oid":"68e0d59644962f2ad0b983fe"},"start_ts":"2025-10-04T08:00:31Z","end_ts":"2025-10-04T08:06:42Z","count":38,"temp_air":11.50263157894737,"hum_air":83.8078947368421,"distance_cm":29.5,"level1":"alto","level2":"bajo","level3":"alto","level4":"bajo","generated_at":"2025-10-04T08:06:46Z","inserted_at":"2025-10-04T08:06:46Z"}
{"_id":{"$oid":"68e0d675c14968ee5a930406"},"start_ts":"2025-10-04T08:06:52Z","end_ts":"2025-10-04T08:10:22Z","count":22,"temp_air":11.25909090909091,"hum_air":84.2409090909091,"distance_cm":29.51818181818182,"level1":"alto","level2":"bajo","level3":"alto","level4":"bajo","generated_at":"2025-10-04T08:10:29Z","inserted_at":"2025-10-04T08:10:29Z","ts":"2025-10-04T08:10:22Z"}
{"_id":{"$oid":"68e0d7ee44962f2ad0b983ff"},"start_ts":"2025-10-04T08:10:32Z","end_ts":"2025-10-04T08:16:42Z","count":38,"temp_air":10.973684210526315,"hum_air":84.62894736842105,"distance_cm":29.594736842105263,"level1":"alto","level2":"bajo","level3":"alto","level4":"bajo","generated_at":"2025-10-04T08:16:46Z","inserted_at":"2025-10-04T08:16:46Z"}
{"_id":{"$oid":"68e0d8cdc14968ee5a930407"},"start_ts":"2025-10-04T08:16:52Z","end_ts":"2025-10-04T08:20:23Z","count":19,"temp_air":10.757894736842106,"hum_air":84.82105263157895,"distance_cm":29.573684210526316,"level1":"alto","level2":"bajo","level3":"alto","level4":"bajo","generated_at":"2025-10-04T08:20:29Z","inserted_at":"2025-10-04T08:20:29Z","ts":"2025-10-04T08:20:23Z"}
{"_id":{"$oid":"68e0da4644962f2ad0b98400"},"start_ts":"2025-10-04T08:20:33Z","end_ts":"2025-10-04T08:26:43Z","count":38,"temp_air":10.607894736842105,"hum_air":85.13684210526316,"distance_cm":29.544736842105262,"level1":"alto","level2":"bajo","level3":"alto","level4":"bajo","generated_at":"2025-10-04T08:26:46Z","inserted_at":"2025-10-04T08:26:46Z"}
{"_id":{"$oid":"68e0db25c14968ee5a930408"},"start_ts":"2025-10-04T08:26:53Z","end_ts":"2025-10-04T08:30:23Z","count":22,"temp_air":10.49090909090909,"hum_air":85.09545454545454,"distance_cm":29.5,"level1":"alto","level2":"bajo","level3":"alto","level4":"bajo","generated_at":"2025-10-04T08:30:29Z","inserted_at":"2025-10-04T08:30:29Z","ts":"2025-10-04T08:30:23Z"}
{"_id":{"$oid":"68e0dc9e44962f2ad0b98401"},"start_ts":"2025-10-04T08:30:33Z","end_ts":"2025-10-04T08:36:44Z","count":38,"temp_air":10.378947368421054,"hum_air":85.12105263157895,"distance_cm":29.5,"level1":"alto","level2":"bajo","level3":"alto","level4":"bajo","generated_at":"2025-10-04T08:36:46Z","inserted_at":"2025-10-04T08:36:46Z"}
{"_id":{"$oid":"68e0dd7ec14968ee5a930409"},"start_ts":"2025-10-04T08:36:54Z","end_ts":"2025-10-04T08:40:24Z","count":22,"temp_air":10.25909090909091,"hum_air":85.68181818181819,"distance_cm":29.5,"level1":"alto","level2":"bajo","level3":"alto","level4":"bajo","generated_at":"2025-10-04T08:40:30Z","inserted_at":"2025-10-04T08:40:30Z","ts":"2025-10-04T08:40:24Z"}
{"_id":{"$oid":"68e0def644962f2ad0b98402"},"start_ts":"2025-10-04T08:40:34Z","end_ts":"2025-10-04T08:46:44Z","count":38,"temp_air":10.202631578947368,"hum_air":85.77894736842106,"distance_cm":29.523684210526316,"level1":"alto","level2":"bajo","level3":"alto","level4":"bajo","generated_at":"2025-10-04T08:46:46Z","inserted_at":"2025-10-04T08:46:46Z"}
{"_id":{"$oid":"68e0dfd6c14968ee5a93040a"},"start_ts":"2025-10-04T08:46:54Z","end_ts":"2025-10-04T08:50:24Z","count":22,"temp_air":10.14090909090909,"hum_air":85.85909090909091,"distance_cm":29.545454545454547,"level1":"alto","level2":"bajo","level3":"alto","level4":"bajo","generated_at":"2025-10-04T08:50:30Z","inserted_at":"2025-10-04T08:50:30Z","ts":"2025-10-04T08:50:24Z"}
{"_id":{"$oid":"68e0e14e44962f2ad0b98403"},"start_ts":"2025-10-04T08:50:34Z","end_ts":"2025-10-04T08:56:45Z","count":38,"temp_air":10.110526315789473,"hum_air":86.01842105263158,"distance_cm":29.50526315789474,"level1":"alto","level2":"bajo","level3":"alto","level4":"bajo","generated_at":"2025-10-04T08:56:46Z","inserted_at":"2025-10-04T08:56:46Z"}
{"_id":{"$oid":"68e0e22ec14968ee5a93040b"},"start_ts":"2025-10-04T08:56:55Z","end_ts":"2025-10-04T09:00:25Z","count":22,"temp_air":10.095454545454546,"hum_air":86.0909090909091,"distance_cm":29.5,"level1":"alto","level2":"bajo","level3":"alto","level4":"bajo","generated_at":"2025-10-04T09:00:30Z","inserted_at":"2025-10-04T09:00:30Z","ts":"2025-10-04T09:00:25Z"}
{"_id":{"$oid":"68e0e3a644962f2ad0b98404"},"start_ts":"2025-10-04T09:00:35Z","end_ts":"2025-10-04T09:06:45Z","count":38,"temp_air":10.068421052631578,"hum_air":86.25,"distance_cm":29.5,"level1":"alto","level2":"bajo","level3":"alto","level4":"bajo","generated_at":"2025-10-04T09:06:46Z","inserted_at":"2025-10-04T09:06:46Z"}
{"_id":{"$oid":"68e0e486c14968ee5a93040c"},"start_ts":"2025-10-04T09:06:55Z","end_ts":"2025-10-04T09:10:26Z","count":22,"temp_air":10.027272727272727,"hum_air":86.2090909090909,"distance_cm":29.5,"level1":"alto","level2":"bajo","level3":"alto","level4":"bajo","generated_at":"2025-10-04T09:10:30Z","inserted_at":"2025-10-04T09:10:30Z","ts":"2025-10-04T09:10:26Z"}
{"_id":{"$oid":"68e0e5fe44962f2ad0b98405"},"start_ts":"2025-10-04T09:10:36Z","end_ts":"2025-10-04T09:16:36Z","count":37,"temp_air":9.986486486486486,"hum_air":86.15945945945946,"distance_cm":29.5,"level1":"alto","level2":"bajo","level3":"alto","level4":"bajo","generated_at":"2025-10-04T09:16:46Z","inserted_at":"2025-10-04T09:16:46Z"}
{"_id":{"$oid":"68e0e6dec14968ee5a93040d"},"start_ts":"2025-10-04T09:16:46Z","end_ts":"2025-10-04T09:20:26Z","count":23,"temp_air":9.95217391304348,"hum_air":86.17826086956522,"distance_cm":29.5,"level1":"alto","level2":"bajo","level3":"alto","level4":"bajo","generated_at":"2025-10-04T09:20:30Z","inserted_at":"2025-10-04T09:20:30Z","ts":"2025-10-04T09:20:26Z"}
{"_id":{"$oid":"68e0e85644962f2ad0b98406"},"start_ts":"2025-10-04T09:20:36Z","end_ts":"2025-10-04T09:26:37Z","count":37,"temp_air":9.945945945945946,"hum_air":86.20270270270271,"distance_cm":29.5,"level1":"alto","level2":"bajo","level3":"alto","level4":"bajo","generated_at":"2025-10-04T09:26:46Z","inserted_at":"2025-10-04T09:26:46Z"}
{"_id":{"$oid":"68e0e936c14968ee5a93040e"},"start_ts":"2025-10-04T09:26:47Z","end_ts":"2025-10-04T09:30:27Z","count":23,"temp_air":9.91304347826087,"hum_air":86.28260869565217,"distance_cm":29.5,"level1":"alto","level2":"bajo","level3":"alto","level4":"bajo","generated_at":"2025-10-04T09:30:30Z","inserted_at":"2025-10-04T09:30:30Z","ts":"2025-10-04T09:30:27Z"}
{"_id":{"$oid":"68e0eaae44962f2ad0b98407"},"start_ts":"2025-10-04T09:30:37Z","end_ts":"2025-10-04T09:36:37Z","count":37,"temp_air":9.916216216216217,"hum_air":86.31351351351351,"distance_cm":29.5,"level1":"alto","level2":"bajo","level3":"alto","level4":"bajo","generated_at":"2025-10-04T09:36:46Z","inserted_at":"2025-10-04T09:36:46Z"}
{"_id":{"$oid":"68e0eb8ec14968ee5a93040f"},"start_ts":"2025-10-04T09:36:47Z","end_ts":"2025-10-04T09:40:28Z","count":23,"temp_air":9.873913043478261,"hum_air":86.09130434782608,"distance_cm":29.5,"level1":"alto","level2":"bajo","level3":"alto","level4":"bajo","generated_at":"2025-10-04T09:40:30Z","inserted_at":"2025-10-04T09:40:30Z","ts":"2025-10-04T09:40:28Z"}
{"_id":{"$oid":"68e0ed0644962f2ad0b98408"},"start_ts":"2025-10-04T09:40:38Z","end_ts":"2025-10-04T09:46:38Z","count":37,"temp_air":9.85945945945946,"hum_air":86.10810810810811,"distance_cm":29.5,"level1":"alto","level2":"bajo","level3":"alto","level4":"bajo","generated_at":"2025-10-04T09:46:46Z","inserted_at":"2025-10-04T09:46:46Z"}
{"_id":{"$oid":"68e0ede6c14968ee5a930410"},"start_ts":"2025-10-04T09:46:48Z","end_ts":"2025-10-04T09:50:29Z","count":23,"temp_air":9.839130434782609,"hum_air":86.17391304347827,"distance_cm":29.5,"level1":"alto","level2":"bajo","level3":"alto","level4":"bajo","generated_at":"2025-10-04T09:50:30Z","inserted_at":"2025-10-04T09:50:30Z","ts":"2025-10-04T09:50:29Z"}
{"_id":{"$oid":"68e0ef5e44962f2ad0b98409"},"start_ts":"2025-10-04T09:50:38Z","end_ts":"2025-10-04T09:56:39Z","count":37,"temp_air":9.8,"hum_air":86.0972972972973,"distance_cm":29.5,"level1":"alto","level2":"bajo","level3":"alto","level4":"bajo","generated_at":"2025-10-04T09:56:46Z","inserted_at":"2025-10-04T09:56:46Z"}
{"_id":{"$oid":"68e0f03ec14968ee5a930411"},"start_ts":"2025-10-04T09:56:48Z","end_ts":"2025-10-04T10:00:29Z","count":23,"temp_air":9.773913043478261,"hum_air":86.22608695652174,"distance_cm":29.5,"level1":"alto","level2":"bajo","level3":"alto","level4":"bajo","generated_at":"2025-10-04T10:00:30Z","inserted_at":"2025-10-04T10:00:30Z","ts":"2025-10-04T10:00:29Z"}
{"_id":{"$oid":"68e0f1b644962f2ad0b9840a"},"start_ts":"2025-10-04T10:00:39Z","end_ts":"2025-10-04T10:06:39Z","count":37,"temp_air":9.735135135135135,"hum_air":86.07837837837837,"distance_cm":29.5,"level1":"alto","level2":"bajo","level3":"alto","level4":"bajo","generated_at":"2025-10-04T10:06:46Z","inserted_at":"2025-10-04T10:06:46Z"}
{"_id":{"$oid":"68e0f296c14968ee5a930412"},"start_ts":"2025-10-04T10:06:49Z","end_ts":"2025-10-04T10:10:19Z","count":22,"temp_air":9.695454545454545,"hum_air":85.87727272727273,"distance_cm":29.5,"level1":"alto","level2":"bajo","level3":"alto","level4":"bajo","generated_at":"2025-10-04T10:10:30Z","inserted_at":"2025-10-04T10:10:30Z","ts":"2025-10-04T10:10:19Z"}
{"_id":{"$oid":"68e0f40e44962f2ad0b9840b"},"start_ts":"2025-10-04T10:10:32Z","end_ts":"2025-10-04T10:16:40Z","count":38,"temp_air":9.694736842105263,"hum_air":86.16052631578947,"distance_cm":29.49736842105263,"level1":"alto","level2":"bajo","level3":"alto","level4":"bajo","generated_at":"2025-10-04T10:16:46Z","inserted_at":"2025-10-04T10:16:46Z"}
{"_id":{"$oid":"68e0f4eec14968ee5a930413"},"start_ts":"2025-10-04T10:16:50Z","end_ts":"2025-10-04T10:20:20Z","count":22,"temp_air":9.654545454545454,"hum_air":86.24090909090908,"distance_cm":29.5,"level1":"alto","level2":"bajo","level3":"alto","level4":"bajo","generated_at":"2025-10-04T10:20:30Z","inserted_at":"2025-10-04T10:20:30Z","ts":"2025-10-04T10:20:20Z"}
{"_id":{"$oid":"68e0f66644962f2ad0b9840c"},"start_ts":"2025-10-04T10:20:33Z","end_ts":"2025-10-04T10:26:40Z","count":38,"temp_air":9.628947368421052,"hum_air":85.96578947368421,"distance_cm":29.5,"level1":"alto","level2":"bajo","level3":"alto","level4":"bajo","generated_at":"2025-10-04T10:26:46Z","inserted_at":"2025-10-04T10:26:46Z"}
{"_id":{"$oid":"68e0f746c14968ee5a930414"},"start_ts":"2025-10-04T10:26:50Z","end_ts":"2025-10-04T10:30:21Z","count":22,"temp_air":9.604545454545454,"hum_air":86.05909090909091,"distance_cm":29.5,"level1":"alto","level2":"bajo","level3":"alto","level4":"bajo","generated_at":"2025-10-04T10:30:30Z","inserted_at":"2025-10-04T10:30:30Z","ts":"2025-10-04T10:30:21Z"}
{"_id":{"$oid":"68e0f8be44962f2ad0b9840d"},"start_ts":"2025-10-04T10:30:30Z","end_ts":"2025-10-04T10:36:41Z","count":39,"temp_air":9.607692307692307,"hum_air":86.12564102564103,"distance_cm":29.5,"level1":"alto","level2":"bajo","level3":"alto","level4":"bajo","generated_at":"2025-10-04T10:36:46Z","inserted_at":"2025-10-04T10:36:46Z"}
{"_id":{"$oid":"68e0f99ec14968ee5a930415"},"start_ts":"2025-10-04T10:36:51Z","end_ts":"2025-10-04T10:40:21Z","count":22,"temp_air":9.568181818181818,"hum_air":86.19090909090909,"distance_cm":29.5,"level1":"alto","level2":"bajo","level3":"alto","level4":"bajo","generated_at":"2025-10-04T10:40:30Z","inserted_at":"2025-10-04T10:40:30Z","ts":"2025-10-04T10:40:21Z"}
{"_id":{"$oid":"68e0fb1644962f2ad0b9840e"},"start_ts":"2025-10-04T10:40:31Z","end_ts":"2025-10-04T10:46:41Z","count":38,"temp_air":9.555263157894737,"hum_air":86.1842105263158,"distance_cm":29.5,"level1":"alto","level2":"bajo","level3":"alto","level4":"bajo","generated_at":"2025-10-04T10:46:46Z","inserted_at":"2025-10-04T10:46:46Z"}
{"_id":{"$oid":"68e0fbf6c14968ee5a930416"},"start_ts":"2025-10-04T10:46:51Z","end_ts":"2025-10-04T10:50:22Z","count":22,"temp_air":9.536363636363637,"hum_air":86.19090909090909,"distance_cm":29.5,"level1":"alto","level2":"bajo","level3":"alto","level4":"bajo","generated_at":"2025-10-04T10:50:30Z","inserted_at":"2025-10-04T10:50:30Z","ts":"2025-10-04T10:50:22Z"}
{"_id":{"$oid":"68e0fd6e44962f2ad0b9840f"},"start_ts":"2025-10-04T10:50:32Z","end_ts":"2025-10-04T10:56:43Z","count":38,"temp_air":9.534210526315789,"hum_air":86.02894736842106,"distance_cm":29.5,"level1":"alto","level2":"bajo","level3":"alto","level4":"bajo","generated_at":"2025-10-04T10:56:46Z","inserted_at":"2025-10-04T10:56:46Z"}
{"_id":{"$oid":"68e0fe4ec14968ee5a930417"},"start_ts":"2025-10-04T10:56:52Z","end_ts":"2025-10-04T11:00:23Z","count":22,"temp_air":9.522727272727273,"hum_air":86.28636363636363,"distance_cm":29.5,"level1":"alto","level2":"bajo","level3":"alto","level4":"bajo","generated_at":"2025-10-04T11:00:30Z","inserted_at":"2025-10-04T11:00:30Z","ts":"2025-10-04T11:00:23Z"}
{"_id":{"$oid":"68e0ffc644962f2ad0b98410"},"start_ts":"2025-10-04T11:00:34Z","end_ts":"2025-10-04T11:06:43Z","count":38,"temp_air":9.576315789473684,"hum_air":86.22105263157894,"distance_cm":29.5,"level1":"alto","level2":"bajo","level3":"alto","level4":"bajo","generated_at":"2025-10-04T11:06:46Z","inserted_at":"2025-10-04T11:06:46Z"}
{"_id":{"$oid":"68e100a6c14968ee5a930418"},"start_ts":"2025-10-04T11:06:53Z","end_ts":"2025-10-04T11:10:23Z","count":22,"temp_air":9.645454545454545,"hum_air":85.85454545454546,"distance_cm":29.5,"level1":"alto","level2":"bajo","level3":"alto","level4":"bajo","generated_at":"2025-10-04T11:10:30Z","inserted_at":"2025-10-04T11:10:30Z","ts":"2025-10-04T11:10:23Z"}
{"_id":{"$oid":"68e1021e44962f2ad0b98411"},"start_ts":"2025-10-04T11:10:33Z","end_ts":"2025-10-04T11:16:43Z","count":38,"temp_air":9.73421052631579,"hum_air":85.51842105263158,"distance_cm":29.5,"level1":"alto","level2":"bajo","level3":"alto","level4":"bajo","generated_at":"2025-10-04T11:16:46Z","inserted_at":"2025-10-04T11:16:46Z"}
{"_id":{"$oid":"68e102fec14968ee5a930419"},"start_ts":"2025-10-04T11:16:53Z","end_ts":"2025-10-04T11:20:23Z","count":22,"temp_air":9.863636363636363,"hum_air":85.10909090909091,"distance_cm":29.5,"level1":"alto","level2":"bajo","level3":"alto","level4":"bajo","generated_at":"2025-10-04T11:20:30Z","inserted_at":"2025-10-04T11:20:30Z","ts":"2025-10-04T11:20:23Z"}
{"_id":{"$oid":"68e1047644962f2ad0b98412"},"start_ts":"2025-10-04T11:20:34Z","end_ts":"2025-10-04T11:26:44Z","count":38,"temp_air":10.060526315789474,"hum_air":84.83947368421053,"distance_cm":29.5,"level1":"alto","level2":"bajo","level3":"alto","level4":"bajo","generated_at":"2025-10-04T11:26:46Z","inserted_at":"2025-10-04T11:26:46Z"}
{"_id":{"$oid":"68e10556c14968ee5a93041a"},"start_ts":"2025-10-04T11:26:54Z","end_ts":"2025-10-04T11:30:24Z","count":22,"temp_air":10.277272727272727,"hum_air":84.48181818181818,"distance_cm":29.5,"level1":"alto","level2":"bajo","level3":"alto","level4":"bajo","generated_at":"2025-10-04T11:30:30Z","inserted_at":"2025-10-04T11:30:30Z","ts":"2025-10-04T11:30:24Z"}
{"_id":{"$oid":"68e106ce44962f2ad0b98413"},"start_ts":"2025-10-04T11:30:34Z","end_ts":"2025-10-04T11:36:45Z","count":38,"temp_air":10.621052631578948,"hum_air":83.97368421052632,"distance_cm":29.5,"level1":"alto","level2":"bajo","level3":"alto","level4":"bajo","generated_at":"2025-10-04T11:36:46Z","inserted_at":"2025-10-04T11:36:46Z"}
{"_id":{"$oid":"68e107aec14968ee5a93041b"},"start_ts":"2025-10-04T11:36:54Z","end_ts":"2025-10-04T11:40:25Z","count":22,"temp_air":11.077272727272728,"hum_air":83.2,"distance_cm":29.5,"level1":"alto","level2":"bajo","level3":"alto","level4":"bajo","generated_at":"2025-10-04T11:40:30Z","inserted_at":"2025-10-04T11:40:30Z","ts":"2025-10-04T11:40:25Z"}
{"_id":{"$oid":"68e1092644962f2ad0b98414"},"start_ts":"2025-10-04T11:40:35Z","end_ts":"2025-10-04T11:46:45Z","count":38,"temp_air":11.728947368421053,"hum_air":82.33157894736843,"distance_cm":29.5,"level1":"alto","level2":"bajo","level3":"alto","level4":"bajo","generated_at":"2025-10-04T11:46:46Z","inserted_at":"2025-10-04T11:46:46Z"}
{"_id":{"$oid":"68e10a06c14968ee5a93041c"},"start_ts":"2025-10-04T11:46:55Z","end_ts":"2025-10-04T11:50:25Z","count":22,"temp_air":12.254545454545454,"hum_air":81.37727272727273,"distance_cm":29.5,"level1":"alto","level2":"bajo","level3":"alto","level4":"bajo","generated_at":"2025-10-04T11:50:30Z","inserted_at":"2025-10-04T11:50:30Z","ts":"2025-10-04T11:50:25Z"}
{"_id":{"$oid":"68e10b7f44962f2ad0b98415"},"start_ts":"2025-10-04T11:50:35Z","end_ts":"2025-10-04T11:56:46Z","count":38,"temp_air":12.707894736842105,"hum_air":80.82368421052631,"distance_cm":29.5,"level1":"alto","level2":"bajo","level3":"alto","level4":"bajo","generated_at":"2025-10-04T11:56:47Z","inserted_at":"2025-10-04T11:56:47Z"}
{"_id":{"$oid":"68e10c5ec14968ee5a93041d"},"start_ts":"2025-10-04T11:56:56Z","end_ts":"2025-10-04T12:00:27Z","count":23,"temp_air":13.156521739130435,"hum_air":79.71739130434783,"distance_cm":29.5,"level1":"alto","level2":"bajo","level3":"alto","level4":"bajo","generated_at":"2025-10-04T12:00:30Z","inserted_at":"2025-10-04T12:00:30Z","ts":"2025-10-04T12:00:27Z"}
{"_id":{"$oid":"68e10dd744962f2ad0b98416"},"start_ts":"2025-10-04T12:00:37Z","end_ts":"2025-10-04T12:06:37Z","count":38,"temp_air":13.592105263157896,"hum_air":78.82631578947368,"distance_cm":29.5,"level1":"alto","level2":"bajo","level3":"alto","level4":"bajo","generated_at":"2025-10-04T12:06:47Z","inserted_at":"2025-10-04T12:06:47Z"}
{"_id":{"$oid":"68e10eb6c14968ee5a93041e"},"start_ts":"2025-10-04T12:06:47Z","end_ts":"2025-10-04T12:10:27Z","count":23,"temp_air":14.078260869565216,"hum_air":77.97826086956522,"distance_cm":29.5,"level1":"alto","level2":"bajo","level3":"alto","level4":"bajo","generated_at":"2025-10-04T12:10:30Z","inserted_at":"2025-10-04T12:10:30Z","ts":"2025-10-04T12:10:27Z"}
{"_id":{"$oid":"68e1102f44962f2ad0b98417"},"start_ts":"2025-10-04T12:10:37Z","end_ts":"2025-10-04T12:16:38Z","count":39,"temp_air":14.638461538461538,"hum_air":76.30512820512821,"distance_cm":29.31025641025641,"level1":"alto","level2":"bajo","level3":"alto","level4":"bajo","generated_at":"2025-10-04T12:16:47Z","inserted_at":"2025-10-04T12:16:47Z"}
{"_id":{"$oid":"68e1110ec14968ee5a93041f"},"start_ts":"2025-10-04T12:16:49Z","end_ts":"2025-10-04T12:20:27Z","count":23,"temp_air":15.091304347826087,"hum_air":74.93913043478261,"distance_cm":28.98695652173913,"level1":"alto","level2":"bajo","level3":"alto","level4":"bajo","generated_at":"2025-10-04T12:20:30Z","inserted_at":"2025-10-04T12:20:30Z","ts":"2025-10-04T12:20:27Z"}
{"_id":{"$oid":"68e1128744962f2ad0b98418"},"start_ts":"2025-10-04T12:20:38Z","end_ts":"2025-10-04T12:26:38Z","count":37,"temp_air":15.45135135135135,"hum_air":74.6108108108108,"distance_cm":28.967567567567567,"level1":"alto","level2":"bajo","level3":"alto","level4":"bajo","generated_at":"2025-10-04T12:26:47Z","inserted_at":"2025-10-04T12:26:47Z"}
{"_id":{"$oid":"68e11366c14968ee5a930420"},"start_ts":"2025-10-04T12:26:48Z","end_ts":"2025-10-04T12:30:29Z","count":23,"temp_air":15.691304347826087,"hum_air":74.15217391304348,"distance_cm":28.982608695652175,"level1":"alto","level2":"bajo","level3":"alto","level4":"bajo","generated_at":"2025-10-04T12:30:30Z","inserted_at":"2025-10-04T12:30:30Z","ts":"2025-10-04T12:30:29Z"}
{"_id":{"$oid":"68e114df44962f2ad0b98419"},"start_ts":"2025-10-04T12:30:39Z","end_ts":"2025-10-04T12:36:38Z","count":37,"temp_air":15.854054054054055,"hum_air":73.6054054054054,"distance_cm":28.94324324324324,"level1":"alto","level2":"bajo","level3":"alto","level4":"bajo","generated_at":"2025-10-04T12:36:47Z","inserted_at":"2025-10-04T12:36:47Z"}
{"_id":{"$oid":"68e115bec14968ee5a930421"},"start_ts":"2025-10-04T12:36:48Z","end_ts":"2025-10-04T12:40:28Z","count":23,"temp_air":15.965217391304348,"hum_air":74.82608695652173,"distance_cm":28.913043478260867,"level1":"alto","level2":"bajo","level3":"alto","level4":"bajo","generated_at":"2025-10-04T12:40:30Z","inserted_at":"2025-10-04T12:40:30Z","ts":"2025-10-04T12:40:28Z"}
{"_id":{"$oid":"68e1173844962f2ad0b9841a"},"start_ts":"2025-10-04T12:40:38Z","end_ts":"2025-10-04T12:46:39Z","count":37,"temp_air":16.197297297297297,"hum_air":74.38378378378378,"distance_cm":28.9,"level1":"alto","level2":"bajo","level3":"alto","level4":"bajo","generated_at":"2025-10-04T12:46:48Z","inserted_at":"2025-10-04T12:46:48Z"}
{"_id":{"$oid":"68e11816c14968ee5a930422"},"start_ts":"2025-10-04T12:46:49Z","end_ts":"2025-10-04T12:50:29Z","count":23,"temp_air":16.35217391304348,"hum_air":74.25652173913043,"distance_cm":28.9,"level1":"alto","level2":"bajo","level3":"alto","level4":"bajo","generated_at":"2025-10-04T12:50:30Z","inserted_at":"2025-10-04T12:50:30Z","ts":"2025-10-04T12:50:29Z"}
{"_id":{"$oid":"68e1199044962f2ad0b9841b"},"start_ts":"2025-10-04T12:50:40Z","end_ts":"2025-10-04T12:56:39Z","count":37,"temp_air":16.613513513513514,"hum_air":73.57837837837837,"distance_cm":28.894594594594594,"level1":"alto","level2":"bajo","level3":"alto","level4":"bajo","generated_at":"2025-10-04T12:56:48Z","inserted_at":"2025-10-04T12:56:48Z"}
{"_id":{"$oid":"68e11a6fc14968ee5a930423"},"start_ts":"2025-10-04T12:56:49Z","end_ts":"2025-10-04T13:00:29Z","count":23,"temp_air":17.03913043478261,"hum_air":72.52173913043478,"distance_cm":28.895652173913042,"level1":"alto","level2":"bajo","level3":"alto","level4":"bajo","generated_at":"2025-10-04T13:00:31Z","inserted_at":"2025-10-04T13:00:31Z","ts":"2025-10-04T13:00:29Z"}
{"_id":{"$oid":"68e11be844962f2ad0b9841c"},"start_ts":"2025-10-04T13:00:40Z","end_ts":"2025-10-04T13:06:40Z","count":37,"temp_air":17.294594594594596,"hum_air":72.16216216216216,"distance_cm":31.61081081081081,"level1":"alto","level2":"alto","level3":"alto","level4":"alto","generated_at":"2025-10-04T13:06:48Z","inserted_at":"2025-10-04T13:06:48Z"}
{"_id":{"$oid":"68e11cc7c14968ee5a930424"},"start_ts":"2025-10-04T13:06:50Z","end_ts":"2025-10-04T13:10:30Z","count":23,"temp_air":17.41304347826087,"hum_air":71.32173913043478,"distance_cm":36.97826086956522,"level1":"alto","level2":"alto","level3":"alto","level4":"alto","generated_at":"2025-10-04T13:10:31Z","inserted_at":"2025-10-04T13:10:31Z","ts":"2025-10-04T13:10:30Z"}
{"_id":{"$oid":"68e11e4044962f2ad0b9841d"},"start_ts":"2025-10-04T13:10:40Z","end_ts":"2025-10-04T13:16:41Z","count":37,"temp_air":17.62162162162162,"hum_air":71.65405405405406,"distance_cm":35.5,"level1":"alto","level2":"bajo","level3":"alto","level4":"bajo","generated_at":"2025-10-04T13:16:48Z","inserted_at":"2025-10-04T13:16:48Z"}
{"_id":{"$oid":"68e11f1fc14968ee5a930425"},"start_ts":"2025-10-04T13:16:51Z","end_ts":"2025-10-04T13:20:21Z","count":22,"temp_air":18.05909090909091,"hum_air":70.72272727272727,"distance_cm":34.89545454545454,"level1":"alto","level2":"bajo","level3":"alto","level4":"bajo","generated_at":"2025-10-04T13:20:31Z","inserted_at":"2025-10-04T13:20:31Z","ts":"2025-10-04T13:20:21Z"}
{"_id":{"$oid":"68e1209844962f2ad0b9841e"},"start_ts":"2025-10-04T13:20:31Z","end_ts":"2025-10-04T13:26:41Z","count":38,"temp_air":19.04736842105263,"hum_air":69.1421052631579,"distance_cm":34.72631578947369,"level1":"alto","level2":"bajo","level3":"alto","level4":"bajo","generated_at":"2025-10-04T13:26:48Z","inserted_at":"2025-10-04T13:26:48Z"}
{"_id":{"$oid":"68e12177c14968ee5a930426"},"start_ts":"2025-10-04T13:26:52Z","end_ts":"2025-10-04T13:30:22Z","count":22,"temp_air":19.804545454545455,"hum_air":67.06363636363636,"distance_cm":34.36363636363636,"level1":"alto","level2":"bajo","level3":"alto","level4":"bajo","generated_at":"2025-10-04T13:30:31Z","inserted_at":"2025-10-04T13:30:31Z","ts":"2025-10-04T13:30:22Z"}
{"_id":{"$oid":"68e122f144962f2ad0b9841f"},"start_ts":"2025-10-04T13:30:31Z","end_ts":"2025-10-04T13:36:43Z","count":38,"temp_air":19.726315789473684,"hum_air":67.01842105263158,"distance_cm":33.86842105263158,"level1":"alto","level2":"bajo","level3":"alto","level4":"bajo","generated_at":"2025-10-04T13:36:49Z","inserted_at":"2025-10-04T13:36:49Z"}
{"_id":{"$oid":"68e123cfc14968ee5a930427"},"start_ts":"2025-10-04T13:36:53Z","end_ts":"2025-10-04T13:40:22Z","count":22,"temp_air":19.509090909090908,"hum_air":66.99545454545455,"distance_cm":33.4,"level1":"alto","level2":"bajo","level3":"alto","level4":"bajo","generated_at":"2025-10-04T13:40:31Z","inserted_at":"2025-10-04T13:40:31Z","ts":"2025-10-04T13:40:22Z"}
{"_id":{"$oid":"68e1254944962f2ad0b98420"},"start_ts":"2025-10-04T13:40:32Z","end_ts":"2025-10-04T13:46:43Z","count":38,"temp_air":20.03421052631579,"hum_air":66.53421052631579,"distance_cm":33.01052631578948,"level1":"alto","level2":"bajo","level3":"alto","level4":"bajo","generated_at":"2025-10-04T13:46:49Z","inserted_at":"2025-10-04T13:46:49Z"}
{"_id":{"$oid":"68e12627c14968ee5a930428"},"start_ts":"2025-10-04T13:46:54Z","end_ts":"2025-10-04T13:50:23Z","count":22,"temp_air":20.895454545454545,"hum_air":65.33636363636363,"distance_cm":32.66818181818182,"level1":"alto","level2":"bajo","level3":"alto","level4":"bajo","generated_at":"2025-10-04T13:50:31Z","inserted_at":"2025-10-04T13:50:31Z","ts":"2025-10-04T13:50:23Z"}
{"_id":{"$oid":"68e127a144962f2ad0b98421"},"start_ts":"2025-10-04T13:50:33Z","end_ts":"2025-10-04T13:56:43Z","count":38,"temp_air":21.402631578947368,"hum_air":64.5657894736842,"distance_cm":32.34473684210526,"level1":"alto","level2":"bajo","level3":"alto","level4":"bajo","generated_at":"2025-10-04T13:56:49Z","inserted_at":"2025-10-04T13:56:49Z"}
{"_id":{"$oid":"68e1287fc14968ee5a930429"},"start_ts":"2025-10-04T13:56:53Z","end_ts":"2025-10-04T14:00:23Z","count":22,"temp_air":21.818181818181817,"hum_air":63.9,"distance_cm":32.054545454545455,"level1":"alto","level2":"bajo","level3":"alto","level4":"bajo","generated_at":"2025-10-04T14:00:31Z","inserted_at":"2025-10-04T14:00:31Z","ts":"2025-10-04T14:00:23Z"}
{"_id":{"$oid":"68e129f944962f2ad0b98422"},"start_ts":"2025-10-04T14:00:33Z","end_ts":"2025-10-04T14:06:43Z","count":38,"temp_air":21.776315789473685,"hum_air":63.27105263157895,"distance_cm":31.79736842105263,"level1":"alto","level2":"bajo","level3":"alto","level4":"bajo","generated_at":"2025-10-04T14:06:49Z","inserted_at":"2025-10-04T14:06:49Z"}
{"_id":{"$oid":"68e12ad7c14968ee5a93042a"},"start_ts":"2025-10-04T14:06:54Z","end_ts":"2025-10-04T14:10:24Z","count":22,"temp_air":21.67727272727273,"hum_air":63.663636363636364,"distance_cm":31.56818181818182,"level1":"alto","level2":"bajo","level3":"alto","level4":"bajo","generated_at":"2025-10-04T14:10:31Z","inserted_at":"2025-10-04T14:10:31Z","ts":"2025-10-04T14:10:24Z"}
{"_id":{"$oid":"68e12c5244962f2ad0b98423"},"start_ts":"2025-10-04T14:10:34Z","end_ts":"2025-10-04T14:16:45Z","count":38,"temp_air":21.30263157894737,"hum_air":63.921052631578945,"distance_cm":31.826315789473686,"level1":"alto","level2":"bajo","level3":"alto","level4":"bajo","generated_at":"2025-10-04T14:16:50Z","inserted_at":"2025-10-04T14:16:50Z"}
{"_id":{"$oid":"68e12d30c14968ee5a93042b"},"start_ts":"2025-10-04T14:16:54Z","end_ts":"2025-10-04T14:20:24Z","count":22,"temp_air":21.013636363636365,"hum_air":64.80454545454546,"distance_cm":31.772727272727273,"level1":"alto","level2":"bajo","level3":"alto","level4":"bajo","generated_at":"2025-10-04T14:20:32Z","inserted_at":"2025-10-04T14:20:32Z","ts":"2025-10-04T14:20:24Z"}
{"_id":{"$oid":"68e12eaa44962f2ad0b98424"},"start_ts":"2025-10-04T14:20:34Z","end_ts":"2025-10-04T14:26:45Z","count":38,"temp_air":20.776315789473685,"hum_air":64.85526315789474,"distance_cm":31.03157894736842,"level1":"alto","level2":"bajo","level3":"alto","level4":"bajo","generated_at":"2025-10-04T14:26:50Z","inserted_at":"2025-10-04T14:26:50Z"}
{"_id":{"$oid":"68e12f88c14968ee5a93042c"},"start_ts":"2025-10-04T14:26:55Z","end_ts":"2025-10-04T14:30:25Z","count":22,"temp_air":20.454545454545453,"hum_air":65.58181818181818,"distance_cm":30.8,"level1":"alto","level2":"bajo","level3":"alto","level4":"bajo","generated_at":"2025-10-04T14:30:32Z","inserted_at":"2025-10-04T14:30:32Z","ts":"2025-10-04T14:30:25Z"}
{"_id":{"$oid":"68e1310244962f2ad0b98425"},"start_ts":"2025-10-04T14:30:35Z","end_ts":"2025-10-04T14:36:45Z","count":39,"temp_air":20.20769230769231,"hum_air":64.18717948717949,"distance_cm":30.671794871794873,"level1":"alto","level2":"bajo","level3":"alto","level4":"bajo","generated_at":"2025-10-04T14:36:50Z","inserted_at":"2025-10-04T14:36:50Z"}
{"_id":{"$oid":"68e131e0c14968ee5a93042d"},"start_ts":"2025-10-04T14:36:56Z","end_ts":"2025-10-04T14:40:26Z","count":22,"temp_air":20.090909090909093,"hum_air":64.36818181818182,"distance_cm":30.56818181818182,"level1":"alto","level2":"bajo","level3":"alto","level4":"bajo","generated_at":"2025-10-04T14:40:32Z","inserted_at":"2025-10-04T14:40:32Z","ts":"2025-10-04T14:40:26Z"}
{"_id":{"$oid":"68e1335a44962f2ad0b98426"},"start_ts":"2025-10-04T14:40:36Z","end_ts":"2025-10-04T14:46:46Z","count":38,"temp_air":20.181578947368422,"hum_air":64.87631578947368,"distance_cm":30.457894736842103,"level1":"alto","level2":"bajo","level3":"alto","level4":"bajo","generated_at":"2025-10-04T14:46:50Z","inserted_at":"2025-10-04T14:46:50Z"}
{"_id":{"$oid":"68e13439c14968ee5a93042e"},"start_ts":"2025-10-04T14:46:56Z","end_ts":"2025-10-04T14:50:27Z","count":22,"temp_air":20.045454545454547,"hum_air":65.72727272727273,"distance_cm":30.4,"level1":"alto","level2":"bajo","level3":"alto","level4":"bajo","generated_at":"2025-10-04T14:50:33Z","inserted_at":"2025-10-04T14:50:33Z","ts":"2025-10-04T14:50:27Z"}
{"_id":{"$oid":"68e135b344962f2ad0b98427"},"start_ts":"2025-10-04T14:50:36Z","end_ts":"2025-10-04T14:56:46Z","count":38,"temp_air":19.705263157894738,"hum_air":66.07631578947368,"distance_cm":30.33157894736842,"level1":"alto","level2":"bajo","level3":"alto","level4":"bajo","generated_at":"2025-10-04T14:56:51Z","inserted_at":"2025-10-04T14:56:51Z"}
{"_id":{"$oid":"68e13691c14968ee5a93042f"},"start_ts":"2025-10-04T14:56:57Z","end_ts":"2025-10-04T15:00:27Z","count":22,"temp_air":19.459090909090907,"hum_air":66.47727272727273,"distance_cm":30.26818181818182,"level1":"alto","level2":"bajo","level3":"alto","level4":"bajo","generated_at":"2025-10-04T15:00:33Z","inserted_at":"2025-10-04T15:00:33Z","ts":"2025-10-04T15:00:27Z"}
{"_id":{"$oid":"68e1380b44962f2ad0b98428"},"start_ts":"2025-10-04T15:00:37Z","end_ts":"2025-10-04T15:06:47Z","count":38,"temp_air":19.74473684210526,"hum_air":66.65263157894736,"distance_cm":30.2,"level1":"alto","level2":"bajo","level3":"alto","level4":"bajo","generated_at":"2025-10-04T15:06:51Z","inserted_at":"2025-10-04T15:06:51Z"}
{"_id":{"$oid":"68e138e9c14968ee5a930430"},"start_ts":"2025-10-04T15:06:57Z","end_ts":"2025-10-04T15:10:27Z","count":22,"temp_air":20.104545454545455,"hum_air":66.08181818181818,"distance_cm":30.18181818181818,"level1":"alto","level2":"bajo","level3":"alto","level4":"bajo","generated_at":"2025-10-04T15:10:33Z","inserted_at":"2025-10-04T15:10:33Z","ts":"2025-10-04T15:10:27Z"}
{"_id":{"$oid":"68e13a6344962f2ad0b98429"},"start_ts":"2025-10-04T15:10:37Z","end_ts":"2025-10-04T15:16:48Z","count":38,"temp_air":20.228947368421053,"hum_air":65.32105263157895,"distance_cm":30.10263157894737,"level1":"alto","level2":"bajo","level3":"alto","level4":"bajo","generated_at":"2025-10-04T15:16:51Z","inserted_at":"2025-10-04T15:16:51Z"}
{"_id":{"$oid":"68e13b41c14968ee5a930431"},"start_ts":"2025-10-04T15:16:59Z","end_ts":"2025-10-04T15:20:28Z","count":22,"temp_air":20.34090909090909,"hum_air":65.40454545454546,"distance_cm":30.090909090909093,"level1":"alto","level2":"bajo","level3":"alto","level4":"bajo","generated_at":"2025-10-04T15:20:33Z","inserted_at":"2025-10-04T15:20:33Z","ts":"2025-10-04T15:20:28Z"}
{"_id":{"$oid":"68e13cbb44962f2ad0b9842a"},"start_ts":"2025-10-04T15:20:38Z","end_ts":"2025-10-04T15:26:49Z","count":38,"temp_air":20.33157894736842,"hum_air":65.37894736842105,"distance_cm":30.597368421052632,"level1":"alto","level2":"bajo","level3":"alto","level4":"bajo","generated_at":"2025-10-04T15:26:51Z","inserted_at":"2025-10-04T15:26:51Z"}
{"_id":{"$oid":"68e13d99c14968ee5a930432"},"start_ts":"2025-10-04T15:26:59Z","end_ts":"2025-10-04T15:30:28Z","count":22,"temp_air":20.090909090909093,"hum_air":64.88181818181818,"distance_cm":30.477272727272727,"level1":"alto","level2":"bajo","level3":"alto","level4":"bajo","generated_at":"2025-10-04T15:30:33Z","inserted_at":"2025-10-04T15:30:33Z","ts":"2025-10-04T15:30:28Z"}
{"_id":{"$oid":"68e13f1344962f2ad0b9842b"},"start_ts":"2025-10-04T15:30:38Z","end_ts":"2025-10-04T15:36:49Z","count":38,"temp_air":20.289473684210527,"hum_air":64.83684210526316,"distance_cm":29.99473684210526,"level1":"alto","level2":"bajo","level3":"alto","level4":"bajo","generated_at":"2025-10-04T15:36:51Z","inserted_at":"2025-10-04T15:36:51Z"}
{"_id":{"$oid":"68e13ff1c14968ee5a930433"},"start_ts":"2025-10-04T15:36:59Z","end_ts":"2025-10-04T15:40:29Z","count":22,"temp_air":20.70909090909091,"hum_air":64.36363636363636,"distance_cm":29.886363636363637,"level1":"alto","level2":"bajo","level3":"alto","level4":"bajo","generated_at":"2025-10-04T15:40:33Z","inserted_at":"2025-10-04T15:40:33Z","ts":"2025-10-04T15:40:29Z"}
{"_id":{"$oid":"68e1416b44962f2ad0b9842c"},"start_ts":"2025-10-04T15:40:39Z","end_ts":"2025-10-04T15:46:49Z","count":38,"temp_air":21.007894736842104,"hum_air":63.410526315789475,"distance_cm":29.8,"level1":"alto","level2":"bajo","level3":"alto","level4":"bajo","generated_at":"2025-10-04T15:46:51Z","inserted_at":"2025-10-04T15:46:51Z"}
{"_id":{"$oid":"68e14249c14968ee5a930434"},"start_ts":"2025-10-04T15:47:00Z","end_ts":"2025-10-04T15:50:30Z","count":22,"temp_air":21.304545454545455,"hum_air":63.05909090909091,"distance_cm":29.8,"level1":"alto","level2":"bajo","level3":"alto","level4":"bajo","generated_at":"2025-10-04T15:50:33Z","inserted_at":"2025-10-04T15:50:33Z","ts":"2025-10-04T15:50:30Z"}
{"_id":{"$oid":"68e143c344962f2ad0b9842d"},"start_ts":"2025-10-04T15:50:40Z","end_ts":"2025-10-04T15:56:50Z","count":38,"temp_air":21.518421052631577,"hum_air":61.502631578947366,"distance_cm":29.79736842105263,"level1":"alto","level2":"bajo","level3":"alto","level4":"bajo","generated_at":"2025-10-04T15:56:51Z","inserted_at":"2025-10-04T15:56:51Z"}
{"_id":{"$oid":"68e144a1c14968ee5a930435"},"start_ts":"2025-10-04T15:57:00Z","end_ts":"2025-10-04T16:00:30Z","count":22,"temp_air":21.877272727272725,"hum_air":61.43181818181818,"distance_cm":29.740909090909092,"level1":"alto","level2":"bajo","level3":"alto","level4":"bajo","generated_at":"2025-10-04T16:00:33Z","inserted_at":"2025-10-04T16:00:33Z","ts":"2025-10-04T16:00:30Z"}
{"_id":{"$oid":"68e1461b44962f2ad0b9842e"},"start_ts":"2025-10-04T16:00:40Z","end_ts":"2025-10-04T16:06:41Z","count":37,"temp_air":22.094594594594597,"hum_air":61.18648648648649,"distance_cm":29.7,"level1":"alto","level2":"bajo","level3":"alto","level4":"bajo","generated_at":"2025-10-04T16:06:51Z","inserted_at":"2025-10-04T16:06:51Z"}
{"_id":{"$oid":"68e146f9c14968ee5a930436"},"start_ts":"2025-10-04T16:06:51Z","end_ts":"2025-10-04T16:10:31Z","count":23,"temp_air":21.921739130434784,"hum_air":61.13913043478261,"distance_cm":29.7,"level1":"alto","level2":"bajo","level3":"alto","level4":"bajo","generated_at":"2025-10-04T16:10:33Z","inserted_at":"2025-10-04T16:10:33Z","ts":"2025-10-04T16:10:31Z"}
{"_id":{"$oid":"68e1487344962f2ad0b9842f"},"start_ts":"2025-10-04T16:10:41Z","end_ts":"2025-10-04T16:16:41Z","count":37,"temp_air":21.7,"hum_air":62.22702702702703,"distance_cm":29.7,"level1":"alto","level2":"bajo","level3":"alto","level4":"bajo","generated_at":"2025-10-04T16:16:51Z","inserted_at":"2025-10-04T16:16:51Z"}
{"_id":{"$oid":"68e14952c14968ee5a930437"},"start_ts":"2025-10-04T16:16:51Z","end_ts":"2025-10-04T16:20:32Z","count":23,"temp_air":21.452173913043477,"hum_air":62.98695652173913,"distance_cm":29.621739130434783,"level1":"alto","level2":"bajo","level3":"alto","level4":"bajo","generated_at":"2025-10-04T16:20:34Z","inserted_at":"2025-10-04T16:20:34Z","ts":"2025-10-04T16:20:32Z"}
{"_id":{"$oid":"68e14acb44962f2ad0b98430"},"start_ts":"2025-10-04T16:20:41Z","end_ts":"2025-10-04T16:26:42Z","count":37,"temp_air":21.235135135135135,"hum_air":63.4,"distance_cm":29.6,"level1":"alto","level2":"bajo","level3":"alto","level4":"bajo","generated_at":"2025-10-04T16:26:51Z","inserted_at":"2025-10-04T16:26:51Z"}
{"_id":{"$oid":"68e14baac14968ee5a930438"},"start_ts":"2025-10-04T16:26:52Z","end_ts":"2025-10-04T16:30:33Z","count":23,"temp_air":21.213043478260868,"hum_air":62.93478260869565,"distance_cm":29.6,"level1":"alto","level2":"bajo","level3":"alto","level4":"bajo","generated_at":"2025-10-04T16:30:34Z","inserted_at":"2025-10-04T16:30:34Z","ts":"2025-10-04T16:30:33Z"}
{"_id":{"$oid":"68e14d2344962f2ad0b98431"},"start_ts":"2025-10-04T16:30:43Z","end_ts":"2025-10-04T16:36:43Z","count":37,"temp_air":21.2027027027027,"hum_air":62.556756756756755,"distance_cm":29.621621621621625,"level1":"alto","level2":"bajo","level3":"alto","level4":"bajo","generated_at":"2025-10-04T16:36:51Z","inserted_at":"2025-10-04T16:36:51Z"}
{"_id":{"$oid":"68e14e02c14968ee5a930439"},"start_ts":"2025-10-04T16:36:53Z","end_ts":"2025-10-04T16:40:33Z","count":23,"temp_air":21.026086956521738,"hum_air":60.4,"distance_cm":30.182608695652174,"level1":"alto","level2":"bajo","level3":"alto","level4":"bajo","generated_at":"2025-10-04T16:40:34Z","inserted_at":"2025-10-04T16:40:34Z","ts":"2025-10-04T16:40:33Z"}
{"_id":{"$oid":"68e14f7b44962f2ad0b98432"},"start_ts":"2025-10-04T16:40:44Z","end_ts":"2025-10-04T16:46:43Z","count":37,"temp_air":21.84864864864865,"hum_air":59.043243243243246,"distance_cm":30.05675675675676,"level1":"alto","level2":"bajo","level3":"alto","level4":"bajo","generated_at":"2025-10-04T16:46:51Z","inserted_at":"2025-10-04T16:46:51Z"}
{"_id":{"$oid":"68e1505ac14968ee5a93043a"},"start_ts":"2025-10-04T16:46:53Z","end_ts":"2025-10-04T16:50:33Z","count":23,"temp_air":22.765217391304347,"hum_air":58.2,"distance_cm":29.682608695652174,"level1":"alto","level2":"bajo","level3":"alto","level4":"bajo","generated_at":"2025-10-04T16:50:34Z","inserted_at":"2025-10-04T16:50:34Z","ts":"2025-10-04T16:50:33Z"}
{"_id":{"$oid":"68e151d344962f2ad0b98433"},"start_ts":"2025-10-04T16:50:43Z","end_ts":"2025-10-04T16:56:44Z","count":37,"temp_air":24.491891891891893,"hum_air":55.85405405405405,"distance_cm":29.52972972972973,"level1":"alto","level2":"bajo","level3":"alto","level4":"bajo","generated_at":"2025-10-04T16:56:51Z","inserted_at":"2025-10-04T16:56:51Z"}
{"_id":{"$oid":"68e152b2c14968ee5a93043b"},"start_ts":"2025-10-04T16:56:54Z","end_ts":"2025-10-04T17:00:24Z","count":22,"temp_air":26.131818181818183,"hum_air":52.71363636363636,"distance_cm":29.5,"level1":"alto","level2":"bajo","level3":"alto","level4":"bajo","generated_at":"2025-10-04T17:00:34Z","inserted_at":"2025-10-04T17:00:34Z","ts":"2025-10-04T17:00:24Z"}
{"_id":{"$oid":"68e1542b44962f2ad0b98434"},"start_ts":"2025-10-04T17:00:34Z","end_ts":"2025-10-04T17:06:44Z","count":38,"temp_air":26.763157894736842,"hum_air":52.56315789473684,"distance_cm":29.455263157894738,"level1":"alto","level2":"bajo","level3":"alto","level4":"bajo","generated_at":"2025-10-04T17:06:51Z","inserted_at":"2025-10-04T17:06:51Z"}
{"_id":{"$oid":"68e1550ac14968ee5a93043c"},"start_ts":"2025-10-04T17:06:54Z","end_ts":"2025-10-04T17:10:25Z","count":22,"temp_air":27.95909090909091,"hum_air":51.54545454545455,"distance_cm":29.4,"level1":"alto","level2":"bajo","level3":"alto","level4":"bajo","generated_at":"2025-10-04T17:10:34Z","inserted_at":"2025-10-04T17:10:34Z","ts":"2025-10-04T17:10:25Z"}
{"_id":{"$oid":"68e1568344962f2ad0b98435"},"start_ts":"2025-10-04T17:10:34Z","end_ts":"2025-10-04T17:16:45Z","count":38,"temp_air":28.66578947368421,"hum_air":50.126315789473686,"distance_cm":29.4,"level1":"alto","level2":"bajo","level3":"alto","level4":"bajo","generated_at":"2025-10-04T17:16:51Z","inserted_at":"2025-10-04T17:16:51Z"}
{"_id":{"$oid":"68e15762c14968ee5a93043d"},"start_ts":"2025-10-04T17:16:55Z","end_ts":"2025-10-04T17:20:25Z","count":22,"temp_air":29.886363636363637,"hum_air":50.21818181818182,"distance_cm":29.4,"level1":"alto","level2":"bajo","level3":"alto","level4":"bajo","generated_at":"2025-10-04T17:20:34Z","inserted_at":"2025-10-04T17:20:34Z","ts":"2025-10-04T17:20:25Z"}
{"_id":{"$oid":"68e158db44962f2ad0b98436"},"start_ts":"2025-10-04T17:20:35Z","end_ts":"2025-10-04T17:26:45Z","count":38,"temp_air":29.394736842105264,"hum_air":48.6,"distance_cm":29.392105263157895,"level1":"alto","level2":"bajo","level3":"alto","level4":"bajo","generated_at":"2025-10-04T17:26:51Z","inserted_at":"2025-10-04T17:26:51Z"}
{"_id":{"$oid":"68e159bac14968ee5a93043e"},"start_ts":"2025-10-04T17:26:55Z","end_ts":"2025-10-04T17:30:26Z","count":22,"temp_air":27.563636363636363,"hum_air":49.445454545454545,"distance_cm":29.4,"level1":"alto","level2":"bajo","level3":"alto","level4":"bajo","generated_at":"2025-10-04T17:30:34Z","inserted_at":"2025-10-04T17:30:34Z","ts":"2025-10-04T17:30:26Z"}
{"_id":{"$oid":"68e15b3344962f2ad0b98437"},"start_ts":"2025-10-04T17:30:36Z","end_ts":"2025-10-04T17:36:46Z","count":38,"temp_air":25.71315789473684,"hum_air":52.09736842105263,"distance_cm":29.4,"level1":"alto","level2":"bajo","level3":"alto","level4":"bajo","generated_at":"2025-10-04T17:36:51Z","inserted_at":"2025-10-04T17:36:51Z"}
{"_id":{"$oid":"68e15c12c14968ee5a93043f"},"start_ts":"2025-10-04T17:36:57Z","end_ts":"2025-10-04T17:40:26Z","count":23,"temp_air":25.034782608695654,"hum_air":54.13478260869565,"distance_cm":29.4,"level1":"alto","level2":"bajo","level3":"alto","level4":"bajo","generated_at":"2025-10-04T17:40:34Z","inserted_at":"2025-10-04T17:40:34Z","ts":"2025-10-04T17:40:26Z"}
{"_id":{"$oid":"68e15d8b44962f2ad0b98438"},"start_ts":"2025-10-04T17:40:36Z","end_ts":"2025-10-04T17:46:46Z","count":38,"temp_air":26.097368421052632,"hum_air":54.00526315789474,"distance_cm":29.378947368421052,"level1":"alto","level2":"bajo","level3":"alto","level4":"bajo","generated_at":"2025-10-04T17:46:51Z","inserted_at":"2025-10-04T17:46:51Z"}
{"_id":{"$oid":"68e15e6ac14968ee5a930440"},"start_ts":"2025-10-04T17:46:57Z","end_ts":"2025-10-04T17:50:29Z","count":23,"temp_air":27.07391304347826,"hum_air":52.64782608695652,"distance_cm":29.3,"level1":"alto","level2":"bajo","level3":"alto","level4":"bajo","generated_at":"2025-10-04T17:50:34Z","inserted_at":"2025-10-04T17:50:34Z","ts":"2025-10-04T17:50:29Z"}
{"_id":{"$oid":"68e15fe344962f2ad0b98439"},"start_ts":"2025-10-04T17:50:38Z","end_ts":"2025-10-04T17:56:47Z","count":39,"temp_air":26.553846153846155,"hum_air":52.45897435897436,"distance_cm":29.3,"level1":"alto","level2":"bajo","level3":"alto","level4":"bajo","generated_at":"2025-10-04T17:56:51Z","inserted_at":"2025-10-04T17:56:51Z"}
{"_id":{"$oid":"68e160c2c14968ee5a930441"},"start_ts":"2025-10-04T17:56:58Z","end_ts":"2025-10-04T18:00:29Z","count":22,"temp_air":25.79090909090909,"hum_air":52.15909090909091,"distance_cm":29.3,"level1":"alto","level2":"bajo","level3":"alto","level4":"bajo","generated_at":"2025-10-04T18:00:34Z","inserted_at":"2025-10-04T18:00:34Z","ts":"2025-10-04T18:00:29Z"}
{"_id":{"$oid":"68e1623b44962f2ad0b9843a"},"start_ts":"2025-10-04T18:00:39Z","end_ts":"2025-10-04T18:06:49Z","count":39,"temp_air":25.574358974358976,"hum_air":52.707692307692305,"distance_cm":29.787179487179486,"level1":"alto","level2":"bajo","level3":"alto","level4":"bajo","generated_at":"2025-10-04T18:06:51Z","inserted_at":"2025-10-04T18:06:51Z"}
{"_id":{"$oid":"68e1631ac14968ee5a930442"},"start_ts":"2025-10-04T18:06:58Z","end_ts":"2025-10-04T18:10:29Z","count":22,"temp_air":25.095454545454544,"hum_air":54.518181818181816,"distance_cm":29.87727272727273,"level1":"alto","level2":"bajo","level3":"alto","level4":"bajo","generated_at":"2025-10-04T18:10:34Z","inserted_at":"2025-10-04T18:10:34Z","ts":"2025-10-04T18:10:29Z"}
{"_id":{"$oid":"68e1649344962f2ad0b9843b"},"start_ts":"2025-10-04T18:10:39Z","end_ts":"2025-10-04T18:16:49Z","count":43,"temp_air":24.802325581395348,"hum_air":55.76046511627907,"distance_cm":29.43720930232558,"level1":"alto","level2":"bajo","level3":"alto","level4":"bajo","generated_at":"2025-10-04T18:16:51Z","inserted_at":"2025-10-04T18:16:51Z"}
{"_id":{"$oid":"68e16572c14968ee5a930443"},"start_ts":"2025-10-04T18:17:00Z","end_ts":"2025-10-04T18:20:29Z","count":22,"temp_air":25.10909090909091,"hum_air":56.55909090909091,"distance_cm":29.3,"level1":"alto","level2":"bajo","level3":"alto","level4":"bajo","generated_at":"2025-10-04T18:20:34Z","inserted_at":"2025-10-04T18:20:34Z","ts":"2025-10-04T18:20:29Z"}
{"_id":{"$oid":"68e166eb44962f2ad0b9843c"},"start_ts":"2025-10-04T18:20:39Z","end_ts":"2025-10-04T18:26:49Z","count":38,"temp_air":24.70263157894737,"hum_air":56.66842105263158,"distance_cm":29.3,"level1":"alto","level2":"bajo","level3":"alto","level4":"bajo","generated_at":"2025-10-04T18:26:51Z","inserted_at":"2025-10-04T18:26:51Z"}
{"_id":{"$oid":"68e167cac14968ee5a930444"},"start_ts":"2025-10-04T18:26:59Z","end_ts":"2025-10-04T18:30:29Z","count":22,"temp_air":24.036363636363635,"hum_air":57.28636363636364,"distance_cm":29.3,"level1":"alto","level2":"bajo","level3":"alto","level4":"bajo","generated_at":"2025-10-04T18:30:34Z","inserted_at":"2025-10-04T18:30:34Z","ts":"2025-10-04T18:30:29Z"}
{"_id":{"$oid":"68e1694344962f2ad0b9843d"},"start_ts":"2025-10-04T18:30:39Z","end_ts":"2025-10-04T18:36:49Z","count":38,"temp_air":24.123684210526317,"hum_air":57.13421052631579,"distance_cm":29.260526315789473,"level1":"alto","level2":"bajo","level3":"alto","level4":"bajo","generated_at":"2025-10-04T18:36:51Z","inserted_at":"2025-10-04T18:36:51Z"}
{"_id":{"$oid":"68e16a22c14968ee5a930445"},"start_ts":"2025-10-04T18:37:00Z","end_ts":"2025-10-04T18:40:30Z","count":22,"temp_air":24.027272727272727,"hum_air":56.42727272727273,"distance_cm":29.2,"level1":"alto","level2":"bajo","level3":"alto","level4":"bajo","generated_at":"2025-10-04T18:40:34Z","inserted_at":"2025-10-04T18:40:34Z","ts":"2025-10-04T18:40:30Z"}
{"_id":{"$oid":"68e16b9b44962f2ad0b9843e"},"start_ts":"2025-10-04T18:40:40Z","end_ts":"2025-10-04T18:46:50Z","count":38,"temp_air":24.48421052631579,"hum_air":56.955263157894734,"distance_cm":29.2,"level1":"alto","level2":"bajo","level3":"alto","level4":"bajo","generated_at":"2025-10-04T18:46:51Z","inserted_at":"2025-10-04T18:46:51Z"}
{"_id":{"$oid":"68e16c7ac14968ee5a930446"},"start_ts":"2025-10-04T18:47:00Z","end_ts":"2025-10-04T18:50:30Z","count":22,"temp_air":25.504545454545454,"hum_air":55.79090909090909,"distance_cm":29.2,"level1":"alto","level2":"bajo","level3":"alto","level4":"bajo","generated_at":"2025-10-04T18:50:34Z","inserted_at":"2025-10-04T18:50:34Z","ts":"2025-10-04T18:50:30Z"}
{"_id":{"$oid":"68e16df344962f2ad0b9843f"},"start_ts":"2025-10-04T18:50:40Z","end_ts":"2025-10-04T18:56:50Z","count":38,"temp_air":26.08157894736842,"hum_air":54.83684210526316,"distance_cm":29.126315789473686,"level1":"alto","level2":"bajo","level3":"alto","level4":"bajo","generated_at":"2025-10-04T18:56:51Z","inserted_at":"2025-10-04T18:56:51Z"}
{"_id":{"$oid":"68e16ed2c14968ee5a930447"},"start_ts":"2025-10-04T18:57:00Z","end_ts":"2025-10-04T19:00:31Z","count":22,"temp_air":25.163636363636364,"hum_air":54.00454545454546,"distance_cm":29.14090909090909,"level1":"alto","level2":"bajo","level3":"alto","level4":"bajo","generated_at":"2025-10-04T19:00:34Z","inserted_at":"2025-10-04T19:00:34Z","ts":"2025-10-04T19:00:31Z"}
{"_id":{"$oid":"68e1704b44962f2ad0b98440"},"start_ts":"2025-10-04T19:00:41Z","end_ts":"2025-10-04T19:06:51Z","count":38,"temp_air":24.194736842105264,"hum_air":57.26842105263158,"distance_cm":29.2,"level1":"alto","level2":"bajo","level3":"alto","level4":"bajo","generated_at":"2025-10-04T19:06:51Z","inserted_at":"2025-10-04T19:06:51Z"}
{"_id":{"$oid":"68e1712ac14968ee5a930448"},"start_ts":"2025-10-04T19:07:01Z","end_ts":"2025-10-04T19:10:31Z","count":22,"temp_air":23.572727272727274,"hum_air":58.418181818181814,"distance_cm":29.2,"level1":"alto","level2":"bajo","level3":"alto","level4":"bajo","generated_at":"2025-10-04T19:10:34Z","inserted_at":"2025-10-04T19:10:34Z","ts":"2025-10-04T19:10:31Z"}
{"_id":{"$oid":"68e172a444962f2ad0b98441"},"start_ts":"2025-10-04T19:10:41Z","end_ts":"2025-10-04T19:16:42Z","count":37,"temp_air":23.327027027027025,"hum_air":58.45135135135135,"distance_cm":29.705405405405404,"level1":"alto","level2":"bajo","level3":"alto","level4":"bajo","generated_at":"2025-10-04T19:16:52Z","inserted_at":"2025-10-04T19:16:52Z"}
{"_id":{"$oid":"68e17382c14968ee5a930449"},"start_ts":"2025-10-04T19:16:52Z","end_ts":"2025-10-04T19:20:32Z","count":23,"temp_air":24.295652173913044,"hum_air":58.278260869565216,"distance_cm":29.63913043478261,"level1":"alto","level2":"bajo","level3":"alto","level4":"bajo","generated_at":"2025-10-04T19:20:34Z","inserted_at":"2025-10-04T19:20:34Z","ts":"2025-10-04T19:20:32Z"}
{"_id":{"$oid":"68e174fc44962f2ad0b98442"},"start_ts":"2025-10-04T19:20:42Z","end_ts":"2025-10-04T19:26:43Z","count":37,"temp_air":24.813513513513513,"hum_air":57.35405405405405,"distance_cm":29.175675675675677,"level1":"alto","level2":"bajo","level3":"alto","level4":"bajo","generated_at":"2025-10-04T19:26:52Z","inserted_at":"2025-10-04T19:26:52Z"}
{"_id":{"$oid":"68e175dac14968ee5a93044a"},"start_ts":"2025-10-04T19:26:53Z","end_ts":"2025-10-04T19:30:33Z","count":23,"temp_air":24.73913043478261,"hum_air":57.16086956521739,"distance_cm":29.160869565217393,"level1":"alto","level2":"bajo","level3":"alto","level4":"bajo","generated_at":"2025-10-04T19:30:34Z","inserted_at":"2025-10-04T19:30:34Z","ts":"2025-10-04T19:30:33Z"}
{"_id":{"$oid":"68e1775444962f2ad0b98443"},"start_ts":"2025-10-04T19:30:44Z","end_ts":"2025-10-04T19:36:43Z","count":37,"temp_air":25.775675675675675,"hum_air":56.678378378378376,"distance_cm":29.183783783783785,"level1":"alto","level2":"bajo","level3":"alto","level4":"bajo","generated_at":"2025-10-04T19:36:52Z","inserted_at":"2025-10-04T19:36:52Z"}
{"_id":{"$oid":"68e17832c14968ee5a93044b"},"start_ts":"2025-10-04T19:36:53Z","end_ts":"2025-10-04T19:40:34Z","count":23,"temp_air":26.178260869565218,"hum_air":55.02608695652174,"distance_cm":29.108695652173914,"level1":"alto","level2":"bajo","level3":"alto","level4":"bajo","generated_at":"2025-10-04T19:40:34Z","inserted_at":"2025-10-04T19:40:34Z","ts":"2025-10-04T19:40:34Z"}
{"_id":{"$oid":"68e179ac44962f2ad0b98444"},"start_ts":"2025-10-04T19:40:45Z","end_ts":"2025-10-04T19:46:44Z","count":37,"temp_air":25.8,"hum_air":56.01891891891892,"distance_cm":29.13783783783784,"level1":"alto","level2":"bajo","level3":"alto","level4":"bajo","generated_at":"2025-10-04T19:46:52Z","inserted_at":"2025-10-04T19:46:52Z"}
{"_id":{"$oid":"68e17a8ac14968ee5a93044c"},"start_ts":"2025-10-04T19:46:53Z","end_ts":"2025-10-04T19:50:34Z","count":23,"temp_air":25.143478260869564,"hum_air":55.82608695652174,"distance_cm":29.130434782608695,"level1":"alto","level2":"bajo","level3":"alto","level4":"bajo","generated_at":"2025-10-04T19:50:34Z","inserted_at":"2025-10-04T19:50:34Z","ts":"2025-10-04T19:50:34Z"}
{"_id":{"$oid":"68e17c0444962f2ad0b98445"},"start_ts":"2025-10-04T19:50:44Z","end_ts":"2025-10-04T19:56:44Z","count":37,"temp_air":23.95945945945946,"hum_air":57.53243243243243,"distance_cm":29.191891891891892,"level1":"alto","level2":"bajo","level3":"alto","level4":"bajo","generated_at":"2025-10-04T19:56:52Z","inserted_at":"2025-10-04T19:56:52Z"}
{"_id":{"$oid":"68e17ce2c14968ee5a93044d"},"start_ts":"2025-10-04T19:56:55Z","end_ts":"2025-10-04T20:00:25Z","count":22,"temp_air":23.20909090909091,"hum_air":59.10454545454545,"distance_cm":29.2,"level1":"alto","level2":"bajo","level3":"alto","level4":"bajo","generated_at":"2025-10-04T20:00:34Z","inserted_at":"2025-10-04T20:00:34Z","ts":"2025-10-04T20:00:25Z"}
{"_id":{"$oid":"68e17e5c44962f2ad0b98446"},"start_ts":"2025-10-04T20:00:34Z","end_ts":"2025-10-04T20:06:45Z","count":38,"temp_air":23.23421052631579,"hum_air":60.339473684210525,"distance_cm":29.2,"level1":"alto","level2":"bajo","level3":"alto","level4":"bajo","generated_at":"2025-10-04T20:06:52Z","inserted_at":"2025-10-04T20:06:52Z"}
{"_id":{"$oid":"68e17f3ac14968ee5a93044e"},"start_ts":"2025-10-04T20:06:55Z","end_ts":"2025-10-04T20:10:25Z","count":22,"temp_air":23.063636363636363,"hum_air":60.79545454545455,"distance_cm":29.19090909090909,"level1":"alto","level2":"bajo","level3":"alto","level4":"bajo","generated_at":"2025-10-04T20:10:34Z","inserted_at":"2025-10-04T20:10:34Z","ts":"2025-10-04T20:10:25Z"}
{"_id":{"$oid":"68e180b444962f2ad0b98447"},"start_ts":"2025-10-04T20:10:35Z","end_ts":"2025-10-04T20:16:45Z","count":38,"temp_air":22.95263157894737,"hum_air":60.86578947368421,"distance_cm":29.107894736842105,"level1":"alto","level2":"bajo","level3":"alto","level4":"bajo","generated_at":"2025-10-04T20:16:52Z","inserted_at":"2025-10-04T20:16:52Z"}
{"_id":{"$oid":"68e18192c14968ee5a93044f"},"start_ts":"2025-10-04T20:16:55Z","end_ts":"2025-10-04T20:20:25Z","count":22,"temp_air":23.53181818181818,"hum_air":59.95454545454545,"distance_cm":29.063636363636366,"level1":"alto","level2":"bajo","level3":"alto","level4":"bajo","generated_at":"2025-10-04T20:20:34Z","inserted_at":"2025-10-04T20:20:34Z","ts":"2025-10-04T20:20:25Z"}
{"_id":{"$oid":"68e1830c44962f2ad0b98448"},"start_ts":"2025-10-04T20:20:35Z","end_ts":"2025-10-04T20:26:46Z","count":38,"temp_air":23.889473684210525,"hum_air":58.507894736842104,"distance_cm":29.58684210526316,"level1":"alto","level2":"bajo","level3":"alto","level4":"bajo","generated_at":"2025-10-04T20:26:52Z","inserted_at":"2025-10-04T20:26:52Z"}
{"_id":{"$oid":"68e183eac14968ee5a930450"},"start_ts":"2025-10-04T20:26:56Z","end_ts":"2025-10-04T20:30:27Z","count":22,"temp_air":24.213636363636365,"hum_air":57.79090909090909,"distance_cm":29.509090909090908,"level1":"alto","level2":"bajo","level3":"alto","level4":"bajo","generated_at":"2025-10-04T20:30:34Z","inserted_at":"2025-10-04T20:30:34Z","ts":"2025-10-04T20:30:27Z"}
{"_id":{"$oid":"68e1856444962f2ad0b98449"},"start_ts":"2025-10-04T20:30:36Z","end_ts":"2025-10-04T20:36:47Z","count":38,"temp_air":24.852631578947367,"hum_air":57.0921052631579,"distance_cm":29.189473684210526,"level1":"alto","level2":"bajo","level3":"alto","level4":"bajo","generated_at":"2025-10-04T20:36:52Z","inserted_at":"2025-10-04T20:36:52Z"}
{"_id":{"$oid":"68e18642c14968ee5a930451"},"start_ts":"2025-10-04T20:36:56Z","end_ts":"2025-10-04T20:40:27Z","count":22,"temp_air":24.913636363636364,"hum_air":56.75909090909091,"distance_cm":29.040909090909093,"level1":"alto","level2":"bajo","level3":"alto","level4":"bajo","generated_at":"2025-10-04T20:40:34Z","inserted_at":"2025-10-04T20:40:34Z","ts":"2025-10-04T20:40:27Z"}
{"_id":{"$oid":"68e187bc44962f2ad0b9844a"},"start_ts":"2025-10-04T20:40:37Z","end_ts":"2025-10-04T20:46:47Z","count":38,"temp_air":24.805263157894736,"hum_air":56.48947368421052,"distance_cm":29.071052631578947,"level1":"alto","level2":"bajo","level3":"alto","level4":"bajo","generated_at":"2025-10-04T20:46:52Z","inserted_at":"2025-10-04T20:46:52Z"}
{"_id":{"$oid":"68e1889ac14968ee5a930452"},"start_ts":"2025-10-04T20:46:57Z","end_ts":"2025-10-04T20:50:27Z","count":22,"temp_air":24.44090909090909,"hum_air":57.11363636363636,"distance_cm":29.1,"level1":"alto","level2":"bajo","level3":"alto","level4":"bajo","generated_at":"2025-10-04T20:50:34Z","inserted_at":"2025-10-04T20:50:34Z","ts":"2025-10-04T20:50:27Z"}
{"_id":{"$oid":"68e18a1444962f2ad0b9844b"},"start_ts":"2025-10-04T20:50:37Z","end_ts":"2025-10-04T20:56:48Z","count":38,"temp_air":24.373684210526317,"hum_air":57.1,"distance_cm":29.1,"level1":"alto","level2":"bajo","level3":"alto","level4":"bajo","generated_at":"2025-10-04T20:56:52Z","inserted_at":"2025-10-04T20:56:52Z"}
{"_id":{"$oid":"68e18af3c14968ee5a930453"},"start_ts":"2025-10-04T20:56:59Z","end_ts":"2025-10-04T21:00:28Z","count":22,"temp_air":24.87272727272727,"hum_air":56.52727272727273,"distance_cm":29.03181818181818,"level1":"alto","level2":"bajo","level3":"alto","level4":"bajo","generated_at":"2025-10-04T21:00:35Z","inserted_at":"2025-10-04T21:00:35Z","ts":"2025-10-04T21:00:28Z"}
{"_id":{"$oid":"68e18c6c44962f2ad0b9844c"},"start_ts":"2025-10-04T21:00:38Z","end_ts":"2025-10-04T21:06:48Z","count":38,"temp_air":24.7,"hum_air":56.16842105263158,"distance_cm":29.0,"level1":"alto","level2":"bajo","level3":"alto","level4":"bajo","generated_at":"2025-10-04T21:06:52Z","inserted_at":"2025-10-04T21:06:52Z"}
{"_id":{"$oid":"68e18d4bc14968ee5a930454"},"start_ts":"2025-10-04T21:06:58Z","end_ts":"2025-10-04T21:10:29Z","count":22,"temp_air":24.045454545454547,"hum_air":56.122727272727275,"distance_cm":29.040909090909093,"level1":"alto","level2":"bajo","level3":"alto","level4":"bajo","generated_at":"2025-10-04T21:10:35Z","inserted_at":"2025-10-04T21:10:35Z","ts":"2025-10-04T21:10:29Z"}
{"_id":{"$oid":"68e18ec444962f2ad0b9844d"},"start_ts":"2025-10-04T21:10:39Z","end_ts":"2025-10-04T21:16:40Z","count":39,"temp_air":23.433333333333334,"hum_air":57.83589743589744,"distance_cm":29.07948717948718,"level1":"alto","level2":"bajo","level3":"alto","level4":"bajo","generated_at":"2025-10-04T21:16:52Z","inserted_at":"2025-10-04T21:16:52Z"}
{"_id":{"$oid":"68e18fa3c14968ee5a930455"},"start_ts":"2025-10-04T21:16:53Z","end_ts":"2025-10-04T21:20:28Z","count":29,"temp_air":23.075862068965517,"hum_air":57.5551724137931,"distance_cm":29.1,"level1":"alto","level2":"bajo","level3":"alto","level4":"bajo","generated_at":"2025-10-04T21:20:35Z","inserted_at":"2025-10-04T21:20:35Z","ts":"2025-10-04T21:20:28Z"}
{"_id":{"$oid":"68e1911c44962f2ad0b9844e"},"start_ts":"2025-10-04T21:20:39Z","end_ts":"2025-10-04T21:26:52Z","count":43,"temp_air":22.506976744186048,"hum_air":59.51860465116279,"distance_cm":29.1,"level1":"alto","level2":"bajo","level3":"alto","level4":"bajo","generated_at":"2025-10-04T21:26:52Z","inserted_at":"2025-10-04T21:26:52Z"}
{"_id":{"$oid":"68e191fbc14968ee5a930456"},"start_ts":"2025-10-04T21:26:59Z","end_ts":"2025-10-04T21:30:30Z","count":23,"temp_air":22.017391304347825,"hum_air":58.85217391304348,"distance_cm":29.1,"level1":"alto","level2":"bajo","level3":"alto","level4":"bajo","generated_at":"2025-10-04T21:30:35Z","inserted_at":"2025-10-04T21:30:35Z","ts":"2025-10-04T21:30:30Z"}
{"_id":{"$oid":"68e1937444962f2ad0b9844f"},"start_ts":"2025-10-04T21:30:40Z","end_ts":"2025-10-04T21:36:51Z","count":38,"temp_air":22.157894736842106,"hum_air":58.63947368421053,"distance_cm":29.128947368421056,"level1":"alto","level2":"bajo","level3":"alto","level4":"bajo","generated_at":"2025-10-04T21:36:52Z","inserted_at":"2025-10-04T21:36:52Z"}
{"_id":{"$oid":"68e19453c14968ee5a930457"},"start_ts":"2025-10-04T21:37:01Z","end_ts":"2025-10-04T21:40:30Z","count":22,"temp_air":22.713636363636365,"hum_air":57.65909090909091,"distance_cm":29.81818181818182,"level1":"alto","level2":"bajo","level3":"alto","level4":"bajo","generated_at":"2025-10-04T21:40:35Z","inserted_at":"2025-10-04T21:40:35Z","ts":"2025-10-04T21:40:30Z"}
{"_id":{"$oid":"68e195cc44962f2ad0b98450"},"start_ts":"2025-10-04T21:40:41Z","end_ts":"2025-10-04T21:46:51Z","count":38,"temp_air":22.99736842105263,"hum_air":59.4,"distance_cm":29.563157894736843,"level1":"alto","level2":"bajo","level3":"alto","level4":"bajo","generated_at":"2025-10-04T21:46:52Z","inserted_at":"2025-10-04T21:46:52Z"}
{"_id":{"$oid":"68e196abc14968ee5a930458"},"start_ts":"2025-10-04T21:47:01Z","end_ts":"2025-10-04T21:50:32Z","count":24,"temp_air":22.9375,"hum_air":59.858333333333334,"distance_cm":29.0375,"level1":"alto","level2":"bajo","level3":"alto","level4":"bajo","generated_at":"2025-10-04T21:50:35Z","inserted_at":"2025-10-04T21:50:35Z","ts":"2025-10-04T21:50:32Z"}
{"_id":{"$oid":"68e1982444962f2ad0b98451"},"start_ts":"2025-10-04T21:50:41Z","end_ts":"2025-10-04T21:56:51Z","count":41,"temp_air":22.790243902439023,"hum_air":59.9,"distance_cm":29.041463414634148,"level1":"alto","level2":"bajo","level3":"alto","level4":"bajo","generated_at":"2025-10-04T21:56:52Z","inserted_at":"2025-10-04T21:56:52Z"}
{"_id":{"$oid":"68e19903c14968ee5a930459"},"start_ts":"2025-10-04T21:57:01Z","end_ts":"2025-10-04T22:00:32Z","count":23,"temp_air":23.05217391304348,"hum_air":59.11739130434783,"distance_cm":29.065217391304348,"level1":"alto","level2":"bajo","level3":"alto","level4":"bajo","generated_at":"2025-10-04T22:00:35Z","inserted_at":"2025-10-04T22:00:35Z","ts":"2025-10-04T22:00:32Z"}
{"_id":{"$oid":"68e19a7c44962f2ad0b98452"},"start_ts":"2025-10-04T22:00:42Z","end_ts":"2025-10-04T22:06:52Z","count":39,"temp_air":23.382051282051282,"hum_air":57.83076923076923,"distance_cm":29.0,"level1":"alto","level2":"bajo","level3":"alto","level4":"bajo","generated_at":"2025-10-04T22:06:52Z","inserted_at":"2025-10-04T22:06:52Z"}
{"_id":{"$oid":"68e19b5bc14968ee5a93045a"},"start_ts":"2025-10-04T22:07:04Z","end_ts":"2025-10-04T22:10:33Z","count":22,"temp_air":22.90909090909091,"hum_air":57.872727272727275,"distance_cm":29.0,"level1":"alto","level2":"bajo","level3":"alto","level4":"bajo","generated_at":"2025-10-04T22:10:35Z","inserted_at":"2025-10-04T22:10:35Z","ts":"2025-10-04T22:10:33Z"}
{"_id":{"$oid":"68e19cd444962f2ad0b98453"},"start_ts":"2025-10-04T22:10:42Z","end_ts":"2025-10-04T22:16:43Z","count":38,"temp_air":22.1,"hum_air":58.73157894736842,"distance_cm":29.0,"level1":"alto","level2":"bajo","level3":"alto","level4":"bajo","generated_at":"2025-10-04T22:16:52Z","inserted_at":"2025-10-04T22:16:52Z"}
{"_id":{"$oid":"68e19db3c14968ee5a93045b"},"start_ts":"2025-10-04T22:16:54Z","end_ts":"2025-10-04T22:20:33Z","count":23,"temp_air":21.27391304347826,"hum_air":60.88260869565217,"distance_cm":29.0,"level1":"alto","level2":"bajo","level3":"alto","level4":"bajo","generated_at":"2025-10-04T22:20:35Z","inserted_at":"2025-10-04T22:20:35Z","ts":"2025-10-04T22:20:33Z"}
{"_id":{"$oid":"68e19f2c44962f2ad0b98454"},"start_ts":"2025-10-04T22:20:44Z","end_ts":"2025-10-04T22:26:45Z","count":37,"temp_air":20.245945945945945,"hum_air":61.524324324324326,"distance_cm":29.054054054054056,"level1":"alto","level2":"bajo","level3":"alto","level4":"bajo","generated_at":"2025-10-04T22:26:52Z","inserted_at":"2025-10-04T22:26:52Z"}
{"_id":{"$oid":"68e1a00bc14968ee5a93045c"},"start_ts":"2025-10-04T22:26:59Z","end_ts":"2025-10-04T22:30:33Z","count":24,"temp_air":19.34166666666667,"hum_air":62.670833333333334,"distance_cm":29.1,"level1":"alto","level2":"bajo","level3":"alto","level4":"bajo","generated_at":"2025-10-04T22:30:35Z","inserted_at":"2025-10-04T22:30:35Z","ts":"2025-10-04T22:30:33Z"}
{"_id":{"$oid":"68e1a18444962f2ad0b98455"},"start_ts":"2025-10-04T22:30:43Z","end_ts":"2025-10-04T22:36:47Z","count":37,"temp_air":18.716216216216218,"hum_air":63.72702702702703,"distance_cm":29.1,"level1":"alto","level2":"bajo","level3":"alto","level4":"bajo","generated_at":"2025-10-04T22:36:52Z","inserted_at":"2025-10-04T22:36:52Z"}
{"_id":{"$oid":"68e1a263c14968ee5a93045d"},"start_ts":"2025-10-04T22:36:54Z","end_ts":"2025-10-04T22:40:35Z","count":23,"temp_air":18.26086956521739,"hum_air":65.6391304347826,"distance_cm":29.065217391304348,"level1":"alto","level2":"bajo","level3":"alto","level4":"bajo","generated_at":"2025-10-04T22:40:35Z","inserted_at":"2025-10-04T22:40:35Z","ts":"2025-10-04T22:40:35Z"}
{"_id":{"$oid":"68e1a3dc44962f2ad0b98456"},"start_ts":"2025-10-04T22:40:45Z","end_ts":"2025-10-04T22:46:46Z","count":37,"temp_air":17.778378378378378,"hum_air":65.95135135135135,"distance_cm":29.04054054054054,"level1":"alto","level2":"bajo","level3":"alto","level4":"bajo","generated_at":"2025-10-04T22:46:52Z","inserted_at":"2025-10-04T22:46:52Z"}
{"_id":{"$oid":"68e1a4bbc14968ee5a93045e"},"start_ts":"2025-10-04T22:46:55Z","end_ts":"2025-10-04T22:50:35Z","count":23,"temp_air":17.047826086956523,"hum_air":67.82173913043478,"distance_cm":29.0,"level1":"alto","level2":"bajo","level3":"alto","level4":"bajo","generated_at":"2025-10-04T22:50:35Z","inserted_at":"2025-10-04T22:50:35Z","ts":"2025-10-04T22:50:35Z"}
{"_id":{"$oid":"68e1a63444962f2ad0b98457"},"start_ts":"2025-10-04T22:50:45Z","end_ts":"2025-10-04T22:56:46Z","count":37,"temp_air":16.51081081081081,"hum_air":70.22972972972973,"distance_cm":29.0,"level1":"alto","level2":"bajo","level3":"alto","level4":"bajo","generated_at":"2025-10-04T22:56:52Z","inserted_at":"2025-10-04T22:56:52Z"}
{"_id":{"$oid":"68e1a713c14968ee5a93045f"},"start_ts":"2025-10-04T22:56:55Z","end_ts":"2025-10-04T23:00:27Z","count":22,"temp_air":16.022727272727273,"hum_air":72.17272727272727,"distance_cm":29.0,"level1":"alto","level2":"bajo","level3":"alto","level4":"bajo","generated_at":"2025-10-04T23:00:35Z","inserted_at":"2025-10-04T23:00:35Z","ts":"2025-10-04T23:00:27Z"}
{"_id":{"$oid":"68e1a88c44962f2ad0b98458"},"start_ts":"2025-10-04T23:00:37Z","end_ts":"2025-10-04T23:06:46Z","count":39,"temp_air":15.523076923076923,"hum_air":74.23076923076923,"distance_cm":29.0,"level1":"alto","level2":"bajo","level3":"alto","level4":"bajo","generated_at":"2025-10-04T23:06:52Z","inserted_at":"2025-10-04T23:06:52Z"}
{"_id":{"$oid":"68e1a96bc14968ee5a930460"},"start_ts":"2025-10-04T23:06:57Z","end_ts":"2025-10-04T23:10:26Z","count":22,"temp_air":15.031818181818181,"hum_air":76.40454545454546,"distance_cm":29.0,"level1":"alto","level2":"bajo","level3":"alto","level4":"bajo","generated_at":"2025-10-04T23:10:35Z","inserted_at":"2025-10-04T23:10:35Z","ts":"2025-10-04T23:10:26Z"}
{"_id":{"$oid":"68e1aae444962f2ad0b98459"},"start_ts":"2025-10-04T23:10:39Z","end_ts":"2025-10-04T23:16:51Z","count":38,"temp_air":14.592105263157896,"hum_air":77.84473684210526,"distance_cm":28.99736842105263,"level1":"alto","level2":"bajo","level3":"alto","level4":"bajo","generated_at":"2025-10-04T23:16:52Z","inserted_at":"2025-10-04T23:16:52Z"}
{"_id":{"$oid":"68e1abc3c14968ee5a930461"},"start_ts":"2025-10-04T23:16:56Z","end_ts":"2025-10-04T23:20:28Z","count":22,"temp_air":14.2,"hum_air":79.05,"distance_cm":29.0,"level1":"alto","level2":"bajo","level3":"alto","level4":"bajo","generated_at":"2025-10-04T23:20:35Z","inserted_at":"2025-10-04T23:20:35Z","ts":"2025-10-04T23:20:28Z"}
{"_id":{"$oid":"68e1ad3c44962f2ad0b9845a"},"start_ts":"2025-10-04T23:20:37Z","end_ts":"2025-10-04T23:26:47Z","count":39,"temp_air":13.876923076923077,"hum_air":80.08974358974359,"distance_cm":28.99230769230769,"level1":"alto","level2":"bajo","level3":"alto","level4":"bajo","generated_at":"2025-10-04T23:26:52Z","inserted_at":"2025-10-04T23:26:52Z"}
{"_id":{"$oid":"68e1ae1bc14968ee5a930462"},"start_ts":"2025-10-04T23:26:58Z","end_ts":"2025-10-04T23:30:28Z","count":22,"temp_air":13.604545454545454,"hum_air":80.80909090909091,"distance_cm":28.913636363636364,"level1":"alto","level2":"bajo","level3":"alto","level4":"bajo","generated_at":"2025-10-04T23:30:35Z","inserted_at":"2025-10-04T23:30:35Z","ts":"2025-10-04T23:30:28Z"}
{"_id":{"$oid":"68e1af9544962f2ad0b9845b"},"start_ts":"2025-10-04T23:30:37Z","end_ts":"2025-10-04T23:36:47Z","count":39,"temp_air":13.356410256410257,"hum_air":81.63333333333334,"distance_cm":28.925641025641024,"level1":"alto","level2":"bajo","level3":"alto","level4":"bajo","generated_at":"2025-10-04T23:36:53Z","inserted_at":"2025-10-04T23:36:53Z"}
{"_id":{"$oid":"68e1b073c14968ee5a930463"},"start_ts":"2025-10-04T23:36:57Z","end_ts":"2025-10-04T23:40:28Z","count":24,"temp_air":13.145833333333332,"hum_air":82.10833333333333,"distance_cm":28.912499999999998,"level1":"alto","level2":"bajo","level3":"alto","level4":"bajo","generated_at":"2025-10-04T23:40:35Z","inserted_at":"2025-10-04T23:40:35Z","ts":"2025-10-04T23:40:28Z"}
{"_id":{"$oid":"68e1b1ed44962f2ad0b9845c"},"start_ts":"2025-10-04T23:40:38Z","end_ts":"2025-10-04T23:46:49Z","count":38,"temp_air":12.98157894736842,"hum_air":82.14736842105263,"distance_cm":28.9,"level1":"alto","level2":"bajo","level3":"alto","level4":"bajo","generated_at":"2025-10-04T23:46:53Z","inserted_at":"2025-10-04T23:46:53Z"}
{"_id":{"$oid":"68e1b2cbc14968ee5a930464"},"start_ts":"2025-10-04T23:46:59Z","end_ts":"2025-10-04T23:50:30Z","count":22,"temp_air":12.795454545454545,"hum_air":82.4,"distance_cm":28.904545454545453,"level1":"alto","level2":"bajo","level3":"alto","level4":"bajo","generated_at":"2025-10-04T23:50:35Z","inserted_at":"2025-10-04T23:50:35Z","ts":"2025-10-04T23:50:30Z"}
{"_id":{"$oid":"68e1b44544962f2ad0b9845d"},"start_ts":"2025-10-04T23:50:40Z","end_ts":"2025-10-04T23:56:40Z","count":46,"temp_air":12.634782608695652,"hum_air":82.55869565217391,"distance_cm":28.95,"level1":"alto","level2":"bajo","level3":"alto","level4":"bajo","generated_at":"2025-10-04T23:56:53Z","inserted_at":"2025-10-04T23:56:53Z"}
{"_id":{"$oid":"68e1b523c14968ee5a930465"},"start_ts":"2025-10-04T23:56:53Z","end_ts":"2025-10-05T00:00:30Z","count":24,"temp_air":12.520833333333334,"hum_air":82.6125,"distance_cm":28.9,"level1":"alto","level2":"bajo","level3":"alto","level4":"bajo","generated_at":"2025-10-05T00:00:35Z","inserted_at":"2025-10-05T00:00:35Z","ts":"2025-10-05T00:00:30Z"}
{"_id":{"$oid":"68e1b69d44962f2ad0b9845e"},"start_ts":"2025-10-05T00:00:41Z","end_ts":"2025-10-05T00:06:51Z","count":44,"temp_air":12.343181818181819,"hum_air":83.05454545454545,"distance_cm":28.9,"level1":"alto","level2":"bajo","level3":"alto","level4":"bajo","generated_at":"2025-10-05T00:06:53Z","inserted_at":"2025-10-05T00:06:53Z"}
{"_id":{"$oid":"68e1b77bc14968ee5a930466"},"start_ts":"2025-10-05T00:07:00Z","end_ts":"2025-10-05T00:10:31Z","count":24,"temp_air":12.229166666666666,"hum_air":83.08749999999999,"distance_cm":28.929166666666667,"level1":"alto","level2":"bajo","level3":"alto","level4":"bajo","generated_at":"2025-10-05T00:10:35Z","inserted_at":"2025-10-05T00:10:35Z","ts":"2025-10-05T00:10:31Z"}
{"_id":{"$oid":"68e1b8f544962f2ad0b9845f"},"start_ts":"2025-10-05T00:10:41Z","end_ts":"2025-10-05T00:16:50Z","count":39,"temp_air":12.153846153846153,"hum_air":83.34358974358975,"distance_cm":28.91025641025641,"level1":"alto","level2":"bajo","level3":"alto","level4":"bajo","generated_at":"2025-10-05T00:16:53Z","inserted_at":"2025-10-05T00:16:53Z"}
{"_id":{"$oid":"68e1b9d3c14968ee5a930467"},"start_ts":"2025-10-05T00:17:00Z","end_ts":"2025-10-05T00:20:32Z","count":22,"temp_air":12.077272727272726,"hum_air":83.56363636363636,"distance_cm":28.9,"level1":"alto","level2":"bajo","level3":"alto","level4":"bajo","generated_at":"2025-10-05T00:20:35Z","inserted_at":"2025-10-05T00:20:35Z","ts":"2025-10-05T00:20:32Z"}
{"_id":{"$oid":"68e1bb4d44962f2ad0b98460"},"start_ts":"2025-10-05T00:20:43Z","end_ts":"2025-10-05T00:26:52Z","count":44,"temp_air":11.952272727272728,"hum_air":83.67954545454545,"distance_cm":28.9,"level1":"alto","level2":"bajo","level3":"alto","level4":"bajo","generated_at":"2025-10-05T00:26:53Z","inserted_at":"2025-10-05T00:26:53Z"}
{"_id":{"$oid":"68e1bc2bc14968ee5a930468"},"start_ts":"2025-10-05T00:27:02Z","end_ts":"2025-10-05T00:30:32Z","count":22,"temp_air":11.8,"hum_air":83.79545454545455,"distance_cm":28.9,"level1":"alto","level2":"bajo","level3":"alto","level4":"bajo","generated_at":"2025-10-05T00:30:35Z","inserted_at":"2025-10-05T00:30:35Z","ts":"2025-10-05T00:30:32Z"}
{"_id":{"$oid":"68e1bda544962f2ad0b98461"},"start_ts":"2025-10-05T00:30:42Z","end_ts":"2025-10-05T00:36:52Z","count":39,"temp_air":11.717948717948717,"hum_air":83.81794871794872,"distance_cm":28.9,"level1":"alto","level2":"bajo","level3":"alto","level4":"bajo","generated_at":"2025-10-05T00:36:53Z","inserted_at":"2025-10-05T00:36:53Z"}
{"_id":{"$oid":"68e1be83c14968ee5a930469"},"start_ts":"2025-10-05T00:37:03Z","end_ts":"2025-10-05T00:40:33Z","count":25,"temp_air":11.632,"hum_air":84.068,"distance_cm":28.916,"level1":"alto","level2":"bajo","level3":"alto","level4":"bajo","generated_at":"2025-10-05T00:40:35Z","inserted_at":"2025-10-05T00:40:35Z","ts":"2025-10-05T00:40:33Z"}
{"_id":{"$oid":"68e1bffd44962f2ad0b98462"},"start_ts":"2025-10-05T00:40:43Z","end_ts":"2025-10-05T00:46:48Z","count":42,"temp_air":11.554761904761905,"hum_air":84.04047619047618,"distance_cm":28.904761904761905,"level1":"alto","level2":"bajo","level3":"alto","level4":"bajo","generated_at":"2025-10-05T00:46:53Z","inserted_at":"2025-10-05T00:46:53Z"}
{"_id":{"$oid":"68e1c0dbc14968ee5a93046a"},"start_ts":"2025-10-05T00:47:17Z","end_ts":"2025-10-05T00:50:35Z","count":18,"temp_air":11.516666666666666,"hum_air":83.87222222222222,"distance_cm":28.9,"level1":"alto","level2":"bajo","level3":"alto","level4":"bajo","generated_at":"2025-10-05T00:50:35Z","inserted_at":"2025-10-05T00:50:35Z","ts":"2025-10-05T00:50:35Z"}
{"_id":{"$oid":"68e1c25544962f2ad0b98463"},"start_ts":"2025-10-05T00:50:38Z","end_ts":"2025-10-05T00:56:49Z","count":43,"temp_air":11.434883720930232,"hum_air":84.20697674418605,"distance_cm":28.911627906976744,"level1":"alto","level2":"bajo","level3":"alto","level4":"bajo","generated_at":"2025-10-05T00:56:53Z","inserted_at":"2025-10-05T00:56:53Z"}
{"_id":{"$oid":"68e1c333c14968ee5a93046b"},"start_ts":"2025-10-05T00:56:57Z","end_ts":"2025-10-05T01:00:33Z","count":23,"temp_air":11.330434782608696,"hum_air":84.21304347826087,"distance_cm":28.9,"level1":"alto","level2":"bajo","level3":"alto","level4":"bajo","generated_at":"2025-10-05T01:00:35Z","inserted_at":"2025-10-05T01:00:35Z","ts":"2025-10-05T01:00:33Z"}
{"_id":{"$oid":"68e1c4ad44962f2ad0b98464"},"start_ts":"2025-10-05T01:00:43Z","end_ts":"2025-10-05T01:06:32Z","count":39,"temp_air":11.248717948717948,"hum_air":84.15641025641025,"distance_cm":28.912820512820513,"level1":"alto","level2":"bajo","level3":"alto","level4":"bajo","generated_at":"2025-10-05T01:06:53Z","inserted_at":"2025-10-05T01:06:53Z"}
{"_id":{"$oid":"68e1c58bc14968ee5a93046c"},"start_ts":"2025-10-05T01:06:53Z","end_ts":"2025-10-05T01:10:33Z","count":25,"temp_air":11.18,"hum_air":83.896,"distance_cm":28.9,"level1":"alto","level2":"bajo","level3":"alto","level4":"bajo","generated_at":"2025-10-05T01:10:35Z","inserted_at":"2025-10-05T01:10:35Z","ts":"2025-10-05T01:10:33Z"}
{"_id":{"$oid":"68e1c70544962f2ad0b98465"},"start_ts":"2025-10-05T01:10:47Z","end_ts":"2025-10-05T01:16:46Z","count":49,"temp_air":11.012244897959183,"hum_air":84.23877551020408,"distance_cm":28.90204081632653,"level1":"alto","level2":"bajo","level3":"alto","level4":"bajo","generated_at":"2025-10-05T01:16:53Z","inserted_at":"2025-10-05T01:16:53Z"}
{"_id":{"$oid":"68e1c7e3c14968ee5a93046d"},"start_ts":"2025-10-05T01:16:56Z","end_ts":"2025-10-05T01:20:27Z","count":25,"temp_air":10.932,"hum_air":84.62,"distance_cm":28.9,"level1":"alto","level2":"bajo","level3":"alto","level4":"bajo","generated_at":"2025-10-05T01:20:35Z","inserted_at":"2025-10-05T01:20:35Z","ts":"2025-10-05T01:20:27Z"}
{"_id":{"$oid":"68e1c95d44962f2ad0b98466"},"start_ts":"2025-10-05T01:20:39Z","end_ts":"2025-10-05T01:26:51Z","count":51,"temp_air":10.886274509803922,"hum_air":84.83333333333333,"distance_cm":28.9,"level1":"alto","level2":"bajo","level3":"alto","level4":"bajo","generated_at":"2025-10-05T01:26:53Z","inserted_at":"2025-10-05T01:26:53Z"}
{"_id":{"$oid":"68e1ca3cc14968ee5a93046e"},"start_ts":"2025-10-05T01:26:57Z","end_ts":"2025-10-05T01:30:32Z","count":38,"temp_air":10.865789473684211,"hum_air":84.91052631578947,"distance_cm":28.9,"level1":"alto","level2":"bajo","level3":"alto","level4":"bajo","generated_at":"2025-10-05T01:30:36Z","inserted_at":"2025-10-05T01:30:36Z","ts":"2025-10-05T01:30:32Z"}
{"_id":{"$oid":"68e1cbb544962f2ad0b98467"},"start_ts":"2025-10-05T01:30:36Z","end_ts":"2025-10-05T01:36:46Z","count":48,"temp_air":10.797916666666667,"hum_air":84.72291666666666,"distance_cm":28.9,"level1":"alto","level2":"bajo","level3":"alto","level4":"bajo","generated_at":"2025-10-05T01:36:53Z","inserted_at":"2025-10-05T01:36:53Z"}
{"_id":{"$oid":"68e1cc94c14968ee5a93046f"},"start_ts":"2025-10-05T01:36:56Z","end_ts":"2025-10-05T01:40:27Z","count":26,"temp_air":10.75,"hum_air":84.88076923076923,"distance_cm":28.9,"level1":"alto","level2":"bajo","level3":"alto","level4":"bajo","generated_at":"2025-10-05T01:40:36Z","inserted_at":"2025-10-05T01:40:36Z","ts":"2025-10-05T01:40:27Z"}
{"_id":{"$oid":"68e1ce0d44962f2ad0b98468"},"start_ts":"2025-10-05T01:40:40Z","end_ts":"2025-10-05T01:46:44Z","count":46,"temp_air":10.784782608695652,"hum_air":84.8391304347826,"distance_cm":28.9,"level1":"alto","level2":"bajo","level3":"alto","level4":"bajo","generated_at":"2025-10-05T01:46:53Z","inserted_at":"2025-10-05T01:46:53Z"}
{"_id":{"$oid":"68e1ceecc14968ee5a930470"},"start_ts":"2025-10-05T01:46:59Z","end_ts":"2025-10-05T01:50:19Z","count":32,"temp_air":10.703125,"hum_air":84.615625,"distance_cm":28.90625,"level1":"alto","level2":"bajo","level3":"alto","level4":"bajo","generated_at":"2025-10-05T01:50:36Z","inserted_at":"2025-10-05T01:50:36Z","ts":"2025-10-05T01:50:19Z"}
{"_id":{"$oid":"68e1d06544962f2ad0b98469"},"start_ts":"2025-10-05T01:50:40Z","end_ts":"2025-10-05T01:56:52Z","count":60,"temp_air":10.6,"hum_air":84.43833333333333,"distance_cm":28.903333333333332,"level1":"alto","level2":"bajo","level3":"alto","level4":"bajo","generated_at":"2025-10-05T01:56:53Z","inserted_at":"2025-10-05T01:56:53Z"}
{"_id":{"$oid":"68e1d144c14968ee5a930471"},"start_ts":"2025-10-05T01:56:56Z","end_ts":"2025-10-05T02:00:27Z","count":41,"temp_air":10.487804878048781,"hum_air":84.62439024390244,"distance_cm":28.9,"level1":"alto","level2":"bajo","level3":"alto","level4":"bajo","generated_at":"2025-10-05T02:00:36Z","inserted_at":"2025-10-05T02:00:36Z","ts":"2025-10-05T02:00:27Z"}
{"_id":{"$oid":"68e1d2bd44962f2ad0b9846a"},"start_ts":"2025-10-05T02:00:39Z","end_ts":"2025-10-05T02:06:50Z","count":52,"temp_air":10.39423076923077,"hum_air":84.98076923076923,"distance_cm":28.9,"level1":"alto","level2":"bajo","level3":"alto","level4":"bajo","generated_at":"2025-10-05T02:06:53Z","inserted_at":"2025-10-05T02:06:53Z"}
{"_id":{"$oid":"68e1d39cc14968ee5a930472"},"start_ts":"2025-10-05T02:06:55Z","end_ts":"2025-10-05T02:10:33Z","count":29,"temp_air":10.40344827586207,"hum_air":84.93448275862069,"distance_cm":28.9,"generated_at":"2025-10-05T02:10:36Z","inserted_at":"2025-10-05T02:10:36Z","ts":"2025-10-05T02:10:33Z"}
{"_id":{"$oid":"68e1d51544962f2ad0b9846b"},"start_ts":"2025-10-05T02:10:40Z","end_ts":"2025-10-05T02:16:44Z","count":49,"temp_air":10.326530612244898,"hum_air":85.05714285714285,"distance_cm":28.9,"generated_at":"2025-10-05T02:16:53Z","inserted_at":"2025-10-05T02:16:53Z"}
{"_id":{"$oid":"68e1d5f4c14968ee5a930473"},"start_ts":"2025-10-05T02:16:54Z","end_ts":"2025-10-05T02:20:32Z","count":29,"temp_air":10.317241379310346,"hum_air":85.02758620689656,"distance_cm":28.9,"generated_at":"2025-10-05T02:20:36Z","inserted_at":"2025-10-05T02:20:36Z","ts":"2025-10-05T02:20:32Z"}
{"_id":{"$oid":"68e1d76d44962f2ad0b9846c"},"start_ts":"2025-10-05T02:20:36Z","end_ts":"2025-10-05T02:26:43Z","count":52,"temp_air":10.311538461538461,"hum_air":84.84807692307692,"distance_cm":28.9,"generated_at":"2025-10-05T02:26:53Z","inserted_at":"2025-10-05T02:26:53Z"}
{"_id":{"$oid":"68e1d84cc14968ee5a930474"},"start_ts":"2025-10-05T02:26:54Z","end_ts":"2025-10-05T02:30:34Z","count":28,"temp_air":10.232142857142858,"hum_air":84.77142857142857,"distance_cm":28.9,"generated_at":"2025-10-05T02:30:36Z","inserted_at":"2025-10-05T02:30:36Z","ts":"2025-10-05T02:30:34Z"}
{"_id":{"$oid":"68e1d9c544962f2ad0b9846d"},"start_ts":"2025-10-05T02:30:45Z","end_ts":"2025-10-05T02:36:46Z","count":47,"temp_air":10.170212765957446,"hum_air":84.63404255319149,"distance_cm":28.9,"generated_at":"2025-10-05T02:36:53Z","inserted_at":"2025-10-05T02:36:53Z"}
{"_id":{"$oid":"68e1daa4c14968ee5a930475"},"start_ts":"2025-10-05T02:36:55Z","end_ts":"2025-10-05T02:40:31Z","count":27,"temp_air":10.11111111111111,"hum_air":84.79629629629629,"distance_cm":28.9,"generated_at":"2025-10-05T02:40:36Z","inserted_at":"2025-10-05T02:40:36Z","ts":"2025-10-05T02:40:31Z"}
{"_id":{"$oid":"68e1dc1d44962f2ad0b9846e"},"start_ts":"2025-10-05T02:40:47Z","end_ts":"2025-10-05T02:46:45Z","count":47,"temp_air":10.097872340425532,"hum_air":85.0595744680851,"distance_cm":28.9,"generated_at":"2025-10-05T02:46:53Z","inserted_at":"2025-10-05T02:46:53Z"}
{"_id":{"$oid":"68e1dcfcc14968ee5a930476"},"start_ts":"2025-10-05T02:46:55Z","end_ts":"2025-10-05T02:46:55Z","count":1,"temp_air":10.1,"hum_air":85.1,"distance_cm":28.9,"generated_at":"2025-10-05T02:50:36Z","inserted_at":"2025-10-05T02:50:36Z","ts":"2025-10-05T02:46:55Z"}
{"_id":{"$oid":"68e1df54c14968ee5a930477"},"start_ts":"2025-10-03T23:30:22Z","end_ts":"2025-10-05T02:46:55Z","count":10183,"temp_air":15.743935971717569,"hum_air":74.81479917509574,"ph":7.784426229508196,"temp_water":12.101311475409835,"distance_cm":29.64769291571979,"level1":"alto","level2":"bajo","level3":"alto","level4":"bajo","generated_at":"2025-10-05T03:00:36Z","inserted_at":"2025-10-05T03:00:36Z","ts":"2025-10-05T02:46:55Z"}
{"_id":{"$oid":"68e66569899eff36a9a34f32"},"start_ts":"2025-10-08T13:18:12Z","end_ts":"2025-10-08T13:21:42Z","count":48,"temp_air":13.425,"hum_air":76.94583333333333,"generated_at":"2025-10-08T13:21:45Z","inserted_at":"2025-10-08T13:21:45Z","ts":"2025-10-08T13:21:42Z"}
{"_id":{"$oid":"68e667c2899eff36a9a34f33"},"start_ts":"2025-10-08T13:21:48Z","end_ts":"2025-10-08T13:24:01Z","count":30,"temp_air":13.913333333333334,"hum_air":74.84,"generated_at":"2025-10-08T13:31:46Z","inserted_at":"2025-10-08T13:31:46Z","ts":"2025-10-08T13:24:01Z"}
{"_id":{"$oid":"68e66c72899eff36a9a34f34"},"start_ts":"2025-10-08T13:44:32Z","end_ts":"2025-10-08T13:44:32Z","count":2,"temp_air":15.0,"hum_air":72.9,"generated_at":"2025-10-08T13:51:46Z","inserted_at":"2025-10-08T13:51:46Z","ts":"2025-10-08T13:44:32Z"}
{"_id":{"$oid":"68e66eca899eff36a9a34f35"},"start_ts":"2025-10-08T13:53:30Z","end_ts":"2025-10-08T14:01:30Z","count":4,"temp_air":15.75,"hum_air":72.0,"ph":5.16,"temp_water":12.0,"generated_at":"2025-10-08T14:01:46Z","inserted_at":"2025-10-08T14:01:46Z","ts":"2025-10-08T14:01:30Z"}
{"_id":{"$oid":"68e67122899eff36a9a34f36"},"start_ts":"2025-10-08T14:09:30Z","end_ts":"2025-10-08T14:09:30Z","count":2,"temp_air":16.8,"hum_air":69.1,"generated_at":"2025-10-08T14:11:46Z","inserted_at":"2025-10-08T14:11:46Z","ts":"2025-10-08T14:09:30Z"}
{"_id":{"$oid":"68e6737a899eff36a9a34f37"},"start_ts":"2025-10-08T14:17:31Z","end_ts":"2025-10-08T14:17:31Z","count":2,"temp_air":16.8,"hum_air":68.9,"ph":3.73,"temp_water":17.88,"generated_at":"2025-10-08T14:21:46Z","inserted_at":"2025-10-08T14:21:46Z","ts":"2025-10-08T14:17:31Z"}
{"_id":{"$oid":"68e675d3899eff36a9a34f38"},"start_ts":"2025-10-08T14:25:31Z","end_ts":"2025-10-08T14:25:31Z","count":2,"temp_air":18.2,"hum_air":65.7,"generated_at":"2025-10-08T14:31:47Z","inserted_at":"2025-10-08T14:31:47Z","ts":"2025-10-08T14:25:31Z"}
{"_id":{"$oid":"68e6782b899eff36a9a34f39"},"start_ts":"2025-10-08T14:33:31Z","end_ts":"2025-10-08T14:33:31Z","count":2,"temp_air":18.7,"hum_air":64.9,"generated_at":"2025-10-08T14:41:47Z","inserted_at":"2025-10-08T14:41:47Z","ts":"2025-10-08T14:33:31Z"}
{"_id":{"$oid":"68e67cdc899eff36a9a34f3a"},"start_ts":"2025-10-08T14:52:32Z","end_ts":"2025-10-08T15:00:34Z","count":4,"temp_air":19.25,"hum_air":63.3,"ph":4.39,"temp_water":19.38,"generated_at":"2025-10-08T15:01:48Z","inserted_at":"2025-10-08T15:01:48Z","ts":"2025-10-08T15:00:34Z"}
{"_id":{"$oid":"68e680bb5988c3d4cb08c175"},"start_ts":"2025-10-08T15:08:31Z","end_ts":"2025-10-08T15:16:31Z","count":4,"temp_air":19.25,"hum_air":63.45,"generated_at":"2025-10-08T15:18:19Z","inserted_at":"2025-10-08T15:18:19Z","ts":"2025-10-08T15:16:31Z"}
{"_id":{"$oid":"68e68454495d439ac61bbc38"},"start_ts":"2025-10-08T15:24:31Z","end_ts":"2025-10-08T15:32:31Z","count":4,"temp_air":19.0,"hum_air":61.75,"generated_at":"2025-10-08T15:33:40Z","inserted_at":"2025-10-08T15:33:40Z","ts":"2025-10-08T15:32:31Z"}
{"_id":{"$oid":"68e68aebfb1b0af464dc9f95"},"start_ts":"2025-10-08T15:48:32Z","end_ts":"2025-10-08T15:56:33Z","count":3,"temp_air":20.8,"hum_air":55.96666666666667,"generated_at":"2025-10-08T16:01:47Z","inserted_at":"2025-10-08T16:01:47Z","ts":"2025-10-08T15:56:33Z"}
{"_id":{"$oid":"68e68e824d4149093dd5dca0"},"start_ts":"2025-10-08T16:04:32Z","end_ts":"2025-10-08T16:12:30Z","count":3,"temp_air":21.2,"hum_air":55.800000000000004,"generated_at":"2025-10-08T16:17:06Z","inserted_at":"2025-10-08T16:17:06Z","ts":"2025-10-08T16:12:30Z"}
{"_id":{"$oid":"68e690da4d4149093dd5dca1"},"start_ts":"2025-10-08T16:20:32Z","end_ts":"2025-10-08T16:20:32Z","count":2,"temp_air":22.1,"hum_air":54.4,"generated_at":"2025-10-08T16:27:06Z","inserted_at":"2025-10-08T16:27:06Z","ts":"2025-10-08T16:20:32Z"}
{"_id":{"$oid":"68e693324d4149093dd5dca2"},"start_ts":"2025-10-08T16:28:32Z","end_ts":"2025-10-08T16:36:32Z","count":4,"temp_air":22.700000000000003,"hum_air":53.0,"generated_at":"2025-10-08T16:37:06Z","inserted_at":"2025-10-08T16:37:06Z","ts":"2025-10-08T16:36:32Z"}
{"_id":{"$oid":"68e6a39a4d4149093dd5dca3"},"start_ts":"2025-10-08T17:41:39Z","end_ts":"2025-10-08T17:41:39Z","count":2,"temp_air":28.0,"hum_air":51.0,"ph":5.33,"temp_water":17.38,"level1":"alto","level2":"bajo","level3":"alto","level4":"bajo","generated_at":"2025-10-08T17:47:06Z","inserted_at":"2025-10-08T17:47:06Z","ts":"2025-10-08T17:41:39Z"}
{"_id":{"$oid":"68e6a5f24d4149093dd5dca4"},"start_ts":"2025-10-08T17:48:20Z","end_ts":"2025-10-08T17:54:59Z","count":4,"temp_air":29.4,"hum_air":50.599999999999994,"ph":8.055,"temp_water":17.94,"level1":"alto","level2":"bajo","level3":"alto","level4":"bajo","generated_at":"2025-10-08T17:57:06Z","inserted_at":"2025-10-08T17:57:06Z","ts":"2025-10-08T17:54:59Z"}
{"_id":{"$oid":"68e6a84a4d4149093dd5dca5"},"start_ts":"2025-10-08T18:01:39Z","end_ts":"2025-10-08T18:01:39Z","count":2,"temp_air":29.8,"hum_air":49.5,"ph":8.14,"temp_water":18.56,"level1":"alto","level2":"bajo","level3":"alto","level4":"bajo","generated_at":"2025-10-08T18:07:06Z","inserted_at":"2025-10-08T18:07:06Z","ts":"2025-10-08T18:01:39Z"}
{"_id":{"$oid":"68e6aaa24d4149093dd5dca6"},"start_ts":"2025-10-08T18:08:19Z","end_ts":"2025-10-08T18:14:59Z","count":4,"temp_air":29.45,"hum_air":49.1,"ph":8.235,"temp_water":18.845,"level1":"alto","level2":"bajo","level3":"alto","level4":"bajo","generated_at":"2025-10-08T18:17:06Z","inserted_at":"2025-10-08T18:17:06Z","ts":"2025-10-08T18:14:59Z"}
{"_id":{"$oid":"68e6acfa4d4149093dd5dca7"},"start_ts":"2025-10-08T18:21:39Z","end_ts":"2025-10-08T18:21:39Z","count":2,"temp_air":28.4,"hum_air":47.5,"ph":8.24,"temp_water":19.12,"level1":"alto","level2":"bajo","level3":"alto","level4":"bajo","generated_at":"2025-10-08T18:27:06Z","inserted_at":"2025-10-08T18:27:06Z","ts":"2025-10-08T18:21:39Z"}
{"_id":{"$oid":"68e6af534d4149093dd5dca8"},"start_ts":"2025-10-08T18:28:19Z","end_ts":"2025-10-08T18:34:59Z","count":4,"temp_air":29.1,"hum_air":49.25,"ph":8.265,"temp_water":19.28,"level1":"alto","level2":"bajo","level3":"alto","level4":"bajo","generated_at":"2025-10-08T18:37:07Z","inserted_at":"2025-10-08T18:37:07Z","ts":"2025-10-08T18:34:59Z"}
{"_id":{"$oid":"68e6b1ab4d4149093dd5dca9"},"start_ts":"2025-10-08T18:41:39Z","end_ts":"2025-10-08T18:41:39Z","count":2,"temp_air":29.5,"hum_air":47.1,"ph":8.3,"temp_water":19.5,"generated_at":"2025-10-08T18:47:07Z","inserted_at":"2025-10-08T18:47:07Z","ts":"2025-10-08T18:41:39Z"}
{"_id":{"$oid":"68e6b4034d4149093dd5dcaa"},"start_ts":"2025-10-08T18:48:19Z","end_ts":"2025-10-08T18:55:00Z","count":4,"temp_air":29.4,"hum_air":47.6,"ph":8.275,"temp_water":19.655,"generated_at":"2025-10-08T18:57:07Z","inserted_at":"2025-10-08T18:57:07Z","ts":"2025-10-08T18:55:00Z"}
{"_id":{"$oid":"68e6b65b4d4149093dd5dcab"},"start_ts":"2025-10-08T19:01:39Z","end_ts":"2025-10-08T19:01:39Z","count":2,"temp_air":29.3,"hum_air":47.3,"ph":8.25,"temp_water":19.88,"generated_at":"2025-10-08T19:07:07Z","inserted_at":"2025-10-08T19:07:07Z","ts":"2025-10-08T19:01:39Z"}
{"_id":{"$oid":"68e6b8b34d4149093dd5dcac"},"start_ts":"2025-10-08T19:08:21Z","end_ts":"2025-10-08T19:14:59Z","count":4,"temp_air":31.25,"hum_air":46.15,"ph":8.254999999999999,"temp_water":20.155,"generated_at":"2025-10-08T19:17:07Z","inserted_at":"2025-10-08T19:17:07Z","ts":"2025-10-08T19:14:59Z"}
{"_id":{"$oid":"68e6bb0b4d4149093dd5dcad"},"start_ts":"2025-10-08T19:21:39Z","end_ts":"2025-10-08T19:21:39Z","count":2,"temp_air":32.4,"hum_air":45.3,"ph":8.25,"temp_water":20.44,"generated_at":"2025-10-08T19:27:07Z","inserted_at":"2025-10-08T19:27:07Z","ts":"2025-10-08T19:21:39Z"}
{"_id":{"$oid":"68e6bd634d4149093dd5dcae"},"start_ts":"2025-10-08T19:28:19Z","end_ts":"2025-10-08T19:34:59Z","count":4,"temp_air":30.7,"hum_air":46.6,"ph":8.27,"temp_water":20.72,"generated_at":"2025-10-08T19:37:07Z","inserted_at":"2025-10-08T19:37:07Z","ts":"2025-10-08T19:34:59Z"}
{"_id":{"$oid":"68e6bfbb4d4149093dd5dcaf"},"start_ts":"2025-10-08T19:41:39Z","end_ts":"2025-10-08T19:41:39Z","count":2,"temp_air":29.7,"hum_air":48.1,"ph":8.24,"temp_water":20.81,"distance_cm":36.8,"generated_at":"2025-10-08T19:47:07Z","inserted_at":"2025-10-08T19:47:07Z","ts":"2025-10-08T19:41:39Z"}
{"_id":{"$oid":"68e6c2134d4149093dd5dcb0"},"start_ts":"2025-10-08T19:48:20Z","end_ts":"2025-10-08T19:55:00Z","count":4,"temp_air":29.75,"hum_air":47.4,"ph":8.225000000000001,"temp_water":20.939999999999998,"distance_cm":36.75,"generated_at":"2025-10-08T19:57:07Z","inserted_at":"2025-10-08T19:57:07Z","ts":"2025-10-08T19:55:00Z"}
{"_id":{"$oid":"68e6c546194704c4a7b997ab"},"start_ts":"2025-10-08T20:01:39Z","end_ts":"2025-10-08T20:08:19Z","count":4,"temp_air":28.9,"hum_air":48.15,"ph":8.23,"temp_water":20.97,"distance_cm":36.7,"generated_at":"2025-10-08T20:10:46Z","inserted_at":"2025-10-08T20:10:46Z","ts":"2025-10-08T20:08:19Z"}
{"_id":{"$oid":"68e6c79e194704c4a7b997ac"},"start_ts":"2025-10-08T20:15:00Z","end_ts":"2025-10-08T20:15:00Z","count":2,"temp_air":28.4,"hum_air":50.7,"ph":8.23,"temp_water":20.94,"distance_cm":36.7,"generated_at":"2025-10-08T20:20:46Z","inserted_at":"2025-10-08T20:20:46Z","ts":"2025-10-08T20:15:00Z"}
{"_id":{"$oid":"68e6c9f6194704c4a7b997ad"},"start_ts":"2025-10-08T20:21:39Z","end_ts":"2025-10-08T20:28:21Z","count":4,"temp_air":27.75,"hum_air":48.7,"ph":8.225000000000001,"temp_water":20.845,"distance_cm":37.1,"generated_at":"2025-10-08T20:30:46Z","inserted_at":"2025-10-08T20:30:46Z","ts":"2025-10-08T20:28:21Z"}
{"_id":{"$oid":"68e6cc4e194704c4a7b997ae"},"start_ts":"2025-10-08T20:34:59Z","end_ts":"2025-10-08T20:34:59Z","count":2,"temp_air":27.1,"hum_air":49.6,"ph":8.25,"temp_water":20.81,"distance_cm":37.3,"generated_at":"2025-10-08T20:40:46Z","inserted_at":"2025-10-08T20:40:46Z","ts":"2025-10-08T20:34:59Z"}
{"_id":{"$oid":"68e6cea6194704c4a7b997af"},"start_ts":"2025-10-08T20:41:39Z","end_ts":"2025-10-08T20:48:19Z","count":4,"temp_air":25.55,"hum_air":50.650000000000006,"ph":8.274999999999999,"temp_water":20.53,"distance_cm":36.7,"generated_at":"2025-10-08T20:50:46Z","inserted_at":"2025-10-08T20:50:46Z","ts":"2025-10-08T20:48:19Z"}
{"_id":{"$oid":"68e6d0fe194704c4a7b997b0"},"start_ts":"2025-10-08T20:54:59Z","end_ts":"2025-10-08T20:54:59Z","count":2,"temp_air":24.5,"hum_air":53.1,"ph":8.29,"temp_water":20.31,"distance_cm":36.6,"generated_at":"2025-10-08T21:00:46Z","inserted_at":"2025-10-08T21:00:46Z","ts":"2025-10-08T20:54:59Z"}
{"_id":{"$oid":"68e6d356194704c4a7b997b1"},"start_ts":"2025-10-08T21:01:40Z","end_ts":"2025-10-08T21:08:19Z","count":4,"temp_air":23.5,"hum_air":53.35,"ph":8.31,"temp_water":20.0,"distance_cm":36.6,"generated_at":"2025-10-08T21:10:46Z","inserted_at":"2025-10-08T21:10:46Z","ts":"2025-10-08T21:08:19Z"}
{"_id":{"$oid":"68e6d5af194704c4a7b997b2"},"start_ts":"2025-10-08T21:14:59Z","end_ts":"2025-10-08T21:14:59Z","count":2,"temp_air":22.8,"hum_air":54.4,"ph":8.32,"temp_water":19.62,"distance_cm":36.6,"generated_at":"2025-10-08T21:20:47Z","inserted_at":"2025-10-08T21:20:47Z","ts":"2025-10-08T21:14:59Z"}
{"_id":{"$oid":"68e6d807194704c4a7b997b3"},"start_ts":"2025-10-08T21:21:39Z","end_ts":"2025-10-08T21:28:19Z","count":4,"temp_air":22.1,"hum_air":54.849999999999994,"ph":8.335,"temp_water":19.375,"distance_cm":36.5,"generated_at":"2025-10-08T21:30:47Z","inserted_at":"2025-10-08T21:30:47Z","ts":"2025-10-08T21:28:19Z"}
{"_id":{"$oid":"68e6da60194704c4a7b997b4"},"start_ts":"2025-10-08T21:34:59Z","end_ts":"2025-10-08T21:34:59Z","count":2,"temp_air":21.9,"hum_air":55.5,"ph":8.37,"temp_water":19.06,"distance_cm":36.5,"generated_at":"2025-10-08T21:40:48Z","inserted_at":"2025-10-08T21:40:48Z","ts":"2025-10-08T21:34:59Z"}
{"_id":{"$oid":"68e6dcb8194704c4a7b997b5"},"start_ts":"2025-10-08T21:41:39Z","end_ts":"2025-10-08T21:48:19Z","count":4,"temp_air":21.75,"hum_air":56.6,"ph":8.370000000000001,"temp_water":18.905,"distance_cm":37.05,"generated_at":"2025-10-08T21:50:48Z","inserted_at":"2025-10-08T21:50:48Z","ts":"2025-10-08T21:48:19Z"}
{"_id":{"$oid":"68e6df10194704c4a7b997b6"},"start_ts":"2025-10-08T21:54:59Z","end_ts":"2025-10-08T21:54:59Z","count":2,"temp_air":21.4,"hum_air":57.5,"ph":8.36,"temp_water":18.69,"distance_cm":36.5,"generated_at":"2025-10-08T22:00:48Z","inserted_at":"2025-10-08T22:00:48Z","ts":"2025-10-08T21:54:59Z"}
{"_id":{"$oid":"68e6e168194704c4a7b997b7"},"start_ts":"2025-10-08T22:01:39Z","end_ts":"2025-10-08T22:08:19Z","count":4,"temp_air":20.85,"hum_air":59.25,"ph":8.344999999999999,"temp_water":18.439999999999998,"distance_cm":36.5,"generated_at":"2025-10-08T22:10:48Z","inserted_at":"2025-10-08T22:10:48Z","ts":"2025-10-08T22:08:19Z"}
{"_id":{"$oid":"68e6e3c0194704c4a7b997b8"},"start_ts":"2025-10-08T22:14:59Z","end_ts":"2025-10-08T22:14:59Z","count":2,"temp_air":19.8,"hum_air":59.9,"ph":8.41,"temp_water":18.12,"distance_cm":36.5,"generated_at":"2025-10-08T22:20:48Z","inserted_at":"2025-10-08T22:20:48Z","ts":"2025-10-08T22:14:59Z"}
{"_id":{"$oid":"68e6e618194704c4a7b997b9"},"start_ts":"2025-10-08T22:21:39Z","end_ts":"2025-10-08T22:28:20Z","count":4,"temp_air":18.549999999999997,"hum_air":63.45,"ph":8.43,"temp_water":17.715,"distance_cm":36.5,"generated_at":"2025-10-08T22:30:48Z","inserted_at":"2025-10-08T22:30:48Z","ts":"2025-10-08T22:28:20Z"}
{"_id":{"$oid":"68e6e870194704c4a7b997ba"},"start_ts":"2025-10-08T22:34:59Z","end_ts":"2025-10-08T22:34:59Z","count":2,"temp_air":17.4,"hum_air":66.1,"ph":8.46,"temp_water":17.31,"distance_cm":36.5,"generated_at":"2025-10-08T22:40:48Z","inserted_at":"2025-10-08T22:40:48Z","ts":"2025-10-08T22:34:59Z"}
{"_id":{"$oid":"68e6eac8194704c4a7b997bb"},"start_ts":"2025-10-08T22:41:39Z","end_ts":"2025-10-08T22:48:19Z","count":4,"temp_air":16.45,"hum_air":71.15,"ph":8.49,"temp_water":16.845,"distance_cm":36.5,"generated_at":"2025-10-08T22:50:48Z","inserted_at":"2025-10-08T22:50:48Z","ts":"2025-10-08T22:48:19Z"}
{"_id":{"$oid":"68e6ed20194704c4a7b997bc"},"start_ts":"2025-10-08T22:55:00Z","end_ts":"2025-10-08T22:55:00Z","count":2,"temp_air":15.7,"hum_air":72.9,"ph":8.54,"temp_water":16.44,"distance_cm":36.5,"generated_at":"2025-10-08T23:00:48Z","inserted_at":"2025-10-08T23:00:48Z","ts":"2025-10-08T22:55:00Z"}
{"_id":{"$oid":"68e6ef78194704c4a7b997bd"},"start_ts":"2025-10-08T23:01:40Z","end_ts":"2025-10-08T23:08:20Z","count":4,"temp_air":15.05,"hum_air":76.05,"ph":8.545,"temp_water":16.0,"distance_cm":36.4,"generated_at":"2025-10-08T23:10:48Z","inserted_at":"2025-10-08T23:10:48Z","ts":"2025-10-08T23:08:20Z"}
{"_id":{"$oid":"68e6f1d0194704c4a7b997be"},"start_ts":"2025-10-08T23:14:59Z","end_ts":"2025-10-08T23:14:59Z","count":2,"temp_air":14.5,"hum_air":78.3,"ph":8.56,"temp_water":15.62,"distance_cm":36.4,"generated_at":"2025-10-08T23:20:48Z","inserted_at":"2025-10-08T23:20:48Z","ts":"2025-10-08T23:14:59Z"}
{"_id":{"$oid":"68e6f428194704c4a7b997bf"},"start_ts":"2025-10-08T23:21:40Z","end_ts":"2025-10-08T23:28:20Z","count":4,"temp_air":14.05,"hum_air":79.9,"ph":8.57,"temp_water":15.22,"distance_cm":36.4,"generated_at":"2025-10-08T23:30:48Z","inserted_at":"2025-10-08T23:30:48Z","ts":"2025-10-08T23:28:20Z"}
{"_id":{"$oid":"68e6f680194704c4a7b997c0"},"start_ts":"2025-10-08T23:35:01Z","end_ts":"2025-10-08T23:35:01Z","count":2,"temp_air":13.8,"hum_air":81.4,"ph":8.58,"temp_water":14.81,"distance_cm":36.4,"generated_at":"2025-10-08T23:40:48Z","inserted_at":"2025-10-08T23:40:48Z","ts":"2025-10-08T23:35:01Z"}
{"_id":{"$oid":"68e6f8d8194704c4a7b997c1"},"start_ts":"2025-10-08T23:41:41Z","end_ts":"2025-10-08T23:48:20Z","count":4,"temp_air":13.55,"hum_air":82.35,"ph":8.585,"temp_water":14.435,"distance_cm":36.4,"generated_at":"2025-10-08T23:50:48Z","inserted_at":"2025-10-08T23:50:48Z","ts":"2025-10-08T23:48:20Z"}
{"_id":{"$oid":"68e6fb30194704c4a7b997c2"},"start_ts":"2025-10-08T23:55:00Z","end_ts":"2025-10-08T23:55:00Z","count":2,"temp_air":13.3,"hum_air":83.5,"ph":8.6,"temp_water":14.06,"distance_cm":36.4,"generated_at":"2025-10-09T00:00:48Z","inserted_at":"2025-10-09T00:00:48Z","ts":"2025-10-08T23:55:00Z"}
{"_id":{"$oid":"68e6fd88194704c4a7b997c3"},"start_ts":"2025-10-09T00:01:41Z","end_ts":"2025-10-09T00:08:20Z","count":4,"temp_air":13.1,"hum_air":84.25,"ph":8.6,"temp_water":13.815,"distance_cm":36.4,"generated_at":"2025-10-09T00:10:48Z","inserted_at":"2025-10-09T00:10:48Z","ts":"2025-10-09T00:08:20Z"}
{"_id":{"$oid":"68e6ffe0194704c4a7b997c4"},"start_ts":"2025-10-09T00:15:01Z","end_ts":"2025-10-09T00:15:01Z","count":2,"temp_air":13.0,"hum_air":85.0,"ph":8.61,"temp_water":13.5,"distance_cm":36.4,"generated_at":"2025-10-09T00:20:48Z","inserted_at":"2025-10-09T00:20:48Z","ts":"2025-10-09T00:15:01Z"}
{"_id":{"$oid":"68e70238194704c4a7b997c5"},"start_ts":"2025-10-09T00:21:44Z","end_ts":"2025-10-09T00:28:21Z","count":6,"temp_air":13.0,"hum_air":85.3,"ph":8.613333333333333,"temp_water":13.316666666666666,"distance_cm":36.4,"generated_at":"2025-10-09T00:30:48Z","inserted_at":"2025-10-09T00:30:48Z","ts":"2025-10-09T00:28:21Z"}
{"_id":{"$oid":"68e70491194704c4a7b997c6"},"start_ts":"2025-10-09T00:35:01Z","end_ts":"2025-10-09T00:35:01Z","count":2,"temp_air":13.1,"hum_air":85.4,"ph":8.62,"temp_water":13.06,"distance_cm":36.4,"generated_at":"2025-10-09T00:40:49Z","inserted_at":"2025-10-09T00:40:49Z","ts":"2025-10-09T00:35:01Z"}
{"_id":{"$oid":"68e706e9194704c4a7b997c7"},"start_ts":"2025-10-09T00:41:41Z","end_ts":"2025-10-09T00:48:29Z","count":8,"temp_air":12.850000000000001,"hum_air":84.65,"ph":8.594999999999999,"temp_water":12.875,"distance_cm":36.4,"generated_at":"2025-10-09T00:50:49Z","inserted_at":"2025-10-09T00:50:49Z","ts":"2025-10-09T00:48:29Z"}
{"_id":{"$oid":"68e70941194704c4a7b997c8"},"start_ts":"2025-10-09T00:55:01Z","end_ts":"2025-10-09T00:55:01Z","count":2,"temp_air":12.7,"hum_air":85.4,"ph":8.64,"temp_water":12.69,"distance_cm":36.4,"generated_at":"2025-10-09T01:00:49Z","inserted_at":"2025-10-09T01:00:49Z","ts":"2025-10-09T00:55:01Z"}
{"_id":{"$oid":"68e70b99194704c4a7b997c9"},"start_ts":"2025-10-09T01:01:42Z","end_ts":"2025-10-09T01:08:21Z","count":4,"temp_air":12.4,"hum_air":85.05,"ph":8.655000000000001,"temp_water":12.440000000000001,"distance_cm":36.4,"generated_at":"2025-10-09T01:10:49Z","inserted_at":"2025-10-09T01:10:49Z","ts":"2025-10-09T01:08:21Z"}
{"_id":{"$oid":"68e70df1194704c4a7b997ca"},"start_ts":"2025-10-09T01:15:02Z","end_ts":"2025-10-09T01:15:02Z","count":2,"temp_air":12.4,"hum_air":86.2,"ph":8.66,"temp_water":12.25,"distance_cm":36.4,"generated_at":"2025-10-09T01:20:49Z","inserted_at":"2025-10-09T01:20:49Z","ts":"2025-10-09T01:15:02Z"}
{"_id":{"$oid":"68e71049194704c4a7b997cb"},"start_ts":"2025-10-09T01:21:41Z","end_ts":"2025-10-09T01:28:22Z","count":4,"temp_air":12.6,"hum_air":86.5,"ph":8.66,"temp_water":12.12,"distance_cm":36.4,"generated_at":"2025-10-09T01:30:49Z","inserted_at":"2025-10-09T01:30:49Z","ts":"2025-10-09T01:28:22Z"}
{"_id":{"$oid":"68e712a1194704c4a7b997cc"},"start_ts":"2025-10-09T01:35:04Z","end_ts":"2025-10-09T01:35:08Z","count":4,"temp_air":12.7,"hum_air":86.1,"ph":8.67,"temp_water":12.06,"distance_cm":36.4,"generated_at":"2025-10-09T01:40:49Z","inserted_at":"2025-10-09T01:40:49Z","ts":"2025-10-09T01:35:08Z"}
{"_id":{"$oid":"68e714f9194704c4a7b997cd"},"start_ts":"2025-10-09T01:41:42Z","end_ts":"2025-10-09T01:48:22Z","count":4,"temp_air":12.7,"hum_air":86.1,"ph":8.69,"temp_water":11.969999999999999,"distance_cm":36.4,"generated_at":"2025-10-09T01:50:49Z","inserted_at":"2025-10-09T01:50:49Z","ts":"2025-10-09T01:48:22Z"}
{"_id":{"$oid":"68e71751194704c4a7b997ce"},"start_ts":"2025-10-09T01:55:01Z","end_ts":"2025-10-09T01:55:01Z","count":2,"temp_air":12.7,"hum_air":86.5,"ph":8.7,"temp_water":11.81,"distance_cm":36.4,"generated_at":"2025-10-09T02:00:49Z","inserted_at":"2025-10-09T02:00:49Z","ts":"2025-10-09T01:55:01Z"}
{"_id":{"$oid":"68e719a9194704c4a7b997cf"},"start_ts":"2025-10-09T02:01:42Z","end_ts":"2025-10-09T02:08:22Z","count":4,"temp_air":13.05,"hum_air":86.75,"ph":8.705,"temp_water":11.81,"distance_cm":36.4,"generated_at":"2025-10-09T02:10:49Z","inserted_at":"2025-10-09T02:10:49Z","ts":"2025-10-09T02:08:22Z"}
{"_id":{"$oid":"68e71c01194704c4a7b997d0"},"start_ts":"2025-10-09T02:15:02Z","end_ts":"2025-10-09T02:15:02Z","count":2,"temp_air":13.3,"hum_air":86.3,"ph":8.71,"temp_water":11.81,"distance_cm":36.4,"generated_at":"2025-10-09T02:20:49Z","inserted_at":"2025-10-09T02:20:49Z","ts":"2025-10-09T02:15:02Z"}
{"_id":{"$oid":"68e71e59194704c4a7b997d1"},"start_ts":"2025-10-09T02:21:43Z","end_ts":"2025-10-09T02:28:22Z","count":4,"temp_air":13.4,"hum_air":86.05,"ph":8.690000000000001,"temp_water":11.81,"distance_cm":36.4,"generated_at":"2025-10-09T02:30:49Z","inserted_at":"2025-10-09T02:30:49Z","ts":"2025-10-09T02:28:22Z"}
{"_id":{"$oid":"68e720b1194704c4a7b997d2"},"start_ts":"2025-10-09T02:35:01Z","end_ts":"2025-10-09T02:35:01Z","count":2,"temp_air":13.4,"hum_air":85.8,"ph":8.68,"temp_water":11.81,"distance_cm":36.4,"generated_at":"2025-10-09T02:40:49Z","inserted_at":"2025-10-09T02:40:49Z","ts":"2025-10-09T02:35:01Z"}
{"_id":{"$oid":"68e72309194704c4a7b997d3"},"start_ts":"2025-10-09T02:41:42Z","end_ts":"2025-10-09T02:48:21Z","count":4,"temp_air":13.55,"hum_air":85.8,"ph":8.69,"temp_water":11.845,"distance_cm":36.4,"generated_at":"2025-10-09T02:50:49Z","inserted_at":"2025-10-09T02:50:49Z","ts":"2025-10-09T02:48:21Z"}
{"_id":{"$oid":"68e72561194704c4a7b997d4"},"start_ts":"2025-10-09T02:55:01Z","end_ts":"2025-10-09T02:55:01Z","count":2,"temp_air":13.7,"hum_air":85.8,"ph":8.7,"temp_water":11.88,"distance_cm":36.4,"generated_at":"2025-10-09T03:00:49Z","inserted_at":"2025-10-09T03:00:49Z","ts":"2025-10-09T02:55:01Z"}
{"_id":{"$oid":"68e727b9194704c4a7b997d5"},"start_ts":"2025-10-09T03:01:41Z","end_ts":"2025-10-09T03:08:21Z","count":4,"temp_air":13.7,"hum_air":85.65,"ph":8.69,"temp_water":11.88,"distance_cm":36.4,"generated_at":"2025-10-09T03:10:49Z","inserted_at":"2025-10-09T03:10:49Z","ts":"2025-10-09T03:08:21Z"}
{"_id":{"$oid":"68e72a11194704c4a7b997d6"},"start_ts":"2025-10-09T03:15:01Z","end_ts":"2025-10-09T03:15:01Z","count":2,"temp_air":13.7,"hum_air":85.6,"ph":8.7,"temp_water":11.88,"distance_cm":36.4,"generated_at":"2025-10-09T03:20:49Z","inserted_at":"2025-10-09T03:20:49Z","ts":"2025-10-09T03:15:01Z"}
{"_id":{"$oid":"68e72c69194704c4a7b997d7"},"start_ts":"2025-10-09T03:21:41Z","end_ts":"2025-10-09T03:28:20Z","count":4,"temp_air":13.649999999999999,"hum_air":85.80000000000001,"ph":8.705,"temp_water":11.845,"distance_cm":36.4,"generated_at":"2025-10-09T03:30:49Z","inserted_at":"2025-10-09T03:30:49Z","ts":"2025-10-09T03:28:20Z"}
{"_id":{"$oid":"68e72ec1194704c4a7b997d8"},"start_ts":"2025-10-09T03:35:01Z","end_ts":"2025-10-09T03:35:01Z","count":2,"temp_air":13.6,"hum_air":86.1,"ph":8.75,"temp_water":11.81,"distance_cm":36.4,"generated_at":"2025-10-09T03:40:49Z","inserted_at":"2025-10-09T03:40:49Z","ts":"2025-10-09T03:35:01Z"}
{"_id":{"$oid":"68e73119194704c4a7b997d9"},"start_ts":"2025-10-09T03:41:41Z","end_ts":"2025-10-09T03:48:22Z","count":4,"temp_air":13.55,"hum_air":85.7,"ph":8.754999999999999,"temp_water":11.845,"distance_cm":36.4,"generated_at":"2025-10-09T03:50:49Z","inserted_at":"2025-10-09T03:50:49Z","ts":"2025-10-09T03:48:22Z"}
{"_id":{"$oid":"68e73371194704c4a7b997da"},"start_ts":"2025-10-09T03:55:00Z","end_ts":"2025-10-09T03:55:00Z","count":2,"temp_air":13.4,"hum_air":85.6,"ph":8.75,"temp_water":11.81,"distance_cm":36.4,"generated_at":"2025-10-09T04:00:49Z","inserted_at":"2025-10-09T04:00:49Z","ts":"2025-10-09T03:55:00Z"}
{"_id":{"$oid":"68e735c9194704c4a7b997db"},"start_ts":"2025-10-09T04:01:40Z","end_ts":"2025-10-09T04:08:20Z","count":4,"temp_air":13.3,"hum_air":85.5,"ph":8.79,"temp_water":11.780000000000001,"distance_cm":36.4,"generated_at":"2025-10-09T04:10:49Z","inserted_at":"2025-10-09T04:10:49Z","ts":"2025-10-09T04:08:20Z"}
{"_id":{"$oid":"68e73821194704c4a7b997dc"},"start_ts":"2025-10-09T04:15:00Z","end_ts":"2025-10-09T04:15:00Z","count":2,"temp_air":13.2,"hum_air":85.7,"ph":8.82,"temp_water":11.69,"distance_cm":36.4,"generated_at":"2025-10-09T04:20:49Z","inserted_at":"2025-10-09T04:20:49Z","ts":"2025-10-09T04:15:00Z"}
{"_id":{"$oid":"68e73a79194704c4a7b997dd"},"start_ts":"2025-10-09T04:21:40Z","end_ts":"2025-10-09T04:28:20Z","count":4,"temp_air":13.0,"hum_air":85.65,"ph":8.84,"temp_water":11.62,"distance_cm":36.4,"generated_at":"2025-10-09T04:30:49Z","inserted_at":"2025-10-09T04:30:49Z","ts":"2025-10-09T04:28:20Z"}
{"_id":{"$oid":"68e73cd1194704c4a7b997de"},"start_ts":"2025-10-09T04:35:00Z","end_ts":"2025-10-09T04:35:00Z","count":2,"temp_air":12.9,"hum_air":85.8,"ph":8.86,"temp_water":11.56,"distance_cm":36.4,"generated_at":"2025-10-09T04:40:49Z","inserted_at":"2025-10-09T04:40:49Z","ts":"2025-10-09T04:35:00Z"}
{"_id":{"$oid":"68e73f29194704c4a7b997df"},"start_ts":"2025-10-09T04:41:40Z","end_ts":"2025-10-09T04:48:20Z","count":4,"temp_air":12.850000000000001,"hum_air":85.9,"ph":8.87,"temp_water":11.530000000000001,"distance_cm":36.4,"generated_at":"2025-10-09T04:50:49Z","inserted_at":"2025-10-09T04:50:49Z","ts":"2025-10-09T04:48:20Z"}
{"_id":{"$oid":"68e74181194704c4a7b997e0"},"start_ts":"2025-10-09T04:55:00Z","end_ts":"2025-10-09T04:55:00Z","count":2,"temp_air":12.8,"hum_air":85.9,"ph":8.88,"temp_water":11.5,"distance_cm":36.4,"generated_at":"2025-10-09T05:00:49Z","inserted_at":"2025-10-09T05:00:49Z","ts":"2025-10-09T04:55:00Z"}
{"_id":{"$oid":"68e743da194704c4a7b997e1"},"start_ts":"2025-10-09T05:01:40Z","end_ts":"2025-10-09T05:08:20Z","count":4,"temp_air":12.7,"hum_air":85.95,"ph":8.92,"temp_water":11.38,"distance_cm":36.4,"generated_at":"2025-10-09T05:10:50Z","inserted_at":"2025-10-09T05:10:50Z","ts":"2025-10-09T05:08:20Z"}
{"_id":{"$oid":"68e74632194704c4a7b997e2"},"start_ts":"2025-10-09T05:15:00Z","end_ts":"2025-10-09T05:15:00Z","count":2,"temp_air":12.7,"hum_air":86.4,"ph":8.95,"temp_water":11.38,"distance_cm":36.4,"generated_at":"2025-10-09T05:20:50Z","inserted_at":"2025-10-09T05:20:50Z","ts":"2025-10-09T05:15:00Z"}
{"_id":{"$oid":"68e7488a194704c4a7b997e3"},"start_ts":"2025-10-09T05:21:40Z","end_ts":"2025-10-09T05:28:21Z","count":4,"temp_air":12.7,"hum_air":86.30000000000001,"ph":8.96,"temp_water":11.31,"distance_cm":36.4,"generated_at":"2025-10-09T05:30:50Z","inserted_at":"2025-10-09T05:30:50Z","ts":"2025-10-09T05:28:21Z"}
{"_id":{"$oid":"68e74ae2194704c4a7b997e4"},"start_ts":"2025-10-09T05:35:00Z","end_ts":"2025-10-09T05:35:00Z","count":2,"temp_air":12.7,"hum_air":86.2,"ph":8.98,"temp_water":11.25,"distance_cm":36.4,"generated_at":"2025-10-09T05:40:50Z","inserted_at":"2025-10-09T05:40:50Z","ts":"2025-10-09T05:35:00Z"}
{"_id":{"$oid":"68e74d3a194704c4a7b997e5"},"start_ts":"2025-10-09T05:41:40Z","end_ts":"2025-10-09T05:48:20Z","count":4,"temp_air":12.55,"hum_air":86.05,"ph":9.01,"temp_water":11.219999999999999,"distance_cm":36.4,"generated_at":"2025-10-09T05:50:50Z","inserted_at":"2025-10-09T05:50:50Z","ts":"2025-10-09T05:48:20Z"}
{"_id":{"$oid":"68e74f92194704c4a7b997e6"},"start_ts":"2025-10-09T05:55:00Z","end_ts":"2025-10-09T05:55:00Z","count":2,"temp_air":12.4,"hum_air":86.2,"ph":9.04,"temp_water":11.19,"distance_cm":36.4,"generated_at":"2025-10-09T06:00:50Z","inserted_at":"2025-10-09T06:00:50Z","ts":"2025-10-09T05:55:00Z"}
{"_id":{"$oid":"68e751ea194704c4a7b997e7"},"start_ts":"2025-10-09T06:01:40Z","end_ts":"2025-10-09T06:08:20Z","count":4,"temp_air":12.5,"hum_air":86.35,"ph":9.045,"temp_water":11.12,"distance_cm":36.4,"generated_at":"2025-10-09T06:10:50Z","inserted_at":"2025-10-09T06:10:50Z","ts":"2025-10-09T06:08:20Z"}
{"_id":{"$oid":"68e75442194704c4a7b997e8"},"start_ts":"2025-10-09T06:15:00Z","end_ts":"2025-10-09T06:15:00Z","count":2,"temp_air":12.5,"hum_air":86.2,"ph":9.04,"temp_water":11.06,"distance_cm":36.4,"generated_at":"2025-10-09T06:20:50Z","inserted_at":"2025-10-09T06:20:50Z","ts":"2025-10-09T06:15:00Z"}
{"_id":{"$oid":"68e7569a194704c4a7b997e9"},"start_ts":"2025-10-09T06:21:40Z","end_ts":"2025-10-09T06:28:20Z","count":4,"temp_air":12.3,"hum_air":86.15,"ph":9.06,"temp_water":10.969999999999999,"distance_cm":36.4,"generated_at":"2025-10-09T06:30:50Z","inserted_at":"2025-10-09T06:30:50Z","ts":"2025-10-09T06:28:20Z"}
{"_id":{"$oid":"68e758f2194704c4a7b997ea"},"start_ts":"2025-10-09T06:35:00Z","end_ts":"2025-10-09T06:35:00Z","count":2,"temp_air":12.1,"hum_air":86.3,"ph":9.08,"temp_water":10.94,"distance_cm":36.3,"generated_at":"2025-10-09T06:40:50Z","inserted_at":"2025-10-09T06:40:50Z","ts":"2025-10-09T06:35:00Z"}
{"_id":{"$oid":"68e75b4a194704c4a7b997eb"},"start_ts":"2025-10-09T06:41:41Z","end_ts":"2025-10-09T06:48:20Z","count":4,"temp_air":12.05,"hum_air":86.4,"ph":9.11,"temp_water":10.845,"distance_cm":36.4,"generated_at":"2025-10-09T06:50:50Z","inserted_at":"2025-10-09T06:50:50Z","ts":"2025-10-09T06:48:20Z"}
{"_id":{"$oid":"68e75da2194704c4a7b997ec"},"start_ts":"2025-10-09T06:55:00Z","end_ts":"2025-10-09T06:55:00Z","count":2,"temp_air":11.9,"hum_air":86.5,"ph":9.13,"temp_water":10.75,"distance_cm":36.4,"generated_at":"2025-10-09T07:00:50Z","inserted_at":"2025-10-09T07:00:50Z","ts":"2025-10-09T06:55:00Z"}
{"_id":{"$oid":"68e75ffa194704c4a7b997ed"},"start_ts":"2025-10-09T07:01:40Z","end_ts":"2025-10-09T07:08:20Z","count":4,"temp_air":12.0,"hum_air":86.55,"ph":9.14,"temp_water":10.69,"distance_cm":36.349999999999994,"generated_at":"2025-10-09T07:10:50Z","inserted_at":"2025-10-09T07:10:50Z","ts":"2025-10-09T07:08:20Z"}
{"_id":{"$oid":"68e76252194704c4a7b997ee"},"start_ts":"2025-10-09T07:15:00Z","end_ts":"2025-10-09T07:15:00Z","count":2,"temp_air":12.0,"hum_air":86.4,"ph":9.18,"temp_water":10.62,"distance_cm":36.4,"generated_at":"2025-10-09T07:20:50Z","inserted_at":"2025-10-09T07:20:50Z","ts":"2025-10-09T07:15:00Z"}
{"_id":{"$oid":"68e764aa194704c4a7b997ef"},"start_ts":"2025-10-09T07:21:40Z","end_ts":"2025-10-09T07:28:20Z","count":4,"temp_air":11.95,"hum_air":86.5,"ph":9.205,"temp_water":10.59,"distance_cm":36.349999999999994,"generated_at":"2025-10-09T07:30:50Z","inserted_at":"2025-10-09T07:30:50Z","ts":"2025-10-09T07:28:20Z"}
{"_id":{"$oid":"68e76702194704c4a7b997f0"},"start_ts":"2025-10-09T07:35:00Z","end_ts":"2025-10-09T07:35:00Z","count":2,"temp_air":11.9,"hum_air":86.5,"ph":9.22,"temp_water":10.5,"distance_cm":36.3,"generated_at":"2025-10-09T07:40:50Z","inserted_at":"2025-10-09T07:40:50Z","ts":"2025-10-09T07:35:00Z"}
{"_id":{"$oid":"68e7695a194704c4a7b997f1"},"start_ts":"2025-10-09T07:41:40Z","end_ts":"2025-10-09T07:48:20Z","count":4,"temp_air":11.9,"hum_air":86.65,"ph":9.23,"temp_water":10.5,"distance_cm":36.3,"generated_at":"2025-10-09T07:50:50Z","inserted_at":"2025-10-09T07:50:50Z","ts":"2025-10-09T07:48:20Z"}
{"_id":{"$oid":"68e76bb2194704c4a7b997f2"},"start_ts":"2025-10-09T07:55:00Z","end_ts":"2025-10-09T07:55:00Z","count":2,"temp_air":11.8,"hum_air":86.3,"ph":9.24,"temp_water":10.44,"distance_cm":36.3,"generated_at":"2025-10-09T08:00:50Z","inserted_at":"2025-10-09T08:00:50Z","ts":"2025-10-09T07:55:00Z"}
{"_id":{"$oid":"68e76e0a194704c4a7b997f3"},"start_ts":"2025-10-09T08:01:40Z","end_ts":"2025-10-09T08:08:21Z","count":4,"temp_air":11.6,"hum_air":86.5,"ph":9.26,"temp_water":10.38,"distance_cm":36.4,"generated_at":"2025-10-09T08:10:50Z","inserted_at":"2025-10-09T08:10:50Z","ts":"2025-10-09T08:08:21Z"}
{"_id":{"$oid":"68e77062194704c4a7b997f4"},"start_ts":"2025-10-09T08:15:00Z","end_ts":"2025-10-09T08:15:00Z","count":2,"temp_air":11.6,"hum_air":86.3,"ph":9.27,"temp_water":10.31,"distance_cm":36.4,"generated_at":"2025-10-09T08:20:50Z","inserted_at":"2025-10-09T08:20:50Z","ts":"2025-10-09T08:15:00Z"}
{"_id":{"$oid":"68e772ba194704c4a7b997f5"},"start_ts":"2025-10-09T08:21:40Z","end_ts":"2025-10-09T08:28:20Z","count":4,"temp_air":11.350000000000001,"hum_air":86.35,"ph":9.28,"temp_water":10.25,"distance_cm":36.4,"generated_at":"2025-10-09T08:30:50Z","inserted_at":"2025-10-09T08:30:50Z","ts":"2025-10-09T08:28:20Z"}
{"_id":{"$oid":"68e77512194704c4a7b997f6"},"start_ts":"2025-10-09T08:35:00Z","end_ts":"2025-10-09T08:35:00Z","count":2,"temp_air":11.2,"hum_air":86.5,"ph":9.29,"temp_water":10.19,"distance_cm":36.4,"generated_at":"2025-10-09T08:40:50Z","inserted_at":"2025-10-09T08:40:50Z","ts":"2025-10-09T08:35:00Z"}
{"_id":{"$oid":"68e7776a194704c4a7b997f7"},"start_ts":"2025-10-09T08:41:40Z","end_ts":"2025-10-09T08:48:20Z","count":4,"temp_air":11.25,"hum_air":86.5,"ph":9.305,"temp_water":10.155,"distance_cm":36.4,"generated_at":"2025-10-09T08:50:50Z","inserted_at":"2025-10-09T08:50:50Z","ts":"2025-10-09T08:48:20Z"}
{"_id":{"$oid":"68e779c2194704c4a7b997f8"},"start_ts":"2025-10-09T08:55:00Z","end_ts":"2025-10-09T08:55:00Z","count":2,"temp_air":11.1,"hum_air":86.8,"ph":9.34,"temp_water":10.06,"distance_cm":36.4,"generated_at":"2025-10-09T09:00:50Z","inserted_at":"2025-10-09T09:00:50Z","ts":"2025-10-09T08:55:00Z"}
{"_id":{"$oid":"68e77c1a194704c4a7b997f9"},"start_ts":"2025-10-09T09:01:40Z","end_ts":"2025-10-09T09:08:20Z","count":4,"temp_air":11.05,"hum_air":86.9,"ph":9.379999999999999,"temp_water":10.0,"distance_cm":36.4,"generated_at":"2025-10-09T09:10:50Z","inserted_at":"2025-10-09T09:10:50Z","ts":"2025-10-09T09:08:20Z"}
{"_id":{"$oid":"68e77e72194704c4a7b997fa"},"start_ts":"2025-10-09T09:15:00Z","end_ts":"2025-10-09T09:15:00Z","count":2,"temp_air":11.1,"hum_air":86.9,"ph":9.4,"temp_water":9.94,"distance_cm":36.4,"generated_at":"2025-10-09T09:20:50Z","inserted_at":"2025-10-09T09:20:50Z","ts":"2025-10-09T09:15:00Z"}
{"_id":{"$oid":"68e780ca194704c4a7b997fb"},"start_ts":"2025-10-09T09:21:40Z","end_ts":"2025-10-09T09:28:20Z","count":4,"temp_air":11.149999999999999,"hum_air":86.85,"ph":9.415,"temp_water":9.94,"distance_cm":36.4,"generated_at":"2025-10-09T09:30:50Z","inserted_at":"2025-10-09T09:30:50Z","ts":"2025-10-09T09:28:20Z"}
{"_id":{"$oid":"68e78323194704c4a7b997fc"},"start_ts":"2025-10-09T09:35:00Z","end_ts":"2025-10-09T09:35:00Z","count":2,"temp_air":11.2,"hum_air":86.7,"ph":9.44,"temp_water":9.88,"distance_cm":36.4,"generated_at":"2025-10-09T09:40:51Z","inserted_at":"2025-10-09T09:40:51Z","ts":"2025-10-09T09:35:00Z"}
{"_id":{"$oid":"68e7857b194704c4a7b997fd"},"start_ts":"2025-10-09T09:41:40Z","end_ts":"2025-10-09T09:48:20Z","count":4,"temp_air":11.05,"hum_air":86.75,"ph":9.43,"temp_water":9.88,"distance_cm":36.4,"generated_at":"2025-10-09T09:50:51Z","inserted_at":"2025-10-09T09:50:51Z","ts":"2025-10-09T09:48:20Z"}
{"_id":{"$oid":"68e787d3194704c4a7b997fe"},"start_ts":"2025-10-09T09:55:01Z","end_ts":"2025-10-09T09:55:01Z","count":2,"temp_air":11.0,"hum_air":87.0,"ph":9.46,"temp_water":9.81,"distance_cm":36.4,"generated_at":"2025-10-09T10:00:51Z","inserted_at":"2025-10-09T10:00:51Z","ts":"2025-10-09T09:55:01Z"}
{"_id":{"$oid":"68e78a2b194704c4a7b997ff"},"start_ts":"2025-10-09T10:01:40Z","end_ts":"2025-10-09T10:08:20Z","count":4,"temp_air":11.05,"hum_air":86.9,"ph":9.434999999999999,"temp_water":9.780000000000001,"distance_cm":36.4,"generated_at":"2025-10-09T10:10:51Z","inserted_at":"2025-10-09T10:10:51Z","ts":"2025-10-09T10:08:20Z"}
{"_id":{"$oid":"68e78c83194704c4a7b99800"},"start_ts":"2025-10-09T10:15:00Z","end_ts":"2025-10-09T10:15:00Z","count":2,"temp_air":11.1,"hum_air":87.0,"ph":9.45,"temp_water":9.75,"distance_cm":36.4,"generated_at":"2025-10-09T10:20:51Z","inserted_at":"2025-10-09T10:20:51Z","ts":"2025-10-09T10:15:00Z"}
{"_id":{"$oid":"68e78edb194704c4a7b99801"},"start_ts":"2025-10-09T10:21:41Z","end_ts":"2025-10-09T10:28:21Z","count":4,"temp_air":11.2,"hum_air":86.85,"ph":9.475000000000001,"temp_water":9.780000000000001,"distance_cm":36.4,"generated_at":"2025-10-09T10:30:51Z","inserted_at":"2025-10-09T10:30:51Z","ts":"2025-10-09T10:28:21Z"}
{"_id":{"$oid":"68e79133194704c4a7b99802"},"start_ts":"2025-10-09T10:35:01Z","end_ts":"2025-10-09T10:35:01Z","count":2,"temp_air":11.3,"hum_air":86.8,"ph":9.49,"temp_water":9.75,"distance_cm":36.4,"generated_at":"2025-10-09T10:40:51Z","inserted_at":"2025-10-09T10:40:51Z","ts":"2025-10-09T10:35:01Z"}
{"_id":{"$oid":"68e7938b194704c4a7b99803"},"start_ts":"2025-10-09T10:41:41Z","end_ts":"2025-10-09T10:48:21Z","count":4,"temp_air":11.25,"hum_air":86.8,"ph":9.515,"temp_water":9.75,"distance_cm":36.4,"generated_at":"2025-10-09T10:50:51Z","inserted_at":"2025-10-09T10:50:51Z","ts":"2025-10-09T10:48:21Z"}
{"_id":{"$oid":"68e795e3194704c4a7b99804"},"start_ts":"2025-10-09T10:55:01Z","end_ts":"2025-10-09T10:55:01Z","count":2,"temp_air":11.3,"hum_air":87.1,"ph":9.51,"temp_water":9.75,"distance_cm":36.3,"generated_at":"2025-10-09T11:00:51Z","inserted_at":"2025-10-09T11:00:51Z","ts":"2025-10-09T10:55:01Z"}
{"_id":{"$oid":"68e7983b194704c4a7b99805"},"start_ts":"2025-10-09T11:01:41Z","end_ts":"2025-10-09T11:08:21Z","count":4,"temp_air":11.350000000000001,"hum_air":86.8,"ph":9.504999999999999,"temp_water":9.75,"distance_cm":36.4,"generated_at":"2025-10-09T11:10:51Z","inserted_at":"2025-10-09T11:10:51Z","ts":"2025-10-09T11:08:21Z"}
{"_id":{"$oid":"68e79a93194704c4a7b99806"},"start_ts":"2025-10-09T11:15:01Z","end_ts":"2025-10-09T11:15:01Z","count":2,"temp_air":11.5,"hum_air":86.5,"ph":9.47,"temp_water":9.75,"distance_cm":36.4,"generated_at":"2025-10-09T11:20:51Z","inserted_at":"2025-10-09T11:20:51Z","ts":"2025-10-09T11:15:01Z"}
{"_id":{"$oid":"68e79ceb194704c4a7b99807"},"start_ts":"2025-10-09T11:21:41Z","end_ts":"2025-10-09T11:28:21Z","count":4,"temp_air":11.649999999999999,"hum_air":86.4,"ph":9.46,"temp_water":9.75,"distance_cm":36.4,"generated_at":"2025-10-09T11:30:51Z","inserted_at":"2025-10-09T11:30:51Z","ts":"2025-10-09T11:28:21Z"}
{"_id":{"$oid":"68e79f43194704c4a7b99808"},"start_ts":"2025-10-09T11:35:01Z","end_ts":"2025-10-09T11:35:01Z","count":2,"temp_air":11.9,"hum_air":86.2,"ph":9.47,"temp_water":9.75,"distance_cm":36.4,"generated_at":"2025-10-09T11:40:51Z","inserted_at":"2025-10-09T11:40:51Z","ts":"2025-10-09T11:35:01Z"}
{"_id":{"$oid":"68e7a19b194704c4a7b99809"},"start_ts":"2025-10-09T11:41:41Z","end_ts":"2025-10-09T11:48:21Z","count":4,"temp_air":12.3,"hum_air":85.55000000000001,"ph":9.485,"temp_water":9.81,"distance_cm":36.349999999999994,"generated_at":"2025-10-09T11:50:51Z","inserted_at":"2025-10-09T11:50:51Z","ts":"2025-10-09T11:48:21Z"}
{"_id":{"$oid":"68e7a3f3194704c4a7b9980a"},"start_ts":"2025-10-09T11:55:01Z","end_ts":"2025-10-09T11:55:01Z","count":2,"temp_air":13.0,"hum_air":84.4,"ph":9.51,"temp_water":9.88,"distance_cm":36.3,"generated_at":"2025-10-09T12:00:51Z","inserted_at":"2025-10-09T12:00:51Z","ts":"2025-10-09T11:55:01Z"}
{"_id":{"$oid":"68e7a64b194704c4a7b9980b"},"start_ts":"2025-10-09T12:01:41Z","end_ts":"2025-10-09T12:08:21Z","count":4,"temp_air":13.65,"hum_air":83.0,"ph":9.55,"temp_water":9.969999999999999,"distance_cm":36.4,"generated_at":"2025-10-09T12:10:51Z","inserted_at":"2025-10-09T12:10:51Z","ts":"2025-10-09T12:08:21Z"}
{"_id":{"$oid":"68e7a8a3194704c4a7b9980c"},"start_ts":"2025-10-09T12:15:03Z","end_ts":"2025-10-09T12:15:03Z","count":2,"temp_air":14.3,"hum_air":81.6,"ph":9.61,"temp_water":10.12,"distance_cm":36.4,"generated_at":"2025-10-09T12:20:51Z","inserted_at":"2025-10-09T12:20:51Z","ts":"2025-10-09T12:15:03Z"}
{"_id":{"$oid":"68e7aafb194704c4a7b9980d"},"start_ts":"2025-10-09T12:21:41Z","end_ts":"2025-10-09T12:28:21Z","count":4,"temp_air":14.95,"hum_air":79.95,"ph":9.605,"temp_water":10.280000000000001,"distance_cm":36.349999999999994,"generated_at":"2025-10-09T12:30:51Z","inserted_at":"2025-10-09T12:30:51Z","ts":"2025-10-09T12:28:21Z"}
{"_id":{"$oid":"68e7ad53194704c4a7b9980e"},"start_ts":"2025-10-09T12:35:01Z","end_ts":"2025-10-09T12:35:01Z","count":2,"temp_air":15.5,"hum_air":77.9,"ph":9.61,"temp_water":10.44,"distance_cm":36.4,"generated_at":"2025-10-09T12:40:51Z","inserted_at":"2025-10-09T12:40:51Z","ts":"2025-10-09T12:35:01Z"}
{"_id":{"$oid":"68e7afab194704c4a7b9980f"},"start_ts":"2025-10-09T12:41:41Z","end_ts":"2025-10-09T12:48:21Z","count":4,"temp_air":16.25,"hum_air":77.80000000000001,"ph":9.61,"temp_water":10.625,"distance_cm":36.2,"generated_at":"2025-10-09T12:50:51Z","inserted_at":"2025-10-09T12:50:51Z","ts":"2025-10-09T12:48:21Z"}
{"_id":{"$oid":"68e7b203194704c4a7b99810"},"start_ts":"2025-10-09T12:55:02Z","end_ts":"2025-10-09T12:55:02Z","count":2,"temp_air":17.1,"hum_air":76.4,"ph":9.61,"temp_water":10.88,"distance_cm":35.7,"generated_at":"2025-10-09T13:00:51Z","inserted_at":"2025-10-09T13:00:51Z","ts":"2025-10-09T12:55:02Z"}
{"_id":{"$oid":"68e7b45b194704c4a7b99811"},"start_ts":"2025-10-09T13:01:43Z","end_ts":"2025-10-09T13:08:22Z","count":4,"temp_air":18.75,"hum_air":72.55,"ph":9.469999999999999,"temp_water":11.185,"distance_cm":38.95,"generated_at":"2025-10-09T13:10:51Z","inserted_at":"2025-10-09T13:10:51Z","ts":"2025-10-09T13:08:22Z"}
{"_id":{"$oid":"68e7b6b3194704c4a7b99812"},"start_ts":"2025-10-09T13:15:02Z","end_ts":"2025-10-09T13:15:02Z","count":2,"temp_air":20.7,"hum_air":67.4,"ph":9.39,"temp_water":11.5,"distance_cm":44.1,"generated_at":"2025-10-09T13:20:51Z","inserted_at":"2025-10-09T13:20:51Z","ts":"2025-10-09T13:15:02Z"}
{"_id":{"$oid":"68e7b90b194704c4a7b99813"},"start_ts":"2025-10-09T13:21:43Z","end_ts":"2025-10-09T13:28:22Z","count":4,"temp_air":22.1,"hum_air":63.1,"ph":9.45,"temp_water":11.5,"distance_cm":43.7,"generated_at":"2025-10-09T13:30:51Z","inserted_at":"2025-10-09T13:30:51Z","ts":"2025-10-09T13:28:22Z"}
{"_id":{"$oid":"68e7bb63194704c4a7b99814"},"start_ts":"2025-10-09T13:35:01Z","end_ts":"2025-10-09T13:35:01Z","count":2,"temp_air":22.3,"hum_air":62.6,"ph":9.42,"temp_water":11.81,"distance_cm":43.1,"generated_at":"2025-10-09T13:40:51Z","inserted_at":"2025-10-09T13:40:51Z","ts":"2025-10-09T13:35:01Z"}
{"_id":{"$oid":"68e7bdbb194704c4a7b99815"},"start_ts":"2025-10-09T13:41:41Z","end_ts":"2025-10-09T13:48:21Z","count":4,"temp_air":22.65,"hum_air":61.849999999999994,"ph":9.43,"temp_water":12.185,"distance_cm":42.25,"generated_at":"2025-10-09T13:50:51Z","inserted_at":"2025-10-09T13:50:51Z","ts":"2025-10-09T13:48:21Z"}
{"_id":{"$oid":"68e7c014194704c4a7b99816"},"start_ts":"2025-10-09T13:55:01Z","end_ts":"2025-10-09T13:55:01Z","count":2,"temp_air":25.9,"hum_air":57.7,"ph":9.42,"temp_water":12.69,"distance_cm":41.3,"generated_at":"2025-10-09T14:00:52Z","inserted_at":"2025-10-09T14:00:52Z","ts":"2025-10-09T13:55:01Z"}
{"_id":{"$oid":"68e7c26c194704c4a7b99817"},"start_ts":"2025-10-09T14:01:41Z","end_ts":"2025-10-09T14:08:21Z","count":4,"temp_air":29.7,"hum_air":52.3,"ph":9.385,"temp_water":13.19,"distance_cm":40.25,"generated_at":"2025-10-09T14:10:52Z","inserted_at":"2025-10-09T14:10:52Z","ts":"2025-10-09T14:08:21Z"}
{"_id":{"$oid":"68e7c4c4194704c4a7b99818"},"start_ts":"2025-10-09T14:15:01Z","end_ts":"2025-10-09T14:15:01Z","count":2,"temp_air":38.3,"hum_air":43.9,"ph":9.33,"temp_water":14.19,"distance_cm":41.5,"generated_at":"2025-10-09T14:20:52Z","inserted_at":"2025-10-09T14:20:52Z","ts":"2025-10-09T14:15:01Z"}
{"_id":{"$oid":"68e7c71c194704c4a7b99819"},"start_ts":"2025-10-09T14:21:41Z","end_ts":"2025-10-09T14:28:21Z","count":4,"temp_air":39.05,"hum_air":41.45,"ph":9.225,"temp_water":15.19,"distance_cm":47.5,"generated_at":"2025-10-09T14:30:52Z","inserted_at":"2025-10-09T14:30:52Z","ts":"2025-10-09T14:28:21Z"}
{"_id":{"$oid":"68e7c974194704c4a7b9981a"},"start_ts":"2025-10-09T14:35:01Z","end_ts":"2025-10-09T14:35:01Z","count":2,"temp_air":41.6,"hum_air":41.0,"ph":9.15,"temp_water":16.5,"distance_cm":46.7,"generated_at":"2025-10-09T14:40:52Z","inserted_at":"2025-10-09T14:40:52Z","ts":"2025-10-09T14:35:01Z"}
{"_id":{"$oid":"68e7cbcc194704c4a7b9981b"},"start_ts":"2025-10-09T14:41:41Z","end_ts":"2025-10-09T14:48:21Z","count":4,"temp_air":45.85,"hum_air":35.9,"ph":9.1,"temp_water":17.47,"distance_cm":45.75,"generated_at":"2025-10-09T14:50:52Z","inserted_at":"2025-10-09T14:50:52Z","ts":"2025-10-09T14:48:21Z"}
{"_id":{"$oid":"68e7ce24194704c4a7b9981c"},"start_ts":"2025-10-09T14:55:01Z","end_ts":"2025-10-09T14:55:01Z","count":2,"temp_air":45.8,"hum_air":35.5,"ph":9.15,"temp_water":18.38,"distance_cm":43.0,"generated_at":"2025-10-09T15:00:52Z","inserted_at":"2025-10-09T15:00:52Z","ts":"2025-10-09T14:55:01Z"}
{"_id":{"$oid":"68e7d07c194704c4a7b9981d"},"start_ts":"2025-10-09T15:01:41Z","end_ts":"2025-10-09T15:08:21Z","count":4,"temp_air":46.25,"hum_air":35.15,"ph":9.085,"ec":322.46,"temp_water":16.485,"distance_cm":41.45,"generated_at":"2025-10-09T15:10:52Z","inserted_at":"2025-10-09T15:10:52Z","ts":"2025-10-09T15:08:21Z"}
{"_id":{"$oid":"68e7d2d4194704c4a7b9981e"},"start_ts":"2025-10-09T15:15:01Z","end_ts":"2025-10-09T15:15:01Z","count":2,"temp_air":46.4,"hum_air":35.9,"ph":8.92,"temp_water":16.97,"distance_cm":40.1,"generated_at":"2025-10-09T15:20:52Z","inserted_at":"2025-10-09T15:20:52Z","ts":"2025-10-09T15:15:01Z"}
{"_id":{"$oid":"68e7d52c194704c4a7b9981f"},"start_ts":"2025-10-09T15:21:41Z","end_ts":"2025-10-09T15:21:41Z","count":2,"temp_air":45.2,"hum_air":36.3,"ph":8.97,"temp_water":17.25,"generated_at":"2025-10-09T15:30:52Z","inserted_at":"2025-10-09T15:30:52Z","ts":"2025-10-09T15:21:41Z"}
{"_id":{"$oid":"68e7d784194704c4a7b99820"},"start_ts":"2025-10-09T15:32:18Z","end_ts":"2025-10-09T15:38:59Z","count":4,"temp_air":43.2,"hum_air":35.599999999999994,"ph":8.82,"temp_water":18.925,"generated_at":"2025-10-09T15:40:52Z","inserted_at":"2025-10-09T15:40:52Z","ts":"2025-10-09T15:38:59Z"}
{"_id":{"$oid":"68e7d9dc194704c4a7b99821"},"start_ts":"2025-10-09T15:45:39Z","end_ts":"2025-10-09T15:45:39Z","count":2,"temp_air":43.4,"hum_air":37.2,"ph":8.8,"temp_water":19.75,"generated_at":"2025-10-09T15:50:52Z","inserted_at":"2025-10-09T15:50:52Z","ts":"2025-10-09T15:45:39Z"}
{"_id":{"$oid":"68e7dc34194704c4a7b99822"},"start_ts":"2025-10-09T15:52:20Z","end_ts":"2025-10-09T15:59:00Z","count":4,"temp_air":44.3,"hum_air":36.3,"ph":8.76,"temp_water":20.064999999999998,"generated_at":"2025-10-09T16:00:52Z","inserted_at":"2025-10-09T16:00:52Z","ts":"2025-10-09T15:59:00Z"}
{"_id":{"$oid":"68e7de8c194704c4a7b99823"},"start_ts":"2025-10-09T16:05:39Z","end_ts":"2025-10-09T16:05:39Z","count":2,"temp_air":42.2,"hum_air":34.6,"ph":8.7,"temp_water":20.25,"generated_at":"2025-10-09T16:10:52Z","inserted_at":"2025-10-09T16:10:52Z","ts":"2025-10-09T16:05:39Z"}
{"_id":{"$oid":"68e7e0e5194704c4a7b99824"},"start_ts":"2025-10-09T16:12:18Z","end_ts":"2025-10-09T16:18:59Z","count":4,"temp_air":42.150000000000006,"hum_air":37.85,"ph":8.495000000000001,"temp_water":20.405,"generated_at":"2025-10-09T16:20:53Z","inserted_at":"2025-10-09T16:20:53Z","ts":"2025-10-09T16:18:59Z"}
{"_id":{"$oid":"68e7e33d194704c4a7b99825"},"start_ts":"2025-10-09T16:25:39Z","end_ts":"2025-10-09T16:25:39Z","count":2,"temp_air":43.0,"hum_air":33.7,"ph":8.66,"temp_water":20.75,"generated_at":"2025-10-09T16:30:53Z","inserted_at":"2025-10-09T16:30:53Z","ts":"2025-10-09T16:25:39Z"}
{"_id":{"$oid":"68e7e595194704c4a7b99826"},"start_ts":"2025-10-09T16:32:19Z","end_ts":"2025-10-09T16:38:59Z","count":4,"temp_air":40.2,"hum_air":36.55,"ph":8.515,"temp_water":20.939999999999998,"generated_at":"2025-10-09T16:40:53Z","inserted_at":"2025-10-09T16:40:53Z","ts":"2025-10-09T16:38:59Z"}
{"_id":{"$oid":"68e7e7ed194704c4a7b99827"},"start_ts":"2025-10-09T16:45:39Z","end_ts":"2025-10-09T16:45:39Z","count":2,"temp_air":41.2,"hum_air":34.4,"ph":8.48,"temp_water":21.12,"generated_at":"2025-10-09T16:50:53Z","inserted_at":"2025-10-09T16:50:53Z","ts":"2025-10-09T16:45:39Z"}
{"_id":{"$oid":"68e7ea45194704c4a7b99828"},"start_ts":"2025-10-09T16:52:19Z","end_ts":"2025-10-09T16:58:59Z","count":4,"temp_air":38.95,"hum_air":36.05,"ph":8.53,"temp_water":21.485,"generated_at":"2025-10-09T17:00:53Z","inserted_at":"2025-10-09T17:00:53Z","ts":"2025-10-09T16:58:59Z"}
{"_id":{"$oid":"68e7ec9d194704c4a7b99829"},"start_ts":"2025-10-09T17:05:39Z","end_ts":"2025-10-09T17:05:39Z","count":2,"temp_air":36.1,"hum_air":37.1,"ph":8.46,"temp_water":21.44,"generated_at":"2025-10-09T17:10:53Z","inserted_at":"2025-10-09T17:10:53Z","ts":"2025-10-09T17:05:39Z"}
{"_id":{"$oid":"68e7eef5194704c4a7b9982a"},"start_ts":"2025-10-09T17:12:19Z","end_ts":"2025-10-09T17:18:59Z","count":4,"temp_air":34.849999999999994,"hum_air":39.6,"ph":8.49,"temp_water":21.36,"generated_at":"2025-10-09T17:20:53Z","inserted_at":"2025-10-09T17:20:53Z","ts":"2025-10-09T17:18:59Z"}
{"_id":{"$oid":"68e7f14d194704c4a7b9982b"},"start_ts":"2025-10-09T17:25:39Z","end_ts":"2025-10-09T17:25:39Z","count":2,"temp_air":37.1,"hum_air":39.2,"ph":8.48,"temp_water":21.53,"generated_at":"2025-10-09T17:30:53Z","inserted_at":"2025-10-09T17:30:53Z","ts":"2025-10-09T17:25:39Z"}
{"_id":{"$oid":"68e7f3a5194704c4a7b9982c"},"start_ts":"2025-10-09T17:32:19Z","end_ts":"2025-10-09T17:38:59Z","count":4,"temp_air":37.5,"hum_air":39.75,"ph":8.415,"temp_water":21.735,"generated_at":"2025-10-09T17:40:53Z","inserted_at":"2025-10-09T17:40:53Z","ts":"2025-10-09T17:38:59Z"}
{"_id":{"$oid":"68e7f5fd194704c4a7b9982d"},"start_ts":"2025-10-09T17:45:39Z","end_ts":"2025-10-09T17:45:39Z","count":2,"temp_air":36.7,"hum_air":39.5,"ph":8.45,"temp_water":21.81,"generated_at":"2025-10-09T17:50:53Z","inserted_at":"2025-10-09T17:50:53Z","ts":"2025-10-09T17:45:39Z"}
{"_id":{"$oid":"68e7f855194704c4a7b9982e"},"start_ts":"2025-10-09T17:52:19Z","end_ts":"2025-10-09T17:58:59Z","count":4,"temp_air":35.650000000000006,"hum_air":40.0,"ph":8.504999999999999,"temp_water":21.655,"generated_at":"2025-10-09T18:00:53Z","inserted_at":"2025-10-09T18:00:53Z","ts":"2025-10-09T17:58:59Z"}
{"_id":{"$oid":"68e7faad194704c4a7b9982f"},"start_ts":"2025-10-09T18:05:39Z","end_ts":"2025-10-09T18:05:39Z","count":2,"temp_air":35.2,"hum_air":42.1,"ph":8.47,"temp_water":21.5,"generated_at":"2025-10-09T18:10:53Z","inserted_at":"2025-10-09T18:10:53Z","ts":"2025-10-09T18:05:39Z"}
{"_id":{"$oid":"68e7fd06194704c4a7b99830"},"start_ts":"2025-10-09T18:12:19Z","end_ts":"2025-10-09T18:18:59Z","count":4,"temp_air":33.2,"hum_air":43.849999999999994,"ph":8.48,"temp_water":21.060000000000002,"generated_at":"2025-10-09T18:20:54Z","inserted_at":"2025-10-09T18:20:54Z","ts":"2025-10-09T18:18:59Z"}
{"_id":{"$oid":"68e7ff5e194704c4a7b99831"},"start_ts":"2025-10-09T18:25:39Z","end_ts":"2025-10-09T18:25:39Z","count":2,"temp_air":34.6,"hum_air":40.7,"ph":8.52,"temp_water":21.34,"generated_at":"2025-10-09T18:30:54Z","inserted_at":"2025-10-09T18:30:54Z","ts":"2025-10-09T18:25:39Z"}
{"_id":{"$oid":"68e801b7194704c4a7b99832"},"start_ts":"2025-10-09T18:32:19Z","end_ts":"2025-10-09T18:38:59Z","count":4,"temp_air":33.25,"hum_air":40.95,"ph":8.525,"temp_water":21.28,"generated_at":"2025-10-09T18:40:55Z","inserted_at":"2025-10-09T18:40:55Z","ts":"2025-10-09T18:38:59Z"}
{"_id":{"$oid":"68e8040f194704c4a7b99833"},"start_ts":"2025-10-09T18:45:39Z","end_ts":"2025-10-09T18:45:39Z","count":2,"temp_air":32.7,"hum_air":45.0,"ph":8.61,"temp_water":21.19,"generated_at":"2025-10-09T18:50:55Z","inserted_at":"2025-10-09T18:50:55Z","ts":"2025-10-09T18:45:39Z"}
{"_id":{"$oid":"68e80668194704c4a7b99834"},"start_ts":"2025-10-09T18:52:20Z","end_ts":"2025-10-09T18:58:59Z","count":4,"temp_air":32.55,"hum_air":45.65,"ph":8.705,"temp_water":21.155,"generated_at":"2025-10-09T19:00:56Z","inserted_at":"2025-10-09T19:00:56Z","ts":"2025-10-09T18:58:59Z"}
{"_id":{"$oid":"68e808c1194704c4a7b99835"},"start_ts":"2025-10-09T19:05:39Z","end_ts":"2025-10-09T19:05:39Z","count":2,"temp_air":32.1,"hum_air":46.3,"ph":8.68,"temp_water":21.0,"generated_at":"2025-10-09T19:10:57Z","inserted_at":"2025-10-09T19:10:57Z","ts":"2025-10-09T19:05:39Z"}
{"_id":{"$oid":"68e80b19194704c4a7b99836"},"start_ts":"2025-10-09T19:12:19Z","end_ts":"2025-10-09T19:19:00Z","count":4,"temp_air":31.4,"hum_air":46.55,"ph":8.65,"temp_water":20.795,"generated_at":"2025-10-09T19:20:57Z","inserted_at":"2025-10-09T19:20:57Z","ts":"2025-10-09T19:19:00Z"}
{"_id":{"$oid":"68e80d71194704c4a7b99837"},"start_ts":"2025-10-09T19:25:39Z","end_ts":"2025-10-09T19:25:39Z","count":2,"temp_air":31.1,"hum_air":46.3,"ph":8.68,"temp_water":20.88,"generated_at":"2025-10-09T19:30:57Z","inserted_at":"2025-10-09T19:30:57Z","ts":"2025-10-09T19:25:39Z"}
{"_id":{"$oid":"68e80fc9194704c4a7b99838"},"start_ts":"2025-10-09T19:32:19Z","end_ts":"2025-10-09T19:38:59Z","count":4,"temp_air":30.65,"hum_air":47.75,"ph":8.79,"temp_water":19.33,"generated_at":"2025-10-09T19:40:57Z","inserted_at":"2025-10-09T19:40:57Z","ts":"2025-10-09T19:38:59Z"}
{"_id":{"$oid":"68e81221194704c4a7b99839"},"start_ts":"2025-10-09T19:45:39Z","end_ts":"2025-10-09T19:45:39Z","count":2,"temp_air":28.7,"hum_air":48.5,"ph":8.82,"temp_water":19.12,"generated_at":"2025-10-09T19:50:57Z","inserted_at":"2025-10-09T19:50:57Z","ts":"2025-10-09T19:45:39Z"}
{"_id":{"$oid":"68e81479194704c4a7b9983a"},"start_ts":"2025-10-09T19:52:19Z","end_ts":"2025-10-09T19:58:59Z","count":4,"temp_air":26.9,"hum_air":49.55,"ph":8.855,"temp_water":18.955,"generated_at":"2025-10-09T20:00:57Z","inserted_at":"2025-10-09T20:00:57Z","ts":"2025-10-09T19:58:59Z"}
{"_id":{"$oid":"68e816d1194704c4a7b9983b"},"start_ts":"2025-10-09T20:05:39Z","end_ts":"2025-10-09T20:05:39Z","count":2,"temp_air":26.1,"hum_air":50.3,"ph":8.85,"temp_water":18.88,"generated_at":"2025-10-09T20:10:57Z","inserted_at":"2025-10-09T20:10:57Z","ts":"2025-10-09T20:05:39Z"}
{"_id":{"$oid":"68e81929194704c4a7b9983c"},"start_ts":"2025-10-09T20:12:19Z","end_ts":"2025-10-09T20:19:00Z","count":4,"temp_air":24.9,"hum_air":52.3,"ph":8.86,"temp_water":18.72,"generated_at":"2025-10-09T20:20:57Z","inserted_at":"2025-10-09T20:20:57Z","ts":"2025-10-09T20:19:00Z"}
{"_id":{"$oid":"68e81b81194704c4a7b9983d"},"start_ts":"2025-10-09T20:25:39Z","end_ts":"2025-10-09T20:25:39Z","count":2,"temp_air":24.5,"hum_air":54.3,"ph":8.88,"temp_water":18.59,"generated_at":"2025-10-09T20:30:57Z","inserted_at":"2025-10-09T20:30:57Z","ts":"2025-10-09T20:25:39Z"}
{"_id":{"$oid":"68e81dd9194704c4a7b9983e"},"start_ts":"2025-10-09T20:32:19Z","end_ts":"2025-10-09T20:38:59Z","count":4,"temp_air":23.35,"hum_air":53.7,"ph":8.925,"temp_water":18.33,"generated_at":"2025-10-09T20:40:57Z","inserted_at":"2025-10-09T20:40:57Z","ts":"2025-10-09T20:38:59Z"}
{"_id":{"$oid":"68e82031194704c4a7b9983f"},"start_ts":"2025-10-09T20:45:39Z","end_ts":"2025-10-09T20:45:39Z","count":2,"temp_air":22.6,"hum_air":55.4,"ph":8.99,"temp_water":17.84,"generated_at":"2025-10-09T20:50:57Z","inserted_at":"2025-10-09T20:50:57Z","ts":"2025-10-09T20:45:39Z"}
{"_id":{"$oid":"68e82289194704c4a7b99840"},"start_ts":"2025-10-09T20:52:19Z","end_ts":"2025-10-09T20:59:00Z","count":4,"temp_air":22.450000000000003,"hum_air":57.35,"ph":8.96,"temp_water":17.78,"generated_at":"2025-10-09T21:00:57Z","inserted_at":"2025-10-09T21:00:57Z","ts":"2025-10-09T20:59:00Z"}
{"_id":{"$oid":"68e824e1194704c4a7b99841"},"start_ts":"2025-10-09T21:05:39Z","end_ts":"2025-10-09T21:05:39Z","count":2,"temp_air":22.6,"hum_air":57.7,"ph":8.91,"temp_water":17.72,"generated_at":"2025-10-09T21:10:57Z","inserted_at":"2025-10-09T21:10:57Z","ts":"2025-10-09T21:05:39Z"}
{"_id":{"$oid":"68e82739194704c4a7b99842"},"start_ts":"2025-10-09T21:12:19Z","end_ts":"2025-10-09T21:18:59Z","count":4,"temp_air":22.6,"hum_air":56.900000000000006,"ph":8.91,"temp_water":17.64,"generated_at":"2025-10-09T21:20:57Z","inserted_at":"2025-10-09T21:20:57Z","ts":"2025-10-09T21:18:59Z"}
{"_id":{"$oid":"68e82991194704c4a7b99843"},"start_ts":"2025-10-09T21:25:39Z","end_ts":"2025-10-09T21:25:39Z","count":2,"temp_air":22.8,"hum_air":56.1,"ph":8.97,"temp_water":17.59,"generated_at":"2025-10-09T21:30:57Z","inserted_at":"2025-10-09T21:30:57Z","ts":"2025-10-09T21:25:39Z"}
{"_id":{"$oid":"68e82be9194704c4a7b99844"},"start_ts":"2025-10-09T21:32:19Z","end_ts":"2025-10-09T21:38:59Z","count":4,"temp_air":22.55,"hum_air":57.400000000000006,"ph":8.95,"temp_water":17.53,"generated_at":"2025-10-09T21:40:57Z","inserted_at":"2025-10-09T21:40:57Z","ts":"2025-10-09T21:38:59Z"}
{"_id":{"$oid":"68e82e41194704c4a7b99845"},"start_ts":"2025-10-09T21:45:39Z","end_ts":"2025-10-09T21:45:39Z","count":2,"temp_air":22.5,"hum_air":56.8,"ph":8.92,"temp_water":17.5,"generated_at":"2025-10-09T21:50:57Z","inserted_at":"2025-10-09T21:50:57Z","ts":"2025-10-09T21:45:39Z"}
{"_id":{"$oid":"68e83099194704c4a7b99846"},"start_ts":"2025-10-09T21:52:19Z","end_ts":"2025-10-09T21:59:00Z","count":4,"temp_air":20.9,"hum_air":58.0,"ph":9.120000000000001,"temp_water":17.36,"generated_at":"2025-10-09T22:00:57Z","inserted_at":"2025-10-09T22:00:57Z","ts":"2025-10-09T21:59:00Z"}
{"_id":{"$oid":"68e832f1194704c4a7b99847"},"start_ts":"2025-10-09T22:05:41Z","end_ts":"2025-10-09T22:05:41Z","count":2,"temp_air":19.9,"hum_air":60.0,"ph":9.15,"temp_water":17.19,"generated_at":"2025-10-09T22:10:57Z","inserted_at":"2025-10-09T22:10:57Z","ts":"2025-10-09T22:05:41Z"}
{"_id":{"$oid":"68e83549194704c4a7b99848"},"start_ts":"2025-10-09T22:12:19Z","end_ts":"2025-10-09T22:18:59Z","count":4,"temp_air":19.5,"hum_air":64.85,"ph":9.184999999999999,"temp_water":17.12,"generated_at":"2025-10-09T22:20:57Z","inserted_at":"2025-10-09T22:20:57Z","ts":"2025-10-09T22:18:59Z"}
{"_id":{"$oid":"68e839fa194704c4a7b99849"},"start_ts":"2025-10-09T22:32:21Z","end_ts":"2025-10-09T22:39:01Z","count":4,"temp_air":19.15,"hum_air":71.0,"ph":9.24,"temp_water":18.25,"generated_at":"2025-10-09T22:40:58Z","inserted_at":"2025-10-09T22:40:58Z","ts":"2025-10-09T22:39:01Z"}
{"_id":{"$oid":"68e83c52194704c4a7b9984a"},"start_ts":"2025-10-09T22:45:41Z","end_ts":"2025-10-09T22:45:41Z","count":2,"temp_air":18.5,"hum_air":72.6,"ph":9.27,"temp_water":18.06,"generated_at":"2025-10-09T22:50:58Z","inserted_at":"2025-10-09T22:50:58Z","ts":"2025-10-09T22:45:41Z"}
{"_id":{"$oid":"68e83eaa194704c4a7b9984b"},"start_ts":"2025-10-09T22:52:21Z","end_ts":"2025-10-09T22:59:02Z","count":4,"temp_air":18.25,"hum_air":75.35,"ph":9.29,"temp_water":17.845,"generated_at":"2025-10-09T23:00:58Z","inserted_at":"2025-10-09T23:00:58Z","ts":"2025-10-09T22:59:02Z"}
{"_id":{"$oid":"68e90a92194704c4a7b9984c"},"start_ts":"2025-10-10T13:23:15Z","end_ts":"2025-10-10T13:29:55Z","count":4,"temp_air":26.75,"hum_air":52.8,"level1":"alto","level2":"bajo","level3":"alto","level4":"bajo","generated_at":"2025-10-10T13:30:58Z","inserted_at":"2025-10-10T13:30:58Z","ts":"2025-10-10T13:29:55Z"}
{"_id":{"$oid":"68e90cea194704c4a7b9984d"},"start_ts":"2025-10-10T13:36:34Z","end_ts":"2025-10-10T13:36:34Z","count":2,"temp_air":27.6,"hum_air":51.3,"level1":"alto","level2":"bajo","level3":"alto","level4":"bajo","generated_at":"2025-10-10T13:40:58Z","inserted_at":"2025-10-10T13:40:58Z","ts":"2025-10-10T13:36:34Z"}
{"_id":{"$oid":"68e90f42194704c4a7b9984e"},"start_ts":"2025-10-10T13:43:14Z","end_ts":"2025-10-10T13:49:54Z","count":4,"temp_air":28.0,"hum_air":50.849999999999994,"level1":"alto","level2":"bajo","level3":"alto","level4":"bajo","generated_at":"2025-10-10T13:50:58Z","inserted_at":"2025-10-10T13:50:58Z","ts":"2025-10-10T13:49:54Z"}
{"_id":{"$oid":"68e9119a194704c4a7b9984f"},"start_ts":"2025-10-10T13:56:34Z","end_ts":"2025-10-10T13:56:34Z","count":2,"temp_air":28.1,"hum_air":50.1,"level1":"alto","level2":"bajo","level3":"alto","level4":"bajo","generated_at":"2025-10-10T14:00:58Z","inserted_at":"2025-10-10T14:00:58Z","ts":"2025-10-10T13:56:34Z"}
{"_id":{"$oid":"68e913f2194704c4a7b99850"},"start_ts":"2025-10-10T14:03:14Z","end_ts":"2025-10-10T14:09:54Z","count":4,"temp_air":28.3,"hum_air":50.0,"level1":"alto","level2":"bajo","level3":"alto","level4":"bajo","generated_at":"2025-10-10T14:10:58Z","inserted_at":"2025-10-10T14:10:58Z","ts":"2025-10-10T14:09:54Z"}
{"_id":{"$oid":"68e9164a194704c4a7b99851"},"start_ts":"2025-10-10T14:16:34Z","end_ts":"2025-10-10T14:16:34Z","count":2,"temp_air":28.3,"hum_air":50.0,"level1":"alto","level2":"bajo","level3":"alto","level4":"bajo","generated_at":"2025-10-10T14:20:58Z","inserted_at":"2025-10-10T14:20:58Z","ts":"2025-10-10T14:16:34Z"}
{"_id":{"$oid":"68e918a2194704c4a7b99852"},"start_ts":"2025-10-10T14:23:14Z","end_ts":"2025-10-10T14:29:54Z","count":4,"temp_air":28.3,"hum_air":50.05,"level1":"alto","level2":"bajo","level3":"alto","level4":"bajo","generated_at":"2025-10-10T14:30:58Z","inserted_at":"2025-10-10T14:30:58Z","ts":"2025-10-10T14:29:54Z"}
{"_id":{"$oid":"68e91afa194704c4a7b99853"},"start_ts":"2025-10-10T14:36:34Z","end_ts":"2025-10-10T14:36:34Z","count":2,"temp_air":26.6,"hum_air":52.7,"level1":"alto","level2":"bajo","level3":"alto","level4":"bajo","generated_at":"2025-10-10T14:40:58Z","inserted_at":"2025-10-10T14:40:58Z","ts":"2025-10-10T14:36:34Z"}
{"_id":{"$oid":"68e91d52194704c4a7b99854"},"start_ts":"2025-10-10T14:43:14Z","end_ts":"2025-10-10T14:49:54Z","count":4,"temp_air":22.35,"hum_air":61.2,"level1":"alto","level2":"bajo","level3":"alto","level4":"bajo","generated_at":"2025-10-10T14:50:58Z","inserted_at":"2025-10-10T14:50:58Z","ts":"2025-10-10T14:49:54Z"}
{"_id":{"$oid":"68e91faa194704c4a7b99855"},"start_ts":"2025-10-10T14:56:34Z","end_ts":"2025-10-10T14:56:34Z","count":2,"temp_air":21.0,"hum_air":64.4,"level1":"alto","level2":"bajo","level3":"alto","level4":"bajo","generated_at":"2025-10-10T15:00:58Z","inserted_at":"2025-10-10T15:00:58Z","ts":"2025-10-10T14:56:34Z"}
{"_id":{"$oid":"68e92202194704c4a7b99856"},"start_ts":"2025-10-10T15:03:14Z","end_ts":"2025-10-10T15:09:54Z","count":4,"temp_air":20.799999999999997,"hum_air":65.5,"level1":"alto","level2":"bajo","level3":"alto","level4":"bajo","generated_at":"2025-10-10T15:10:58Z","inserted_at":"2025-10-10T15:10:58Z","ts":"2025-10-10T15:09:54Z"}
{"_id":{"$oid":"68e9245a194704c4a7b99857"},"start_ts":"2025-10-10T15:16:34Z","end_ts":"2025-10-10T15:16:34Z","count":2,"temp_air":20.8,"hum_air":65.7,"level1":"alto","level2":"bajo","level3":"alto","level4":"bajo","generated_at":"2025-10-10T15:20:58Z","inserted_at":"2025-10-10T15:20:58Z","ts":"2025-10-10T15:16:34Z"}
{"_id":{"$oid":"68e926b2194704c4a7b99858"},"start_ts":"2025-10-10T15:23:14Z","end_ts":"2025-10-10T15:29:54Z","count":4,"temp_air":20.9,"hum_air":65.65,"level1":"alto","level2":"bajo","level3":"alto","level4":"bajo","generated_at":"2025-10-10T15:30:58Z","inserted_at":"2025-10-10T15:30:58Z","ts":"2025-10-10T15:29:54Z"}
{"_id":{"$oid":"68e9290a194704c4a7b99859"},"start_ts":"2025-10-10T15:36:34Z","end_ts":"2025-10-10T15:36:34Z","count":2,"temp_air":21.2,"hum_air":65.4,"generated_at":"2025-10-10T15:40:58Z","inserted_at":"2025-10-10T15:40:58Z","ts":"2025-10-10T15:36:34Z"}
{"_id":{"$oid":"68e92b62194704c4a7b9985a"},"start_ts":"2025-10-10T15:43:14Z","end_ts":"2025-10-10T15:49:54Z","count":4,"temp_air":21.4,"hum_air":64.75,"generated_at":"2025-10-10T15:50:58Z","inserted_at":"2025-10-10T15:50:58Z","ts":"2025-10-10T15:49:54Z"}
{"_id":{"$oid":"68e92dba194704c4a7b9985b"},"start_ts":"2025-10-10T15:56:34Z","end_ts":"2025-10-10T15:56:34Z","count":2,"temp_air":21.4,"hum_air":64.6,"level1":"alto","level2":"bajo","level3":"alto","level4":"bajo","generated_at":"2025-10-10T16:00:58Z","inserted_at":"2025-10-10T16:00:58Z","ts":"2025-10-10T15:56:34Z"}
{"_id":{"$oid":"68e93012194704c4a7b9985c"},"start_ts":"2025-10-10T16:03:14Z","end_ts":"2025-10-10T16:09:54Z","count":4,"temp_air":21.6,"hum_air":63.9,"level1":"alto","level2":"bajo","level3":"alto","level4":"bajo","generated_at":"2025-10-10T16:10:58Z","inserted_at":"2025-10-10T16:10:58Z","ts":"2025-10-10T16:09:54Z"}
{"_id":{"$oid":"68e9326a194704c4a7b9985d"},"start_ts":"2025-10-10T16:16:34Z","end_ts":"2025-10-10T16:16:34Z","count":2,"temp_air":21.9,"hum_air":63.6,"generated_at":"2025-10-10T16:20:58Z","inserted_at":"2025-10-10T16:20:58Z","ts":"2025-10-10T16:16:34Z"}
{"_id":{"$oid":"68e934c2194704c4a7b9985e"},"start_ts":"2025-10-10T16:23:14Z","end_ts":"2025-10-10T16:29:54Z","count":4,"temp_air":22.05,"hum_air":63.7,"level1":"alto","level2":"bajo","level3":"alto","level4":"bajo","generated_at":"2025-10-10T16:30:58Z","inserted_at":"2025-10-10T16:30:58Z","ts":"2025-10-10T16:29:54Z"}
{"_id":{"$oid":"68e9371a194704c4a7b9985f"},"start_ts":"2025-10-10T16:36:34Z","end_ts":"2025-10-10T16:36:34Z","count":2,"temp_air":22.3,"hum_air":63.2,"level1":"alto","level2":"bajo","level3":"alto","level4":"bajo","generated_at":"2025-10-10T16:40:58Z","inserted_at":"2025-10-10T16:40:58Z","ts":"2025-10-10T16:36:34Z"}
{"_id":{"$oid":"68e93972194704c4a7b99860"},"start_ts":"2025-10-10T16:43:14Z","end_ts":"2025-10-10T16:49:54Z","count":4,"temp_air":23.15,"hum_air":62.099999999999994,"level1":"alto","level2":"bajo","level3":"alto","level4":"alto","generated_at":"2025-10-10T16:50:58Z","inserted_at":"2025-10-10T16:50:58Z","ts":"2025-10-10T16:49:54Z"}
{"_id":{"$oid":"68e93bca194704c4a7b99861"},"start_ts":"2025-10-10T16:56:34Z","end_ts":"2025-10-10T16:56:34Z","count":2,"temp_air":23.8,"hum_air":61.0,"level1":"alto","level2":"bajo","level3":"alto","level4":"bajo","generated_at":"2025-10-10T17:00:58Z","inserted_at":"2025-10-10T17:00:58Z","ts":"2025-10-10T16:56:34Z"}
{"_id":{"$oid":"68ea3ff3194704c4a7b99862"},"start_ts":"2025-10-11T11:26:24Z","end_ts":"2025-10-11T11:26:24Z","count":2,"temp_air":11.8,"hum_air":86.1,"level1":"alto","level2":"bajo","level3":"alto","level4":"bajo","generated_at":"2025-10-11T11:30:59Z","inserted_at":"2025-10-11T11:30:59Z","ts":"2025-10-11T11:26:24Z"}
{"_id":{"$oid":"68ea424b194704c4a7b99863"},"start_ts":"2025-10-11T11:33:04Z","end_ts":"2025-10-11T11:39:44Z","count":4,"temp_air":12.149999999999999,"hum_air":85.6,"level1":"alto","level2":"bajo","level3":"alto","level4":"bajo","generated_at":"2025-10-11T11:40:59Z","inserted_at":"2025-10-11T11:40:59Z","ts":"2025-10-11T11:39:44Z"}
{"_id":{"$oid":"68ea44a3194704c4a7b99864"},"start_ts":"2025-10-11T11:46:24Z","end_ts":"2025-10-11T11:46:24Z","count":2,"temp_air":12.6,"hum_air":85.0,"level1":"alto","level2":"bajo","level3":"alto","level4":"bajo","generated_at":"2025-10-11T11:50:59Z","inserted_at":"2025-10-11T11:50:59Z","ts":"2025-10-11T11:46:24Z"}
{"_id":{"$oid":"68ea46fb194704c4a7b99865"},"start_ts":"2025-10-11T11:53:04Z","end_ts":"2025-10-11T11:59:44Z","count":4,"temp_air":13.35,"hum_air":83.69999999999999,"level1":"alto","level2":"bajo","level3":"alto","level4":"bajo","generated_at":"2025-10-11T12:00:59Z","inserted_at":"2025-10-11T12:00:59Z","ts":"2025-10-11T11:59:44Z"}
{"_id":{"$oid":"68ea4953194704c4a7b99866"},"start_ts":"2025-10-11T12:06:25Z","end_ts":"2025-10-11T12:06:25Z","count":2,"temp_air":13.5,"hum_air":82.9,"level1":"alto","level2":"bajo","level3":"alto","level4":"bajo","generated_at":"2025-10-11T12:10:59Z","inserted_at":"2025-10-11T12:10:59Z","ts":"2025-10-11T12:06:25Z"}
{"_id":{"$oid":"68ea4bab194704c4a7b99867"},"start_ts":"2025-10-11T12:13:05Z","end_ts":"2025-10-11T12:19:44Z","count":4,"temp_air":13.5,"hum_air":83.0,"level1":"alto","level2":"bajo","level3":"alto","level4":"bajo","generated_at":"2025-10-11T12:20:59Z","inserted_at":"2025-10-11T12:20:59Z","ts":"2025-10-11T12:19:44Z"}
{"_id":{"$oid":"68ea4e03194704c4a7b99868"},"start_ts":"2025-10-11T12:26:24Z","end_ts":"2025-10-11T12:26:24Z","count":2,"temp_air":13.8,"hum_air":82.7,"level1":"alto","level2":"bajo","level3":"alto","level4":"bajo","generated_at":"2025-10-11T12:30:59Z","inserted_at":"2025-10-11T12:30:59Z","ts":"2025-10-11T12:26:24Z"}
{"_id":{"$oid":"68ea505b194704c4a7b99869"},"start_ts":"2025-10-11T12:33:04Z","end_ts":"2025-10-11T12:39:44Z","count":4,"temp_air":14.35,"hum_air":82.05,"level1":"alto","level2":"bajo","level3":"alto","level4":"bajo","generated_at":"2025-10-11T12:40:59Z","inserted_at":"2025-10-11T12:40:59Z","ts":"2025-10-11T12:39:44Z"}
{"_id":{"$oid":"68ea52b3194704c4a7b9986a"},"start_ts":"2025-10-11T12:46:24Z","end_ts":"2025-10-11T12:46:24Z","count":2,"temp_air":14.9,"hum_air":80.5,"level1":"alto","level2":"bajo","level3":"alto","level4":"bajo","generated_at":"2025-10-11T12:50:59Z","inserted_at":"2025-10-11T12:50:59Z","ts":"2025-10-11T12:46:24Z"}
{"_id":{"$oid":"68ea550b194704c4a7b9986b"},"start_ts":"2025-10-11T12:53:04Z","end_ts":"2025-10-11T12:59:44Z","count":4,"temp_air":17.75,"hum_air":74.65,"level1":"alto","level2":"bajo","level3":"alto","level4":"bajo","generated_at":"2025-10-11T13:00:59Z","inserted_at":"2025-10-11T13:00:59Z","ts":"2025-10-11T12:59:44Z"}
{"_id":{"$oid":"68ea5763194704c4a7b9986c"},"start_ts":"2025-10-11T13:06:24Z","end_ts":"2025-10-11T13:06:24Z","count":2,"temp_air":19.7,"hum_air":69.4,"level1":"alto","level2":"bajo","level3":"alto","level4":"bajo","generated_at":"2025-10-11T13:10:59Z","inserted_at":"2025-10-11T13:10:59Z","ts":"2025-10-11T13:06:24Z"}
{"_id":{"$oid":"68ea59bb194704c4a7b9986d"},"start_ts":"2025-10-11T13:13:05Z","end_ts":"2025-10-11T13:19:44Z","count":4,"temp_air":21.45,"hum_air":62.9,"level1":"alto","level2":"bajo","level3":"alto","level4":"bajo","generated_at":"2025-10-11T13:20:59Z","inserted_at":"2025-10-11T13:20:59Z","ts":"2025-10-11T13:19:44Z"}
{"_id":{"$oid":"68ea5c13194704c4a7b9986e"},"start_ts":"2025-10-11T13:26:25Z","end_ts":"2025-10-11T13:26:25Z","count":2,"temp_air":22.3,"hum_air":63.2,"level1":"alto","level2":"bajo","level3":"alto","level4":"bajo","generated_at":"2025-10-11T13:30:59Z","inserted_at":"2025-10-11T13:30:59Z","ts":"2025-10-11T13:26:25Z"}
{"_id":{"$oid":"68ea5e6b194704c4a7b9986f"},"start_ts":"2025-10-11T13:33:04Z","end_ts":"2025-10-11T13:39:44Z","count":4,"temp_air":22.9,"hum_air":61.5,"level1":"alto","level2":"bajo","level3":"alto","level4":"bajo","generated_at":"2025-10-11T13:40:59Z","inserted_at":"2025-10-11T13:40:59Z","ts":"2025-10-11T13:39:44Z"}
{"_id":{"$oid":"68ea60c3194704c4a7b99870"},"start_ts":"2025-10-11T13:46:24Z","end_ts":"2025-10-11T13:46:24Z","count":2,"temp_air":25.0,"hum_air":59.2,"level1":"alto","level2":"bajo","level3":"alto","level4":"bajo","generated_at":"2025-10-11T13:50:59Z","inserted_at":"2025-10-11T13:50:59Z","ts":"2025-10-11T13:46:24Z"}
{"_id":{"$oid":"68ea631b194704c4a7b99871"},"start_ts":"2025-10-11T13:53:04Z","end_ts":"2025-10-11T13:59:44Z","count":4,"temp_air":24.5,"hum_air":59.75,"level1":"alto","level2":"bajo","level3":"alto","level4":"bajo","generated_at":"2025-10-11T14:00:59Z","inserted_at":"2025-10-11T14:00:59Z","ts":"2025-10-11T13:59:44Z"}
{"_id":{"$oid":"68ea6573194704c4a7b99872"},"start_ts":"2025-10-11T14:06:24Z","end_ts":"2025-10-11T14:06:24Z","count":2,"temp_air":24.2,"hum_air":59.4,"level1":"alto","level2":"bajo","level3":"alto","level4":"bajo","generated_at":"2025-10-11T14:10:59Z","inserted_at":"2025-10-11T14:10:59Z","ts":"2025-10-11T14:06:24Z"}
{"_id":{"$oid":"68ea67cb194704c4a7b99873"},"start_ts":"2025-10-11T14:13:06Z","end_ts":"2025-10-11T14:19:44Z","count":4,"temp_air":26.3,"hum_air":55.7,"level1":"alto","level2":"alto","level3":"alto","level4":"alto","generated_at":"2025-10-11T14:20:59Z","inserted_at":"2025-10-11T14:20:59Z","ts":"2025-10-11T14:19:44Z"}
{"_id":{"$oid":"68ea6a23194704c4a7b99874"},"start_ts":"2025-10-11T14:26:25Z","end_ts":"2025-10-11T14:26:25Z","count":2,"temp_air":28.6,"hum_air":54.8,"level1":"alto","level2":"bajo","level3":"alto","level4":"bajo","generated_at":"2025-10-11T14:30:59Z","inserted_at":"2025-10-11T14:30:59Z","ts":"2025-10-11T14:26:25Z"}
{"_id":{"$oid":"68ea6c7c194704c4a7b99875"},"start_ts":"2025-10-11T14:33:05Z","end_ts":"2025-10-11T14:39:45Z","count":4,"temp_air":30.75,"hum_air":50.3,"level1":"alto","level2":"bajo","level3":"alto","level4":"bajo","generated_at":"2025-10-11T14:41:00Z","inserted_at":"2025-10-11T14:41:00Z","ts":"2025-10-11T14:39:45Z"}
{"_id":{"$oid":"68ea6ed4194704c4a7b99876"},"start_ts":"2025-10-11T14:46:24Z","end_ts":"2025-10-11T14:46:24Z","count":2,"temp_air":27.8,"hum_air":52.9,"level1":"alto","level2":"bajo","level3":"alto","level4":"bajo","generated_at":"2025-10-11T14:51:00Z","inserted_at":"2025-10-11T14:51:00Z","ts":"2025-10-11T14:46:24Z"}
{"_id":{"$oid":"68ea712c194704c4a7b99877"},"start_ts":"2025-10-11T14:53:04Z","end_ts":"2025-10-11T14:59:44Z","count":4,"temp_air":28.0,"hum_air":52.25,"level1":"alto","level2":"bajo","level3":"alto","level4":"bajo","generated_at":"2025-10-11T15:01:00Z","inserted_at":"2025-10-11T15:01:00Z","ts":"2025-10-11T14:59:44Z"}
{"_id":{"$oid":"68ea7384194704c4a7b99878"},"start_ts":"2025-10-11T15:06:25Z","end_ts":"2025-10-11T15:06:25Z","count":2,"temp_air":27.5,"hum_air":54.9,"level1":"alto","level2":"bajo","level3":"alto","level4":"bajo","generated_at":"2025-10-11T15:11:00Z","inserted_at":"2025-10-11T15:11:00Z","ts":"2025-10-11T15:06:25Z"}
{"_id":{"$oid":"68ea75dc194704c4a7b99879"},"start_ts":"2025-10-11T15:13:04Z","end_ts":"2025-10-11T15:19:44Z","count":4,"temp_air":34.0,"hum_air":47.7,"level1":"alto","level2":"bajo","level3":"alto","level4":"bajo","generated_at":"2025-10-11T15:21:00Z","inserted_at":"2025-10-11T15:21:00Z","ts":"2025-10-11T15:19:44Z"}
{"_id":{"$oid":"68ea7834194704c4a7b9987a"},"start_ts":"2025-10-11T15:26:24Z","end_ts":"2025-10-11T15:26:24Z","count":2,"temp_air":37.5,"hum_air":44.9,"level1":"alto","level2":"bajo","level3":"alto","level4":"bajo","generated_at":"2025-10-11T15:31:00Z","inserted_at":"2025-10-11T15:31:00Z","ts":"2025-10-11T15:26:24Z"}
{"_id":{"$oid":"68ea7a8c194704c4a7b9987b"},"start_ts":"2025-10-11T15:33:04Z","end_ts":"2025-10-11T15:39:45Z","count":4,"temp_air":31.9,"hum_air":48.65,"level1":"alto","level2":"bajo","level3":"alto","level4":"bajo","generated_at":"2025-10-11T15:41:00Z","inserted_at":"2025-10-11T15:41:00Z","ts":"2025-10-11T15:39:45Z"}
{"_id":{"$oid":"68ea7ce4194704c4a7b9987c"},"start_ts":"2025-10-11T15:46:24Z","end_ts":"2025-10-11T15:46:24Z","count":2,"temp_air":28.1,"hum_air":53.4,"level1":"alto","level2":"bajo","level3":"alto","level4":"bajo","generated_at":"2025-10-11T15:51:00Z","inserted_at":"2025-10-11T15:51:00Z","ts":"2025-10-11T15:46:24Z"}
{"_id":{"$oid":"68ea7f3c194704c4a7b9987d"},"start_ts":"2025-10-11T15:53:05Z","end_ts":"2025-10-11T15:59:47Z","count":4,"temp_air":26.299999999999997,"hum_air":54.85,"level1":"alto","level2":"bajo","level3":"alto","level4":"bajo","generated_at":"2025-10-11T16:01:00Z","inserted_at":"2025-10-11T16:01:00Z","ts":"2025-10-11T15:59:47Z"}
{"_id":{"$oid":"68ea8194194704c4a7b9987e"},"start_ts":"2025-10-11T16:06:24Z","end_ts":"2025-10-11T16:06:24Z","count":2,"temp_air":26.0,"hum_air":56.3,"level1":"alto","level2":"bajo","level3":"alto","level4":"bajo","generated_at":"2025-10-11T16:11:00Z","inserted_at":"2025-10-11T16:11:00Z","ts":"2025-10-11T16:06:24Z"}
{"_id":{"$oid":"68ea83ec194704c4a7b9987f"},"start_ts":"2025-10-11T16:13:04Z","end_ts":"2025-10-11T16:19:44Z","count":4,"temp_air":26.1,"hum_air":54.5,"level1":"alto","level2":"bajo","level3":"alto","level4":"bajo","generated_at":"2025-10-11T16:21:00Z","inserted_at":"2025-10-11T16:21:00Z","ts":"2025-10-11T16:19:44Z"}
{"_id":{"$oid":"68ea8644194704c4a7b99880"},"start_ts":"2025-10-11T16:26:25Z","end_ts":"2025-10-11T16:26:25Z","count":2,"temp_air":26.5,"hum_air":54.9,"level1":"alto","level2":"bajo","level3":"alto","level4":"bajo","generated_at":"2025-10-11T16:31:00Z","inserted_at":"2025-10-11T16:31:00Z","ts":"2025-10-11T16:26:25Z"}
{"_id":{"$oid":"68ea889c194704c4a7b99881"},"start_ts":"2025-10-11T16:33:04Z","end_ts":"2025-10-11T16:39:44Z","count":4,"temp_air":27.0,"hum_air":54.3,"level1":"alto","level2":"bajo","level3":"alto","level4":"bajo","generated_at":"2025-10-11T16:41:00Z","inserted_at":"2025-10-11T16:41:00Z","ts":"2025-10-11T16:39:44Z"}
{"_id":{"$oid":"68ea8af4194704c4a7b99882"},"start_ts":"2025-10-11T16:46:24Z","end_ts":"2025-10-11T16:46:24Z","count":2,"temp_air":30.6,"hum_air":49.2,"level1":"alto","level2":"alto","level3":"alto","level4":"alto","generated_at":"2025-10-11T16:51:00Z","inserted_at":"2025-10-11T16:51:00Z","ts":"2025-10-11T16:46:24Z"}
{"_id":{"$oid":"68ea8d4c194704c4a7b99883"},"start_ts":"2025-10-11T16:53:05Z","end_ts":"2025-10-11T16:59:44Z","count":4,"temp_air":33.2,"hum_air":47.75,"level1":"alto","level2":"bajo","level3":"alto","level4":"bajo","generated_at":"2025-10-11T17:01:00Z","inserted_at":"2025-10-11T17:01:00Z","ts":"2025-10-11T16:59:44Z"}
{"_id":{"$oid":"68ea8fa4194704c4a7b99884"},"start_ts":"2025-10-11T17:06:24Z","end_ts":"2025-10-11T17:06:24Z","count":2,"temp_air":34.6,"hum_air":46.1,"level1":"alto","level2":"bajo","level3":"alto","level4":"bajo","generated_at":"2025-10-11T17:11:00Z","inserted_at":"2025-10-11T17:11:00Z","ts":"2025-10-11T17:06:24Z"}
{"_id":{"$oid":"68ea91fc194704c4a7b99885"},"start_ts":"2025-10-11T17:13:04Z","end_ts":"2025-10-11T17:19:44Z","count":4,"temp_air":31.55,"hum_air":47.8,"level1":"alto","level2":"bajo","level3":"alto","level4":"bajo","generated_at":"2025-10-11T17:21:00Z","inserted_at":"2025-10-11T17:21:00Z","ts":"2025-10-11T17:19:44Z"}
{"_id":{"$oid":"68ea9454194704c4a7b99886"},"start_ts":"2025-10-11T17:26:24Z","end_ts":"2025-10-11T17:26:24Z","count":2,"temp_air":24.7,"hum_air":58.2,"level1":"alto","level2":"bajo","level3":"alto","level4":"bajo","generated_at":"2025-10-11T17:31:00Z","inserted_at":"2025-10-11T17:31:00Z","ts":"2025-10-11T17:26:24Z"}
{"_id":{"$oid":"68ea96ac194704c4a7b99887"},"start_ts":"2025-10-11T17:33:05Z","end_ts":"2025-10-11T17:39:45Z","count":4,"temp_air":24.2,"hum_air":60.25,"level1":"alto","level2":"bajo","level3":"alto","level4":"bajo","generated_at":"2025-10-11T17:41:00Z","inserted_at":"2025-10-11T17:41:00Z","ts":"2025-10-11T17:39:45Z"}
{"_id":{"$oid":"68ea9904194704c4a7b99888"},"start_ts":"2025-10-11T17:46:25Z","end_ts":"2025-10-11T17:46:25Z","count":2,"temp_air":26.9,"hum_air":57.7,"level1":"alto","level2":"bajo","level3":"alto","level4":"bajo","generated_at":"2025-10-11T17:51:00Z","inserted_at":"2025-10-11T17:51:00Z","ts":"2025-10-11T17:46:25Z"}
{"_id":{"$oid":"68ea9b5c194704c4a7b99889"},"start_ts":"2025-10-11T17:53:05Z","end_ts":"2025-10-11T17:59:45Z","count":4,"temp_air":27.2,"hum_air":55.55,"level1":"alto","level2":"bajo","level3":"alto","level4":"bajo","generated_at":"2025-10-11T18:01:00Z","inserted_at":"2025-10-11T18:01:00Z","ts":"2025-10-11T17:59:45Z"}
{"_id":{"$oid":"68ea9db4194704c4a7b9988a"},"start_ts":"2025-10-11T18:06:24Z","end_ts":"2025-10-11T18:06:24Z","count":2,"temp_air":26.3,"hum_air":55.1,"level1":"alto","level2":"alto","level3":"alto","level4":"alto","generated_at":"2025-10-11T18:11:00Z","inserted_at":"2025-10-11T18:11:00Z","ts":"2025-10-11T18:06:24Z"}
{"_id":{"$oid":"68eaa00c194704c4a7b9988b"},"start_ts":"2025-10-11T18:13:05Z","end_ts":"2025-10-11T18:19:44Z","count":4,"temp_air":24.85,"hum_air":57.400000000000006,"level1":"alto","level2":"bajo","level3":"alto","level4":"bajo","generated_at":"2025-10-11T18:21:00Z","inserted_at":"2025-10-11T18:21:00Z","ts":"2025-10-11T18:19:44Z"}
{"_id":{"$oid":"68eaa264194704c4a7b9988c"},"start_ts":"2025-10-11T18:26:26Z","end_ts":"2025-10-11T18:26:26Z","count":2,"temp_air":22.9,"hum_air":61.0,"level1":"alto","level2":"bajo","level3":"alto","level4":"bajo","generated_at":"2025-10-11T18:31:00Z","inserted_at":"2025-10-11T18:31:00Z","ts":"2025-10-11T18:26:26Z"}
{"_id":{"$oid":"68eaa4bc194704c4a7b9988d"},"start_ts":"2025-10-11T18:33:05Z","end_ts":"2025-10-11T18:39:44Z","count":4,"temp_air":21.700000000000003,"hum_air":63.1,"level1":"alto","level2":"bajo","level3":"alto","level4":"bajo","generated_at":"2025-10-11T18:41:00Z","inserted_at":"2025-10-11T18:41:00Z","ts":"2025-10-11T18:39:44Z"}
{"_id":{"$oid":"68eaa714194704c4a7b9988e"},"start_ts":"2025-10-11T18:46:25Z","end_ts":"2025-10-11T18:46:25Z","count":2,"temp_air":20.8,"hum_air":65.9,"level1":"alto","level2":"bajo","level3":"alto","level4":"bajo","generated_at":"2025-10-11T18:51:00Z","inserted_at":"2025-10-11T18:51:00Z","ts":"2025-10-11T18:46:25Z"}
{"_id":{"$oid":"68eaa96d194704c4a7b9988f"},"start_ts":"2025-10-11T18:53:06Z","end_ts":"2025-10-11T18:59:44Z","count":4,"temp_air":21.75,"hum_air":62.75,"level1":"alto","level2":"bajo","level3":"alto","level4":"bajo","generated_at":"2025-10-11T19:01:01Z","inserted_at":"2025-10-11T19:01:01Z","ts":"2025-10-11T18:59:44Z"}
{"_id":{"$oid":"68eaabc5194704c4a7b99890"},"start_ts":"2025-10-11T19:06:24Z","end_ts":"2025-10-11T19:06:24Z","count":2,"temp_air":22.9,"hum_air":60.6,"level1":"alto","level2":"bajo","level3":"alto","level4":"bajo","generated_at":"2025-10-11T19:11:01Z","inserted_at":"2025-10-11T19:11:01Z","ts":"2025-10-11T19:06:24Z"}
{"_id":{"$oid":"68eaae1d194704c4a7b99891"},"start_ts":"2025-10-11T19:13:04Z","end_ts":"2025-10-11T19:19:45Z","count":4,"temp_air":24.1,"hum_air":58.7,"level1":"alto","level2":"alto","level3":"alto","level4":"alto","generated_at":"2025-10-11T19:21:01Z","inserted_at":"2025-10-11T19:21:01Z","ts":"2025-10-11T19:19:45Z"}
{"_id":{"$oid":"68eab075194704c4a7b99892"},"start_ts":"2025-10-11T19:26:25Z","end_ts":"2025-10-11T19:26:25Z","count":2,"temp_air":25.9,"hum_air":57.5,"level1":"alto","level2":"bajo","level3":"alto","level4":"alto","generated_at":"2025-10-11T19:31:01Z","inserted_at":"2025-10-11T19:31:01Z","ts":"2025-10-11T19:26:25Z"}
{"_id":{"$oid":"68eab2cd194704c4a7b99893"},"start_ts":"2025-10-11T19:33:05Z","end_ts":"2025-10-11T19:39:45Z","count":4,"temp_air":24.049999999999997,"hum_air":59.0,"level1":"alto","level2":"bajo","level3":"alto","level4":"bajo","generated_at":"2025-10-11T19:41:01Z","inserted_at":"2025-10-11T19:41:01Z","ts":"2025-10-11T19:39:45Z"}
{"_id":{"$oid":"68eab525194704c4a7b99894"},"start_ts":"2025-10-11T19:46:25Z","end_ts":"2025-10-11T19:46:25Z","count":2,"temp_air":24.0,"hum_air":59.6,"level1":"alto","level2":"bajo","level3":"alto","level4":"bajo","generated_at":"2025-10-11T19:51:01Z","inserted_at":"2025-10-11T19:51:01Z","ts":"2025-10-11T19:46:25Z"}
{"_id":{"$oid":"68eab77d194704c4a7b99895"},"start_ts":"2025-10-11T19:53:05Z","end_ts":"2025-10-11T19:59:45Z","count":4,"temp_air":21.8,"hum_air":63.4,"level1":"alto","level2":"bajo","level3":"alto","level4":"bajo","generated_at":"2025-10-11T20:01:01Z","inserted_at":"2025-10-11T20:01:01Z","ts":"2025-10-11T19:59:45Z"}
{"_id":{"$oid":"68eab9d5194704c4a7b99896"},"start_ts":"2025-10-11T20:06:25Z","end_ts":"2025-10-11T20:06:25Z","count":2,"temp_air":20.3,"hum_air":66.7,"level1":"alto","level2":"bajo","level3":"alto","level4":"bajo","generated_at":"2025-10-11T20:11:01Z","inserted_at":"2025-10-11T20:11:01Z","ts":"2025-10-11T20:06:25Z"}
{"_id":{"$oid":"68eabc2d194704c4a7b99897"},"start_ts":"2025-10-11T20:13:05Z","end_ts":"2025-10-11T20:19:45Z","count":4,"temp_air":20.45,"hum_air":67.5,"level1":"alto","level2":"bajo","level3":"alto","level4":"bajo","generated_at":"2025-10-11T20:21:01Z","inserted_at":"2025-10-11T20:21:01Z","ts":"2025-10-11T20:19:45Z"}
{"_id":{"$oid":"68eabe85194704c4a7b99898"},"start_ts":"2025-10-11T20:26:25Z","end_ts":"2025-10-11T20:26:25Z","count":2,"temp_air":21.7,"hum_air":65.7,"level1":"alto","level2":"alto","level3":"alto","level4":"alto","generated_at":"2025-10-11T20:31:01Z","inserted_at":"2025-10-11T20:31:01Z","ts":"2025-10-11T20:26:25Z"}
{"_id":{"$oid":"68eac0dd194704c4a7b99899"},"start_ts":"2025-10-11T20:33:05Z","end_ts":"2025-10-11T20:39:45Z","count":4,"temp_air":22.450000000000003,"hum_air":63.45,"level1":"alto","level2":"bajo","level3":"alto","level4":"bajo","generated_at":"2025-10-11T20:41:01Z","inserted_at":"2025-10-11T20:41:01Z","ts":"2025-10-11T20:39:45Z"}
{"_id":{"$oid":"68eac335194704c4a7b9989a"},"start_ts":"2025-10-11T20:46:25Z","end_ts":"2025-10-11T20:46:25Z","count":2,"temp_air":22.9,"hum_air":63.6,"level1":"alto","level2":"bajo","level3":"alto","level4":"bajo","generated_at":"2025-10-11T20:51:01Z","inserted_at":"2025-10-11T20:51:01Z","ts":"2025-10-11T20:46:25Z"}
{"_id":{"$oid":"68eac58d194704c4a7b9989b"},"start_ts":"2025-10-11T20:53:05Z","end_ts":"2025-10-11T20:59:47Z","count":4,"temp_air":22.9,"hum_air":62.599999999999994,"level1":"alto","level2":"bajo","level3":"alto","level4":"bajo","generated_at":"2025-10-11T21:01:01Z","inserted_at":"2025-10-11T21:01:01Z","ts":"2025-10-11T20:59:47Z"}
{"_id":{"$oid":"68eac7e5194704c4a7b9989c"},"start_ts":"2025-10-11T21:06:25Z","end_ts":"2025-10-11T21:06:25Z","count":2,"temp_air":21.1,"hum_air":64.9,"level1":"alto","level2":"bajo","level3":"alto","level4":"bajo","generated_at":"2025-10-11T21:11:01Z","inserted_at":"2025-10-11T21:11:01Z","ts":"2025-10-11T21:06:25Z"}
{"_id":{"$oid":"68eaca3d194704c4a7b9989d"},"start_ts":"2025-10-11T21:13:05Z","end_ts":"2025-10-11T21:19:45Z","count":4,"temp_air":21.3,"hum_air":66.2,"level1":"alto","level2":"bajo","level3":"alto","level4":"bajo","generated_at":"2025-10-11T21:21:01Z","inserted_at":"2025-10-11T21:21:01Z","ts":"2025-10-11T21:19:45Z"}
{"_id":{"$oid":"68eacc95194704c4a7b9989e"},"start_ts":"2025-10-11T21:26:25Z","end_ts":"2025-10-11T21:26:25Z","count":2,"temp_air":21.6,"hum_air":64.9,"level1":"alto","level2":"bajo","level3":"alto","level4":"bajo","generated_at":"2025-10-11T21:31:01Z","inserted_at":"2025-10-11T21:31:01Z","ts":"2025-10-11T21:26:25Z"}
{"_id":{"$oid":"68eaceed194704c4a7b9989f"},"start_ts":"2025-10-11T21:33:05Z","end_ts":"2025-10-11T21:39:45Z","count":4,"temp_air":21.35,"hum_air":65.3,"level1":"alto","level2":"alto","level3":"alto","level4":"bajo","generated_at":"2025-10-11T21:41:01Z","inserted_at":"2025-10-11T21:41:01Z","ts":"2025-10-11T21:39:45Z"}
{"_id":{"$oid":"68ead145194704c4a7b998a0"},"start_ts":"2025-10-11T21:46:25Z","end_ts":"2025-10-11T21:46:25Z","count":2,"temp_air":20.7,"hum_air":66.6,"level1":"alto","level2":"alto","level3":"alto","level4":"alto","generated_at":"2025-10-11T21:51:01Z","inserted_at":"2025-10-11T21:51:01Z","ts":"2025-10-11T21:46:25Z"}
{"_id":{"$oid":"68ead39d194704c4a7b998a1"},"start_ts":"2025-10-11T21:53:05Z","end_ts":"2025-10-11T21:59:46Z","count":4,"temp_air":18.700000000000003,"hum_air":71.69999999999999,"level1":"alto","level2":"bajo","level3":"alto","level4":"bajo","generated_at":"2025-10-11T22:01:01Z","inserted_at":"2025-10-11T22:01:01Z","ts":"2025-10-11T21:59:46Z"}
{"_id":{"$oid":"68ead5f5194704c4a7b998a2"},"start_ts":"2025-10-11T22:06:25Z","end_ts":"2025-10-11T22:06:25Z","count":2,"temp_air":17.8,"hum_air":74.1,"level1":"alto","level2":"bajo","level3":"alto","level4":"bajo","generated_at":"2025-10-11T22:11:01Z","inserted_at":"2025-10-11T22:11:01Z","ts":"2025-10-11T22:06:25Z"}
{"_id":{"$oid":"68ead84d194704c4a7b998a3"},"start_ts":"2025-10-11T22:13:05Z","end_ts":"2025-10-11T22:19:45Z","count":4,"temp_air":17.549999999999997,"hum_air":74.75,"level1":"alto","level2":"bajo","level3":"alto","level4":"bajo","generated_at":"2025-10-11T22:21:01Z","inserted_at":"2025-10-11T22:21:01Z","ts":"2025-10-11T22:19:45Z"}
{"_id":{"$oid":"68eadaa5194704c4a7b998a4"},"start_ts":"2025-10-11T22:26:25Z","end_ts":"2025-10-11T22:26:25Z","count":2,"temp_air":17.4,"hum_air":75.8,"level1":"alto","level2":"bajo","level3":"alto","level4":"bajo","generated_at":"2025-10-11T22:31:01Z","inserted_at":"2025-10-11T22:31:01Z","ts":"2025-10-11T22:26:25Z"}
{"_id":{"$oid":"68eadcfd194704c4a7b998a5"},"start_ts":"2025-10-11T22:33:07Z","end_ts":"2025-10-11T22:39:45Z","count":4,"temp_air":16.5,"hum_air":76.95,"level1":"alto","level2":"bajo","level3":"alto","level4":"bajo","generated_at":"2025-10-11T22:41:01Z","inserted_at":"2025-10-11T22:41:01Z","ts":"2025-10-11T22:39:45Z"}
{"_id":{"$oid":"68eadf55194704c4a7b998a6"},"start_ts":"2025-10-11T22:46:25Z","end_ts":"2025-10-11T22:46:25Z","count":2,"temp_air":15.4,"hum_air":79.5,"level1":"alto","level2":"bajo","level3":"alto","level4":"bajo","generated_at":"2025-10-11T22:51:01Z","inserted_at":"2025-10-11T22:51:01Z","ts":"2025-10-11T22:46:25Z"}
{"_id":{"$oid":"68eae1ad194704c4a7b998a7"},"start_ts":"2025-10-11T22:53:05Z","end_ts":"2025-10-11T22:59:45Z","count":4,"temp_air":14.8,"hum_air":81.8,"level1":"alto","level2":"bajo","level3":"alto","level4":"bajo","generated_at":"2025-10-11T23:01:01Z","inserted_at":"2025-10-11T23:01:01Z","ts":"2025-10-11T22:59:45Z"}
{"_id":{"$oid":"68eae405194704c4a7b998a8"},"start_ts":"2025-10-11T23:06:26Z","end_ts":"2025-10-11T23:06:26Z","count":2,"temp_air":14.4,"hum_air":83.2,"level1":"alto","level2":"bajo","level3":"alto","level4":"bajo","generated_at":"2025-10-11T23:11:01Z","inserted_at":"2025-10-11T23:11:01Z","ts":"2025-10-11T23:06:26Z"}
{"_id":{"$oid":"68eae65d194704c4a7b998a9"},"start_ts":"2025-10-11T23:13:05Z","end_ts":"2025-10-11T23:19:45Z","count":4,"temp_air":14.149999999999999,"hum_air":83.75,"level1":"alto","level2":"bajo","level3":"alto","level4":"bajo","generated_at":"2025-10-11T23:21:01Z","inserted_at":"2025-10-11T23:21:01Z","ts":"2025-10-11T23:19:45Z"}
{"_id":{"$oid":"68eae8b6194704c4a7b998aa"},"start_ts":"2025-10-11T23:26:25Z","end_ts":"2025-10-11T23:26:25Z","count":2,"temp_air":14.0,"hum_air":84.0,"level1":"alto","level2":"bajo","level3":"alto","level4":"bajo","generated_at":"2025-10-11T23:31:02Z","inserted_at":"2025-10-11T23:31:02Z","ts":"2025-10-11T23:26:25Z"}
{"_id":{"$oid":"68eaeb0e194704c4a7b998ab"},"start_ts":"2025-10-11T23:33:06Z","end_ts":"2025-10-11T23:39:45Z","count":4,"temp_air":13.8,"hum_air":84.6,"level1":"alto","level2":"bajo","level3":"alto","level4":"bajo","generated_at":"2025-10-11T23:41:02Z","inserted_at":"2025-10-11T23:41:02Z","ts":"2025-10-11T23:39:45Z"}
{"_id":{"$oid":"68eaed66194704c4a7b998ac"},"start_ts":"2025-10-11T23:46:25Z","end_ts":"2025-10-11T23:46:25Z","count":2,"temp_air":13.7,"hum_air":85.0,"level1":"alto","level2":"bajo","level3":"alto","level4":"bajo","generated_at":"2025-10-11T23:51:02Z","inserted_at":"2025-10-11T23:51:02Z","ts":"2025-10-11T23:46:25Z"}
{"_id":{"$oid":"68eaefbe194704c4a7b998ad"},"start_ts":"2025-10-11T23:53:06Z","end_ts":"2025-10-11T23:59:46Z","count":4,"temp_air":13.649999999999999,"hum_air":85.25,"level1":"alto","level2":"bajo","level3":"alto","level4":"bajo","generated_at":"2025-10-12T00:01:02Z","inserted_at":"2025-10-12T00:01:02Z","ts":"2025-10-11T23:59:46Z"}
{"_id":{"$oid":"68eaf216194704c4a7b998ae"},"start_ts":"2025-10-12T00:06:25Z","end_ts":"2025-10-12T00:06:25Z","count":2,"temp_air":13.7,"hum_air":85.7,"level1":"alto","level2":"bajo","level3":"alto","level4":"bajo","generated_at":"2025-10-12T00:11:02Z","inserted_at":"2025-10-12T00:11:02Z","ts":"2025-10-12T00:06:25Z"}
{"_id":{"$oid":"68eaf46e194704c4a7b998af"},"start_ts":"2025-10-12T00:13:06Z","end_ts":"2025-10-12T00:19:46Z","count":4,"temp_air":13.7,"hum_air":85.5,"level1":"alto","level2":"bajo","level3":"alto","level4":"bajo","generated_at":"2025-10-12T00:21:02Z","inserted_at":"2025-10-12T00:21:02Z","ts":"2025-10-12T00:19:46Z"}
{"_id":{"$oid":"68eaf6c6194704c4a7b998b0"},"start_ts":"2025-10-12T00:26:25Z","end_ts":"2025-10-12T00:26:25Z","count":2,"temp_air":13.7,"hum_air":85.6,"level1":"alto","level2":"bajo","level3":"alto","level4":"bajo","generated_at":"2025-10-12T00:31:02Z","inserted_at":"2025-10-12T00:31:02Z","ts":"2025-10-12T00:26:25Z"}
{"_id":{"$oid":"68eaf91e194704c4a7b998b1"},"start_ts":"2025-10-12T00:33:06Z","end_ts":"2025-10-12T00:39:46Z","count":4,"temp_air":13.8,"hum_air":85.55,"level1":"alto","level2":"bajo","level3":"alto","level4":"bajo","generated_at":"2025-10-12T00:41:02Z","inserted_at":"2025-10-12T00:41:02Z","ts":"2025-10-12T00:39:46Z"}
{"_id":{"$oid":"68eafb76194704c4a7b998b2"},"start_ts":"2025-10-12T00:46:26Z","end_ts":"2025-10-12T00:46:26Z","count":2,"temp_air":13.8,"hum_air":85.6,"level1":"alto","level2":"bajo","level3":"alto","level4":"bajo","generated_at":"2025-10-12T00:51:02Z","inserted_at":"2025-10-12T00:51:02Z","ts":"2025-10-12T00:46:26Z"}
{"_id":{"$oid":"68eafdce194704c4a7b998b3"},"start_ts":"2025-10-12T00:53:05Z","end_ts":"2025-10-12T00:59:46Z","count":4,"temp_air":13.9,"hum_air":85.75,"level1":"alto","level2":"bajo","level3":"alto","level4":"bajo","generated_at":"2025-10-12T01:01:02Z","inserted_at":"2025-10-12T01:01:02Z","ts":"2025-10-12T00:59:46Z"}
{"_id":{"$oid":"68eb0026194704c4a7b998b4"},"start_ts":"2025-10-12T01:06:26Z","end_ts":"2025-10-12T01:06:26Z","count":2,"temp_air":14.1,"hum_air":85.7,"level1":"alto","level2":"bajo","level3":"alto","level4":"bajo","generated_at":"2025-10-12T01:11:02Z","inserted_at":"2025-10-12T01:11:02Z","ts":"2025-10-12T01:06:26Z"}
{"_id":{"$oid":"68eb027e194704c4a7b998b5"},"start_ts":"2025-10-12T01:13:07Z","end_ts":"2025-10-12T01:19:59Z","count":8,"temp_air":14.275,"hum_air":85.6,"level1":"alto","level2":"bajo","level3":"alto","level4":"bajo","generated_at":"2025-10-12T01:21:02Z","inserted_at":"2025-10-12T01:21:02Z","ts":"2025-10-12T01:19:59Z"}
{"_id":{"$oid":"68eb04d6194704c4a7b998b6"},"start_ts":"2025-10-12T01:26:26Z","end_ts":"2025-10-12T01:26:26Z","count":2,"temp_air":14.4,"hum_air":85.2,"level1":"alto","level2":"bajo","level3":"alto","level4":"bajo","generated_at":"2025-10-12T01:31:02Z","inserted_at":"2025-10-12T01:31:02Z","ts":"2025-10-12T01:26:26Z"}
{"_id":{"$oid":"68eb072e194704c4a7b998b7"},"start_ts":"2025-10-12T01:33:07Z","end_ts":"2025-10-12T01:39:47Z","count":4,"temp_air":14.5,"hum_air":85.15,"level1":"alto","level2":"bajo","level3":"alto","level4":"bajo","generated_at":"2025-10-12T01:41:02Z","inserted_at":"2025-10-12T01:41:02Z","ts":"2025-10-12T01:39:47Z"}
{"_id":{"$oid":"68eb0986194704c4a7b998b8"},"start_ts":"2025-10-12T01:46:27Z","end_ts":"2025-10-12T01:46:27Z","count":2,"temp_air":14.5,"hum_air":84.6,"level1":"alto","level2":"bajo","level3":"alto","level4":"bajo","generated_at":"2025-10-12T01:51:02Z","inserted_at":"2025-10-12T01:51:02Z","ts":"2025-10-12T01:46:27Z"}
{"_id":{"$oid":"68eb0bde194704c4a7b998b9"},"start_ts":"2025-10-12T01:53:07Z","end_ts":"2025-10-12T01:59:47Z","count":4,"temp_air":14.6,"hum_air":85.35,"level1":"alto","level2":"bajo","level3":"alto","level4":"bajo","generated_at":"2025-10-12T02:01:02Z","inserted_at":"2025-10-12T02:01:02Z","ts":"2025-10-12T01:59:47Z"}
{"_id":{"$oid":"68eb0e36194704c4a7b998ba"},"start_ts":"2025-10-12T02:06:26Z","end_ts":"2025-10-12T02:06:26Z","count":2,"temp_air":14.5,"hum_air":85.4,"level1":"alto","level2":"bajo","level3":"alto","level4":"bajo","generated_at":"2025-10-12T02:11:02Z","inserted_at":"2025-10-12T02:11:02Z","ts":"2025-10-12T02:06:26Z"}
{"_id":{"$oid":"68eb108e194704c4a7b998bb"},"start_ts":"2025-10-12T02:13:05Z","end_ts":"2025-10-12T02:19:47Z","count":4,"temp_air":14.45,"hum_air":85.55,"level1":"alto","level2":"bajo","level3":"alto","level4":"bajo","generated_at":"2025-10-12T02:21:02Z","inserted_at":"2025-10-12T02:21:02Z","ts":"2025-10-12T02:19:47Z"}
{"_id":{"$oid":"68eb12e6194704c4a7b998bc"},"start_ts":"2025-10-12T02:26:27Z","end_ts":"2025-10-12T02:26:27Z","count":2,"temp_air":14.5,"hum_air":85.9,"level1":"alto","level2":"bajo","level3":"alto","level4":"bajo","generated_at":"2025-10-12T02:31:02Z","inserted_at":"2025-10-12T02:31:02Z","ts":"2025-10-12T02:26:27Z"}
{"_id":{"$oid":"68eb153e194704c4a7b998bd"},"start_ts":"2025-10-12T02:33:07Z","end_ts":"2025-10-12T02:39:55Z","count":6,"temp_air":14.533333333333333,"hum_air":85.73333333333333,"level1":"alto","level2":"bajo","level3":"alto","level4":"bajo","generated_at":"2025-10-12T02:41:02Z","inserted_at":"2025-10-12T02:41:02Z","ts":"2025-10-12T02:39:55Z"}
{"_id":{"$oid":"68eb1796194704c4a7b998be"},"start_ts":"2025-10-12T02:46:30Z","end_ts":"2025-10-12T02:46:30Z","count":2,"temp_air":14.5,"hum_air":86.1,"level1":"alto","level2":"bajo","level3":"alto","level4":"bajo","generated_at":"2025-10-12T02:51:02Z","inserted_at":"2025-10-12T02:51:02Z","ts":"2025-10-12T02:46:30Z"}
{"_id":{"$oid":"68eb19ee194704c4a7b998bf"},"start_ts":"2025-10-12T02:53:08Z","end_ts":"2025-10-12T02:59:53Z","count":6,"temp_air":14.5,"hum_air":85.6,"level1":"alto","level2":"bajo","level3":"alto","level4":"bajo","generated_at":"2025-10-12T03:01:02Z","inserted_at":"2025-10-12T03:01:02Z","ts":"2025-10-12T02:59:53Z"}
{"_id":{"$oid":"68eb1c46194704c4a7b998c0"},"start_ts":"2025-10-12T03:06:27Z","end_ts":"2025-10-12T03:06:27Z","count":2,"temp_air":14.5,"hum_air":85.5,"level1":"alto","level2":"bajo","level3":"alto","level4":"bajo","generated_at":"2025-10-12T03:11:02Z","inserted_at":"2025-10-12T03:11:02Z","ts":"2025-10-12T03:06:27Z"}
{"_id":{"$oid":"68eb1e9e194704c4a7b998c1"},"start_ts":"2025-10-12T03:13:08Z","end_ts":"2025-10-12T03:19:47Z","count":4,"temp_air":14.45,"hum_air":85.35,"level1":"alto","level2":"bajo","level3":"alto","level4":"bajo","generated_at":"2025-10-12T03:21:02Z","inserted_at":"2025-10-12T03:21:02Z","ts":"2025-10-12T03:19:47Z"}
{"_id":{"$oid":"68eb20f6194704c4a7b998c2"},"start_ts":"2025-10-12T03:26:27Z","end_ts":"2025-10-12T03:26:27Z","count":2,"temp_air":14.5,"hum_air":85.5,"generated_at":"2025-10-12T03:31:02Z","inserted_at":"2025-10-12T03:31:02Z","ts":"2025-10-12T03:26:27Z"}
{"_id":{"$oid":"68eb234e194704c4a7b998c3"},"start_ts":"2025-10-12T03:33:07Z","end_ts":"2025-10-12T03:39:47Z","count":4,"temp_air":14.4,"hum_air":86.0,"generated_at":"2025-10-12T03:41:02Z","inserted_at":"2025-10-12T03:41:02Z","ts":"2025-10-12T03:39:47Z"}
{"_id":{"$oid":"68eb25a6194704c4a7b998c4"},"start_ts":"2025-10-12T03:46:27Z","end_ts":"2025-10-12T03:46:27Z","count":2,"temp_air":14.4,"hum_air":85.7,"generated_at":"2025-10-12T03:51:02Z","inserted_at":"2025-10-12T03:51:02Z","ts":"2025-10-12T03:46:27Z"}
{"_id":{"$oid":"68eb27ff194704c4a7b998c5"},"start_ts":"2025-10-12T03:53:07Z","end_ts":"2025-10-12T03:59:47Z","count":4,"temp_air":14.25,"hum_air":85.85,"generated_at":"2025-10-12T04:01:03Z","inserted_at":"2025-10-12T04:01:03Z","ts":"2025-10-12T03:59:47Z"}
{"_id":{"$oid":"68eb2a57194704c4a7b998c6"},"start_ts":"2025-10-12T04:06:25Z","end_ts":"2025-10-12T04:06:25Z","count":2,"temp_air":14.2,"hum_air":85.9,"generated_at":"2025-10-12T04:11:03Z","inserted_at":"2025-10-12T04:11:03Z","ts":"2025-10-12T04:06:25Z"}
{"_id":{"$oid":"68eb2caf194704c4a7b998c7"},"start_ts":"2025-10-12T04:13:05Z","end_ts":"2025-10-12T04:19:45Z","count":4,"temp_air":14.3,"hum_air":85.8,"generated_at":"2025-10-12T04:21:03Z","inserted_at":"2025-10-12T04:21:03Z","ts":"2025-10-12T04:19:45Z"}
{"_id":{"$oid":"68eb2f07194704c4a7b998c8"},"start_ts":"2025-10-12T04:26:26Z","end_ts":"2025-10-12T04:26:26Z","count":2,"temp_air":14.1,"hum_air":85.8,"generated_at":"2025-10-12T04:31:03Z","inserted_at":"2025-10-12T04:31:03Z","ts":"2025-10-12T04:26:26Z"}
{"_id":{"$oid":"68eb315f194704c4a7b998c9"},"start_ts":"2025-10-12T04:33:06Z","end_ts":"2025-10-12T04:39:46Z","count":4,"temp_air":14.1,"hum_air":85.8,"generated_at":"2025-10-12T04:41:03Z","inserted_at":"2025-10-12T04:41:03Z","ts":"2025-10-12T04:39:46Z"}
{"_id":{"$oid":"68eb33b7194704c4a7b998ca"},"start_ts":"2025-10-12T04:46:26Z","end_ts":"2025-10-12T04:46:26Z","count":2,"temp_air":14.2,"hum_air":85.8,"generated_at":"2025-10-12T04:51:03Z","inserted_at":"2025-10-12T04:51:03Z","ts":"2025-10-12T04:46:26Z"}
{"_id":{"$oid":"68eb360f194704c4a7b998cb"},"start_ts":"2025-10-12T04:53:06Z","end_ts":"2025-10-12T04:59:46Z","count":4,"temp_air":14.2,"hum_air":86.2,"generated_at":"2025-10-12T05:01:03Z","inserted_at":"2025-10-12T05:01:03Z","ts":"2025-10-12T04:59:46Z"}
{"_id":{"$oid":"68eb3867194704c4a7b998cc"},"start_ts":"2025-10-12T05:06:27Z","end_ts":"2025-10-12T05:06:27Z","count":2,"temp_air":14.2,"hum_air":86.0,"generated_at":"2025-10-12T05:11:03Z","inserted_at":"2025-10-12T05:11:03Z","ts":"2025-10-12T05:06:27Z"}
{"_id":{"$oid":"68eb3abf194704c4a7b998cd"},"start_ts":"2025-10-12T05:13:06Z","end_ts":"2025-10-12T05:19:45Z","count":4,"temp_air":14.1,"hum_air":85.9,"generated_at":"2025-10-12T05:21:03Z","inserted_at":"2025-10-12T05:21:03Z","ts":"2025-10-12T05:19:45Z"}
{"_id":{"$oid":"68eb3d17194704c4a7b998ce"},"start_ts":"2025-10-12T05:26:26Z","end_ts":"2025-10-12T05:26:26Z","count":2,"temp_air":14.1,"hum_air":86.3,"generated_at":"2025-10-12T05:31:03Z","inserted_at":"2025-10-12T05:31:03Z","ts":"2025-10-12T05:26:26Z"}
{"_id":{"$oid":"68eb3f6f194704c4a7b998cf"},"start_ts":"2025-10-12T05:33:07Z","end_ts":"2025-10-12T05:39:46Z","count":4,"temp_air":13.95,"hum_air":85.65,"generated_at":"2025-10-12T05:41:03Z","inserted_at":"2025-10-12T05:41:03Z","ts":"2025-10-12T05:39:46Z"}
{"_id":{"$oid":"68eb41c7194704c4a7b998d0"},"start_ts":"2025-10-12T05:46:27Z","end_ts":"2025-10-12T05:46:27Z","count":2,"temp_air":13.8,"hum_air":85.8,"generated_at":"2025-10-12T05:51:03Z","inserted_at":"2025-10-12T05:51:03Z","ts":"2025-10-12T05:46:27Z"}
{"_id":{"$oid":"68eb441f194704c4a7b998d1"},"start_ts":"2025-10-12T05:53:06Z","end_ts":"2025-10-12T05:59:46Z","count":4,"temp_air":13.649999999999999,"hum_air":85.8,"generated_at":"2025-10-12T06:01:03Z","inserted_at":"2025-10-12T06:01:03Z","ts":"2025-10-12T05:59:46Z"}
{"_id":{"$oid":"68eb4677194704c4a7b998d2"},"start_ts":"2025-10-12T06:06:26Z","end_ts":"2025-10-12T06:06:26Z","count":2,"temp_air":13.4,"hum_air":85.9,"generated_at":"2025-10-12T06:11:03Z","inserted_at":"2025-10-12T06:11:03Z","ts":"2025-10-12T06:06:26Z"}
{"_id":{"$oid":"68eb48cf194704c4a7b998d3"},"start_ts":"2025-10-12T06:13:06Z","end_ts":"2025-10-12T06:19:46Z","count":4,"temp_air":13.350000000000001,"hum_air":86.4,"generated_at":"2025-10-12T06:21:03Z","inserted_at":"2025-10-12T06:21:03Z","ts":"2025-10-12T06:19:46Z"}
{"_id":{"$oid":"68eb4b27194704c4a7b998d4"},"start_ts":"2025-10-12T06:26:26Z","end_ts":"2025-10-12T06:26:26Z","count":2,"temp_air":13.3,"hum_air":86.2,"generated_at":"2025-10-12T06:31:03Z","inserted_at":"2025-10-12T06:31:03Z","ts":"2025-10-12T06:26:26Z"}
{"_id":{"$oid":"68eb4d7f194704c4a7b998d5"},"start_ts":"2025-10-12T06:33:06Z","end_ts":"2025-10-12T06:39:46Z","count":4,"temp_air":13.3,"hum_air":86.4,"generated_at":"2025-10-12T06:41:03Z","inserted_at":"2025-10-12T06:41:03Z","ts":"2025-10-12T06:39:46Z"}
{"_id":{"$oid":"68eb4fd7194704c4a7b998d6"},"start_ts":"2025-10-12T06:46:26Z","end_ts":"2025-10-12T06:46:26Z","count":2,"temp_air":13.4,"hum_air":86.7,"generated_at":"2025-10-12T06:51:03Z","inserted_at":"2025-10-12T06:51:03Z","ts":"2025-10-12T06:46:26Z"}
{"_id":{"$oid":"68eb522f194704c4a7b998d7"},"start_ts":"2025-10-12T06:53:06Z","end_ts":"2025-10-12T06:59:46Z","count":4,"temp_air":13.649999999999999,"hum_air":86.69999999999999,"generated_at":"2025-10-12T07:01:03Z","inserted_at":"2025-10-12T07:01:03Z","ts":"2025-10-12T06:59:46Z"}
{"_id":{"$oid":"68eb5487194704c4a7b998d8"},"start_ts":"2025-10-12T07:06:26Z","end_ts":"2025-10-12T07:06:26Z","count":2,"temp_air":13.6,"hum_air":86.7,"generated_at":"2025-10-12T07:11:03Z","inserted_at":"2025-10-12T07:11:03Z","ts":"2025-10-12T07:06:26Z"}
{"_id":{"$oid":"68eb56df194704c4a7b998d9"},"start_ts":"2025-10-12T07:13:06Z","end_ts":"2025-10-12T07:19:46Z","count":4,"temp_air":13.6,"hum_air":86.65,"generated_at":"2025-10-12T07:21:03Z","inserted_at":"2025-10-12T07:21:03Z","ts":"2025-10-12T07:19:46Z"}
{"_id":{"$oid":"68eb5937194704c4a7b998da"},"start_ts":"2025-10-12T07:26:26Z","end_ts":"2025-10-12T07:26:26Z","count":2,"temp_air":13.6,"hum_air":86.7,"generated_at":"2025-10-12T07:31:03Z","inserted_at":"2025-10-12T07:31:03Z","ts":"2025-10-12T07:26:26Z"}
{"_id":{"$oid":"68eb5b8f194704c4a7b998db"},"start_ts":"2025-10-12T07:33:06Z","end_ts":"2025-10-12T07:39:46Z","count":4,"temp_air":13.8,"hum_air":86.65,"generated_at":"2025-10-12T07:41:03Z","inserted_at":"2025-10-12T07:41:03Z","ts":"2025-10-12T07:39:46Z"}
{"_id":{"$oid":"68eb5de7194704c4a7b998dc"},"start_ts":"2025-10-12T07:46:26Z","end_ts":"2025-10-12T07:46:26Z","count":2,"temp_air":13.7,"hum_air":86.6,"generated_at":"2025-10-12T07:51:03Z","inserted_at":"2025-10-12T07:51:03Z","ts":"2025-10-12T07:46:26Z"}
{"_id":{"$oid":"68eb603f194704c4a7b998dd"},"start_ts":"2025-10-12T07:53:06Z","end_ts":"2025-10-12T07:59:46Z","count":4,"temp_air":13.75,"hum_air":86.55,"generated_at":"2025-10-12T08:01:03Z","inserted_at":"2025-10-12T08:01:03Z","ts":"2025-10-12T07:59:46Z"}
{"_id":{"$oid":"68eb6297194704c4a7b998de"},"start_ts":"2025-10-12T08:06:26Z","end_ts":"2025-10-12T08:06:26Z","count":2,"temp_air":13.7,"hum_air":86.4,"generated_at":"2025-10-12T08:11:03Z","inserted_at":"2025-10-12T08:11:03Z","ts":"2025-10-12T08:06:26Z"}
{"_id":{"$oid":"68eb64ef194704c4a7b998df"},"start_ts":"2025-10-12T08:13:06Z","end_ts":"2025-10-12T08:19:46Z","count":4,"temp_air":13.4,"hum_air":86.15,"generated_at":"2025-10-12T08:21:03Z","inserted_at":"2025-10-12T08:21:03Z","ts":"2025-10-12T08:19:46Z"}
{"_id":{"$oid":"68eb6748194704c4a7b998e0"},"start_ts":"2025-10-12T08:26:26Z","end_ts":"2025-10-12T08:26:26Z","count":2,"temp_air":12.9,"hum_air":86.4,"generated_at":"2025-10-12T08:31:04Z","inserted_at":"2025-10-12T08:31:04Z","ts":"2025-10-12T08:26:26Z"}
{"_id":{"$oid":"68eb69a0194704c4a7b998e1"},"start_ts":"2025-10-12T08:33:06Z","end_ts":"2025-10-12T08:39:46Z","count":4,"temp_air":12.9,"hum_air":86.35,"generated_at":"2025-10-12T08:41:04Z","inserted_at":"2025-10-12T08:41:04Z","ts":"2025-10-12T08:39:46Z"}
{"_id":{"$oid":"68eb6bf8194704c4a7b998e2"},"start_ts":"2025-10-12T08:46:26Z","end_ts":"2025-10-12T08:46:26Z","count":2,"temp_air":12.8,"hum_air":86.5,"generated_at":"2025-10-12T08:51:04Z","inserted_at":"2025-10-12T08:51:04Z","ts":"2025-10-12T08:46:26Z"}
{"_id":{"$oid":"68eb6e50194704c4a7b998e3"},"start_ts":"2025-10-12T08:53:06Z","end_ts":"2025-10-12T08:59:46Z","count":4,"temp_air":12.8,"hum_air":86.3,"generated_at":"2025-10-12T09:01:04Z","inserted_at":"2025-10-12T09:01:04Z","ts":"2025-10-12T08:59:46Z"}
{"_id":{"$oid":"68eb70a8194704c4a7b998e4"},"start_ts":"2025-10-12T09:06:26Z","end_ts":"2025-10-12T09:06:26Z","count":2,"temp_air":12.8,"hum_air":85.7,"generated_at":"2025-10-12T09:11:04Z","inserted_at":"2025-10-12T09:11:04Z","ts":"2025-10-12T09:06:26Z"}
{"_id":{"$oid":"68eb7300194704c4a7b998e5"},"start_ts":"2025-10-12T09:13:06Z","end_ts":"2025-10-12T09:19:46Z","count":4,"temp_air":12.8,"hum_air":85.55,"generated_at":"2025-10-12T09:21:04Z","inserted_at":"2025-10-12T09:21:04Z","ts":"2025-10-12T09:19:46Z"}
{"_id":{"$oid":"68eb7558194704c4a7b998e6"},"start_ts":"2025-10-12T09:26:27Z","end_ts":"2025-10-12T09:26:27Z","count":2,"temp_air":12.8,"hum_air":86.3,"generated_at":"2025-10-12T09:31:04Z","inserted_at":"2025-10-12T09:31:04Z","ts":"2025-10-12T09:26:27Z"}
{"_id":{"$oid":"68eb77b0194704c4a7b998e7"},"start_ts":"2025-10-12T09:33:06Z","end_ts":"2025-10-12T09:39:46Z","count":4,"temp_air":12.95,"hum_air":86.4,"generated_at":"2025-10-12T09:41:04Z","inserted_at":"2025-10-12T09:41:04Z","ts":"2025-10-12T09:39:46Z"}
{"_id":{"$oid":"68eb7a08194704c4a7b998e8"},"start_ts":"2025-10-12T09:46:26Z","end_ts":"2025-10-12T09:46:26Z","count":2,"temp_air":13.0,"hum_air":86.5,"generated_at":"2025-10-12T09:51:04Z","inserted_at":"2025-10-12T09:51:04Z","ts":"2025-10-12T09:46:26Z"}
{"_id":{"$oid":"68eb7c60194704c4a7b998e9"},"start_ts":"2025-10-12T09:53:06Z","end_ts":"2025-10-12T09:59:46Z","count":4,"temp_air":13.05,"hum_air":86.45,"generated_at":"2025-10-12T10:01:04Z","inserted_at":"2025-10-12T10:01:04Z","ts":"2025-10-12T09:59:46Z"}
{"_id":{"$oid":"68eb7eb8194704c4a7b998ea"},"start_ts":"2025-10-12T10:06:26Z","end_ts":"2025-10-12T10:06:26Z","count":2,"temp_air":13.0,"hum_air":86.1,"generated_at":"2025-10-12T10:11:04Z","inserted_at":"2025-10-12T10:11:04Z","ts":"2025-10-12T10:06:26Z"}
{"_id":{"$oid":"68eb8110194704c4a7b998eb"},"start_ts":"2025-10-12T10:13:06Z","end_ts":"2025-10-12T10:19:46Z","count":4,"temp_air":13.0,"hum_air":86.0,"generated_at":"2025-10-12T10:21:04Z","inserted_at":"2025-10-12T10:21:04Z","ts":"2025-10-12T10:19:46Z"}
{"_id":{"$oid":"68eb8368194704c4a7b998ec"},"start_ts":"2025-10-12T10:26:26Z","end_ts":"2025-10-12T10:26:26Z","count":2,"temp_air":13.0,"hum_air":86.2,"generated_at":"2025-10-12T10:31:04Z","inserted_at":"2025-10-12T10:31:04Z","ts":"2025-10-12T10:26:26Z"}
{"_id":{"$oid":"68eb85c0194704c4a7b998ed"},"start_ts":"2025-10-12T10:33:06Z","end_ts":"2025-10-12T10:39:46Z","count":4,"temp_air":13.0,"hum_air":86.45,"generated_at":"2025-10-12T10:41:04Z","inserted_at":"2025-10-12T10:41:04Z","ts":"2025-10-12T10:39:46Z"}
{"_id":{"$oid":"68eb8818194704c4a7b998ee"},"start_ts":"2025-10-12T10:46:26Z","end_ts":"2025-10-12T10:46:26Z","count":2,"temp_air":13.0,"hum_air":86.4,"generated_at":"2025-10-12T10:51:04Z","inserted_at":"2025-10-12T10:51:04Z","ts":"2025-10-12T10:46:26Z"}
{"_id":{"$oid":"68eb8a70194704c4a7b998ef"},"start_ts":"2025-10-12T10:53:06Z","end_ts":"2025-10-12T10:59:46Z","count":4,"temp_air":13.05,"hum_air":86.35,"generated_at":"2025-10-12T11:01:04Z","inserted_at":"2025-10-12T11:01:04Z","ts":"2025-10-12T10:59:46Z"}
{"_id":{"$oid":"68eb8cc8194704c4a7b998f0"},"start_ts":"2025-10-12T11:06:26Z","end_ts":"2025-10-12T11:06:26Z","count":2,"temp_air":13.0,"hum_air":86.4,"generated_at":"2025-10-12T11:11:04Z","inserted_at":"2025-10-12T11:11:04Z","ts":"2025-10-12T11:06:26Z"}
{"_id":{"$oid":"68eb8f20194704c4a7b998f1"},"start_ts":"2025-10-12T11:13:07Z","end_ts":"2025-10-12T11:19:46Z","count":4,"temp_air":13.25,"hum_air":86.05,"generated_at":"2025-10-12T11:21:04Z","inserted_at":"2025-10-12T11:21:04Z","ts":"2025-10-12T11:19:46Z"}
{"_id":{"$oid":"68eb9178194704c4a7b998f2"},"start_ts":"2025-10-12T11:26:26Z","end_ts":"2025-10-12T11:26:26Z","count":2,"temp_air":13.5,"hum_air":85.6,"generated_at":"2025-10-12T11:31:04Z","inserted_at":"2025-10-12T11:31:04Z","ts":"2025-10-12T11:26:26Z"}
{"_id":{"$oid":"68eb93d0194704c4a7b998f3"},"start_ts":"2025-10-12T11:33:06Z","end_ts":"2025-10-12T11:39:47Z","count":4,"temp_air":13.95,"hum_air":84.69999999999999,"generated_at":"2025-10-12T11:41:04Z","inserted_at":"2025-10-12T11:41:04Z","ts":"2025-10-12T11:39:47Z"}
{"_id":{"$oid":"68eb9628194704c4a7b998f4"},"start_ts":"2025-10-12T11:46:26Z","end_ts":"2025-10-12T11:46:26Z","count":2,"temp_air":14.4,"hum_air":83.5,"generated_at":"2025-10-12T11:51:04Z","inserted_at":"2025-10-12T11:51:04Z","ts":"2025-10-12T11:46:26Z"}
{"_id":{"$oid":"68eb9880194704c4a7b998f5"},"start_ts":"2025-10-12T11:53:08Z","end_ts":"2025-10-12T11:59:47Z","count":4,"temp_air":15.0,"hum_air":82.05000000000001,"generated_at":"2025-10-12T12:01:04Z","inserted_at":"2025-10-12T12:01:04Z","ts":"2025-10-12T11:59:47Z"}
{"_id":{"$oid":"68eb9ad8194704c4a7b998f6"},"start_ts":"2025-10-12T12:06:27Z","end_ts":"2025-10-12T12:06:27Z","count":2,"temp_air":15.8,"hum_air":79.6,"generated_at":"2025-10-12T12:11:04Z","inserted_at":"2025-10-12T12:11:04Z","ts":"2025-10-12T12:06:27Z"}
{"_id":{"$oid":"68eb9d30194704c4a7b998f7"},"start_ts":"2025-10-12T12:13:07Z","end_ts":"2025-10-12T12:19:47Z","count":4,"temp_air":16.299999999999997,"hum_air":79.85,"generated_at":"2025-10-12T12:21:04Z","inserted_at":"2025-10-12T12:21:04Z","ts":"2025-10-12T12:19:47Z"}
{"_id":{"$oid":"68eb9f88194704c4a7b998f8"},"start_ts":"2025-10-12T12:26:28Z","end_ts":"2025-10-12T12:26:28Z","count":2,"temp_air":16.6,"hum_air":79.6,"generated_at":"2025-10-12T12:31:04Z","inserted_at":"2025-10-12T12:31:04Z","ts":"2025-10-12T12:26:28Z"}
{"_id":{"$oid":"68eba1e0194704c4a7b998f9"},"start_ts":"2025-10-12T12:33:06Z","end_ts":"2025-10-12T12:39:47Z","count":4,"temp_air":17.25,"hum_air":78.45,"generated_at":"2025-10-12T12:41:04Z","inserted_at":"2025-10-12T12:41:04Z","ts":"2025-10-12T12:39:47Z"}
{"_id":{"$oid":"68eba438194704c4a7b998fa"},"start_ts":"2025-10-12T12:46:27Z","end_ts":"2025-10-12T12:46:27Z","count":2,"temp_air":18.3,"hum_air":76.4,"generated_at":"2025-10-12T12:51:04Z","inserted_at":"2025-10-12T12:51:04Z","ts":"2025-10-12T12:46:27Z"}
{"_id":{"$oid":"68eba691194704c4a7b998fb"},"start_ts":"2025-10-12T12:53:06Z","end_ts":"2025-10-12T12:59:48Z","count":4,"temp_air":18.65,"hum_air":75.6,"generated_at":"2025-10-12T13:01:05Z","inserted_at":"2025-10-12T13:01:05Z","ts":"2025-10-12T12:59:48Z"}
{"_id":{"$oid":"68eba8e9194704c4a7b998fc"},"start_ts":"2025-10-12T13:06:27Z","end_ts":"2025-10-12T13:06:27Z","count":2,"temp_air":18.1,"hum_air":74.0,"generated_at":"2025-10-12T13:11:05Z","inserted_at":"2025-10-12T13:11:05Z","ts":"2025-10-12T13:06:27Z"}
{"_id":{"$oid":"68ebab41194704c4a7b998fd"},"start_ts":"2025-10-12T13:13:08Z","end_ts":"2025-10-12T13:19:47Z","count":4,"temp_air":17.55,"hum_air":76.0,"generated_at":"2025-10-12T13:21:05Z","inserted_at":"2025-10-12T13:21:05Z","ts":"2025-10-12T13:19:47Z"}
{"_id":{"$oid":"68ebad99194704c4a7b998fe"},"start_ts":"2025-10-12T13:26:27Z","end_ts":"2025-10-12T13:26:27Z","count":2,"temp_air":18.0,"hum_air":74.2,"generated_at":"2025-10-12T13:31:05Z","inserted_at":"2025-10-12T13:31:05Z","ts":"2025-10-12T13:26:27Z"}
{"_id":{"$oid":"68ebaff1194704c4a7b998ff"},"start_ts":"2025-10-12T13:33:07Z","end_ts":"2025-10-12T13:39:47Z","count":4,"temp_air":18.5,"hum_air":72.44999999999999,"generated_at":"2025-10-12T13:41:05Z","inserted_at":"2025-10-12T13:41:05Z","ts":"2025-10-12T13:39:47Z"}
{"_id":{"$oid":"68ebb249194704c4a7b99900"},"start_ts":"2025-10-12T13:46:28Z","end_ts":"2025-10-12T13:46:28Z","count":2,"temp_air":18.3,"hum_air":73.9,"generated_at":"2025-10-12T13:51:05Z","inserted_at":"2025-10-12T13:51:05Z","ts":"2025-10-12T13:46:28Z"}
{"_id":{"$oid":"68ebb4a1194704c4a7b99901"},"start_ts":"2025-10-12T13:53:07Z","end_ts":"2025-10-12T13:59:47Z","count":4,"temp_air":18.0,"hum_air":73.75,"generated_at":"2025-10-12T14:01:05Z","inserted_at":"2025-10-12T14:01:05Z","ts":"2025-10-12T13:59:47Z"}
{"_id":{"$oid":"68ebb6f9194704c4a7b99902"},"start_ts":"2025-10-12T14:06:28Z","end_ts":"2025-10-12T14:06:28Z","count":2,"temp_air":17.8,"hum_air":73.6,"generated_at":"2025-10-12T14:11:05Z","inserted_at":"2025-10-12T14:11:05Z","ts":"2025-10-12T14:06:28Z"}
{"_id":{"$oid":"68ebb951194704c4a7b99903"},"start_ts":"2025-10-12T14:13:07Z","end_ts":"2025-10-12T14:19:48Z","count":4,"temp_air":18.15,"hum_air":72.65,"generated_at":"2025-10-12T14:21:05Z","inserted_at":"2025-10-12T14:21:05Z","ts":"2025-10-12T14:19:48Z"}
{"_id":{"$oid":"68ebbba9194704c4a7b99904"},"start_ts":"2025-10-12T14:26:27Z","end_ts":"2025-10-12T14:26:27Z","count":2,"temp_air":18.7,"hum_air":72.7,"generated_at":"2025-10-12T14:31:05Z","inserted_at":"2025-10-12T14:31:05Z","ts":"2025-10-12T14:26:27Z"}
{"_id":{"$oid":"68ebbe01194704c4a7b99905"},"start_ts":"2025-10-12T14:33:08Z","end_ts":"2025-10-12T14:39:46Z","count":4,"temp_air":19.0,"hum_air":72.4,"generated_at":"2025-10-12T14:41:05Z","inserted_at":"2025-10-12T14:41:05Z","ts":"2025-10-12T14:39:46Z"}
{"_id":{"$oid":"68ebc059194704c4a7b99906"},"start_ts":"2025-10-12T14:46:27Z","end_ts":"2025-10-12T14:46:27Z","count":2,"temp_air":18.3,"hum_air":72.4,"generated_at":"2025-10-12T14:51:05Z","inserted_at":"2025-10-12T14:51:05Z","ts":"2025-10-12T14:46:27Z"}
{"_id":{"$oid":"68ebc2b1194704c4a7b99907"},"start_ts":"2025-10-12T14:53:06Z","end_ts":"2025-10-12T14:59:48Z","count":4,"temp_air":18.0,"hum_air":73.80000000000001,"generated_at":"2025-10-12T15:01:05Z","inserted_at":"2025-10-12T15:01:05Z","ts":"2025-10-12T14:59:48Z"}
{"_id":{"$oid":"68ebc509194704c4a7b99908"},"start_ts":"2025-10-12T15:06:28Z","end_ts":"2025-10-12T15:06:28Z","count":2,"temp_air":17.4,"hum_air":75.8,"generated_at":"2025-10-12T15:11:05Z","inserted_at":"2025-10-12T15:11:05Z","ts":"2025-10-12T15:06:28Z"}
{"_id":{"$oid":"68ebc761194704c4a7b99909"},"start_ts":"2025-10-12T15:13:09Z","end_ts":"2025-10-12T15:19:47Z","count":4,"temp_air":17.6,"hum_air":75.1,"generated_at":"2025-10-12T15:21:05Z","inserted_at":"2025-10-12T15:21:05Z","ts":"2025-10-12T15:19:47Z"}
{"_id":{"$oid":"68ebc9b9194704c4a7b9990a"},"start_ts":"2025-10-12T15:26:27Z","end_ts":"2025-10-12T15:26:27Z","count":2,"temp_air":18.3,"hum_air":72.8,"generated_at":"2025-10-12T15:31:05Z","inserted_at":"2025-10-12T15:31:05Z","ts":"2025-10-12T15:26:27Z"}
{"_id":{"$oid":"68ebcc11194704c4a7b9990b"},"start_ts":"2025-10-12T15:33:07Z","end_ts":"2025-10-12T15:39:47Z","count":4,"temp_air":18.05,"hum_air":74.35,"generated_at":"2025-10-12T15:41:05Z","inserted_at":"2025-10-12T15:41:05Z","ts":"2025-10-12T15:39:47Z"}
{"_id":{"$oid":"68ebce6a194704c4a7b9990c"},"start_ts":"2025-10-12T15:46:27Z","end_ts":"2025-10-12T15:46:27Z","count":2,"temp_air":18.2,"hum_air":73.5,"generated_at":"2025-10-12T15:51:06Z","inserted_at":"2025-10-12T15:51:06Z","ts":"2025-10-12T15:46:27Z"}
{"_id":{"$oid":"68ebd0c3194704c4a7b9990d"},"start_ts":"2025-10-12T15:53:09Z","end_ts":"2025-10-12T15:59:49Z","count":4,"temp_air":18.55,"hum_air":73.15,"generated_at":"2025-10-12T16:01:07Z","inserted_at":"2025-10-12T16:01:07Z","ts":"2025-10-12T15:59:49Z"}
{"_id":{"$oid":"68ebd31c194704c4a7b9990e"},"start_ts":"2025-10-12T16:06:27Z","end_ts":"2025-10-12T16:06:27Z","count":2,"temp_air":19.0,"hum_air":71.7,"generated_at":"2025-10-12T16:11:08Z","inserted_at":"2025-10-12T16:11:08Z","ts":"2025-10-12T16:06:27Z"}
{"_id":{"$oid":"68ebd574194704c4a7b9990f"},"start_ts":"2025-10-12T16:13:08Z","end_ts":"2025-10-12T16:19:48Z","count":4,"temp_air":19.95,"hum_air":69.1,"generated_at":"2025-10-12T16:21:08Z","inserted_at":"2025-10-12T16:21:08Z","ts":"2025-10-12T16:19:48Z"}
{"_id":{"$oid":"68ebd7cc194704c4a7b99910"},"start_ts":"2025-10-12T16:26:27Z","end_ts":"2025-10-12T16:26:27Z","count":2,"temp_air":20.2,"hum_air":68.3,"generated_at":"2025-10-12T16:31:08Z","inserted_at":"2025-10-12T16:31:08Z","ts":"2025-10-12T16:26:27Z"}
{"_id":{"$oid":"68ebda24194704c4a7b99911"},"start_ts":"2025-10-12T16:33:07Z","end_ts":"2025-10-12T16:39:47Z","count":4,"temp_air":20.5,"hum_air":66.80000000000001,"generated_at":"2025-10-12T16:41:08Z","inserted_at":"2025-10-12T16:41:08Z","ts":"2025-10-12T16:39:47Z"}
{"_id":{"$oid":"68ebdc7c194704c4a7b99912"},"start_ts":"2025-10-12T16:46:27Z","end_ts":"2025-10-12T16:46:27Z","count":2,"temp_air":20.7,"hum_air":67.7,"generated_at":"2025-10-12T16:51:08Z","inserted_at":"2025-10-12T16:51:08Z","ts":"2025-10-12T16:46:27Z"}
{"_id":{"$oid":"68ebded4194704c4a7b99913"},"start_ts":"2025-10-12T16:53:07Z","end_ts":"2025-10-12T16:59:47Z","count":4,"temp_air":20.799999999999997,"hum_air":67.0,"generated_at":"2025-10-12T17:01:08Z","inserted_at":"2025-10-12T17:01:08Z","ts":"2025-10-12T16:59:47Z"}
{"_id":{"$oid":"68ebe12c194704c4a7b99914"},"start_ts":"2025-10-12T17:06:27Z","end_ts":"2025-10-12T17:06:27Z","count":2,"temp_air":20.2,"hum_air":68.1,"generated_at":"2025-10-12T17:11:08Z","inserted_at":"2025-10-12T17:11:08Z","ts":"2025-10-12T17:06:27Z"}
{"_id":{"$oid":"68ebe384194704c4a7b99915"},"start_ts":"2025-10-12T17:13:08Z","end_ts":"2025-10-12T17:19:47Z","count":4,"temp_air":20.35,"hum_air":68.6,"generated_at":"2025-10-12T17:21:08Z","inserted_at":"2025-10-12T17:21:08Z","ts":"2025-10-12T17:19:47Z"}
{"_id":{"$oid":"68ebe5dc194704c4a7b99916"},"start_ts":"2025-10-12T17:26:39Z","end_ts":"2025-10-12T17:26:39Z","count":2,"temp_air":21.6,"hum_air":64.7,"generated_at":"2025-10-12T17:31:08Z","inserted_at":"2025-10-12T17:31:08Z","ts":"2025-10-12T17:26:39Z"}
{"_id":{"$oid":"68ebe834194704c4a7b99917"},"start_ts":"2025-10-12T17:33:23Z","end_ts":"2025-10-12T17:40:00Z","count":4,"temp_air":22.5,"hum_air":63.55,"generated_at":"2025-10-12T17:41:08Z","inserted_at":"2025-10-12T17:41:08Z","ts":"2025-10-12T17:40:00Z"}
{"_id":{"$oid":"68ebea8c194704c4a7b99918"},"start_ts":"2025-10-12T17:46:39Z","end_ts":"2025-10-12T17:46:39Z","count":2,"temp_air":24.5,"hum_air":61.1,"generated_at":"2025-10-12T17:51:08Z","inserted_at":"2025-10-12T17:51:08Z","ts":"2025-10-12T17:46:39Z"}
{"_id":{"$oid":"68ebece4194704c4a7b99919"},"start_ts":"2025-10-12T17:53:18Z","end_ts":"2025-10-12T17:59:59Z","count":4,"temp_air":26.4,"hum_air":57.15,"generated_at":"2025-10-12T18:01:08Z","inserted_at":"2025-10-12T18:01:08Z","ts":"2025-10-12T17:59:59Z"}
{"_id":{"$oid":"68ebef3c194704c4a7b9991a"},"start_ts":"2025-10-12T18:06:40Z","end_ts":"2025-10-12T18:06:40Z","count":2,"temp_air":25.6,"hum_air":58.1,"generated_at":"2025-10-12T18:11:08Z","inserted_at":"2025-10-12T18:11:08Z","ts":"2025-10-12T18:06:40Z"}
{"_id":{"$oid":"68f16674194704c4a7b9991b"},"start_ts":"2025-10-16T21:38:39Z","end_ts":"2025-10-16T21:38:39Z","count":2,"temp_air":19.4,"hum_air":72.8,"ph":8.13,"temp_water":20.25,"level1":"alto","level2":"bajo","level3":"bajo","level4":"bajo","generated_at":"2025-10-16T21:41:08Z","inserted_at":"2025-10-16T21:41:08Z","ts":"2025-10-16T21:38:39Z"}
{"_id":{"$oid":"68f168cd194704c4a7b9991c"},"start_ts":"2025-10-16T21:45:19Z","end_ts":"2025-10-16T21:45:19Z","count":2,"temp_air":18.9,"hum_air":72.0,"ph":8.16,"temp_water":19.94,"level1":"alto","level2":"bajo","level3":"bajo","level4":"bajo","generated_at":"2025-10-16T21:51:09Z","inserted_at":"2025-10-16T21:51:09Z","ts":"2025-10-16T21:45:19Z"}
{"_id":{"$oid":"68f16b25194704c4a7b9991d"},"start_ts":"2025-10-16T21:51:59Z","end_ts":"2025-10-16T21:58:39Z","count":4,"temp_air":18.2,"hum_air":73.44999999999999,"ph":8.16,"temp_water":19.405,"level1":"alto","level2":"bajo","level3":"bajo","level4":"bajo","generated_at":"2025-10-16T22:01:09Z","inserted_at":"2025-10-16T22:01:09Z","ts":"2025-10-16T21:58:39Z"}
{"_id":{"$oid":"68f16d7d194704c4a7b9991e"},"start_ts":"2025-10-16T22:05:19Z","end_ts":"2025-10-16T22:05:19Z","count":2,"temp_air":17.9,"hum_air":74.6,"ph":8.33,"temp_water":19.25,"level1":"alto","level2":"bajo","level3":"bajo","level4":"bajo","generated_at":"2025-10-16T22:11:09Z","inserted_at":"2025-10-16T22:11:09Z","ts":"2025-10-16T22:05:19Z"}
{"_id":{"$oid":"68f16fd5194704c4a7b9991f"},"start_ts":"2025-10-16T22:11:59Z","end_ts":"2025-10-16T22:18:39Z","count":4,"temp_air":17.25,"hum_air":75.65,"ph":8.35,"temp_water":19.12,"level1":"alto","level2":"bajo","level3":"bajo","level4":"bajo","generated_at":"2025-10-16T22:21:09Z","inserted_at":"2025-10-16T22:21:09Z","ts":"2025-10-16T22:18:39Z"}
{"_id":{"$oid":"68f1722d194704c4a7b99920"},"start_ts":"2025-10-16T22:25:19Z","end_ts":"2025-10-16T22:25:19Z","count":2,"temp_air":16.9,"hum_air":77.5,"level1":"alto","level2":"bajo","level3":"bajo","level4":"bajo","generated_at":"2025-10-16T22:31:09Z","inserted_at":"2025-10-16T22:31:09Z","ts":"2025-10-16T22:25:19Z"}
{"_id":{"$oid":"68f17485194704c4a7b99921"},"start_ts":"2025-10-16T22:31:59Z","end_ts":"2025-10-16T22:38:39Z","count":4,"temp_air":16.9,"hum_air":78.05,"level1":"alto","level2":"bajo","level3":"bajo","level4":"bajo","generated_at":"2025-10-16T22:41:09Z","inserted_at":"2025-10-16T22:41:09Z","ts":"2025-10-16T22:38:39Z"}
{"_id":{"$oid":"68f176dd194704c4a7b99922"},"start_ts":"2025-10-16T22:45:19Z","end_ts":"2025-10-16T22:45:19Z","count":2,"temp_air":16.9,"hum_air":78.4,"level1":"alto","level2":"bajo","level3":"bajo","level4":"bajo","generated_at":"2025-10-16T22:51:09Z","inserted_at":"2025-10-16T22:51:09Z","ts":"2025-10-16T22:45:19Z"}
{"_id":{"$oid":"68f17935194704c4a7b99923"},"start_ts":"2025-10-16T22:51:59Z","end_ts":"2025-10-16T22:58:39Z","count":4,"temp_air":16.450000000000003,"hum_air":78.94999999999999,"level1":"alto","level2":"bajo","level3":"bajo","level4":"bajo","generated_at":"2025-10-16T23:01:09Z","inserted_at":"2025-10-16T23:01:09Z","ts":"2025-10-16T22:58:39Z"}
{"_id":{"$oid":"68f17b8d194704c4a7b99924"},"start_ts":"2025-10-16T23:05:19Z","end_ts":"2025-10-16T23:05:19Z","count":2,"temp_air":16.0,"hum_air":80.2,"level1":"alto","level2":"bajo","level3":"bajo","level4":"bajo","generated_at":"2025-10-16T23:11:09Z","inserted_at":"2025-10-16T23:11:09Z","ts":"2025-10-16T23:05:19Z"}
{"_id":{"$oid":"68f17de5194704c4a7b99925"},"start_ts":"2025-10-16T23:11:59Z","end_ts":"2025-10-16T23:18:40Z","count":4,"temp_air":15.65,"hum_air":80.85,"level1":"alto","level2":"bajo","level3":"bajo","level4":"bajo","generated_at":"2025-10-16T23:21:09Z","inserted_at":"2025-10-16T23:21:09Z","ts":"2025-10-16T23:18:40Z"}
{"_id":{"$oid":"68f1803d194704c4a7b99926"},"start_ts":"2025-10-16T23:25:19Z","end_ts":"2025-10-16T23:25:19Z","count":2,"temp_air":15.4,"hum_air":81.4,"level1":"alto","level2":"bajo","level3":"bajo","level4":"bajo","generated_at":"2025-10-16T23:31:09Z","inserted_at":"2025-10-16T23:31:09Z","ts":"2025-10-16T23:25:19Z"}
{"_id":{"$oid":"68f18295194704c4a7b99927"},"start_ts":"2025-10-16T23:31:59Z","end_ts":"2025-10-16T23:38:40Z","count":4,"temp_air":15.2,"hum_air":81.65,"level1":"alto","level2":"bajo","level3":"bajo","level4":"bajo","generated_at":"2025-10-16T23:41:09Z","inserted_at":"2025-10-16T23:41:09Z","ts":"2025-10-16T23:38:40Z"}
{"_id":{"$oid":"68f184ed194704c4a7b99928"},"start_ts":"2025-10-16T23:45:19Z","end_ts":"2025-10-16T23:45:19Z","count":2,"temp_air":15.0,"hum_air":81.9,"level1":"alto","level2":"bajo","level3":"bajo","level4":"bajo","generated_at":"2025-10-16T23:51:09Z","inserted_at":"2025-10-16T23:51:09Z","ts":"2025-10-16T23:45:19Z"}
{"_id":{"$oid":"68f18745194704c4a7b99929"},"start_ts":"2025-10-16T23:51:59Z","end_ts":"2025-10-16T23:58:39Z","count":4,"temp_air":14.75,"hum_air":82.2,"level1":"alto","level2":"bajo","level3":"bajo","level4":"bajo","generated_at":"2025-10-17T00:01:09Z","inserted_at":"2025-10-17T00:01:09Z","ts":"2025-10-16T23:58:39Z"}
{"_id":{"$oid":"68f1899d194704c4a7b9992a"},"start_ts":"2025-10-17T00:05:19Z","end_ts":"2025-10-17T00:05:19Z","count":2,"temp_air":14.7,"hum_air":82.7,"generated_at":"2025-10-17T00:11:09Z","inserted_at":"2025-10-17T00:11:09Z","ts":"2025-10-17T00:05:19Z"}
{"_id":{"$oid":"68f18bf5194704c4a7b9992b"},"start_ts":"2025-10-17T00:11:59Z","end_ts":"2025-10-17T00:18:39Z","count":4,"temp_air":14.8,"hum_air":82.69999999999999,"generated_at":"2025-10-17T00:21:09Z","inserted_at":"2025-10-17T00:21:09Z","ts":"2025-10-17T00:18:39Z"}
{"_id":{"$oid":"68f18e4d194704c4a7b9992c"},"start_ts":"2025-10-17T00:25:20Z","end_ts":"2025-10-17T00:25:20Z","count":2,"temp_air":14.9,"hum_air":83.0,"generated_at":"2025-10-17T00:31:09Z","inserted_at":"2025-10-17T00:31:09Z","ts":"2025-10-17T00:25:20Z"}
{"_id":{"$oid":"68f190a5194704c4a7b9992d"},"start_ts":"2025-10-17T00:32:00Z","end_ts":"2025-10-17T00:38:39Z","count":4,"temp_air":14.850000000000001,"hum_air":82.75,"generated_at":"2025-10-17T00:41:09Z","inserted_at":"2025-10-17T00:41:09Z","ts":"2025-10-17T00:38:39Z"}
{"_id":{"$oid":"68f192fd194704c4a7b9992e"},"start_ts":"2025-10-17T00:45:19Z","end_ts":"2025-10-17T00:45:19Z","count":2,"temp_air":15.0,"hum_air":82.8,"generated_at":"2025-10-17T00:51:09Z","inserted_at":"2025-10-17T00:51:09Z","ts":"2025-10-17T00:45:19Z"}
{"_id":{"$oid":"68f19555194704c4a7b9992f"},"start_ts":"2025-10-17T00:52:00Z","end_ts":"2025-10-17T00:58:41Z","count":4,"temp_air":14.9,"hum_air":82.9,"generated_at":"2025-10-17T01:01:09Z","inserted_at":"2025-10-17T01:01:09Z","ts":"2025-10-17T00:58:41Z"}
{"_id":{"$oid":"68f197ad194704c4a7b99930"},"start_ts":"2025-10-17T01:05:21Z","end_ts":"2025-10-17T01:05:21Z","count":2,"temp_air":15.0,"hum_air":83.4,"generated_at":"2025-10-17T01:11:09Z","inserted_at":"2025-10-17T01:11:09Z","ts":"2025-10-17T01:05:21Z"}
{"_id":{"$oid":"68f19a05194704c4a7b99931"},"start_ts":"2025-10-17T01:12:00Z","end_ts":"2025-10-17T01:18:41Z","count":4,"temp_air":14.850000000000001,"hum_air":82.9,"generated_at":"2025-10-17T01:21:09Z","inserted_at":"2025-10-17T01:21:09Z","ts":"2025-10-17T01:18:41Z"}
{"_id":{"$oid":"68f19c5e194704c4a7b99932"},"start_ts":"2025-10-17T01:25:24Z","end_ts":"2025-10-17T01:25:24Z","count":2,"temp_air":14.8,"hum_air":83.3,"generated_at":"2025-10-17T01:31:10Z","inserted_at":"2025-10-17T01:31:10Z","ts":"2025-10-17T01:25:24Z"}
{"_id":{"$oid":"68f19eb6194704c4a7b99933"},"start_ts":"2025-10-17T01:32:00Z","end_ts":"2025-10-17T01:38:40Z","count":4,"temp_air":14.649999999999999,"hum_air":83.44999999999999,"generated_at":"2025-10-17T01:41:10Z","inserted_at":"2025-10-17T01:41:10Z","ts":"2025-10-17T01:38:40Z"}
{"_id":{"$oid":"68f1a10e194704c4a7b99934"},"start_ts":"2025-10-17T01:45:19Z","end_ts":"2025-10-17T01:45:19Z","count":2,"temp_air":14.6,"hum_air":83.7,"generated_at":"2025-10-17T01:51:10Z","inserted_at":"2025-10-17T01:51:10Z","ts":"2025-10-17T01:45:19Z"}
{"_id":{"$oid":"68f1a366194704c4a7b99935"},"start_ts":"2025-10-17T01:52:01Z","end_ts":"2025-10-17T01:58:39Z","count":4,"temp_air":14.5,"hum_air":84.0,"generated_at":"2025-10-17T02:01:10Z","inserted_at":"2025-10-17T02:01:10Z","ts":"2025-10-17T01:58:39Z"}
{"_id":{"$oid":"68f1a5be194704c4a7b99936"},"start_ts":"2025-10-17T02:05:24Z","end_ts":"2025-10-17T02:05:34Z","count":6,"temp_air":14.6,"hum_air":84.2,"generated_at":"2025-10-17T02:11:10Z","inserted_at":"2025-10-17T02:11:10Z","ts":"2025-10-17T02:05:34Z"}
{"_id":{"$oid":"68f1a816194704c4a7b99937"},"start_ts":"2025-10-17T02:12:01Z","end_ts":"2025-10-17T02:18:40Z","count":4,"temp_air":14.6,"hum_air":84.15,"generated_at":"2025-10-17T02:21:10Z","inserted_at":"2025-10-17T02:21:10Z","ts":"2025-10-17T02:18:40Z"}
{"_id":{"$oid":"68f1aa6e194704c4a7b99938"},"start_ts":"2025-10-17T02:25:19Z","end_ts":"2025-10-17T02:25:19Z","count":2,"temp_air":14.7,"hum_air":84.1,"generated_at":"2025-10-17T02:31:10Z","inserted_at":"2025-10-17T02:31:10Z","ts":"2025-10-17T02:25:19Z"}
{"_id":{"$oid":"68f1acc6194704c4a7b99939"},"start_ts":"2025-10-17T02:32:00Z","end_ts":"2025-10-17T02:38:40Z","count":4,"temp_air":14.6,"hum_air":83.75,"generated_at":"2025-10-17T02:41:10Z","inserted_at":"2025-10-17T02:41:10Z","ts":"2025-10-17T02:38:40Z"}
{"_id":{"$oid":"68f1af1e194704c4a7b9993a"},"start_ts":"2025-10-17T02:45:21Z","end_ts":"2025-10-17T02:45:21Z","count":2,"temp_air":14.7,"hum_air":83.7,"generated_at":"2025-10-17T02:51:10Z","inserted_at":"2025-10-17T02:51:10Z","ts":"2025-10-17T02:45:21Z"}
{"_id":{"$oid":"68f1b176194704c4a7b9993b"},"start_ts":"2025-10-17T02:52:01Z","end_ts":"2025-10-17T02:58:41Z","count":4,"temp_air":14.7,"hum_air":84.1,"generated_at":"2025-10-17T03:01:10Z","inserted_at":"2025-10-17T03:01:10Z","ts":"2025-10-17T02:58:41Z"}
{"_id":{"$oid":"68f1b3ce194704c4a7b9993c"},"start_ts":"2025-10-17T03:05:21Z","end_ts":"2025-10-17T03:05:21Z","count":2,"temp_air":14.7,"hum_air":84.2,"generated_at":"2025-10-17T03:11:10Z","inserted_at":"2025-10-17T03:11:10Z","ts":"2025-10-17T03:05:21Z"}
{"_id":{"$oid":"68f1b626194704c4a7b9993d"},"start_ts":"2025-10-17T03:12:01Z","end_ts":"2025-10-17T03:18:41Z","count":4,"temp_air":14.7,"hum_air":84.35,"generated_at":"2025-10-17T03:21:10Z","inserted_at":"2025-10-17T03:21:10Z","ts":"2025-10-17T03:18:41Z"}
{"_id":{"$oid":"68f1b87e194704c4a7b9993e"},"start_ts":"2025-10-17T03:25:21Z","end_ts":"2025-10-17T03:25:21Z","count":2,"temp_air":14.6,"hum_air":84.4,"generated_at":"2025-10-17T03:31:10Z","inserted_at":"2025-10-17T03:31:10Z","ts":"2025-10-17T03:25:21Z"}
{"_id":{"$oid":"68f1bad6194704c4a7b9993f"},"start_ts":"2025-10-17T03:32:01Z","end_ts":"2025-10-17T03:38:39Z","count":4,"temp_air":14.5,"hum_air":84.4,"generated_at":"2025-10-17T03:41:10Z","inserted_at":"2025-10-17T03:41:10Z","ts":"2025-10-17T03:38:39Z"}
{"_id":{"$oid":"68f1bd2e194704c4a7b99940"},"start_ts":"2025-10-17T03:45:20Z","end_ts":"2025-10-17T03:45:20Z","count":2,"temp_air":14.5,"hum_air":84.3,"generated_at":"2025-10-17T03:51:10Z","inserted_at":"2025-10-17T03:51:10Z","ts":"2025-10-17T03:45:20Z"}
{"_id":{"$oid":"68f1bf86194704c4a7b99941"},"start_ts":"2025-10-17T03:52:01Z","end_ts":"2025-10-17T03:58:40Z","count":4,"temp_air":14.5,"hum_air":84.35,"generated_at":"2025-10-17T04:01:10Z","inserted_at":"2025-10-17T04:01:10Z","ts":"2025-10-17T03:58:40Z"}
{"_id":{"$oid":"68f1c1de194704c4a7b99942"},"start_ts":"2025-10-17T04:05:20Z","end_ts":"2025-10-17T04:05:20Z","count":2,"temp_air":14.5,"hum_air":84.5,"generated_at":"2025-10-17T04:11:10Z","inserted_at":"2025-10-17T04:11:10Z","ts":"2025-10-17T04:05:20Z"}
{"_id":{"$oid":"68f1c436194704c4a7b99943"},"start_ts":"2025-10-17T04:11:59Z","end_ts":"2025-10-17T04:18:39Z","count":4,"temp_air":14.5,"hum_air":84.75,"generated_at":"2025-10-17T04:21:10Z","inserted_at":"2025-10-17T04:21:10Z","ts":"2025-10-17T04:18:39Z"}
{"_id":{"$oid":"68f1c68e194704c4a7b99944"},"start_ts":"2025-10-17T04:25:19Z","end_ts":"2025-10-17T04:25:19Z","count":2,"temp_air":14.4,"hum_air":84.5,"generated_at":"2025-10-17T04:31:10Z","inserted_at":"2025-10-17T04:31:10Z","ts":"2025-10-17T04:25:19Z"}
{"_id":{"$oid":"68f1c8e7194704c4a7b99945"},"start_ts":"2025-10-17T04:31:59Z","end_ts":"2025-10-17T04:38:40Z","count":4,"temp_air":14.4,"hum_air":84.75,"generated_at":"2025-10-17T04:41:11Z","inserted_at":"2025-10-17T04:41:11Z","ts":"2025-10-17T04:38:40Z"}
{"_id":{"$oid":"68f1cd97194704c4a7b99946"},"start_ts":"2025-10-17T04:52:01Z","end_ts":"2025-10-17T04:58:41Z","count":4,"temp_air":14.3,"hum_air":84.85,"generated_at":"2025-10-17T05:01:11Z","inserted_at":"2025-10-17T05:01:11Z","ts":"2025-10-17T04:58:41Z"}
{"_id":{"$oid":"68f1cfef194704c4a7b99947"},"start_ts":"2025-10-17T05:05:21Z","end_ts":"2025-10-17T05:05:21Z","count":2,"temp_air":14.3,"hum_air":84.9,"generated_at":"2025-10-17T05:11:11Z","inserted_at":"2025-10-17T05:11:11Z","ts":"2025-10-17T05:05:21Z"}
{"_id":{"$oid":"68f1d247194704c4a7b99948"},"start_ts":"2025-10-17T05:12:01Z","end_ts":"2025-10-17T05:18:41Z","count":4,"temp_air":14.149999999999999,"hum_air":84.85,"generated_at":"2025-10-17T05:21:11Z","inserted_at":"2025-10-17T05:21:11Z","ts":"2025-10-17T05:18:41Z"}
{"_id":{"$oid":"68f1d49f194704c4a7b99949"},"start_ts":"2025-10-17T05:25:21Z","end_ts":"2025-10-17T05:25:21Z","count":2,"temp_air":14.2,"hum_air":84.7,"generated_at":"2025-10-17T05:31:11Z","inserted_at":"2025-10-17T05:31:11Z","ts":"2025-10-17T05:25:21Z"}
{"_id":{"$oid":"68f1d6f7194704c4a7b9994a"},"start_ts":"2025-10-17T05:32:01Z","end_ts":"2025-10-17T05:32:01Z","count":2,"temp_air":14.2,"hum_air":84.9,"generated_at":"2025-10-17T05:41:11Z","inserted_at":"2025-10-17T05:41:11Z","ts":"2025-10-17T05:32:01Z"}
{"_id":{"$oid":"68f6303f194704c4a7b9994b"},"start_ts":"2025-10-20T12:50:37Z","end_ts":"2025-10-20T12:50:37Z","count":2,"temp_air":25.5,"hum_air":54.8,"ec":1035.41,"temp_water":14.88,"generated_at":"2025-10-20T12:51:11Z","inserted_at":"2025-10-20T12:51:11Z","ts":"2025-10-20T12:50:37Z"}
{"_id":{"$oid":"68f63297194704c4a7b9994c"},"start_ts":"2025-10-20T12:57:17Z","end_ts":"2025-10-20T12:57:17Z","count":2,"temp_air":28.0,"hum_air":50.7,"generated_at":"2025-10-20T13:01:11Z","inserted_at":"2025-10-20T13:01:11Z","ts":"2025-10-20T12:57:17Z"}
{"_id":{"$oid":"68f634ef194704c4a7b9994d"},"start_ts":"2025-10-20T13:03:57Z","end_ts":"2025-10-20T13:10:37Z","count":4,"temp_air":28.9,"hum_air":48.05,"generated_at":"2025-10-20T13:11:11Z","inserted_at":"2025-10-20T13:11:11Z","ts":"2025-10-20T13:10:37Z"}
{"_id":{"$oid":"68f63747194704c4a7b9994e"},"start_ts":"2025-10-20T13:17:17Z","end_ts":"2025-10-20T13:17:17Z","count":2,"temp_air":31.1,"hum_air":45.6,"generated_at":"2025-10-20T13:21:11Z","inserted_at":"2025-10-20T13:21:11Z","ts":"2025-10-20T13:17:17Z"}
{"_id":{"$oid":"68f6399f194704c4a7b9994f"},"start_ts":"2025-10-20T13:23:57Z","end_ts":"2025-10-20T13:30:37Z","count":4,"temp_air":33.3,"hum_air":43.400000000000006,"generated_at":"2025-10-20T13:31:11Z","inserted_at":"2025-10-20T13:31:11Z","ts":"2025-10-20T13:30:37Z"}
{"_id":{"$oid":"68f63bf7194704c4a7b99950"},"start_ts":"2025-10-20T13:37:17Z","end_ts":"2025-10-20T13:37:17Z","count":2,"temp_air":35.3,"hum_air":41.3,"generated_at":"2025-10-20T13:41:11Z","inserted_at":"2025-10-20T13:41:11Z","ts":"2025-10-20T13:37:17Z"}
{"_id":{"$oid":"68f63e4f194704c4a7b99951"},"start_ts":"2025-10-20T13:43:57Z","end_ts":"2025-10-20T13:50:37Z","count":4,"temp_air":42.25,"hum_air":35.8,"generated_at":"2025-10-20T13:51:11Z","inserted_at":"2025-10-20T13:51:11Z","ts":"2025-10-20T13:50:37Z"}
{"_id":{"$oid":"68f640a7194704c4a7b99952"},"start_ts":"2025-10-20T13:57:17Z","end_ts":"2025-10-20T13:57:17Z","count":2,"temp_air":40.8,"hum_air":36.7,"generated_at":"2025-10-20T14:01:11Z","inserted_at":"2025-10-20T14:01:11Z","ts":"2025-10-20T13:57:17Z"}
{"_id":{"$oid":"68f642ff194704c4a7b99953"},"start_ts":"2025-10-20T14:03:57Z","end_ts":"2025-10-20T14:10:37Z","count":4,"temp_air":36.95,"hum_air":38.8,"ph":9.925,"temp_water":17.125,"generated_at":"2025-10-20T14:11:11Z","inserted_at":"2025-10-20T14:11:11Z","ts":"2025-10-20T14:10:37Z"}
{"_id":{"$oid":"68f64557194704c4a7b99954"},"start_ts":"2025-10-20T14:17:17Z","end_ts":"2025-10-20T14:17:17Z","count":2,"temp_air":35.9,"hum_air":39.1,"ph":11.35,"temp_water":17.94,"generated_at":"2025-10-20T14:21:11Z","inserted_at":"2025-10-20T14:21:11Z","ts":"2025-10-20T14:17:17Z"}
{"_id":{"$oid":"68f647af194704c4a7b99955"},"start_ts":"2025-10-20T14:23:57Z","end_ts":"2025-10-20T14:30:37Z","count":4,"temp_air":35.650000000000006,"hum_air":39.15,"ph":12.594999999999999,"temp_water":18.265,"generated_at":"2025-10-20T14:31:11Z","inserted_at":"2025-10-20T14:31:11Z","ts":"2025-10-20T14:30:37Z"}
{"_id":{"$oid":"68f64a07194704c4a7b99956"},"start_ts":"2025-10-20T14:37:17Z","end_ts":"2025-10-20T14:37:17Z","count":2,"temp_air":35.3,"hum_air":39.4,"ph":13.26,"temp_water":18.41,"generated_at":"2025-10-20T14:41:11Z","inserted_at":"2025-10-20T14:41:11Z","ts":"2025-10-20T14:37:17Z"}
{"_id":{"$oid":"68f64c5f194704c4a7b99957"},"start_ts":"2025-10-20T14:43:57Z","end_ts":"2025-10-20T14:50:37Z","count":4,"temp_air":34.2,"hum_air":39.900000000000006,"ph":13.26,"temp_water":18.41,"generated_at":"2025-10-20T14:51:11Z","inserted_at":"2025-10-20T14:51:11Z","ts":"2025-10-20T14:50:37Z"}
{"_id":{"$oid":"68f64eb8194704c4a7b99958"},"start_ts":"2025-10-20T14:57:17Z","end_ts":"2025-10-20T14:57:17Z","count":2,"temp_air":33.4,"hum_air":40.4,"ph":13.26,"temp_water":18.41,"generated_at":"2025-10-20T15:01:12Z","inserted_at":"2025-10-20T15:01:12Z","ts":"2025-10-20T14:57:17Z"}
{"_id":{"$oid":"68f65110194704c4a7b99959"},"start_ts":"2025-10-20T15:03:57Z","end_ts":"2025-10-20T15:10:37Z","count":4,"temp_air":32.95,"hum_air":41.4,"ph":13.26,"temp_water":18.41,"generated_at":"2025-10-20T15:11:12Z","inserted_at":"2025-10-20T15:11:12Z","ts":"2025-10-20T15:10:37Z"}
{"_id":{"$oid":"68f65368194704c4a7b9995a"},"start_ts":"2025-10-20T15:17:17Z","end_ts":"2025-10-20T15:17:17Z","count":2,"temp_air":32.5,"hum_air":41.3,"ph":13.26,"temp_water":18.41,"generated_at":"2025-10-20T15:21:12Z","inserted_at":"2025-10-20T15:21:12Z","ts":"2025-10-20T15:17:17Z"}
{"_id":{"$oid":"68f655c1194704c4a7b9995b"},"start_ts":"2025-10-20T15:23:57Z","end_ts":"2025-10-20T15:30:37Z","count":4,"temp_air":31.35,"hum_air":42.2,"ph":13.26,"temp_water":18.41,"generated_at":"2025-10-20T15:31:13Z","inserted_at":"2025-10-20T15:31:13Z","ts":"2025-10-20T15:30:37Z"}
{"_id":{"$oid":"68f65819194704c4a7b9995c"},"start_ts":"2025-10-20T15:37:17Z","end_ts":"2025-10-20T15:37:17Z","count":2,"temp_air":30.7,"hum_air":42.5,"ph":13.26,"temp_water":18.41,"generated_at":"2025-10-20T15:41:13Z","inserted_at":"2025-10-20T15:41:13Z","ts":"2025-10-20T15:37:17Z"}
{"_id":{"$oid":"68f65a71194704c4a7b9995d"},"start_ts":"2025-10-20T15:43:57Z","end_ts":"2025-10-20T15:50:37Z","count":4,"temp_air":30.799999999999997,"hum_air":43.150000000000006,"ph":13.26,"temp_water":18.41,"generated_at":"2025-10-20T15:51:13Z","inserted_at":"2025-10-20T15:51:13Z","ts":"2025-10-20T15:50:37Z"}
{"_id":{"$oid":"68f65cc9194704c4a7b9995e"},"start_ts":"2025-10-20T15:57:17Z","end_ts":"2025-10-20T15:57:17Z","count":2,"temp_air":30.7,"hum_air":43.5,"ph":13.26,"temp_water":18.41,"generated_at":"2025-10-20T16:01:13Z","inserted_at":"2025-10-20T16:01:13Z","ts":"2025-10-20T15:57:17Z"}
{"_id":{"$oid":"68f65f21194704c4a7b9995f"},"start_ts":"2025-10-20T16:03:57Z","end_ts":"2025-10-20T16:10:37Z","count":4,"temp_air":30.7,"hum_air":43.6,"ph":13.26,"temp_water":18.41,"generated_at":"2025-10-20T16:11:13Z","inserted_at":"2025-10-20T16:11:13Z","ts":"2025-10-20T16:10:37Z"}
{"_id":{"$oid":"68f66179194704c4a7b99960"},"start_ts":"2025-10-20T16:17:17Z","end_ts":"2025-10-20T16:17:17Z","count":2,"temp_air":30.6,"hum_air":43.8,"ph":13.26,"temp_water":18.41,"generated_at":"2025-10-20T16:21:13Z","inserted_at":"2025-10-20T16:21:13Z","ts":"2025-10-20T16:17:17Z"}
{"_id":{"$oid":"68f663d1194704c4a7b99961"},"start_ts":"2025-10-20T16:23:57Z","end_ts":"2025-10-20T16:30:37Z","count":4,"temp_air":30.4,"hum_air":44.05,"ph":13.26,"temp_water":18.41,"generated_at":"2025-10-20T16:31:13Z","inserted_at":"2025-10-20T16:31:13Z","ts":"2025-10-20T16:30:37Z"}
{"_id":{"$oid":"68f66629194704c4a7b99962"},"start_ts":"2025-10-20T16:37:17Z","end_ts":"2025-10-20T16:37:17Z","count":2,"temp_air":30.4,"hum_air":44.6,"ph":13.26,"temp_water":18.41,"generated_at":"2025-10-20T16:41:13Z","inserted_at":"2025-10-20T16:41:13Z","ts":"2025-10-20T16:37:17Z"}
{"_id":{"$oid":"68f66881194704c4a7b99963"},"start_ts":"2025-10-20T16:43:57Z","end_ts":"2025-10-20T16:50:37Z","count":4,"temp_air":30.55,"hum_air":44.4,"ph":13.26,"temp_water":18.41,"generated_at":"2025-10-20T16:51:13Z","inserted_at":"2025-10-20T16:51:13Z","ts":"2025-10-20T16:50:37Z"}
{"_id":{"$oid":"68f66ad9194704c4a7b99964"},"start_ts":"2025-10-20T16:57:17Z","end_ts":"2025-10-20T16:57:17Z","count":2,"temp_air":30.7,"hum_air":44.4,"ph":13.26,"temp_water":18.41,"generated_at":"2025-10-20T17:01:13Z","inserted_at":"2025-10-20T17:01:13Z","ts":"2025-10-20T16:57:17Z"}
{"_id":{"$oid":"68f66d31194704c4a7b99965"},"start_ts":"2025-10-20T17:03:57Z","end_ts":"2025-10-20T17:10:37Z","count":4,"temp_air":30.85,"hum_air":44.599999999999994,"ph":13.26,"temp_water":18.41,"generated_at":"2025-10-20T17:11:13Z","inserted_at":"2025-10-20T17:11:13Z","ts":"2025-10-20T17:10:37Z"}
{"_id":{"$oid":"68f66f89194704c4a7b99966"},"start_ts":"2025-10-20T17:17:17Z","end_ts":"2025-10-20T17:17:17Z","count":2,"temp_air":30.7,"hum_air":44.8,"ph":13.26,"temp_water":18.41,"generated_at":"2025-10-20T17:21:13Z","inserted_at":"2025-10-20T17:21:13Z","ts":"2025-10-20T17:17:17Z"}
{"_id":{"$oid":"68f671e1194704c4a7b99967"},"start_ts":"2025-10-20T17:23:57Z","end_ts":"2025-10-20T17:30:37Z","count":4,"temp_air":30.55,"hum_air":45.099999999999994,"ph":13.26,"temp_water":18.41,"generated_at":"2025-10-20T17:31:13Z","inserted_at":"2025-10-20T17:31:13Z","ts":"2025-10-20T17:30:37Z"}
{"_id":{"$oid":"68f67439194704c4a7b99968"},"start_ts":"2025-10-20T17:37:17Z","end_ts":"2025-10-20T17:37:17Z","count":2,"temp_air":30.3,"hum_air":45.6,"ph":13.26,"temp_water":18.41,"generated_at":"2025-10-20T17:41:13Z","inserted_at":"2025-10-20T17:41:13Z","ts":"2025-10-20T17:37:17Z"}
{"_id":{"$oid":"68f67691194704c4a7b99969"},"start_ts":"2025-10-20T17:43:57Z","end_ts":"2025-10-20T17:50:37Z","count":4,"temp_air":30.25,"hum_air":45.650000000000006,"ph":13.26,"temp_water":18.41,"generated_at":"2025-10-20T17:51:13Z","inserted_at":"2025-10-20T17:51:13Z","ts":"2025-10-20T17:50:37Z"}
{"_id":{"$oid":"68f678e9194704c4a7b9996a"},"start_ts":"2025-10-20T17:57:17Z","end_ts":"2025-10-20T17:57:17Z","count":2,"temp_air":29.9,"hum_air":44.7,"ph":13.26,"temp_water":18.41,"generated_at":"2025-10-20T18:01:13Z","inserted_at":"2025-10-20T18:01:13Z","ts":"2025-10-20T17:57:17Z"}
{"_id":{"$oid":"68f67b41194704c4a7b9996b"},"start_ts":"2025-10-20T18:03:57Z","end_ts":"2025-10-20T18:10:37Z","count":4,"temp_air":29.5,"hum_air":45.65,"ph":13.26,"temp_water":18.41,"generated_at":"2025-10-20T18:11:13Z","inserted_at":"2025-10-20T18:11:13Z","ts":"2025-10-20T18:10:37Z"}
{"_id":{"$oid":"68f67d99194704c4a7b9996c"},"start_ts":"2025-10-20T18:17:17Z","end_ts":"2025-10-20T18:17:17Z","count":2,"temp_air":29.4,"hum_air":46.7,"ph":13.26,"temp_water":18.41,"generated_at":"2025-10-20T18:21:13Z","inserted_at":"2025-10-20T18:21:13Z","ts":"2025-10-20T18:17:17Z"}
{"_id":{"$oid":"68f67ff1194704c4a7b9996d"},"start_ts":"2025-10-20T18:23:57Z","end_ts":"2025-10-20T18:30:37Z","count":4,"temp_air":29.0,"hum_air":47.1,"ph":13.26,"temp_water":18.41,"generated_at":"2025-10-20T18:31:13Z","inserted_at":"2025-10-20T18:31:13Z","ts":"2025-10-20T18:30:37Z"}
{"_id":{"$oid":"68f68249194704c4a7b9996e"},"start_ts":"2025-10-20T18:37:17Z","end_ts":"2025-10-20T18:37:17Z","count":2,"temp_air":29.1,"hum_air":47.2,"ph":13.26,"temp_water":18.41,"generated_at":"2025-10-20T18:41:13Z","inserted_at":"2025-10-20T18:41:13Z","ts":"2025-10-20T18:37:17Z"}
{"_id":{"$oid":"68f684a1194704c4a7b9996f"},"start_ts":"2025-10-20T18:43:57Z","end_ts":"2025-10-20T18:50:37Z","count":4,"temp_air":28.85,"hum_air":47.65,"ph":13.26,"temp_water":18.41,"generated_at":"2025-10-20T18:51:13Z","inserted_at":"2025-10-20T18:51:13Z","ts":"2025-10-20T18:50:37Z"}
{"_id":{"$oid":"68f686f9194704c4a7b99970"},"start_ts":"2025-10-20T18:57:17Z","end_ts":"2025-10-20T18:57:17Z","count":2,"temp_air":28.1,"hum_air":47.2,"ph":13.26,"temp_water":18.41,"generated_at":"2025-10-20T19:01:13Z","inserted_at":"2025-10-20T19:01:13Z","ts":"2025-10-20T18:57:17Z"}
{"_id":{"$oid":"68f68951194704c4a7b99971"},"start_ts":"2025-10-20T19:03:57Z","end_ts":"2025-10-20T19:10:37Z","count":4,"temp_air":27.75,"hum_air":49.0,"ph":13.26,"temp_water":18.41,"generated_at":"2025-10-20T19:11:13Z","inserted_at":"2025-10-20T19:11:13Z","ts":"2025-10-20T19:10:37Z"}
{"_id":{"$oid":"68f68ba9194704c4a7b99972"},"start_ts":"2025-10-20T19:17:17Z","end_ts":"2025-10-20T19:17:17Z","count":2,"temp_air":27.5,"hum_air":49.1,"ph":13.26,"temp_water":18.41,"generated_at":"2025-10-20T19:21:13Z","inserted_at":"2025-10-20T19:21:13Z","ts":"2025-10-20T19:17:17Z"}
{"_id":{"$oid":"68f68e01194704c4a7b99973"},"start_ts":"2025-10-20T19:23:57Z","end_ts":"2025-10-20T19:30:37Z","count":4,"temp_air":27.0,"hum_air":49.099999999999994,"ph":13.26,"temp_water":18.41,"generated_at":"2025-10-20T19:31:13Z","inserted_at":"2025-10-20T19:31:13Z","ts":"2025-10-20T19:30:37Z"}
{"_id":{"$oid":"68f69059194704c4a7b99974"},"start_ts":"2025-10-20T19:37:17Z","end_ts":"2025-10-20T19:37:17Z","count":2,"temp_air":26.6,"hum_air":50.5,"ph":13.26,"temp_water":18.41,"generated_at":"2025-10-20T19:41:13Z","inserted_at":"2025-10-20T19:41:13Z","ts":"2025-10-20T19:37:17Z"}
{"_id":{"$oid":"68f692b1194704c4a7b99975"},"start_ts":"2025-10-20T19:43:57Z","end_ts":"2025-10-20T19:50:38Z","count":4,"temp_air":26.4,"hum_air":51.05,"ph":13.26,"temp_water":18.41,"generated_at":"2025-10-20T19:51:13Z","inserted_at":"2025-10-20T19:51:13Z","ts":"2025-10-20T19:50:38Z"}
{"_id":{"$oid":"68f6950a194704c4a7b99976"},"start_ts":"2025-10-20T19:57:17Z","end_ts":"2025-10-20T19:57:17Z","count":2,"temp_air":26.2,"hum_air":50.2,"ph":13.26,"temp_water":18.41,"generated_at":"2025-10-20T20:01:14Z","inserted_at":"2025-10-20T20:01:14Z","ts":"2025-10-20T19:57:17Z"}
{"_id":{"$oid":"68f69762194704c4a7b99977"},"start_ts":"2025-10-20T20:03:58Z","end_ts":"2025-10-20T20:10:37Z","count":4,"temp_air":25.9,"hum_air":50.8,"ph":13.26,"temp_water":18.41,"generated_at":"2025-10-20T20:11:14Z","inserted_at":"2025-10-20T20:11:14Z","ts":"2025-10-20T20:10:37Z"}
{"_id":{"$oid":"68f699ba194704c4a7b99978"},"start_ts":"2025-10-20T20:17:17Z","end_ts":"2025-10-20T20:17:17Z","count":2,"temp_air":25.4,"hum_air":52.1,"ph":13.26,"temp_water":18.41,"generated_at":"2025-10-20T20:21:14Z","inserted_at":"2025-10-20T20:21:14Z","ts":"2025-10-20T20:17:17Z"}
{"_id":{"$oid":"68f69c12194704c4a7b99979"},"start_ts":"2025-10-20T20:23:58Z","end_ts":"2025-10-20T20:30:37Z","count":4,"temp_air":24.9,"hum_air":52.45,"ph":13.26,"temp_water":18.41,"generated_at":"2025-10-20T20:31:14Z","inserted_at":"2025-10-20T20:31:14Z","ts":"2025-10-20T20:30:37Z"}
{"_id":{"$oid":"68f69e6a194704c4a7b9997a"},"start_ts":"2025-10-20T20:37:18Z","end_ts":"2025-10-20T20:37:18Z","count":2,"temp_air":24.6,"hum_air":52.8,"ph":13.26,"temp_water":18.41,"generated_at":"2025-10-20T20:41:14Z","inserted_at":"2025-10-20T20:41:14Z","ts":"2025-10-20T20:37:18Z"}
{"_id":{"$oid":"68f6a0c2194704c4a7b9997b"},"start_ts":"2025-10-20T20:43:57Z","end_ts":"2025-10-20T20:50:38Z","count":4,"temp_air":24.55,"hum_air":53.65,"ph":13.26,"temp_water":18.41,"generated_at":"2025-10-20T20:51:14Z","inserted_at":"2025-10-20T20:51:14Z","ts":"2025-10-20T20:50:38Z"}
{"_id":{"$oid":"68f6a31a194704c4a7b9997c"},"start_ts":"2025-10-20T20:57:18Z","end_ts":"2025-10-20T20:57:18Z","count":2,"temp_air":24.5,"hum_air":52.9,"ph":13.26,"temp_water":18.41,"generated_at":"2025-10-20T21:01:14Z","inserted_at":"2025-10-20T21:01:14Z","ts":"2025-10-20T20:57:18Z"}
{"_id":{"$oid":"68f6a572194704c4a7b9997d"},"start_ts":"2025-10-20T21:03:59Z","end_ts":"2025-10-20T21:10:37Z","count":4,"temp_air":24.55,"hum_air":54.0,"ph":13.26,"temp_water":18.41,"generated_at":"2025-10-20T21:11:14Z","inserted_at":"2025-10-20T21:11:14Z","ts":"2025-10-20T21:10:37Z"}
{"_id":{"$oid":"68f6a7ca194704c4a7b9997e"},"start_ts":"2025-10-20T21:17:18Z","end_ts":"2025-10-20T21:17:18Z","count":2,"temp_air":24.7,"hum_air":54.2,"ph":13.26,"temp_water":18.41,"generated_at":"2025-10-20T21:21:14Z","inserted_at":"2025-10-20T21:21:14Z","ts":"2025-10-20T21:17:18Z"}
{"_id":{"$oid":"68f6aa22194704c4a7b9997f"},"start_ts":"2025-10-20T21:23:58Z","end_ts":"2025-10-20T21:30:38Z","count":4,"temp_air":24.6,"hum_air":54.099999999999994,"ph":13.26,"temp_water":18.41,"generated_at":"2025-10-20T21:31:14Z","inserted_at":"2025-10-20T21:31:14Z","ts":"2025-10-20T21:30:38Z"}
{"_id":{"$oid":"68f6ac7a194704c4a7b99980"},"start_ts":"2025-10-20T21:37:18Z","end_ts":"2025-10-20T21:37:18Z","count":2,"temp_air":24.2,"hum_air":53.0,"ph":13.26,"temp_water":18.41,"generated_at":"2025-10-20T21:41:14Z","inserted_at":"2025-10-20T21:41:14Z","ts":"2025-10-20T21:37:18Z"}
{"_id":{"$oid":"68f6aed2194704c4a7b99981"},"start_ts":"2025-10-20T21:43:58Z","end_ts":"2025-10-20T21:50:38Z","count":4,"temp_air":23.5,"hum_air":53.6,"ph":13.26,"temp_water":18.41,"generated_at":"2025-10-20T21:51:14Z","inserted_at":"2025-10-20T21:51:14Z","ts":"2025-10-20T21:50:38Z"}
{"_id":{"$oid":"68f6b12a194704c4a7b99982"},"start_ts":"2025-10-20T21:57:18Z","end_ts":"2025-10-20T21:57:18Z","count":2,"temp_air":22.8,"hum_air":53.9,"ph":13.26,"temp_water":18.41,"generated_at":"2025-10-20T22:01:14Z","inserted_at":"2025-10-20T22:01:14Z","ts":"2025-10-20T21:57:18Z"}
{"_id":{"$oid":"68f6b382194704c4a7b99983"},"start_ts":"2025-10-20T22:04:00Z","end_ts":"2025-10-20T22:10:38Z","count":4,"temp_air":22.2,"hum_air":54.45,"ph":13.26,"temp_water":18.41,"generated_at":"2025-10-20T22:11:14Z","inserted_at":"2025-10-20T22:11:14Z","ts":"2025-10-20T22:10:38Z"}
{"_id":{"$oid":"68f6b5da194704c4a7b99984"},"start_ts":"2025-10-20T22:17:18Z","end_ts":"2025-10-20T22:17:18Z","count":2,"temp_air":21.6,"hum_air":54.9,"ph":13.26,"temp_water":18.41,"generated_at":"2025-10-20T22:21:14Z","inserted_at":"2025-10-20T22:21:14Z","ts":"2025-10-20T22:17:18Z"}
{"_id":{"$oid":"68f6b832194704c4a7b99985"},"start_ts":"2025-10-20T22:23:58Z","end_ts":"2025-10-20T22:30:39Z","count":4,"temp_air":21.1,"hum_air":56.3,"ph":13.26,"temp_water":18.41,"generated_at":"2025-10-20T22:31:14Z","inserted_at":"2025-10-20T22:31:14Z","ts":"2025-10-20T22:30:39Z"}
{"_id":{"$oid":"68f6ba8a194704c4a7b99986"},"start_ts":"2025-10-20T22:37:18Z","end_ts":"2025-10-20T22:37:18Z","count":2,"temp_air":20.8,"hum_air":58.3,"ph":13.26,"temp_water":18.41,"generated_at":"2025-10-20T22:41:14Z","inserted_at":"2025-10-20T22:41:14Z","ts":"2025-10-20T22:37:18Z"}
{"_id":{"$oid":"68f6bce2194704c4a7b99987"},"start_ts":"2025-10-20T22:43:58Z","end_ts":"2025-10-20T22:50:38Z","count":4,"temp_air":20.35,"hum_air":59.25,"ph":13.26,"temp_water":18.41,"generated_at":"2025-10-20T22:51:14Z","inserted_at":"2025-10-20T22:51:14Z","ts":"2025-10-20T22:50:38Z"}
{"_id":{"$oid":"68f6bf3a194704c4a7b99988"},"start_ts":"2025-10-20T22:57:20Z","end_ts":"2025-10-20T22:57:20Z","count":2,"temp_air":20.0,"hum_air":60.2,"ph":13.26,"temp_water":18.41,"generated_at":"2025-10-20T23:01:14Z","inserted_at":"2025-10-20T23:01:14Z","ts":"2025-10-20T22:57:20Z"}
{"_id":{"$oid":"68f77f6a194704c4a7b99989"},"start_ts":"2025-10-21T12:39:46Z","end_ts":"2025-10-21T12:39:46Z","count":2,"temp_air":17.3,"hum_air":69.6,"ph":5.17,"temp_water":11.56,"generated_at":"2025-10-21T12:41:14Z","inserted_at":"2025-10-21T12:41:14Z","ts":"2025-10-21T12:39:46Z"}
{"_id":{"$oid":"68f781c3194704c4a7b9998a"},"start_ts":"2025-10-21T12:46:27Z","end_ts":"2025-10-21T12:46:27Z","count":2,"temp_air":18.8,"hum_air":66.8,"ph":5.35,"temp_water":11.56,"generated_at":"2025-10-21T12:51:15Z","inserted_at":"2025-10-21T12:51:15Z","ts":"2025-10-21T12:46:27Z"}
{"_id":{"$oid":"68f7841b194704c4a7b9998b"},"start_ts":"2025-10-21T12:53:07Z","end_ts":"2025-10-21T12:59:47Z","count":4,"temp_air":21.05,"hum_air":62.45,"ph":5.285,"temp_water":11.905000000000001,"generated_at":"2025-10-21T13:01:15Z","inserted_at":"2025-10-21T13:01:15Z","ts":"2025-10-21T12:59:47Z"}
{"_id":{"$oid":"68f78673194704c4a7b9998c"},"start_ts":"2025-10-21T13:06:27Z","end_ts":"2025-10-21T13:06:27Z","count":2,"temp_air":27.6,"hum_air":53.2,"ph":5.19,"temp_water":12.44,"generated_at":"2025-10-21T13:11:15Z","inserted_at":"2025-10-21T13:11:15Z","ts":"2025-10-21T13:06:27Z"}
{"_id":{"$oid":"68f788cb194704c4a7b9998d"},"start_ts":"2025-10-21T13:13:07Z","end_ts":"2025-10-21T13:19:48Z","count":4,"temp_air":35.85,"hum_air":43.65,"ph":5.36,"temp_water":12.690000000000001,"generated_at":"2025-10-21T13:21:15Z","inserted_at":"2025-10-21T13:21:15Z","ts":"2025-10-21T13:19:48Z"}
{"_id":{"$oid":"68f78b23194704c4a7b9998e"},"start_ts":"2025-10-21T13:26:27Z","end_ts":"2025-10-21T13:26:27Z","count":2,"temp_air":37.4,"hum_air":41.6,"ph":5.91,"temp_water":13.12,"generated_at":"2025-10-21T13:31:15Z","inserted_at":"2025-10-21T13:31:15Z","ts":"2025-10-21T13:26:27Z"}
{"_id":{"$oid":"68f78d7b194704c4a7b9998f"},"start_ts":"2025-10-21T13:33:07Z","end_ts":"2025-10-21T13:39:47Z","count":4,"temp_air":34.55,"hum_air":43.75,"ph":5.92,"temp_water":13.72,"generated_at":"2025-10-21T13:41:15Z","inserted_at":"2025-10-21T13:41:15Z","ts":"2025-10-21T13:39:47Z"}
{"_id":{"$oid":"68f78fd3194704c4a7b99990"},"start_ts":"2025-10-21T13:46:27Z","end_ts":"2025-10-21T13:46:27Z","count":2,"temp_air":34.1,"hum_air":43.8,"ph":5.94,"temp_water":14.38,"generated_at":"2025-10-21T13:51:15Z","inserted_at":"2025-10-21T13:51:15Z","ts":"2025-10-21T13:46:27Z"}
{"_id":{"$oid":"68f7922b194704c4a7b99991"},"start_ts":"2025-10-21T13:53:07Z","end_ts":"2025-10-21T13:59:47Z","count":4,"temp_air":37.9,"hum_air":39.8,"ph":6.015000000000001,"temp_water":15.435,"generated_at":"2025-10-21T14:01:15Z","inserted_at":"2025-10-21T14:01:15Z","ts":"2025-10-21T13:59:47Z"}
{"_id":{"$oid":"68f79483194704c4a7b99992"},"start_ts":"2025-10-21T14:06:27Z","end_ts":"2025-10-21T14:06:27Z","count":2,"temp_air":33.1,"hum_air":44.1,"ph":5.88,"temp_water":16.19,"generated_at":"2025-10-21T14:11:15Z","inserted_at":"2025-10-21T14:11:15Z","ts":"2025-10-21T14:06:27Z"}
{"_id":{"$oid":"68f796db194704c4a7b99993"},"start_ts":"2025-10-21T14:13:07Z","end_ts":"2025-10-21T14:19:47Z","count":4,"temp_air":30.549999999999997,"hum_air":47.900000000000006,"ph":5.805,"temp_water":16.5,"generated_at":"2025-10-21T14:21:15Z","inserted_at":"2025-10-21T14:21:15Z","ts":"2025-10-21T14:19:47Z"}
{"_id":{"$oid":"68f79933194704c4a7b99994"},"start_ts":"2025-10-21T14:26:27Z","end_ts":"2025-10-21T14:26:27Z","count":2,"temp_air":28.0,"hum_air":49.3,"ph":6.04,"temp_water":16.5,"generated_at":"2025-10-21T14:31:15Z","inserted_at":"2025-10-21T14:31:15Z","ts":"2025-10-21T14:26:27Z"}
{"_id":{"$oid":"68f79b8b194704c4a7b99995"},"start_ts":"2025-10-21T14:33:07Z","end_ts":"2025-10-21T14:39:47Z","count":4,"temp_air":26.25,"hum_air":52.6,"ph":6.18,"temp_water":17.09,"generated_at":"2025-10-21T14:41:15Z","inserted_at":"2025-10-21T14:41:15Z","ts":"2025-10-21T14:39:47Z"}
{"_id":{"$oid":"68f79de3194704c4a7b99996"},"start_ts":"2025-10-21T14:46:27Z","end_ts":"2025-10-21T14:46:27Z","count":2,"temp_air":24.9,"hum_air":55.2,"ph":6.22,"temp_water":17.12,"generated_at":"2025-10-21T14:51:15Z","inserted_at":"2025-10-21T14:51:15Z","ts":"2025-10-21T14:46:27Z"}
{"_id":{"$oid":"68f7a03b194704c4a7b99997"},"start_ts":"2025-10-21T14:53:07Z","end_ts":"2025-10-21T14:59:47Z","count":4,"temp_air":24.55,"hum_air":54.45,"ph":6.215,"temp_water":17.12,"generated_at":"2025-10-21T15:01:15Z","inserted_at":"2025-10-21T15:01:15Z","ts":"2025-10-21T14:59:47Z"}
{"_id":{"$oid":"68f7a293194704c4a7b99998"},"start_ts":"2025-10-21T15:06:27Z","end_ts":"2025-10-21T15:06:27Z","count":2,"temp_air":25.4,"hum_air":52.6,"ph":6.24,"temp_water":17.25,"generated_at":"2025-10-21T15:11:15Z","inserted_at":"2025-10-21T15:11:15Z","ts":"2025-10-21T15:06:27Z"}
{"_id":{"$oid":"68f7a4eb194704c4a7b99999"},"start_ts":"2025-10-21T15:13:07Z","end_ts":"2025-10-21T15:19:47Z","count":4,"temp_air":26.0,"hum_air":52.25,"ph":6.135,"temp_water":17.47,"generated_at":"2025-10-21T15:21:15Z","inserted_at":"2025-10-21T15:21:15Z","ts":"2025-10-21T15:19:47Z"}
{"_id":{"$oid":"68f7a744194704c4a7b9999a"},"start_ts":"2025-10-21T15:26:27Z","end_ts":"2025-10-21T15:26:27Z","count":2,"temp_air":28.6,"hum_air":48.8,"ph":6.19,"temp_water":17.88,"generated_at":"2025-10-21T15:31:16Z","inserted_at":"2025-10-21T15:31:16Z","ts":"2025-10-21T15:26:27Z"}
{"_id":{"$oid":"68f7a99d194704c4a7b9999b"},"start_ts":"2025-10-21T15:33:07Z","end_ts":"2025-10-21T15:39:47Z","count":4,"temp_air":27.95,"hum_air":49.5,"ph":6.16,"temp_water":18.185,"generated_at":"2025-10-21T15:41:17Z","inserted_at":"2025-10-21T15:41:17Z","ts":"2025-10-21T15:39:47Z"}
{"_id":{"$oid":"68f7abf5194704c4a7b9999c"},"start_ts":"2025-10-21T15:46:27Z","end_ts":"2025-10-21T15:46:27Z","count":2,"temp_air":28.2,"hum_air":52.1,"ph":6.3,"temp_water":18.06,"generated_at":"2025-10-21T15:51:17Z","inserted_at":"2025-10-21T15:51:17Z","ts":"2025-10-21T15:46:27Z"}
{"_id":{"$oid":"68f7ae4d194704c4a7b9999d"},"start_ts":"2025-10-21T15:53:07Z","end_ts":"2025-10-21T15:59:47Z","count":4,"temp_air":28.05,"hum_air":50.0,"ph":6.245,"temp_water":18.12,"generated_at":"2025-10-21T16:01:17Z","inserted_at":"2025-10-21T16:01:17Z","ts":"2025-10-21T15:59:47Z"}
{"_id":{"$oid":"68f7b0a5194704c4a7b9999e"},"start_ts":"2025-10-21T16:06:27Z","end_ts":"2025-10-21T16:06:27Z","count":2,"temp_air":31.5,"hum_air":48.1,"ph":6.22,"temp_water":18.62,"generated_at":"2025-10-21T16:11:17Z","inserted_at":"2025-10-21T16:11:17Z","ts":"2025-10-21T16:06:27Z"}
{"_id":{"$oid":"68f7b2fd194704c4a7b9999f"},"start_ts":"2025-10-21T16:13:07Z","end_ts":"2025-10-21T16:19:47Z","count":4,"temp_air":29.15,"hum_air":49.45,"ph":6.1850000000000005,"temp_water":19.03,"generated_at":"2025-10-21T16:21:17Z","inserted_at":"2025-10-21T16:21:17Z","ts":"2025-10-21T16:19:47Z"}
{"_id":{"$oid":"68f7b555194704c4a7b999a0"},"start_ts":"2025-10-21T16:26:27Z","end_ts":"2025-10-21T16:26:27Z","count":2,"temp_air":27.7,"hum_air":48.7,"ph":6.16,"temp_water":19.12,"generated_at":"2025-10-21T16:31:17Z","inserted_at":"2025-10-21T16:31:17Z","ts":"2025-10-21T16:26:27Z"}
{"_id":{"$oid":"68f7b7ad194704c4a7b999a1"},"start_ts":"2025-10-21T16:33:07Z","end_ts":"2025-10-21T16:39:47Z","count":4,"temp_air":27.950000000000003,"hum_air":49.1,"ph":6.109999999999999,"temp_water":19.285,"generated_at":"2025-10-21T16:41:17Z","inserted_at":"2025-10-21T16:41:17Z","ts":"2025-10-21T16:39:47Z"}
{"_id":{"$oid":"68f7ba05194704c4a7b999a2"},"start_ts":"2025-10-21T16:46:27Z","end_ts":"2025-10-21T16:46:27Z","count":2,"temp_air":27.0,"hum_air":52.0,"ph":5.99,"temp_water":19.38,"generated_at":"2025-10-21T16:51:17Z","inserted_at":"2025-10-21T16:51:17Z","ts":"2025-10-21T16:46:27Z"}
{"_id":{"$oid":"68f7bc5d194704c4a7b999a3"},"start_ts":"2025-10-21T16:53:07Z","end_ts":"2025-10-21T16:59:47Z","count":4,"temp_air":26.450000000000003,"hum_air":53.8,"ph":6.095,"temp_water":19.310000000000002,"generated_at":"2025-10-21T17:01:17Z","inserted_at":"2025-10-21T17:01:17Z","ts":"2025-10-21T16:59:47Z"}
{"_id":{"$oid":"68f7beb5194704c4a7b999a4"},"start_ts":"2025-10-21T17:06:27Z","end_ts":"2025-10-21T17:06:27Z","count":2,"temp_air":28.2,"hum_air":48.1,"ph":6.19,"temp_water":19.25,"generated_at":"2025-10-21T17:11:17Z","inserted_at":"2025-10-21T17:11:17Z","ts":"2025-10-21T17:06:27Z"}
{"_id":{"$oid":"68f7c10d194704c4a7b999a5"},"start_ts":"2025-10-21T17:13:07Z","end_ts":"2025-10-21T17:19:47Z","count":4,"temp_air":27.95,"hum_air":48.8,"ph":6.125,"temp_water":19.439999999999998,"generated_at":"2025-10-21T17:21:17Z","inserted_at":"2025-10-21T17:21:17Z","ts":"2025-10-21T17:19:47Z"}
{"_id":{"$oid":"68f7c365194704c4a7b999a6"},"start_ts":"2025-10-21T17:26:27Z","end_ts":"2025-10-21T17:26:27Z","count":2,"temp_air":29.5,"hum_air":48.5,"ph":6.08,"temp_water":19.75,"generated_at":"2025-10-21T17:31:17Z","inserted_at":"2025-10-21T17:31:17Z","ts":"2025-10-21T17:26:27Z"}
{"_id":{"$oid":"68f7c5bd194704c4a7b999a7"},"start_ts":"2025-10-21T17:33:07Z","end_ts":"2025-10-21T17:39:47Z","count":4,"temp_air":31.85,"hum_air":43.75,"ph":6.095000000000001,"temp_water":20.564999999999998,"generated_at":"2025-10-21T17:41:17Z","inserted_at":"2025-10-21T17:41:17Z","ts":"2025-10-21T17:39:47Z"}
{"_id":{"$oid":"68f7c815194704c4a7b999a8"},"start_ts":"2025-10-21T17:46:27Z","end_ts":"2025-10-21T17:46:27Z","count":2,"temp_air":31.2,"hum_air":46.6,"ph":6.02,"temp_water":21.12,"generated_at":"2025-10-21T17:51:17Z","inserted_at":"2025-10-21T17:51:17Z","ts":"2025-10-21T17:46:27Z"}
{"_id":{"$oid":"68f7ca6d194704c4a7b999a9"},"start_ts":"2025-10-21T17:53:07Z","end_ts":"2025-10-21T17:59:48Z","count":4,"temp_air":30.450000000000003,"hum_air":46.65,"ph":5.995,"temp_water":21.345,"generated_at":"2025-10-21T18:01:17Z","inserted_at":"2025-10-21T18:01:17Z","ts":"2025-10-21T17:59:48Z"}
{"_id":{"$oid":"68f7ccc5194704c4a7b999aa"},"start_ts":"2025-10-21T18:06:27Z","end_ts":"2025-10-21T18:06:27Z","count":2,"temp_air":33.2,"hum_air":44.8,"ph":5.98,"temp_water":21.81,"generated_at":"2025-10-21T18:11:17Z","inserted_at":"2025-10-21T18:11:17Z","ts":"2025-10-21T18:06:27Z"}
{"_id":{"$oid":"68f7cf1d194704c4a7b999ab"},"start_ts":"2025-10-21T18:13:07Z","end_ts":"2025-10-21T18:19:47Z","count":4,"temp_air":34.8,"hum_air":43.0,"ph":5.9,"temp_water":22.5,"generated_at":"2025-10-21T18:21:17Z","inserted_at":"2025-10-21T18:21:17Z","ts":"2025-10-21T18:19:47Z"}
{"_id":{"$oid":"68f7d175194704c4a7b999ac"},"start_ts":"2025-10-21T18:26:27Z","end_ts":"2025-10-21T18:26:27Z","count":2,"temp_air":34.3,"hum_air":39.8,"ph":5.96,"temp_water":22.38,"generated_at":"2025-10-21T18:31:17Z","inserted_at":"2025-10-21T18:31:17Z","ts":"2025-10-21T18:26:27Z"}
{"_id":{"$oid":"68f7d3cd194704c4a7b999ad"},"start_ts":"2025-10-21T18:33:07Z","end_ts":"2025-10-21T18:39:47Z","count":4,"temp_air":30.799999999999997,"hum_air":46.2,"ph":5.865,"temp_water":22.345,"generated_at":"2025-10-21T18:41:17Z","inserted_at":"2025-10-21T18:41:17Z","ts":"2025-10-21T18:39:47Z"}
{"_id":{"$oid":"68f7d625194704c4a7b999ae"},"start_ts":"2025-10-21T18:46:27Z","end_ts":"2025-10-21T18:46:27Z","count":2,"temp_air":26.8,"hum_air":49.1,"ph":5.85,"temp_water":22.0,"generated_at":"2025-10-21T18:51:17Z","inserted_at":"2025-10-21T18:51:17Z","ts":"2025-10-21T18:46:27Z"}
{"_id":{"$oid":"68f7d87d194704c4a7b999af"},"start_ts":"2025-10-21T18:53:07Z","end_ts":"2025-10-21T18:59:47Z","count":4,"temp_air":24.5,"hum_air":54.85,"ph":5.805,"temp_water":21.535,"generated_at":"2025-10-21T19:01:17Z","inserted_at":"2025-10-21T19:01:17Z","ts":"2025-10-21T18:59:47Z"}
{"_id":{"$oid":"68f7dad5194704c4a7b999b0"},"start_ts":"2025-10-21T19:06:27Z","end_ts":"2025-10-21T19:06:27Z","count":2,"temp_air":22.6,"hum_air":59.2,"ph":5.84,"temp_water":20.94,"generated_at":"2025-10-21T19:11:17Z","inserted_at":"2025-10-21T19:11:17Z","ts":"2025-10-21T19:06:27Z"}
{"_id":{"$oid":"68f7dd2d194704c4a7b999b1"},"start_ts":"2025-10-21T19:13:08Z","end_ts":"2025-10-21T19:19:47Z","count":4,"temp_air":21.9,"hum_air":60.55,"ph":5.73,"temp_water":20.310000000000002,"generated_at":"2025-10-21T19:21:17Z","inserted_at":"2025-10-21T19:21:17Z","ts":"2025-10-21T19:19:47Z"}
{"_id":{"$oid":"68f7df86194704c4a7b999b2"},"start_ts":"2025-10-21T19:26:27Z","end_ts":"2025-10-21T19:26:27Z","count":2,"temp_air":20.8,"hum_air":63.2,"ph":5.81,"temp_water":20.25,"generated_at":"2025-10-21T19:31:18Z","inserted_at":"2025-10-21T19:31:18Z","ts":"2025-10-21T19:26:27Z"}
{"_id":{"$oid":"68f7e1de194704c4a7b999b3"},"start_ts":"2025-10-21T19:33:07Z","end_ts":"2025-10-21T19:39:48Z","count":4,"temp_air":20.1,"hum_air":65.95,"ph":5.875,"temp_water":19.47,"generated_at":"2025-10-21T19:41:18Z","inserted_at":"2025-10-21T19:41:18Z","ts":"2025-10-21T19:39:48Z"}
{"_id":{"$oid":"68f7e436194704c4a7b999b4"},"start_ts":"2025-10-21T19:46:27Z","end_ts":"2025-10-21T19:46:27Z","count":2,"temp_air":20.3,"hum_air":66.7,"ph":5.92,"temp_water":18.81,"generated_at":"2025-10-21T19:51:18Z","inserted_at":"2025-10-21T19:51:18Z","ts":"2025-10-21T19:46:27Z"}
{"_id":{"$oid":"68f7e68e194704c4a7b999b5"},"start_ts":"2025-10-21T19:53:07Z","end_ts":"2025-10-21T19:59:47Z","count":4,"temp_air":20.65,"hum_air":65.9,"ph":5.824999999999999,"temp_water":18.560000000000002,"generated_at":"2025-10-21T20:01:18Z","inserted_at":"2025-10-21T20:01:18Z","ts":"2025-10-21T19:59:47Z"}
{"_id":{"$oid":"68f7e8e6194704c4a7b999b6"},"start_ts":"2025-10-21T20:06:27Z","end_ts":"2025-10-21T20:06:27Z","count":2,"temp_air":21.4,"hum_air":62.7,"ph":5.65,"temp_water":18.44,"generated_at":"2025-10-21T20:11:18Z","inserted_at":"2025-10-21T20:11:18Z","ts":"2025-10-21T20:06:27Z"}
{"_id":{"$oid":"68f7eb3e194704c4a7b999b7"},"start_ts":"2025-10-21T20:13:09Z","end_ts":"2025-10-21T20:19:47Z","count":6,"temp_air":21.5,"hum_air":63.86666666666667,"ph":5.826666666666666,"temp_water":18.356666666666666,"generated_at":"2025-10-21T20:21:18Z","inserted_at":"2025-10-21T20:21:18Z","ts":"2025-10-21T20:19:47Z"}
{"_id":{"$oid":"68f7ed96194704c4a7b999b8"},"start_ts":"2025-10-21T20:26:27Z","end_ts":"2025-10-21T20:26:27Z","count":2,"temp_air":21.4,"hum_air":63.7,"ph":5.67,"temp_water":18.31,"generated_at":"2025-10-21T20:31:18Z","inserted_at":"2025-10-21T20:31:18Z","ts":"2025-10-21T20:26:27Z"}
{"_id":{"$oid":"68f7efee194704c4a7b999b9"},"start_ts":"2025-10-21T20:33:07Z","end_ts":"2025-10-21T20:39:47Z","count":4,"temp_air":21.4,"hum_air":63.5,"ph":5.85,"temp_water":18.22,"generated_at":"2025-10-21T20:41:18Z","inserted_at":"2025-10-21T20:41:18Z","ts":"2025-10-21T20:39:47Z"}
{"_id":{"$oid":"68f7f246194704c4a7b999ba"},"start_ts":"2025-10-21T20:46:27Z","end_ts":"2025-10-21T20:46:27Z","count":2,"temp_air":21.3,"hum_air":63.5,"ph":5.93,"temp_water":17.81,"generated_at":"2025-10-21T20:51:18Z","inserted_at":"2025-10-21T20:51:18Z","ts":"2025-10-21T20:46:27Z"}
{"_id":{"$oid":"68f7f49e194704c4a7b999bb"},"start_ts":"2025-10-21T20:53:07Z","end_ts":"2025-10-21T20:59:47Z","count":4,"temp_air":21.0,"hum_air":64.8,"ph":5.92,"temp_water":17.75,"generated_at":"2025-10-21T21:01:18Z","inserted_at":"2025-10-21T21:01:18Z","ts":"2025-10-21T20:59:47Z"}
{"_id":{"$oid":"68f7f6f6194704c4a7b999bc"},"start_ts":"2025-10-21T21:06:27Z","end_ts":"2025-10-21T21:06:27Z","count":2,"temp_air":21.1,"hum_air":65.4,"ph":5.79,"temp_water":17.69,"generated_at":"2025-10-21T21:11:18Z","inserted_at":"2025-10-21T21:11:18Z","ts":"2025-10-21T21:06:27Z"}
{"_id":{"$oid":"68f7f94e194704c4a7b999bd"},"start_ts":"2025-10-21T21:13:07Z","end_ts":"2025-10-21T21:19:47Z","count":4,"temp_air":23.6,"hum_air":60.6,"ph":5.84,"temp_water":17.905,"generated_at":"2025-10-21T21:21:18Z","inserted_at":"2025-10-21T21:21:18Z","ts":"2025-10-21T21:19:47Z"}
{"_id":{"$oid":"68f7fba6194704c4a7b999be"},"start_ts":"2025-10-21T21:26:27Z","end_ts":"2025-10-21T21:26:27Z","count":2,"temp_air":23.5,"hum_air":60.8,"ph":5.87,"temp_water":18.19,"generated_at":"2025-10-21T21:31:18Z","inserted_at":"2025-10-21T21:31:18Z","ts":"2025-10-21T21:26:27Z"}
{"_id":{"$oid":"68f7fdfe194704c4a7b999bf"},"start_ts":"2025-10-21T21:33:08Z","end_ts":"2025-10-21T21:39:47Z","count":4,"temp_air":21.9,"hum_air":64.0,"ph":5.88,"temp_water":18.09,"generated_at":"2025-10-21T21:41:18Z","inserted_at":"2025-10-21T21:41:18Z","ts":"2025-10-21T21:39:47Z"}
{"_id":{"$oid":"68f80056194704c4a7b999c0"},"start_ts":"2025-10-21T21:46:27Z","end_ts":"2025-10-21T21:46:27Z","count":2,"temp_air":20.3,"hum_air":66.9,"ph":5.77,"temp_water":17.94,"generated_at":"2025-10-21T21:51:18Z","inserted_at":"2025-10-21T21:51:18Z","ts":"2025-10-21T21:46:27Z"}
{"_id":{"$oid":"68f802ae194704c4a7b999c1"},"start_ts":"2025-10-21T21:53:08Z","end_ts":"2025-10-21T21:59:48Z","count":4,"temp_air":19.6,"hum_air":69.5,"ph":5.619999999999999,"temp_water":17.845,"generated_at":"2025-10-21T22:01:18Z","inserted_at":"2025-10-21T22:01:18Z","ts":"2025-10-21T21:59:48Z"}
{"_id":{"$oid":"68f80506194704c4a7b999c2"},"start_ts":"2025-10-21T22:06:28Z","end_ts":"2025-10-21T22:06:28Z","count":2,"temp_air":18.5,"hum_air":72.2,"ph":5.86,"temp_water":17.56,"generated_at":"2025-10-21T22:11:18Z","inserted_at":"2025-10-21T22:11:18Z","ts":"2025-10-21T22:06:28Z"}
{"_id":{"$oid":"68f8075e194704c4a7b999c3"},"start_ts":"2025-10-21T22:13:08Z","end_ts":"2025-10-21T22:19:48Z","count":4,"temp_air":18.0,"hum_air":73.5,"ph":5.84,"temp_water":17.285,"generated_at":"2025-10-21T22:21:18Z","inserted_at":"2025-10-21T22:21:18Z","ts":"2025-10-21T22:19:48Z"}
{"_id":{"$oid":"68f809b6194704c4a7b999c4"},"start_ts":"2025-10-21T22:26:28Z","end_ts":"2025-10-21T22:26:28Z","count":2,"temp_air":17.9,"hum_air":73.4,"ph":5.75,"temp_water":17.06,"generated_at":"2025-10-21T22:31:18Z","inserted_at":"2025-10-21T22:31:18Z","ts":"2025-10-21T22:26:28Z"}
{"_id":{"$oid":"68f80c0e194704c4a7b999c5"},"start_ts":"2025-10-21T22:33:08Z","end_ts":"2025-10-21T22:39:48Z","count":4,"temp_air":17.2,"hum_air":74.95,"ph":5.87,"temp_water":16.715,"generated_at":"2025-10-21T22:41:18Z","inserted_at":"2025-10-21T22:41:18Z","ts":"2025-10-21T22:39:48Z"}
{"_id":{"$oid":"68f80e66194704c4a7b999c6"},"start_ts":"2025-10-21T22:46:28Z","end_ts":"2025-10-21T22:46:28Z","count":2,"temp_air":16.3,"hum_air":78.5,"ph":5.85,"temp_water":16.44,"generated_at":"2025-10-21T22:51:18Z","inserted_at":"2025-10-21T22:51:18Z","ts":"2025-10-21T22:46:28Z"}
{"_id":{"$oid":"68f810be194704c4a7b999c7"},"start_ts":"2025-10-21T22:53:08Z","end_ts":"2025-10-21T22:59:48Z","count":4,"temp_air":15.600000000000001,"hum_air":79.80000000000001,"ph":5.87,"temp_water":16.095,"generated_at":"2025-10-21T23:01:18Z","inserted_at":"2025-10-21T23:01:18Z","ts":"2025-10-21T22:59:48Z"}
{"_id":{"$oid":"68f81316194704c4a7b999c8"},"start_ts":"2025-10-21T23:06:28Z","end_ts":"2025-10-21T23:06:28Z","count":2,"temp_air":14.9,"hum_air":81.2,"ph":5.87,"temp_water":15.69,"generated_at":"2025-10-21T23:11:18Z","inserted_at":"2025-10-21T23:11:18Z","ts":"2025-10-21T23:06:28Z"}
{"_id":{"$oid":"68f8156e194704c4a7b999c9"},"start_ts":"2025-10-21T23:13:08Z","end_ts":"2025-10-21T23:19:48Z","count":4,"temp_air":14.45,"hum_air":81.95,"ph":5.875,"temp_water":15.28,"generated_at":"2025-10-21T23:21:18Z","inserted_at":"2025-10-21T23:21:18Z","ts":"2025-10-21T23:19:48Z"}
{"_id":{"$oid":"68f817c6194704c4a7b999ca"},"start_ts":"2025-10-21T23:26:28Z","end_ts":"2025-10-21T23:26:28Z","count":2,"temp_air":14.1,"hum_air":83.0,"ph":5.88,"temp_water":14.88,"generated_at":"2025-10-21T23:31:18Z","inserted_at":"2025-10-21T23:31:18Z","ts":"2025-10-21T23:26:28Z"}
{"_id":{"$oid":"68f81a1e194704c4a7b999cb"},"start_ts":"2025-10-21T23:33:09Z","end_ts":"2025-10-21T23:39:49Z","count":4,"temp_air":13.9,"hum_air":83.5,"ph":5.88,"temp_water":14.625,"generated_at":"2025-10-21T23:41:18Z","inserted_at":"2025-10-21T23:41:18Z","ts":"2025-10-21T23:39:49Z"}
{"_id":{"$oid":"68f81c76194704c4a7b999cc"},"start_ts":"2025-10-21T23:46:29Z","end_ts":"2025-10-21T23:46:29Z","count":2,"temp_air":13.7,"hum_air":84.1,"ph":5.88,"temp_water":14.31,"generated_at":"2025-10-21T23:51:18Z","inserted_at":"2025-10-21T23:51:18Z","ts":"2025-10-21T23:46:29Z"}
{"_id":{"$oid":"68f81ecf194704c4a7b999cd"},"start_ts":"2025-10-21T23:53:09Z","end_ts":"2025-10-21T23:59:50Z","count":4,"temp_air":13.649999999999999,"hum_air":84.5,"ph":5.85,"temp_water":14.0,"generated_at":"2025-10-22T00:01:19Z","inserted_at":"2025-10-22T00:01:19Z","ts":"2025-10-21T23:59:50Z"}
{"_id":{"$oid":"68f82127194704c4a7b999ce"},"start_ts":"2025-10-22T00:06:30Z","end_ts":"2025-10-22T00:06:30Z","count":2,"temp_air":13.8,"hum_air":85.1,"ph":5.84,"temp_water":13.75,"generated_at":"2025-10-22T00:11:19Z","inserted_at":"2025-10-22T00:11:19Z","ts":"2025-10-22T00:06:30Z"}
{"_id":{"$oid":"68f8237f194704c4a7b999cf"},"start_ts":"2025-10-22T00:13:09Z","end_ts":"2025-10-22T00:19:50Z","count":4,"temp_air":14.05,"hum_air":85.0,"ph":5.825,"temp_water":13.655,"generated_at":"2025-10-22T00:21:19Z","inserted_at":"2025-10-22T00:21:19Z","ts":"2025-10-22T00:19:50Z"}
{"_id":{"$oid":"68f825d7194704c4a7b999d0"},"start_ts":"2025-10-22T00:26:30Z","end_ts":"2025-10-22T00:26:30Z","count":2,"temp_air":14.3,"hum_air":85.0,"ph":5.8,"temp_water":13.56,"generated_at":"2025-10-22T00:31:19Z","inserted_at":"2025-10-22T00:31:19Z","ts":"2025-10-22T00:26:30Z"}
{"_id":{"$oid":"68f8282f194704c4a7b999d1"},"start_ts":"2025-10-22T00:33:09Z","end_ts":"2025-10-22T00:39:56Z","count":6,"temp_air":14.3,"hum_air":85.53333333333333,"ph":5.8,"temp_water":13.459999999999999,"generated_at":"2025-10-22T00:41:19Z","inserted_at":"2025-10-22T00:41:19Z","ts":"2025-10-22T00:39:56Z"}
{"_id":{"$oid":"68f82a87194704c4a7b999d2"},"start_ts":"2025-10-22T00:46:29Z","end_ts":"2025-10-22T00:46:29Z","count":2,"temp_air":14.2,"hum_air":85.6,"ph":5.82,"temp_water":13.38,"generated_at":"2025-10-22T00:51:19Z","inserted_at":"2025-10-22T00:51:19Z","ts":"2025-10-22T00:46:29Z"}
{"_id":{"$oid":"68f82cdf194704c4a7b999d3"},"start_ts":"2025-10-22T00:53:10Z","end_ts":"2025-10-22T00:59:50Z","count":4,"temp_air":14.0,"hum_air":85.5,"ph":5.845000000000001,"temp_water":13.25,"generated_at":"2025-10-22T01:01:19Z","inserted_at":"2025-10-22T01:01:19Z","ts":"2025-10-22T00:59:50Z"}
{"_id":{"$oid":"68f82f37194704c4a7b999d4"},"start_ts":"2025-10-22T01:06:30Z","end_ts":"2025-10-22T01:06:30Z","count":2,"temp_air":13.6,"hum_air":85.5,"ph":5.88,"temp_water":13.06,"generated_at":"2025-10-22T01:11:19Z","inserted_at":"2025-10-22T01:11:19Z","ts":"2025-10-22T01:06:30Z"}
{"_id":{"$oid":"68f8318f194704c4a7b999d5"},"start_ts":"2025-10-22T01:13:10Z","end_ts":"2025-10-22T01:19:50Z","count":4,"temp_air":13.5,"hum_air":85.7,"ph":5.875,"temp_water":12.91,"generated_at":"2025-10-22T01:21:19Z","inserted_at":"2025-10-22T01:21:19Z","ts":"2025-10-22T01:19:50Z"}
{"_id":{"$oid":"68f833e7194704c4a7b999d6"},"start_ts":"2025-10-22T01:26:30Z","end_ts":"2025-10-22T01:26:30Z","count":2,"temp_air":13.5,"hum_air":85.9,"ph":5.89,"temp_water":12.75,"generated_at":"2025-10-22T01:31:19Z","inserted_at":"2025-10-22T01:31:19Z","ts":"2025-10-22T01:26:30Z"}
{"_id":{"$oid":"68f8363f194704c4a7b999d7"},"start_ts":"2025-10-22T01:33:10Z","end_ts":"2025-10-22T01:39:50Z","count":4,"temp_air":13.35,"hum_air":85.6,"ph":5.895,"temp_water":12.655,"generated_at":"2025-10-22T01:41:19Z","inserted_at":"2025-10-22T01:41:19Z","ts":"2025-10-22T01:39:50Z"}
{"_id":{"$oid":"68f83897194704c4a7b999d8"},"start_ts":"2025-10-22T01:46:30Z","end_ts":"2025-10-22T01:46:30Z","count":2,"temp_air":13.2,"hum_air":85.7,"ph":5.91,"temp_water":12.5,"generated_at":"2025-10-22T01:51:19Z","inserted_at":"2025-10-22T01:51:19Z","ts":"2025-10-22T01:46:30Z"}
{"_id":{"$oid":"68f83aef194704c4a7b999d9"},"start_ts":"2025-10-22T01:53:10Z","end_ts":"2025-10-22T01:59:50Z","count":4,"temp_air":13.1,"hum_air":85.95,"ph":5.9,"temp_water":12.41,"generated_at":"2025-10-22T02:01:19Z","inserted_at":"2025-10-22T02:01:19Z","ts":"2025-10-22T01:59:50Z"}
{"_id":{"$oid":"68f83d47194704c4a7b999da"},"start_ts":"2025-10-22T02:06:29Z","end_ts":"2025-10-22T02:06:29Z","count":2,"temp_air":13.0,"hum_air":86.0,"ph":5.89,"temp_water":12.25,"generated_at":"2025-10-22T02:11:19Z","inserted_at":"2025-10-22T02:11:19Z","ts":"2025-10-22T02:06:29Z"}
{"_id":{"$oid":"68f83f9f194704c4a7b999db"},"start_ts":"2025-10-22T02:13:10Z","end_ts":"2025-10-22T02:19:50Z","count":4,"temp_air":13.05,"hum_air":85.80000000000001,"ph":5.9,"temp_water":12.155,"generated_at":"2025-10-22T02:21:19Z","inserted_at":"2025-10-22T02:21:19Z","ts":"2025-10-22T02:19:50Z"}
{"_id":{"$oid":"68f841f7194704c4a7b999dc"},"start_ts":"2025-10-22T02:26:30Z","end_ts":"2025-10-22T02:26:30Z","count":2,"temp_air":13.0,"hum_air":86.2,"ph":5.91,"temp_water":12.12,"generated_at":"2025-10-22T02:31:19Z","inserted_at":"2025-10-22T02:31:19Z","ts":"2025-10-22T02:26:30Z"}
{"_id":{"$oid":"68f8444f194704c4a7b999dd"},"start_ts":"2025-10-22T02:33:10Z","end_ts":"2025-10-22T02:39:50Z","count":4,"temp_air":13.0,"hum_air":86.15,"ph":5.9,"temp_water":12.0,"generated_at":"2025-10-22T02:41:19Z","inserted_at":"2025-10-22T02:41:19Z","ts":"2025-10-22T02:39:50Z"}
{"_id":{"$oid":"68f846a7194704c4a7b999de"},"start_ts":"2025-10-22T02:46:29Z","end_ts":"2025-10-22T02:46:29Z","count":2,"temp_air":13.0,"hum_air":85.9,"ph":5.91,"temp_water":11.94,"generated_at":"2025-10-22T02:51:19Z","inserted_at":"2025-10-22T02:51:19Z","ts":"2025-10-22T02:46:29Z"}
{"_id":{"$oid":"68f848ff194704c4a7b999df"},"start_ts":"2025-10-22T02:53:10Z","end_ts":"2025-10-22T02:59:48Z","count":4,"temp_air":12.850000000000001,"hum_air":86.15,"ph":5.915,"temp_water":11.88,"generated_at":"2025-10-22T03:01:19Z","inserted_at":"2025-10-22T03:01:19Z","ts":"2025-10-22T02:59:48Z"}
{"_id":{"$oid":"68f84b57194704c4a7b999e0"},"start_ts":"2025-10-22T03:06:28Z","end_ts":"2025-10-22T03:06:28Z","count":2,"temp_air":12.7,"hum_air":85.8,"ph":5.93,"temp_water":11.75,"generated_at":"2025-10-22T03:11:19Z","inserted_at":"2025-10-22T03:11:19Z","ts":"2025-10-22T03:06:28Z"}
{"_id":{"$oid":"68f84daf194704c4a7b999e1"},"start_ts":"2025-10-22T03:13:10Z","end_ts":"2025-10-22T03:19:50Z","count":4,"temp_air":12.7,"hum_air":85.85,"ph":5.92,"temp_water":11.625,"generated_at":"2025-10-22T03:21:19Z","inserted_at":"2025-10-22T03:21:19Z","ts":"2025-10-22T03:19:50Z"}
{"_id":{"$oid":"68f85008194704c4a7b999e2"},"start_ts":"2025-10-22T03:26:28Z","end_ts":"2025-10-22T03:26:28Z","count":2,"temp_air":12.6,"hum_air":85.9,"ph":5.91,"temp_water":11.56,"generated_at":"2025-10-22T03:31:20Z","inserted_at":"2025-10-22T03:31:20Z","ts":"2025-10-22T03:26:28Z"}
{"_id":{"$oid":"68f85260194704c4a7b999e3"},"start_ts":"2025-10-22T03:33:09Z","end_ts":"2025-10-22T03:39:48Z","count":4,"temp_air":12.95,"hum_air":86.3,"ph":5.9,"temp_water":11.56,"generated_at":"2025-10-22T03:41:20Z","inserted_at":"2025-10-22T03:41:20Z","ts":"2025-10-22T03:39:48Z"}
{"_id":{"$oid":"68f854b8194704c4a7b999e4"},"start_ts":"2025-10-22T03:46:29Z","end_ts":"2025-10-22T03:46:29Z","count":2,"temp_air":13.1,"hum_air":86.3,"ph":5.91,"temp_water":11.56,"generated_at":"2025-10-22T03:51:20Z","inserted_at":"2025-10-22T03:51:20Z","ts":"2025-10-22T03:46:29Z"}
{"_id":{"$oid":"68f85710194704c4a7b999e5"},"start_ts":"2025-10-22T03:53:09Z","end_ts":"2025-10-22T03:59:49Z","count":4,"temp_air":13.3,"hum_air":86.05,"ph":5.92,"temp_water":11.56,"generated_at":"2025-10-22T04:01:20Z","inserted_at":"2025-10-22T04:01:20Z","ts":"2025-10-22T03:59:49Z"}
{"_id":{"$oid":"68f85968194704c4a7b999e6"},"start_ts":"2025-10-22T04:06:28Z","end_ts":"2025-10-22T04:06:28Z","count":2,"temp_air":13.3,"hum_air":86.1,"ph":5.89,"temp_water":11.62,"generated_at":"2025-10-22T04:11:20Z","inserted_at":"2025-10-22T04:11:20Z","ts":"2025-10-22T04:06:28Z"}
{"_id":{"$oid":"68f85bc0194704c4a7b999e7"},"start_ts":"2025-10-22T04:13:08Z","end_ts":"2025-10-22T04:19:48Z","count":4,"temp_air":13.3,"hum_air":85.8,"ph":5.895,"temp_water":11.59,"generated_at":"2025-10-22T04:21:20Z","inserted_at":"2025-10-22T04:21:20Z","ts":"2025-10-22T04:19:48Z"}
{"_id":{"$oid":"68f85e18194704c4a7b999e8"},"start_ts":"2025-10-22T04:26:28Z","end_ts":"2025-10-22T04:26:28Z","count":2,"temp_air":13.3,"hum_air":85.8,"ph":5.9,"temp_water":11.62,"generated_at":"2025-10-22T04:31:20Z","inserted_at":"2025-10-22T04:31:20Z","ts":"2025-10-22T04:26:28Z"}
{"_id":{"$oid":"68f86070194704c4a7b999e9"},"start_ts":"2025-10-22T04:33:08Z","end_ts":"2025-10-22T04:39:48Z","count":4,"temp_air":13.350000000000001,"hum_air":86.1,"ph":5.9,"temp_water":11.59,"generated_at":"2025-10-22T04:41:20Z","inserted_at":"2025-10-22T04:41:20Z","ts":"2025-10-22T04:39:48Z"}
{"_id":{"$oid":"68f862c8194704c4a7b999ea"},"start_ts":"2025-10-22T04:46:28Z","end_ts":"2025-10-22T04:46:28Z","count":2,"temp_air":13.5,"hum_air":85.8,"ph":5.88,"temp_water":11.62,"generated_at":"2025-10-22T04:51:20Z","inserted_at":"2025-10-22T04:51:20Z","ts":"2025-10-22T04:46:28Z"}
{"_id":{"$oid":"68f86520194704c4a7b999eb"},"start_ts":"2025-10-22T04:53:08Z","end_ts":"2025-10-22T04:59:48Z","count":4,"temp_air":13.3,"hum_air":85.8,"ph":5.895,"temp_water":11.62,"generated_at":"2025-10-22T05:01:20Z","inserted_at":"2025-10-22T05:01:20Z","ts":"2025-10-22T04:59:48Z"}
{"_id":{"$oid":"68f86778194704c4a7b999ec"},"start_ts":"2025-10-22T05:06:28Z","end_ts":"2025-10-22T05:06:28Z","count":2,"temp_air":13.3,"hum_air":85.7,"ph":5.92,"temp_water":11.56,"generated_at":"2025-10-22T05:11:20Z","inserted_at":"2025-10-22T05:11:20Z","ts":"2025-10-22T05:06:28Z"}
{"_id":{"$oid":"68f869d0194704c4a7b999ed"},"start_ts":"2025-10-22T05:13:08Z","end_ts":"2025-10-22T05:19:48Z","count":4,"temp_air":13.25,"hum_air":85.75,"ph":5.885,"temp_water":11.56,"generated_at":"2025-10-22T05:21:20Z","inserted_at":"2025-10-22T05:21:20Z","ts":"2025-10-22T05:19:48Z"}
{"_id":{"$oid":"68f86c28194704c4a7b999ee"},"start_ts":"2025-10-22T05:26:28Z","end_ts":"2025-10-22T05:26:28Z","count":2,"temp_air":13.2,"hum_air":85.8,"ph":5.91,"temp_water":11.56,"generated_at":"2025-10-22T05:31:20Z","inserted_at":"2025-10-22T05:31:20Z","ts":"2025-10-22T05:26:28Z"}
{"_id":{"$oid":"68f86e80194704c4a7b999ef"},"start_ts":"2025-10-22T05:33:08Z","end_ts":"2025-10-22T05:39:48Z","count":4,"temp_air":13.1,"hum_air":85.75,"ph":5.915,"temp_water":11.530000000000001,"generated_at":"2025-10-22T05:41:20Z","inserted_at":"2025-10-22T05:41:20Z","ts":"2025-10-22T05:39:48Z"}
{"_id":{"$oid":"68f870d8194704c4a7b999f0"},"start_ts":"2025-10-22T05:46:28Z","end_ts":"2025-10-22T05:46:28Z","count":2,"temp_air":13.0,"hum_air":85.5,"ph":5.88,"temp_water":11.5,"generated_at":"2025-10-22T05:51:20Z","inserted_at":"2025-10-22T05:51:20Z","ts":"2025-10-22T05:46:28Z"}
{"_id":{"$oid":"68f87330194704c4a7b999f1"},"start_ts":"2025-10-22T05:53:08Z","end_ts":"2025-10-22T05:59:48Z","count":4,"temp_air":12.95,"hum_air":85.65,"ph":5.895,"temp_water":11.44,"generated_at":"2025-10-22T06:01:20Z","inserted_at":"2025-10-22T06:01:20Z","ts":"2025-10-22T05:59:48Z"}
{"_id":{"$oid":"68f87588194704c4a7b999f2"},"start_ts":"2025-10-22T06:06:28Z","end_ts":"2025-10-22T06:06:28Z","count":2,"temp_air":13.0,"hum_air":86.0,"ph":5.89,"temp_water":11.44,"generated_at":"2025-10-22T06:11:20Z","inserted_at":"2025-10-22T06:11:20Z","ts":"2025-10-22T06:06:28Z"}
{"_id":{"$oid":"68f877e0194704c4a7b999f3"},"start_ts":"2025-10-22T06:13:08Z","end_ts":"2025-10-22T06:19:48Z","count":4,"temp_air":12.95,"hum_air":86.05,"ph":5.895,"temp_water":11.41,"generated_at":"2025-10-22T06:21:20Z","inserted_at":"2025-10-22T06:21:20Z","ts":"2025-10-22T06:19:48Z"}
{"_id":{"$oid":"68f87a38194704c4a7b999f4"},"start_ts":"2025-10-22T06:26:28Z","end_ts":"2025-10-22T06:26:28Z","count":2,"temp_air":13.0,"hum_air":86.1,"ph":5.9,"temp_water":11.38,"generated_at":"2025-10-22T06:31:20Z","inserted_at":"2025-10-22T06:31:20Z","ts":"2025-10-22T06:26:28Z"}
{"_id":{"$oid":"68f87c90194704c4a7b999f5"},"start_ts":"2025-10-22T06:33:08Z","end_ts":"2025-10-22T06:39:48Z","count":4,"temp_air":13.05,"hum_air":86.15,"ph":5.895,"temp_water":11.38,"generated_at":"2025-10-22T06:41:20Z","inserted_at":"2025-10-22T06:41:20Z","ts":"2025-10-22T06:39:48Z"}
{"_id":{"$oid":"68f87ee8194704c4a7b999f6"},"start_ts":"2025-10-22T06:46:28Z","end_ts":"2025-10-22T06:46:28Z","count":2,"temp_air":12.9,"hum_air":86.1,"ph":5.92,"temp_water":11.38,"generated_at":"2025-10-22T06:51:20Z","inserted_at":"2025-10-22T06:51:20Z","ts":"2025-10-22T06:46:28Z"}
{"_id":{"$oid":"68f88140194704c4a7b999f7"},"start_ts":"2025-10-22T06:53:08Z","end_ts":"2025-10-22T06:59:48Z","count":4,"temp_air":12.9,"hum_air":86.1,"ph":5.9350000000000005,"temp_water":11.31,"generated_at":"2025-10-22T07:01:20Z","inserted_at":"2025-10-22T07:01:20Z","ts":"2025-10-22T06:59:48Z"}
{"_id":{"$oid":"68f88398194704c4a7b999f8"},"start_ts":"2025-10-22T07:06:28Z","end_ts":"2025-10-22T07:06:28Z","count":2,"temp_air":12.9,"hum_air":86.1,"ph":5.91,"temp_water":11.31,"generated_at":"2025-10-22T07:11:20Z","inserted_at":"2025-10-22T07:11:20Z","ts":"2025-10-22T07:06:28Z"}
{"_id":{"$oid":"68f885f0194704c4a7b999f9"},"start_ts":"2025-10-22T07:13:08Z","end_ts":"2025-10-22T07:19:48Z","count":4,"temp_air":12.7,"hum_air":86.4,"ph":5.904999999999999,"temp_water":11.25,"generated_at":"2025-10-22T07:21:20Z","inserted_at":"2025-10-22T07:21:20Z","ts":"2025-10-22T07:19:48Z"}
{"_id":{"$oid":"68f88848194704c4a7b999fa"},"start_ts":"2025-10-22T07:26:28Z","end_ts":"2025-10-22T07:26:28Z","count":2,"temp_air":12.6,"hum_air":86.0,"ph":5.91,"temp_water":11.25,"generated_at":"2025-10-22T07:31:20Z","inserted_at":"2025-10-22T07:31:20Z","ts":"2025-10-22T07:26:28Z"}
{"_id":{"$oid":"68f88aa1194704c4a7b999fb"},"start_ts":"2025-10-22T07:33:08Z","end_ts":"2025-10-22T07:39:48Z","count":4,"temp_air":12.6,"hum_air":86.1,"ph":5.92,"temp_water":11.155,"generated_at":"2025-10-22T07:41:21Z","inserted_at":"2025-10-22T07:41:21Z","ts":"2025-10-22T07:39:48Z"}
{"_id":{"$oid":"68f88cf9194704c4a7b999fc"},"start_ts":"2025-10-22T07:46:28Z","end_ts":"2025-10-22T07:46:28Z","count":2,"temp_air":12.6,"hum_air":86.1,"ph":5.94,"temp_water":11.12,"generated_at":"2025-10-22T07:51:21Z","inserted_at":"2025-10-22T07:51:21Z","ts":"2025-10-22T07:46:28Z"}
{"_id":{"$oid":"68f88f51194704c4a7b999fd"},"start_ts":"2025-10-22T07:53:08Z","end_ts":"2025-10-22T07:59:48Z","count":4,"temp_air":12.7,"hum_air":86.3,"ph":5.905,"temp_water":11.12,"generated_at":"2025-10-22T08:01:21Z","inserted_at":"2025-10-22T08:01:21Z","ts":"2025-10-22T07:59:48Z"}
{"_id":{"$oid":"68f891a9194704c4a7b999fe"},"start_ts":"2025-10-22T08:06:28Z","end_ts":"2025-10-22T08:06:28Z","count":2,"temp_air":12.7,"hum_air":86.2,"ph":5.91,"temp_water":11.12,"generated_at":"2025-10-22T08:11:21Z","inserted_at":"2025-10-22T08:11:21Z","ts":"2025-10-22T08:06:28Z"}
{"_id":{"$oid":"68f89401194704c4a7b999ff"},"start_ts":"2025-10-22T08:13:08Z","end_ts":"2025-10-22T08:19:48Z","count":4,"temp_air":12.8,"hum_air":86.6,"ph":5.91,"temp_water":11.06,"generated_at":"2025-10-22T08:21:21Z","inserted_at":"2025-10-22T08:21:21Z","ts":"2025-10-22T08:19:48Z"}
{"_id":{"$oid":"68f89659194704c4a7b99a00"},"start_ts":"2025-10-22T08:26:28Z","end_ts":"2025-10-22T08:26:28Z","count":2,"temp_air":12.8,"hum_air":86.7,"ph":5.88,"temp_water":11.06,"generated_at":"2025-10-22T08:31:21Z","inserted_at":"2025-10-22T08:31:21Z","ts":"2025-10-22T08:26:28Z"}
{"_id":{"$oid":"68f898b1194704c4a7b99a01"},"start_ts":"2025-10-22T08:33:08Z","end_ts":"2025-10-22T08:39:48Z","count":4,"temp_air":12.8,"hum_air":86.69999999999999,"ph":5.855,"temp_water":11.12,"generated_at":"2025-10-22T08:41:21Z","inserted_at":"2025-10-22T08:41:21Z","ts":"2025-10-22T08:39:48Z"}
{"_id":{"$oid":"68f89b09194704c4a7b99a02"},"start_ts":"2025-10-22T08:46:29Z","end_ts":"2025-10-22T08:46:29Z","count":2,"temp_air":12.9,"hum_air":86.5,"ph":5.86,"temp_water":11.12,"generated_at":"2025-10-22T08:51:21Z","inserted_at":"2025-10-22T08:51:21Z","ts":"2025-10-22T08:46:29Z"}
{"_id":{"$oid":"68f89d61194704c4a7b99a03"},"start_ts":"2025-10-22T08:53:08Z","end_ts":"2025-10-22T08:59:48Z","count":4,"temp_air":12.7,"hum_air":86.35,"ph":5.825,"temp_water":11.12,"generated_at":"2025-10-22T09:01:21Z","inserted_at":"2025-10-22T09:01:21Z","ts":"2025-10-22T08:59:48Z"}
{"_id":{"$oid":"68f89fb9194704c4a7b99a04"},"start_ts":"2025-10-22T09:06:28Z","end_ts":"2025-10-22T09:06:28Z","count":2,"temp_air":12.7,"hum_air":86.5,"ph":5.8,"temp_water":11.12,"generated_at":"2025-10-22T09:11:21Z","inserted_at":"2025-10-22T09:11:21Z","ts":"2025-10-22T09:06:28Z"}
{"_id":{"$oid":"68f8a211194704c4a7b99a05"},"start_ts":"2025-10-22T09:13:08Z","end_ts":"2025-10-22T09:19:49Z","count":4,"temp_air":12.6,"hum_air":86.55,"ph":5.835,"temp_water":11.06,"generated_at":"2025-10-22T09:21:21Z","inserted_at":"2025-10-22T09:21:21Z","ts":"2025-10-22T09:19:49Z"}
{"_id":{"$oid":"68f8a469194704c4a7b99a06"},"start_ts":"2025-10-22T09:26:29Z","end_ts":"2025-10-22T09:26:29Z","count":2,"temp_air":12.5,"hum_air":86.6,"ph":5.87,"temp_water":11.0,"generated_at":"2025-10-22T09:31:21Z","inserted_at":"2025-10-22T09:31:21Z","ts":"2025-10-22T09:26:29Z"}
{"_id":{"$oid":"68f8a6c1194704c4a7b99a07"},"start_ts":"2025-10-22T09:33:09Z","end_ts":"2025-10-22T09:39:49Z","count":4,"temp_air":12.5,"hum_air":86.55,"ph":5.87,"temp_water":10.969999999999999,"generated_at":"2025-10-22T09:41:21Z","inserted_at":"2025-10-22T09:41:21Z","ts":"2025-10-22T09:39:49Z"}
{"_id":{"$oid":"68f8a919194704c4a7b99a08"},"start_ts":"2025-10-22T09:46:29Z","end_ts":"2025-10-22T09:46:29Z","count":2,"temp_air":12.4,"hum_air":86.7,"ph":5.87,"temp_water":10.94,"generated_at":"2025-10-22T09:51:21Z","inserted_at":"2025-10-22T09:51:21Z","ts":"2025-10-22T09:46:29Z"}
{"_id":{"$oid":"68f8ab71194704c4a7b99a09"},"start_ts":"2025-10-22T09:53:09Z","end_ts":"2025-10-22T09:59:49Z","count":4,"temp_air":12.350000000000001,"hum_air":86.5,"ph":5.895,"temp_water":10.91,"generated_at":"2025-10-22T10:01:21Z","inserted_at":"2025-10-22T10:01:21Z","ts":"2025-10-22T09:59:49Z"}
{"_id":{"$oid":"68f8adc9194704c4a7b99a0a"},"start_ts":"2025-10-22T10:06:29Z","end_ts":"2025-10-22T10:06:29Z","count":2,"temp_air":12.2,"hum_air":86.6,"ph":5.92,"temp_water":10.81,"generated_at":"2025-10-22T10:11:21Z","inserted_at":"2025-10-22T10:11:21Z","ts":"2025-10-22T10:06:29Z"}
{"_id":{"$oid":"68f8b021194704c4a7b99a0b"},"start_ts":"2025-10-22T10:13:09Z","end_ts":"2025-10-22T10:19:49Z","count":4,"temp_air":11.9,"hum_air":86.75,"ph":5.91,"temp_water":10.780000000000001,"generated_at":"2025-10-22T10:21:21Z","inserted_at":"2025-10-22T10:21:21Z","ts":"2025-10-22T10:19:49Z"}
{"_id":{"$oid":"68f8b279194704c4a7b99a0c"},"start_ts":"2025-10-22T10:26:29Z","end_ts":"2025-10-22T10:26:29Z","count":2,"temp_air":11.4,"hum_air":86.7,"ph":5.87,"temp_water":10.69,"generated_at":"2025-10-22T10:31:21Z","inserted_at":"2025-10-22T10:31:21Z","ts":"2025-10-22T10:26:29Z"}
{"_id":{"$oid":"68f8b4d1194704c4a7b99a0d"},"start_ts":"2025-10-22T10:33:09Z","end_ts":"2025-10-22T10:39:49Z","count":4,"temp_air":11.149999999999999,"hum_air":86.75,"ph":5.84,"temp_water":10.530000000000001,"generated_at":"2025-10-22T10:41:21Z","inserted_at":"2025-10-22T10:41:21Z","ts":"2025-10-22T10:39:49Z"}
{"_id":{"$oid":"68f8b729194704c4a7b99a0e"},"start_ts":"2025-10-22T10:46:29Z","end_ts":"2025-10-22T10:46:29Z","count":2,"temp_air":11.1,"hum_air":86.8,"ph":5.84,"temp_water":10.38,"generated_at":"2025-10-22T10:51:21Z","inserted_at":"2025-10-22T10:51:21Z","ts":"2025-10-22T10:46:29Z"}
{"_id":{"$oid":"68f8b981194704c4a7b99a0f"},"start_ts":"2025-10-22T10:53:09Z","end_ts":"2025-10-22T10:59:49Z","count":4,"temp_air":11.25,"hum_air":86.8,"ph":5.855,"temp_water":10.345,"generated_at":"2025-10-22T11:01:21Z","inserted_at":"2025-10-22T11:01:21Z","ts":"2025-10-22T10:59:49Z"}
{"_id":{"$oid":"68f8bbd9194704c4a7b99a10"},"start_ts":"2025-10-22T11:06:29Z","end_ts":"2025-10-22T11:06:29Z","count":2,"temp_air":11.6,"hum_air":87.1,"ph":5.87,"temp_water":10.31,"generated_at":"2025-10-22T11:11:21Z","inserted_at":"2025-10-22T11:11:21Z","ts":"2025-10-22T11:06:29Z"}
{"_id":{"$oid":"68f8be31194704c4a7b99a11"},"start_ts":"2025-10-22T11:13:09Z","end_ts":"2025-10-22T11:19:49Z","count":4,"temp_air":12.85,"hum_air":84.85,"ph":5.905,"temp_water":10.31,"generated_at":"2025-10-22T11:21:21Z","inserted_at":"2025-10-22T11:21:21Z","ts":"2025-10-22T11:19:49Z"}
{"_id":{"$oid":"68f8c089194704c4a7b99a12"},"start_ts":"2025-10-22T11:26:29Z","end_ts":"2025-10-22T11:26:29Z","count":2,"temp_air":15.8,"hum_air":78.0,"ph":5.83,"temp_water":10.44,"generated_at":"2025-10-22T11:31:21Z","inserted_at":"2025-10-22T11:31:21Z","ts":"2025-10-22T11:26:29Z"}
{"_id":{"$oid":"68f8c2e1194704c4a7b99a13"},"start_ts":"2025-10-22T11:33:09Z","end_ts":"2025-10-22T11:39:49Z","count":4,"temp_air":20.3,"hum_air":67.1,"ph":5.865,"temp_water":10.875,"generated_at":"2025-10-22T11:41:21Z","inserted_at":"2025-10-22T11:41:21Z","ts":"2025-10-22T11:39:49Z"}
{"_id":{"$oid":"68f8c539194704c4a7b99a14"},"start_ts":"2025-10-22T11:46:29Z","end_ts":"2025-10-22T11:46:29Z","count":2,"temp_air":24.5,"hum_air":58.8,"ph":5.86,"temp_water":11.44,"generated_at":"2025-10-22T11:51:21Z","inserted_at":"2025-10-22T11:51:21Z","ts":"2025-10-22T11:46:29Z"}
{"_id":{"$oid":"68f8c791194704c4a7b99a15"},"start_ts":"2025-10-22T11:53:09Z","end_ts":"2025-10-22T11:59:49Z","count":4,"temp_air":27.75,"hum_air":53.1,"ph":5.82,"temp_water":12.035,"generated_at":"2025-10-22T12:01:21Z","inserted_at":"2025-10-22T12:01:21Z","ts":"2025-10-22T11:59:49Z"}
{"_id":{"$oid":"68f8c9ea194704c4a7b99a16"},"start_ts":"2025-10-22T12:06:30Z","end_ts":"2025-10-22T12:06:30Z","count":2,"temp_air":30.2,"hum_air":50.2,"ph":5.78,"temp_water":12.69,"generated_at":"2025-10-22T12:11:22Z","inserted_at":"2025-10-22T12:11:22Z","ts":"2025-10-22T12:06:30Z"}
{"_id":{"$oid":"68f8cc42194704c4a7b99a17"},"start_ts":"2025-10-22T12:13:09Z","end_ts":"2025-10-22T12:19:51Z","count":4,"temp_air":23.15,"hum_air":88.5,"ph":5.73,"temp_water":13.09,"generated_at":"2025-10-22T12:21:22Z","inserted_at":"2025-10-22T12:21:22Z","ts":"2025-10-22T12:19:51Z"}
{"_id":{"$oid":"68f8ce9a194704c4a7b99a18"},"start_ts":"2025-10-22T12:26:29Z","end_ts":"2025-10-22T12:26:29Z","count":2,"temp_air":26.8,"hum_air":74.2,"ph":5.62,"ec":811.48,"temp_water":13.88,"generated_at":"2025-10-22T12:31:22Z","inserted_at":"2025-10-22T12:31:22Z","ts":"2025-10-22T12:26:29Z"}
{"_id":{"$oid":"68f8d0f2194704c4a7b99a19"},"start_ts":"2025-10-22T12:33:09Z","end_ts":"2025-10-22T12:39:49Z","count":4,"temp_air":30.9,"hum_air":62.099999999999994,"ph":5.53,"temp_water":14.184999999999999,"generated_at":"2025-10-22T12:41:22Z","inserted_at":"2025-10-22T12:41:22Z","ts":"2025-10-22T12:39:49Z"}
{"_id":{"$oid":"68f8d34a194704c4a7b99a1a"},"start_ts":"2025-10-22T12:46:29Z","end_ts":"2025-10-22T12:46:29Z","count":2,"temp_air":34.1,"hum_air":52.6,"ph":5.46,"temp_water":14.41,"generated_at":"2025-10-22T12:51:22Z","inserted_at":"2025-10-22T12:51:22Z","ts":"2025-10-22T12:46:29Z"}
{"_id":{"$oid":"68f8d5a2194704c4a7b99a1b"},"start_ts":"2025-10-22T12:53:09Z","end_ts":"2025-10-22T12:59:50Z","count":4,"temp_air":38.650000000000006,"hum_air":42.15,"ph":5.359999999999999,"temp_water":14.715,"generated_at":"2025-10-22T13:01:22Z","inserted_at":"2025-10-22T13:01:22Z","ts":"2025-10-22T12:59:50Z"}
{"_id":{"$oid":"68f8d7fa194704c4a7b99a1c"},"start_ts":"2025-10-22T13:06:30Z","end_ts":"2025-10-22T13:06:30Z","count":2,"temp_air":40.7,"hum_air":38.8,"ph":5.43,"temp_water":15.09,"generated_at":"2025-10-22T13:11:22Z","inserted_at":"2025-10-22T13:11:22Z","ts":"2025-10-22T13:06:30Z"}
{"_id":{"$oid":"68f8da52194704c4a7b99a1d"},"start_ts":"2025-10-22T13:13:09Z","end_ts":"2025-10-22T13:19:49Z","count":4,"temp_air":38.45,"hum_air":40.35,"ph":5.255,"temp_water":15.295,"generated_at":"2025-10-22T13:21:22Z","inserted_at":"2025-10-22T13:21:22Z","ts":"2025-10-22T13:19:49Z"}
{"_id":{"$oid":"68f8dcaa194704c4a7b99a1e"},"start_ts":"2025-10-22T13:26:29Z","end_ts":"2025-10-22T13:26:29Z","count":2,"temp_air":36.9,"hum_air":42.5,"ph":5.28,"temp_water":15.09,"generated_at":"2025-10-22T13:31:22Z","inserted_at":"2025-10-22T13:31:22Z","ts":"2025-10-22T13:26:29Z"}
{"_id":{"$oid":"68f8df02194704c4a7b99a1f"},"start_ts":"2025-10-22T13:33:09Z","end_ts":"2025-10-22T13:39:49Z","count":4,"temp_air":44.599999999999994,"hum_air":34.3,"ph":5.295,"temp_water":15.285,"generated_at":"2025-10-22T13:41:22Z","inserted_at":"2025-10-22T13:41:22Z","ts":"2025-10-22T13:39:49Z"}
{"_id":{"$oid":"68f8e15a194704c4a7b99a20"},"start_ts":"2025-10-22T13:46:29Z","end_ts":"2025-10-22T13:46:29Z","count":2,"temp_air":46.6,"hum_air":33.1,"ph":5.17,"temp_water":15.69,"generated_at":"2025-10-22T13:51:22Z","inserted_at":"2025-10-22T13:51:22Z","ts":"2025-10-22T13:46:29Z"}
{"_id":{"$oid":"68f8e3b2194704c4a7b99a21"},"start_ts":"2025-10-22T13:53:09Z","end_ts":"2025-10-22T13:59:49Z","count":4,"temp_air":49.7,"hum_air":31.45,"ph":5.18,"temp_water":16.310000000000002,"generated_at":"2025-10-22T14:01:22Z","inserted_at":"2025-10-22T14:01:22Z","ts":"2025-10-22T13:59:49Z"}
{"_id":{"$oid":"68f8e60a194704c4a7b99a22"},"start_ts":"2025-10-22T14:06:29Z","end_ts":"2025-10-22T14:06:29Z","count":2,"temp_air":45.1,"hum_air":33.9,"ph":5.13,"temp_water":16.88,"generated_at":"2025-10-22T14:11:22Z","inserted_at":"2025-10-22T14:11:22Z","ts":"2025-10-22T14:06:29Z"}
{"_id":{"$oid":"68f8e862194704c4a7b99a23"},"start_ts":"2025-10-22T14:13:09Z","end_ts":"2025-10-22T14:19:50Z","count":4,"temp_air":37.650000000000006,"hum_air":39.099999999999994,"ph":5.095000000000001,"temp_water":16.97,"generated_at":"2025-10-22T14:21:22Z","inserted_at":"2025-10-22T14:21:22Z","ts":"2025-10-22T14:19:50Z"}
{"_id":{"$oid":"68f8eaba194704c4a7b99a24"},"start_ts":"2025-10-22T14:26:29Z","end_ts":"2025-10-22T14:26:29Z","count":2,"temp_air":35.5,"hum_air":41.0,"ph":5.04,"temp_water":17.12,"generated_at":"2025-10-22T14:31:22Z","inserted_at":"2025-10-22T14:31:22Z","ts":"2025-10-22T14:26:29Z"}
{"_id":{"$oid":"68f8ed12194704c4a7b99a25"},"start_ts":"2025-10-22T14:33:09Z","end_ts":"2025-10-22T14:39:50Z","count":4,"temp_air":33.349999999999994,"hum_air":43.7,"ph":5.155,"temp_water":17.310000000000002,"generated_at":"2025-10-22T14:41:22Z","inserted_at":"2025-10-22T14:41:22Z","ts":"2025-10-22T14:39:50Z"}
{"_id":{"$oid":"68f8ef6a194704c4a7b99a26"},"start_ts":"2025-10-22T14:46:29Z","end_ts":"2025-10-22T14:46:29Z","count":2,"temp_air":38.2,"hum_air":36.8,"ph":5.12,"temp_water":17.62,"generated_at":"2025-10-22T14:51:22Z","inserted_at":"2025-10-22T14:51:22Z","ts":"2025-10-22T14:46:29Z"}
{"_id":{"$oid":"68f8f1c2194704c4a7b99a27"},"start_ts":"2025-10-22T14:53:09Z","end_ts":"2025-10-22T14:59:49Z","count":4,"temp_air":32.7,"hum_air":42.25,"ph":5.075,"temp_water":17.705,"generated_at":"2025-10-22T15:01:22Z","inserted_at":"2025-10-22T15:01:22Z","ts":"2025-10-22T14:59:49Z"}
{"_id":{"$oid":"68f8f41a194704c4a7b99a28"},"start_ts":"2025-10-22T15:06:29Z","end_ts":"2025-10-22T15:06:29Z","count":2,"temp_air":30.4,"hum_air":45.1,"ph":5.05,"temp_water":17.72,"generated_at":"2025-10-22T15:11:22Z","inserted_at":"2025-10-22T15:11:22Z","ts":"2025-10-22T15:06:29Z"}
{"_id":{"$oid":"68f8f672194704c4a7b99a29"},"start_ts":"2025-10-22T15:13:09Z","end_ts":"2025-10-22T15:19:49Z","count":4,"temp_air":29.75,"hum_air":46.849999999999994,"ph":5.12,"temp_water":17.72,"generated_at":"2025-10-22T15:21:22Z","inserted_at":"2025-10-22T15:21:22Z","ts":"2025-10-22T15:19:49Z"}
{"_id":{"$oid":"68f8f8ca194704c4a7b99a2a"},"start_ts":"2025-10-22T15:26:29Z","end_ts":"2025-10-22T15:26:29Z","count":2,"temp_air":30.0,"hum_air":47.7,"ph":5.16,"temp_water":17.72,"generated_at":"2025-10-22T15:31:22Z","inserted_at":"2025-10-22T15:31:22Z","ts":"2025-10-22T15:26:29Z"}
{"_id":{"$oid":"68f8fb23194704c4a7b99a2b"},"start_ts":"2025-10-22T15:33:09Z","end_ts":"2025-10-22T15:39:49Z","count":4,"temp_air":29.5,"hum_air":44.8,"ph":5.025,"temp_water":17.72,"generated_at":"2025-10-22T15:41:23Z","inserted_at":"2025-10-22T15:41:23Z","ts":"2025-10-22T15:39:49Z"}
{"_id":{"$oid":"68f8fd7b194704c4a7b99a2c"},"start_ts":"2025-10-22T15:46:29Z","end_ts":"2025-10-22T15:46:29Z","count":2,"temp_air":31.7,"hum_air":45.3,"ph":5.08,"temp_water":17.84,"generated_at":"2025-10-22T15:51:23Z","inserted_at":"2025-10-22T15:51:23Z","ts":"2025-10-22T15:46:29Z"}
{"_id":{"$oid":"68f8ffd3194704c4a7b99a2d"},"start_ts":"2025-10-22T15:53:09Z","end_ts":"2025-10-22T15:59:49Z","count":4,"temp_air":36.5,"hum_air":39.5,"ph":5.045,"temp_water":18.235,"generated_at":"2025-10-22T16:01:23Z","inserted_at":"2025-10-22T16:01:23Z","ts":"2025-10-22T15:59:49Z"}
{"_id":{"$oid":"68f9022b194704c4a7b99a2e"},"start_ts":"2025-10-22T16:06:29Z","end_ts":"2025-10-22T16:06:29Z","count":2,"temp_air":38.7,"hum_air":36.0,"ph":4.82,"temp_water":18.88,"generated_at":"2025-10-22T16:11:23Z","inserted_at":"2025-10-22T16:11:23Z","ts":"2025-10-22T16:06:29Z"}
{"_id":{"$oid":"68f90483194704c4a7b99a2f"},"start_ts":"2025-10-22T16:13:09Z","end_ts":"2025-10-22T16:19:49Z","count":4,"temp_air":37.099999999999994,"hum_air":40.2,"ph":4.9399999999999995,"temp_water":19.095,"generated_at":"2025-10-22T16:21:23Z","inserted_at":"2025-10-22T16:21:23Z","ts":"2025-10-22T16:19:49Z"}
{"_id":{"$oid":"68f906db194704c4a7b99a30"},"start_ts":"2025-10-22T16:26:29Z","end_ts":"2025-10-22T16:26:29Z","count":2,"temp_air":41.8,"hum_air":36.1,"ph":4.99,"temp_water":19.72,"generated_at":"2025-10-22T16:31:23Z","inserted_at":"2025-10-22T16:31:23Z","ts":"2025-10-22T16:26:29Z"}
{"_id":{"$oid":"68f90933194704c4a7b99a31"},"start_ts":"2025-10-22T16:33:09Z","end_ts":"2025-10-22T16:39:49Z","count":4,"temp_air":39.75,"hum_air":38.2,"ph":4.915,"temp_water":19.97,"generated_at":"2025-10-22T16:41:23Z","inserted_at":"2025-10-22T16:41:23Z","ts":"2025-10-22T16:39:49Z"}
{"_id":{"$oid":"68f90b8b194704c4a7b99a32"},"start_ts":"2025-10-22T16:46:29Z","end_ts":"2025-10-22T16:46:29Z","count":2,"temp_air":35.7,"hum_air":41.9,"ph":4.83,"temp_water":19.91,"generated_at":"2025-10-22T16:51:23Z","inserted_at":"2025-10-22T16:51:23Z","ts":"2025-10-22T16:46:29Z"}
{"_id":{"$oid":"68f90de3194704c4a7b99a33"},"start_ts":"2025-10-22T16:53:09Z","end_ts":"2025-10-22T16:59:49Z","count":4,"temp_air":32.75,"hum_air":41.3,"ph":4.915,"temp_water":19.655,"generated_at":"2025-10-22T17:01:23Z","inserted_at":"2025-10-22T17:01:23Z","ts":"2025-10-22T16:59:49Z"}
{"_id":{"$oid":"68f9103b194704c4a7b99a34"},"start_ts":"2025-10-22T17:06:29Z","end_ts":"2025-10-22T17:06:29Z","count":2,"temp_air":31.3,"hum_air":42.4,"ph":5.0,"temp_water":19.38,"generated_at":"2025-10-22T17:11:23Z","inserted_at":"2025-10-22T17:11:23Z","ts":"2025-10-22T17:06:29Z"}
{"_id":{"$oid":"68f91293194704c4a7b99a35"},"start_ts":"2025-10-22T17:13:09Z","end_ts":"2025-10-22T17:19:49Z","count":4,"temp_air":30.9,"hum_air":44.7,"ph":4.95,"temp_water":19.205,"generated_at":"2025-10-22T17:21:23Z","inserted_at":"2025-10-22T17:21:23Z","ts":"2025-10-22T17:19:49Z"}
{"_id":{"$oid":"68f914eb194704c4a7b99a36"},"start_ts":"2025-10-22T17:26:29Z","end_ts":"2025-10-22T17:26:29Z","count":2,"temp_air":33.0,"hum_air":41.3,"ph":4.87,"temp_water":19.16,"generated_at":"2025-10-22T17:31:23Z","inserted_at":"2025-10-22T17:31:23Z","ts":"2025-10-22T17:26:29Z"}
{"_id":{"$oid":"68f91743194704c4a7b99a37"},"start_ts":"2025-10-22T17:33:11Z","end_ts":"2025-10-22T17:39:49Z","count":4,"temp_air":37.9,"hum_air":40.599999999999994,"ph":4.825,"temp_water":19.564999999999998,"generated_at":"2025-10-22T17:41:23Z","inserted_at":"2025-10-22T17:41:23Z","ts":"2025-10-22T17:39:49Z"}
{"_id":{"$oid":"68f9199b194704c4a7b99a38"},"start_ts":"2025-10-22T17:46:30Z","end_ts":"2025-10-22T17:46:30Z","count":2,"temp_air":40.9,"hum_air":36.3,"ph":4.86,"temp_water":20.19,"generated_at":"2025-10-22T17:51:23Z","inserted_at":"2025-10-22T17:51:23Z","ts":"2025-10-22T17:46:30Z"}
{"_id":{"$oid":"68f91bf3194704c4a7b99a39"},"start_ts":"2025-10-22T17:53:09Z","end_ts":"2025-10-22T17:59:49Z","count":4,"temp_air":38.95,"hum_air":37.25,"ph":4.84,"temp_water":20.455,"generated_at":"2025-10-22T18:01:23Z","inserted_at":"2025-10-22T18:01:23Z","ts":"2025-10-22T17:59:49Z"}
{"_id":{"$oid":"68f91e4b194704c4a7b99a3a"},"start_ts":"2025-10-22T18:06:29Z","end_ts":"2025-10-22T18:06:29Z","count":2,"temp_air":36.8,"hum_air":40.2,"ph":4.76,"temp_water":20.44,"generated_at":"2025-10-22T18:11:23Z","inserted_at":"2025-10-22T18:11:23Z","ts":"2025-10-22T18:06:29Z"}
{"_id":{"$oid":"68f920a3194704c4a7b99a3b"},"start_ts":"2025-10-22T18:13:10Z","end_ts":"2025-10-22T18:19:51Z","count":4,"temp_air":34.4,"hum_air":41.2,"ph":4.715,"temp_water":20.299999999999997,"generated_at":"2025-10-22T18:21:23Z","inserted_at":"2025-10-22T18:21:23Z","ts":"2025-10-22T18:19:51Z"}
{"_id":{"$oid":"68f922fb194704c4a7b99a3c"},"start_ts":"2025-10-22T18:26:30Z","end_ts":"2025-10-22T18:26:30Z","count":2,"temp_air":32.2,"hum_air":42.8,"ph":4.8,"temp_water":20.0,"generated_at":"2025-10-22T18:31:23Z","inserted_at":"2025-10-22T18:31:23Z","ts":"2025-10-22T18:26:30Z"}
{"_id":{"$oid":"68f92554194704c4a7b99a3d"},"start_ts":"2025-10-22T18:33:09Z","end_ts":"2025-10-22T18:39:50Z","count":4,"temp_air":34.9,"hum_air":39.7,"ph":4.75,"temp_water":19.925,"generated_at":"2025-10-22T18:41:24Z","inserted_at":"2025-10-22T18:41:24Z","ts":"2025-10-22T18:39:50Z"}
{"_id":{"$oid":"68f927ac194704c4a7b99a3e"},"start_ts":"2025-10-22T18:46:29Z","end_ts":"2025-10-22T18:46:29Z","count":2,"temp_air":35.1,"hum_air":37.8,"ph":4.83,"temp_water":19.91,"generated_at":"2025-10-22T18:51:24Z","inserted_at":"2025-10-22T18:51:24Z","ts":"2025-10-22T18:46:29Z"}
{"_id":{"$oid":"68f92a04194704c4a7b99a3f"},"start_ts":"2025-10-22T18:53:09Z","end_ts":"2025-10-22T18:59:50Z","count":4,"temp_air":30.55,"hum_air":44.2,"ph":4.895,"temp_water":19.565,"generated_at":"2025-10-22T19:01:24Z","inserted_at":"2025-10-22T19:01:24Z","ts":"2025-10-22T18:59:50Z"}
{"_id":{"$oid":"68f92c5d194704c4a7b99a40"},"start_ts":"2025-10-22T19:06:29Z","end_ts":"2025-10-22T19:06:29Z","count":2,"temp_air":29.5,"hum_air":46.5,"ph":4.97,"temp_water":19.19,"generated_at":"2025-10-22T19:11:25Z","inserted_at":"2025-10-22T19:11:25Z","ts":"2025-10-22T19:06:29Z"}
{"_id":{"$oid":"68f92eb5194704c4a7b99a41"},"start_ts":"2025-10-22T19:13:09Z","end_ts":"2025-10-22T19:19:50Z","count":4,"temp_air":30.299999999999997,"hum_air":44.2,"ph":4.98,"temp_water":19.060000000000002,"generated_at":"2025-10-22T19:21:25Z","inserted_at":"2025-10-22T19:21:25Z","ts":"2025-10-22T19:19:50Z"}
{"_id":{"$oid":"68f9310d194704c4a7b99a42"},"start_ts":"2025-10-22T19:26:30Z","end_ts":"2025-10-22T19:26:30Z","count":2,"temp_air":31.1,"hum_air":43.0,"ph":5.0,"temp_water":18.97,"generated_at":"2025-10-22T19:31:25Z","inserted_at":"2025-10-22T19:31:25Z","ts":"2025-10-22T19:26:30Z"}
{"_id":{"$oid":"68f93365194704c4a7b99a43"},"start_ts":"2025-10-22T19:33:09Z","end_ts":"2025-10-22T19:39:49Z","count":4,"temp_air":31.3,"hum_air":43.2,"ph":4.91,"temp_water":18.91,"generated_at":"2025-10-22T19:41:25Z","inserted_at":"2025-10-22T19:41:25Z","ts":"2025-10-22T19:39:49Z"}
{"_id":{"$oid":"68f935bd194704c4a7b99a44"},"start_ts":"2025-10-22T19:46:30Z","end_ts":"2025-10-22T19:46:30Z","count":2,"temp_air":32.4,"hum_air":41.1,"ph":4.91,"temp_water":18.91,"generated_at":"2025-10-22T19:51:25Z","inserted_at":"2025-10-22T19:51:25Z","ts":"2025-10-22T19:46:30Z"}
{"_id":{"$oid":"68f93815194704c4a7b99a45"},"start_ts":"2025-10-22T19:53:10Z","end_ts":"2025-10-22T19:59:51Z","count":4,"temp_air":32.55,"hum_air":43.099999999999994,"ph":4.84,"temp_water":18.88,"generated_at":"2025-10-22T20:01:25Z","inserted_at":"2025-10-22T20:01:25Z","ts":"2025-10-22T19:59:51Z"}
{"_id":{"$oid":"68f93a6d194704c4a7b99a46"},"start_ts":"2025-10-22T20:06:30Z","end_ts":"2025-10-22T20:06:30Z","count":2,"temp_air":32.6,"hum_air":41.4,"ph":4.77,"temp_water":18.88,"generated_at":"2025-10-22T20:11:25Z","inserted_at":"2025-10-22T20:11:25Z","ts":"2025-10-22T20:06:30Z"}
{"_id":{"$oid":"68f93cc5194704c4a7b99a47"},"start_ts":"2025-10-22T20:13:10Z","end_ts":"2025-10-22T20:19:50Z","count":4,"temp_air":32.1,"hum_air":41.55,"ph":4.805,"temp_water":18.84,"generated_at":"2025-10-22T20:21:25Z","inserted_at":"2025-10-22T20:21:25Z","ts":"2025-10-22T20:19:50Z"}
{"_id":{"$oid":"68f93f1d194704c4a7b99a48"},"start_ts":"2025-10-22T20:26:30Z","end_ts":"2025-10-22T20:26:30Z","count":2,"temp_air":32.6,"hum_air":42.0,"ph":5.0,"temp_water":18.81,"generated_at":"2025-10-22T20:31:25Z","inserted_at":"2025-10-22T20:31:25Z","ts":"2025-10-22T20:26:30Z"}
{"_id":{"$oid":"68f94175194704c4a7b99a49"},"start_ts":"2025-10-22T20:33:10Z","end_ts":"2025-10-22T20:39:50Z","count":4,"temp_air":32.55,"hum_air":41.5,"ph":4.91,"temp_water":18.86,"generated_at":"2025-10-22T20:41:25Z","inserted_at":"2025-10-22T20:41:25Z","ts":"2025-10-22T20:39:50Z"}
{"_id":{"$oid":"68f943cd194704c4a7b99a4a"},"start_ts":"2025-10-22T20:46:30Z","end_ts":"2025-10-22T20:46:30Z","count":2,"temp_air":33.4,"hum_air":41.4,"ph":4.96,"temp_water":18.94,"generated_at":"2025-10-22T20:51:25Z","inserted_at":"2025-10-22T20:51:25Z","ts":"2025-10-22T20:46:30Z"}
{"_id":{"$oid":"68f94625194704c4a7b99a4b"},"start_ts":"2025-10-22T20:53:10Z","end_ts":"2025-10-22T20:59:50Z","count":4,"temp_air":31.75,"hum_air":44.0,"ph":5.01,"temp_water":18.985,"generated_at":"2025-10-22T21:01:25Z","inserted_at":"2025-10-22T21:01:25Z","ts":"2025-10-22T20:59:50Z"}
{"_id":{"$oid":"68f9487d194704c4a7b99a4c"},"start_ts":"2025-10-22T21:06:30Z","end_ts":"2025-10-22T21:06:30Z","count":2,"temp_air":27.8,"hum_air":49.0,"ph":5.05,"temp_water":18.78,"generated_at":"2025-10-22T21:11:25Z","inserted_at":"2025-10-22T21:11:25Z","ts":"2025-10-22T21:06:30Z"}
{"_id":{"$oid":"68f94ad5194704c4a7b99a4d"},"start_ts":"2025-10-22T21:13:10Z","end_ts":"2025-10-22T21:19:50Z","count":4,"temp_air":25.25,"hum_air":54.4,"ph":5.1,"temp_water":18.485,"generated_at":"2025-10-22T21:21:25Z","inserted_at":"2025-10-22T21:21:25Z","ts":"2025-10-22T21:19:50Z"}
{"_id":{"$oid":"68f94d2d194704c4a7b99a4e"},"start_ts":"2025-10-22T21:26:30Z","end_ts":"2025-10-22T21:26:30Z","count":2,"temp_air":23.8,"hum_air":57.6,"ph":5.11,"temp_water":18.19,"generated_at":"2025-10-22T21:31:25Z","inserted_at":"2025-10-22T21:31:25Z","ts":"2025-10-22T21:26:30Z"}
{"_id":{"$oid":"68f94f85194704c4a7b99a4f"},"start_ts":"2025-10-22T21:33:10Z","end_ts":"2025-10-22T21:39:50Z","count":4,"temp_air":22.2,"hum_air":60.8,"ph":5.16,"temp_water":17.83,"generated_at":"2025-10-22T21:41:25Z","inserted_at":"2025-10-22T21:41:25Z","ts":"2025-10-22T21:39:50Z"}
{"_id":{"$oid":"68f95435194704c4a7b99a50"},"start_ts":"2025-10-22T21:52:27Z","end_ts":"2025-10-22T21:59:08Z","count":4,"temp_air":20.35,"hum_air":64.6,"ph":5.109999999999999,"temp_water":19.905,"generated_at":"2025-10-22T22:01:25Z","inserted_at":"2025-10-22T22:01:25Z","ts":"2025-10-22T21:59:08Z"}
{"_id":{"$oid":"68f9568d194704c4a7b99a51"},"start_ts":"2025-10-22T22:05:47Z","end_ts":"2025-10-22T22:05:47Z","count":2,"temp_air":19.7,"hum_air":67.9,"ph":5.11,"temp_water":19.31,"generated_at":"2025-10-22T22:11:25Z","inserted_at":"2025-10-22T22:11:25Z","ts":"2025-10-22T22:05:47Z"}
{"_id":{"$oid":"68f958e5194704c4a7b99a52"},"start_ts":"2025-10-22T22:12:27Z","end_ts":"2025-10-22T22:19:09Z","count":4,"temp_air":19.7,"hum_air":70.1,"ph":5.1899999999999995,"temp_water":18.875,"generated_at":"2025-10-22T22:21:25Z","inserted_at":"2025-10-22T22:21:25Z","ts":"2025-10-22T22:19:09Z"}
{"_id":{"$oid":"68f95b3d194704c4a7b99a53"},"start_ts":"2025-10-22T22:25:47Z","end_ts":"2025-10-22T22:25:47Z","count":2,"temp_air":19.4,"hum_air":70.3,"ph":5.24,"temp_water":18.56,"generated_at":"2025-10-22T22:31:25Z","inserted_at":"2025-10-22T22:31:25Z","ts":"2025-10-22T22:25:47Z"}
{"_id":{"$oid":"68f95d95194704c4a7b99a54"},"start_ts":"2025-10-22T22:32:27Z","end_ts":"2025-10-22T22:32:27Z","count":2,"temp_air":18.9,"hum_air":72.8,"ph":5.28,"temp_water":18.31,"generated_at":"2025-10-22T22:41:25Z","inserted_at":"2025-10-22T22:41:25Z","ts":"2025-10-22T22:32:27Z"}
{"_id":{"$oid":"68ffac6e194704c4a7b99a55"},"start_ts":"2025-10-27T17:30:49Z","end_ts":"2025-10-27T17:30:49Z","count":2,"temp_air":21.4,"hum_air":68.6,"ph":5.3,"temp_water":17.44,"generated_at":"2025-10-27T17:31:26Z","inserted_at":"2025-10-27T17:31:26Z","ts":"2025-10-27T17:30:49Z"}
{"_id":{"$oid":"68ffaec6194704c4a7b99a56"},"start_ts":"2025-10-27T17:37:30Z","end_ts":"2025-10-27T17:37:30Z","count":2,"temp_air":21.2,"hum_air":71.6,"ph":5.3,"temp_water":17.38,"generated_at":"2025-10-27T17:41:26Z","inserted_at":"2025-10-27T17:41:26Z","ts":"2025-10-27T17:37:30Z"}
{"_id":{"$oid":"68ffb11e194704c4a7b99a57"},"start_ts":"2025-10-27T17:44:09Z","end_ts":"2025-10-27T17:50:49Z","count":4,"temp_air":19.95,"hum_air":71.85,"ph":5.3149999999999995,"temp_water":17.185000000000002,"generated_at":"2025-10-27T17:51:26Z","inserted_at":"2025-10-27T17:51:26Z","ts":"2025-10-27T17:50:49Z"}
{"_id":{"$oid":"68ffb376194704c4a7b99a58"},"start_ts":"2025-10-27T17:57:29Z","end_ts":"2025-10-27T17:57:29Z","count":2,"temp_air":19.5,"hum_air":72.4,"ph":5.32,"temp_water":17.06,"generated_at":"2025-10-27T18:01:26Z","inserted_at":"2025-10-27T18:01:26Z","ts":"2025-10-27T17:57:29Z"}
{"_id":{"$oid":"68ffb5cf194704c4a7b99a59"},"start_ts":"2025-10-27T18:04:09Z","end_ts":"2025-10-27T18:10:49Z","count":4,"temp_air":20.200000000000003,"hum_air":71.65,"ph":5.36,"temp_water":17.28,"generated_at":"2025-10-27T18:11:27Z","inserted_at":"2025-10-27T18:11:27Z","ts":"2025-10-27T18:10:49Z"}
{"_id":{"$oid":"68ffb827194704c4a7b99a5a"},"start_ts":"2025-10-27T18:17:29Z","end_ts":"2025-10-27T18:17:29Z","count":2,"temp_air":21.7,"hum_air":68.1,"ph":5.97,"temp_water":17.81,"generated_at":"2025-10-27T18:21:27Z","inserted_at":"2025-10-27T18:21:27Z","ts":"2025-10-27T18:17:29Z"}
{"_id":{"$oid":"68ffba7f194704c4a7b99a5b"},"start_ts":"2025-10-27T18:24:09Z","end_ts":"2025-10-27T18:30:49Z","count":4,"temp_air":22.25,"hum_air":66.85,"ph":5.875,"temp_water":17.88,"generated_at":"2025-10-27T18:31:27Z","inserted_at":"2025-10-27T18:31:27Z","ts":"2025-10-27T18:30:49Z"}
{"_id":{"$oid":"68ffbcd7194704c4a7b99a5c"},"start_ts":"2025-10-27T18:37:29Z","end_ts":"2025-10-27T18:37:29Z","count":2,"temp_air":22.4,"hum_air":65.9,"ph":5.74,"temp_water":17.88,"generated_at":"2025-10-27T18:41:27Z","inserted_at":"2025-10-27T18:41:27Z","ts":"2025-10-27T18:37:29Z"}
{"_id":{"$oid":"68ffbf2f194704c4a7b99a5d"},"start_ts":"2025-10-27T18:44:09Z","end_ts":"2025-10-27T18:50:49Z","count":4,"temp_air":24.25,"hum_air":64.85,"ph":5.609999999999999,"temp_water":18.060000000000002,"generated_at":"2025-10-27T18:51:27Z","inserted_at":"2025-10-27T18:51:27Z","ts":"2025-10-27T18:50:49Z"}
{"_id":{"$oid":"68ffc187194704c4a7b99a5e"},"start_ts":"2025-10-27T18:57:29Z","end_ts":"2025-10-27T18:57:29Z","count":2,"temp_air":26.9,"hum_air":62.5,"ph":5.61,"temp_water":18.31,"generated_at":"2025-10-27T19:01:27Z","inserted_at":"2025-10-27T19:01:27Z","ts":"2025-10-27T18:57:29Z"}
{"_id":{"$oid":"68ffc3df194704c4a7b99a5f"},"start_ts":"2025-10-27T19:04:09Z","end_ts":"2025-10-27T19:10:49Z","count":4,"temp_air":27.05,"hum_air":60.3,"ph":5.505,"temp_water":18.75,"generated_at":"2025-10-27T19:11:27Z","inserted_at":"2025-10-27T19:11:27Z","ts":"2025-10-27T19:10:49Z"}
{"_id":{"$oid":"68ffc637194704c4a7b99a60"},"start_ts":"2025-10-27T19:17:29Z","end_ts":"2025-10-27T19:17:29Z","count":2,"temp_air":25.4,"hum_air":62.6,"ph":5.31,"temp_water":19.0,"generated_at":"2025-10-27T19:21:27Z","inserted_at":"2025-10-27T19:21:27Z","ts":"2025-10-27T19:17:29Z"}
{"_id":{"$oid":"68ffc88f194704c4a7b99a61"},"start_ts":"2025-10-27T19:24:09Z","end_ts":"2025-10-27T19:30:49Z","count":4,"temp_air":25.1,"hum_air":64.80000000000001,"ph":5.645,"temp_water":19.310000000000002,"generated_at":"2025-10-27T19:31:27Z","inserted_at":"2025-10-27T19:31:27Z","ts":"2025-10-27T19:30:49Z"}
{"_id":{"$oid":"68ffcae8194704c4a7b99a62"},"start_ts":"2025-10-27T19:37:29Z","end_ts":"2025-10-27T19:37:29Z","count":2,"temp_air":25.6,"hum_air":63.0,"ph":5.67,"temp_water":19.0,"generated_at":"2025-10-27T19:41:28Z","inserted_at":"2025-10-27T19:41:28Z","ts":"2025-10-27T19:37:29Z"}
{"_id":{"$oid":"68ffcd40194704c4a7b99a63"},"start_ts":"2025-10-27T19:44:09Z","end_ts":"2025-10-27T19:50:49Z","count":4,"temp_air":25.75,"hum_air":61.35,"ph":5.68,"temp_water":19.060000000000002,"generated_at":"2025-10-27T19:51:28Z","inserted_at":"2025-10-27T19:51:28Z","ts":"2025-10-27T19:50:49Z"}
{"_id":{"$oid":"68ffcf98194704c4a7b99a64"},"start_ts":"2025-10-27T19:57:29Z","end_ts":"2025-10-27T19:57:29Z","count":2,"temp_air":24.1,"hum_air":64.3,"ph":5.54,"temp_water":19.12,"generated_at":"2025-10-27T20:01:28Z","inserted_at":"2025-10-27T20:01:28Z","ts":"2025-10-27T19:57:29Z"}
{"_id":{"$oid":"68ffd1f0194704c4a7b99a65"},"start_ts":"2025-10-27T20:04:09Z","end_ts":"2025-10-27T20:10:49Z","count":4,"temp_air":22.15,"hum_air":67.6,"ph":5.51,"temp_water":19.0,"generated_at":"2025-10-27T20:11:28Z","inserted_at":"2025-10-27T20:11:28Z","ts":"2025-10-27T20:10:49Z"}
{"_id":{"$oid":"68ffd448194704c4a7b99a66"},"start_ts":"2025-10-27T20:17:29Z","end_ts":"2025-10-27T20:17:29Z","count":2,"temp_air":20.2,"hum_air":72.4,"ph":5.53,"temp_water":18.81,"generated_at":"2025-10-27T20:21:28Z","inserted_at":"2025-10-27T20:21:28Z","ts":"2025-10-27T20:17:29Z"}
{"_id":{"$oid":"68ffd6a0194704c4a7b99a67"},"start_ts":"2025-10-27T20:24:09Z","end_ts":"2025-10-27T20:30:49Z","count":4,"temp_air":19.5,"hum_air":74.5,"ph":5.404999999999999,"temp_water":18.715,"generated_at":"2025-10-27T20:31:28Z","inserted_at":"2025-10-27T20:31:28Z","ts":"2025-10-27T20:30:49Z"}
{"_id":{"$oid":"68ffd8f8194704c4a7b99a68"},"start_ts":"2025-10-27T20:37:30Z","end_ts":"2025-10-27T20:37:30Z","count":2,"temp_air":19.5,"hum_air":74.7,"ph":5.68,"temp_water":18.19,"generated_at":"2025-10-27T20:41:28Z","inserted_at":"2025-10-27T20:41:28Z","ts":"2025-10-27T20:37:30Z"}
{"_id":{"$oid":"68ffdb50194704c4a7b99a69"},"start_ts":"2025-10-27T20:44:09Z","end_ts":"2025-10-27T20:50:49Z","count":4,"temp_air":21.5,"hum_air":70.69999999999999,"ph":5.66,"temp_water":18.0,"generated_at":"2025-10-27T20:51:28Z","inserted_at":"2025-10-27T20:51:28Z","ts":"2025-10-27T20:50:49Z"}
{"_id":{"$oid":"68ffdda8194704c4a7b99a6a"},"start_ts":"2025-10-27T20:57:29Z","end_ts":"2025-10-27T20:57:29Z","count":2,"temp_air":23.1,"hum_air":65.2,"ph":5.65,"temp_water":18.0,"generated_at":"2025-10-27T21:01:28Z","inserted_at":"2025-10-27T21:01:28Z","ts":"2025-10-27T20:57:29Z"}
{"_id":{"$oid":"68ffe000194704c4a7b99a6b"},"start_ts":"2025-10-27T21:04:10Z","end_ts":"2025-10-27T21:10:49Z","count":4,"temp_air":24.1,"hum_air":64.55,"ph":5.575,"temp_water":18.09,"generated_at":"2025-10-27T21:11:28Z","inserted_at":"2025-10-27T21:11:28Z","ts":"2025-10-27T21:10:49Z"}
{"_id":{"$oid":"68ffe258194704c4a7b99a6c"},"start_ts":"2025-10-27T21:17:29Z","end_ts":"2025-10-27T21:17:29Z","count":2,"temp_air":25.1,"hum_air":62.6,"ph":5.47,"temp_water":18.19,"generated_at":"2025-10-27T21:21:28Z","inserted_at":"2025-10-27T21:21:28Z","ts":"2025-10-27T21:17:29Z"}
{"_id":{"$oid":"68ffe4b0194704c4a7b99a6d"},"start_ts":"2025-10-27T21:24:11Z","end_ts":"2025-10-27T21:30:50Z","count":4,"temp_air":24.95,"hum_air":62.65,"ph":5.385,"temp_water":18.345,"generated_at":"2025-10-27T21:31:28Z","inserted_at":"2025-10-27T21:31:28Z","ts":"2025-10-27T21:30:50Z"}
{"_id":{"$oid":"68ffe708194704c4a7b99a6e"},"start_ts":"2025-10-27T21:37:30Z","end_ts":"2025-10-27T21:37:30Z","count":2,"temp_air":24.4,"hum_air":64.1,"ph":5.34,"temp_water":18.44,"generated_at":"2025-10-27T21:41:28Z","inserted_at":"2025-10-27T21:41:28Z","ts":"2025-10-27T21:37:30Z"}
{"_id":{"$oid":"68ffe960194704c4a7b99a6f"},"start_ts":"2025-10-27T21:44:10Z","end_ts":"2025-10-27T21:50:49Z","count":4,"temp_air":22.25,"hum_air":66.7,"ph":5.335,"temp_water":18.5,"generated_at":"2025-10-27T21:51:28Z","inserted_at":"2025-10-27T21:51:28Z","ts":"2025-10-27T21:50:49Z"}
{"_id":{"$oid":"68ffebb8194704c4a7b99a70"},"start_ts":"2025-10-27T21:57:30Z","end_ts":"2025-10-27T21:57:30Z","count":2,"temp_air":20.1,"hum_air":71.6,"ph":5.53,"temp_water":18.31,"generated_at":"2025-10-27T22:01:28Z","inserted_at":"2025-10-27T22:01:28Z","ts":"2025-10-27T21:57:30Z"}
{"_id":{"$oid":"68ffee10194704c4a7b99a71"},"start_ts":"2025-10-27T22:04:10Z","end_ts":"2025-10-27T22:10:50Z","count":4,"temp_air":19.45,"hum_air":74.1,"ph":5.415,"temp_water":18.03,"generated_at":"2025-10-27T22:11:28Z","inserted_at":"2025-10-27T22:11:28Z","ts":"2025-10-27T22:10:50Z"}
{"_id":{"$oid":"68fff068194704c4a7b99a72"},"start_ts":"2025-10-27T22:17:29Z","end_ts":"2025-10-27T22:17:29Z","count":2,"temp_air":18.6,"hum_air":75.5,"ph":5.41,"temp_water":17.81,"generated_at":"2025-10-27T22:21:28Z","inserted_at":"2025-10-27T22:21:28Z","ts":"2025-10-27T22:17:29Z"}
{"_id":{"$oid":"68fff2c0194704c4a7b99a73"},"start_ts":"2025-10-27T22:24:10Z","end_ts":"2025-10-27T22:30:50Z","count":4,"temp_air":17.8,"hum_air":77.05,"ph":5.45,"temp_water":17.53,"generated_at":"2025-10-27T22:31:28Z","inserted_at":"2025-10-27T22:31:28Z","ts":"2025-10-27T22:30:50Z"}
{"_id":{"$oid":"68fff518194704c4a7b99a74"},"start_ts":"2025-10-27T22:37:29Z","end_ts":"2025-10-27T22:37:29Z","count":2,"temp_air":17.1,"hum_air":79.1,"ph":5.42,"temp_water":17.31,"generated_at":"2025-10-27T22:41:28Z","inserted_at":"2025-10-27T22:41:28Z","ts":"2025-10-27T22:37:29Z"}
{"_id":{"$oid":"68fff770194704c4a7b99a75"},"start_ts":"2025-10-27T22:44:10Z","end_ts":"2025-10-27T22:50:49Z","count":4,"temp_air":16.4,"hum_air":80.55000000000001,"ph":5.345000000000001,"temp_water":17.03,"generated_at":"2025-10-27T22:51:28Z","inserted_at":"2025-10-27T22:51:28Z","ts":"2025-10-27T22:50:49Z"}
{"_id":{"$oid":"68fff9c8194704c4a7b99a76"},"start_ts":"2025-10-27T22:57:30Z","end_ts":"2025-10-27T22:57:30Z","count":2,"temp_air":15.7,"hum_air":82.3,"ph":5.29,"temp_water":16.69,"generated_at":"2025-10-27T23:01:28Z","inserted_at":"2025-10-27T23:01:28Z","ts":"2025-10-27T22:57:30Z"}
{"_id":{"$oid":"68fffc20194704c4a7b99a77"},"start_ts":"2025-10-27T23:04:10Z","end_ts":"2025-10-27T23:10:51Z","count":4,"temp_air":15.25,"hum_air":83.19999999999999,"ph":5.265000000000001,"temp_water":16.345,"generated_at":"2025-10-27T23:11:28Z","inserted_at":"2025-10-27T23:11:28Z","ts":"2025-10-27T23:10:51Z"}
{"_id":{"$oid":"68fffe78194704c4a7b99a78"},"start_ts":"2025-10-27T23:17:31Z","end_ts":"2025-10-27T23:17:31Z","count":2,"temp_air":15.0,"hum_air":83.4,"ph":5.26,"temp_water":16.0,"generated_at":"2025-10-27T23:21:28Z","inserted_at":"2025-10-27T23:21:28Z","ts":"2025-10-27T23:17:31Z"}
{"_id":{"$oid":"690000d0194704c4a7b99a79"},"start_ts":"2025-10-27T23:24:11Z","end_ts":"2025-10-27T23:30:50Z","count":4,"temp_air":14.7,"hum_air":84.44999999999999,"ph":5.27,"temp_water":15.815,"generated_at":"2025-10-27T23:31:28Z","inserted_at":"2025-10-27T23:31:28Z","ts":"2025-10-27T23:30:50Z"}
{"_id":{"$oid":"69000328194704c4a7b99a7a"},"start_ts":"2025-10-27T23:37:30Z","end_ts":"2025-10-27T23:37:40Z","count":4,"temp_air":14.6,"hum_air":84.7,"ph":5.27,"temp_water":15.5,"generated_at":"2025-10-27T23:41:28Z","inserted_at":"2025-10-27T23:41:28Z","ts":"2025-10-27T23:37:40Z"}
{"_id":{"$oid":"69000580194704c4a7b99a7b"},"start_ts":"2025-10-27T23:44:10Z","end_ts":"2025-10-27T23:50:50Z","count":4,"temp_air":14.45,"hum_air":84.65,"ph":5.255,"temp_water":15.215,"generated_at":"2025-10-27T23:51:28Z","inserted_at":"2025-10-27T23:51:28Z","ts":"2025-10-27T23:50:50Z"}
{"_id":{"$oid":"690007d8194704c4a7b99a7c"},"start_ts":"2025-10-27T23:57:31Z","end_ts":"2025-10-27T23:57:31Z","count":2,"temp_air":14.4,"hum_air":84.7,"ph":5.24,"temp_water":15.0,"generated_at":"2025-10-28T00:01:28Z","inserted_at":"2025-10-28T00:01:28Z","ts":"2025-10-27T23:57:31Z"}
{"_id":{"$oid":"69000a30194704c4a7b99a7d"},"start_ts":"2025-10-28T00:04:10Z","end_ts":"2025-10-28T00:10:51Z","count":4,"temp_air":14.45,"hum_air":85.1,"ph":5.22,"temp_water":14.845,"generated_at":"2025-10-28T00:11:28Z","inserted_at":"2025-10-28T00:11:28Z","ts":"2025-10-28T00:10:51Z"}
{"_id":{"$oid":"69000c89194704c4a7b99a7e"},"start_ts":"2025-10-28T00:17:31Z","end_ts":"2025-10-28T00:17:37Z","count":4,"temp_air":14.3,"hum_air":84.7,"ph":5.23,"temp_water":14.69,"generated_at":"2025-10-28T00:21:29Z","inserted_at":"2025-10-28T00:21:29Z","ts":"2025-10-28T00:17:37Z"}
{"_id":{"$oid":"69000ee1194704c4a7b99a7f"},"start_ts":"2025-10-28T00:24:10Z","end_ts":"2025-10-28T00:31:05Z","count":8,"temp_air":14.35,"hum_air":85.25,"ph":5.2275,"temp_water":14.469999999999999,"generated_at":"2025-10-28T00:31:29Z","inserted_at":"2025-10-28T00:31:29Z","ts":"2025-10-28T00:31:05Z"}
{"_id":{"$oid":"69001139194704c4a7b99a80"},"start_ts":"2025-10-28T00:37:32Z","end_ts":"2025-10-28T00:37:32Z","count":2,"temp_air":14.3,"hum_air":85.2,"ph":5.23,"temp_water":14.38,"generated_at":"2025-10-28T00:41:29Z","inserted_at":"2025-10-28T00:41:29Z","ts":"2025-10-28T00:37:32Z"}
{"_id":{"$oid":"69001391194704c4a7b99a81"},"start_ts":"2025-10-28T00:44:11Z","end_ts":"2025-10-28T00:50:52Z","count":4,"temp_air":14.350000000000001,"hum_air":85.55000000000001,"ph":5.23,"temp_water":14.219999999999999,"generated_at":"2025-10-28T00:51:29Z","inserted_at":"2025-10-28T00:51:29Z","ts":"2025-10-28T00:50:52Z"}
{"_id":{"$oid":"690015e9194704c4a7b99a82"},"start_ts":"2025-10-28T00:57:30Z","end_ts":"2025-10-28T00:57:30Z","count":2,"temp_air":14.4,"hum_air":85.6,"ph":5.2,"temp_water":14.19,"generated_at":"2025-10-28T01:01:29Z","inserted_at":"2025-10-28T01:01:29Z","ts":"2025-10-28T00:57:30Z"}
{"_id":{"$oid":"69001841194704c4a7b99a83"},"start_ts":"2025-10-28T01:04:12Z","end_ts":"2025-10-28T01:10:51Z","count":4,"temp_air":14.45,"hum_air":85.95,"ph":5.2,"temp_water":14.030000000000001,"generated_at":"2025-10-28T01:11:29Z","inserted_at":"2025-10-28T01:11:29Z","ts":"2025-10-28T01:10:51Z"}
{"_id":{"$oid":"69001a99194704c4a7b99a84"},"start_ts":"2025-10-28T01:17:32Z","end_ts":"2025-10-28T01:17:32Z","count":2,"temp_air":14.5,"hum_air":85.9,"ph":5.24,"temp_water":13.94,"generated_at":"2025-10-28T01:21:29Z","inserted_at":"2025-10-28T01:21:29Z","ts":"2025-10-28T01:17:32Z"}
{"_id":{"$oid":"69001cf1194704c4a7b99a85"},"start_ts":"2025-10-28T01:24:12Z","end_ts":"2025-10-28T01:30:51Z","count":4,"temp_air":14.45,"hum_air":86.30000000000001,"ph":5.24,"temp_water":13.88,"generated_at":"2025-10-28T01:31:29Z","inserted_at":"2025-10-28T01:31:29Z","ts":"2025-10-28T01:30:51Z"}
{"_id":{"$oid":"69001f49194704c4a7b99a86"},"start_ts":"2025-10-28T01:37:30Z","end_ts":"2025-10-28T01:37:30Z","count":2,"temp_air":14.5,"hum_air":86.3,"ph":5.23,"temp_water":13.81,"generated_at":"2025-10-28T01:41:29Z","inserted_at":"2025-10-28T01:41:29Z","ts":"2025-10-28T01:37:30Z"}
{"_id":{"$oid":"690021a1194704c4a7b99a87"},"start_ts":"2025-10-28T01:44:10Z","end_ts":"2025-10-28T01:50:51Z","count":4,"temp_air":14.5,"hum_air":86.5,"ph":5.225,"temp_water":13.75,"generated_at":"2025-10-28T01:51:29Z","inserted_at":"2025-10-28T01:51:29Z","ts":"2025-10-28T01:50:51Z"}
{"_id":{"$oid":"690023f9194704c4a7b99a88"},"start_ts":"2025-10-28T01:57:30Z","end_ts":"2025-10-28T01:57:30Z","count":2,"temp_air":14.5,"hum_air":86.6,"ph":5.24,"temp_water":13.69,"generated_at":"2025-10-28T02:01:29Z","inserted_at":"2025-10-28T02:01:29Z","ts":"2025-10-28T01:57:30Z"}
{"_id":{"$oid":"69002651194704c4a7b99a89"},"start_ts":"2025-10-28T02:04:11Z","end_ts":"2025-10-28T02:10:50Z","count":4,"temp_air":14.55,"hum_air":86.75,"ph":5.23,"temp_water":13.655,"generated_at":"2025-10-28T02:11:29Z","inserted_at":"2025-10-28T02:11:29Z","ts":"2025-10-28T02:10:50Z"}
{"_id":{"$oid":"690028a9194704c4a7b99a8a"},"start_ts":"2025-10-28T02:17:31Z","end_ts":"2025-10-28T02:17:31Z","count":2,"temp_air":14.6,"hum_air":86.8,"ph":5.24,"temp_water":13.56,"generated_at":"2025-10-28T02:21:29Z","inserted_at":"2025-10-28T02:21:29Z","ts":"2025-10-28T02:17:31Z"}
{"_id":{"$oid":"69002b01194704c4a7b99a8b"},"start_ts":"2025-10-28T02:24:10Z","end_ts":"2025-10-28T02:30:50Z","count":4,"temp_air":14.6,"hum_air":86.80000000000001,"ph":5.25,"temp_water":13.530000000000001,"generated_at":"2025-10-28T02:31:29Z","inserted_at":"2025-10-28T02:31:29Z","ts":"2025-10-28T02:30:50Z"}
{"_id":{"$oid":"69002d59194704c4a7b99a8c"},"start_ts":"2025-10-28T02:37:31Z","end_ts":"2025-10-28T02:37:31Z","count":2,"temp_air":14.6,"hum_air":86.8,"ph":5.25,"temp_water":13.5,"generated_at":"2025-10-28T02:41:29Z","inserted_at":"2025-10-28T02:41:29Z","ts":"2025-10-28T02:37:31Z"}
{"_id":{"$oid":"69002fb1194704c4a7b99a8d"},"start_ts":"2025-10-28T02:44:12Z","end_ts":"2025-10-28T02:50:57Z","count":4,"temp_air":14.55,"hum_air":86.95,"ph":5.255,"temp_water":13.469999999999999,"generated_at":"2025-10-28T02:51:29Z","inserted_at":"2025-10-28T02:51:29Z","ts":"2025-10-28T02:50:57Z"}
{"_id":{"$oid":"69003209194704c4a7b99a8e"},"start_ts":"2025-10-28T02:57:32Z","end_ts":"2025-10-28T02:57:32Z","count":2,"temp_air":14.6,"hum_air":87.0,"ph":5.26,"temp_water":13.44,"generated_at":"2025-10-28T03:01:29Z","inserted_at":"2025-10-28T03:01:29Z","ts":"2025-10-28T02:57:32Z"}
{"_id":{"$oid":"69003461194704c4a7b99a8f"},"start_ts":"2025-10-28T03:04:10Z","end_ts":"2025-10-28T03:10:51Z","count":4,"temp_air":14.45,"hum_air":87.0,"ph":5.25,"temp_water":13.38,"generated_at":"2025-10-28T03:11:29Z","inserted_at":"2025-10-28T03:11:29Z","ts":"2025-10-28T03:10:51Z"}
{"_id":{"$oid":"690036b9194704c4a7b99a90"},"start_ts":"2025-10-28T03:17:31Z","end_ts":"2025-10-28T03:17:31Z","count":2,"temp_air":14.5,"hum_air":86.9,"ph":5.25,"temp_water":13.38,"generated_at":"2025-10-28T03:21:29Z","inserted_at":"2025-10-28T03:21:29Z","ts":"2025-10-28T03:17:31Z"}
{"_id":{"$oid":"69003911194704c4a7b99a91"},"start_ts":"2025-10-28T03:24:11Z","end_ts":"2025-10-28T03:30:50Z","count":4,"temp_air":14.5,"hum_air":86.80000000000001,"ph":5.255,"temp_water":13.31,"generated_at":"2025-10-28T03:31:29Z","inserted_at":"2025-10-28T03:31:29Z","ts":"2025-10-28T03:30:50Z"}
{"_id":{"$oid":"69003b69194704c4a7b99a92"},"start_ts":"2025-10-28T03:37:30Z","end_ts":"2025-10-28T03:37:30Z","count":2,"temp_air":14.4,"hum_air":86.4,"ph":5.26,"temp_water":13.31,"generated_at":"2025-10-28T03:41:29Z","inserted_at":"2025-10-28T03:41:29Z","ts":"2025-10-28T03:37:30Z"}
{"_id":{"$oid":"69003dc1194704c4a7b99a93"},"start_ts":"2025-10-28T03:44:10Z","end_ts":"2025-10-28T03:50:50Z","count":4,"temp_air":14.350000000000001,"hum_air":87.1,"ph":5.265,"temp_water":13.25,"generated_at":"2025-10-28T03:51:29Z","inserted_at":"2025-10-28T03:51:29Z","ts":"2025-10-28T03:50:50Z"}
{"_id":{"$oid":"69004019194704c4a7b99a94"},"start_ts":"2025-10-28T03:57:30Z","end_ts":"2025-10-28T03:57:30Z","count":2,"temp_air":14.4,"hum_air":87.2,"ph":5.27,"temp_water":13.19,"generated_at":"2025-10-28T04:01:29Z","inserted_at":"2025-10-28T04:01:29Z","ts":"2025-10-28T03:57:30Z"}
{"_id":{"$oid":"69004271194704c4a7b99a95"},"start_ts":"2025-10-28T04:04:10Z","end_ts":"2025-10-28T04:10:50Z","count":4,"temp_air":14.5,"hum_air":87.30000000000001,"ph":5.27,"temp_water":13.19,"generated_at":"2025-10-28T04:11:29Z","inserted_at":"2025-10-28T04:11:29Z","ts":"2025-10-28T04:10:50Z"}
{"_id":{"$oid":"690044c9194704c4a7b99a96"},"start_ts":"2025-10-28T04:17:30Z","end_ts":"2025-10-28T04:17:30Z","count":2,"temp_air":14.5,"hum_air":87.4,"ph":5.27,"temp_water":13.19,"generated_at":"2025-10-28T04:21:29Z","inserted_at":"2025-10-28T04:21:29Z","ts":"2025-10-28T04:17:30Z"}
{"_id":{"$oid":"69004721194704c4a7b99a97"},"start_ts":"2025-10-28T04:24:10Z","end_ts":"2025-10-28T04:30:50Z","count":4,"temp_air":14.5,"hum_air":86.9,"ph":5.27,"temp_water":13.155,"generated_at":"2025-10-28T04:31:29Z","inserted_at":"2025-10-28T04:31:29Z","ts":"2025-10-28T04:30:50Z"}
{"_id":{"$oid":"69004979194704c4a7b99a98"},"start_ts":"2025-10-28T04:37:30Z","end_ts":"2025-10-28T04:37:30Z","count":2,"temp_air":14.2,"hum_air":86.5,"ph":5.27,"temp_water":13.12,"generated_at":"2025-10-28T04:41:29Z","inserted_at":"2025-10-28T04:41:29Z","ts":"2025-10-28T04:37:30Z"}
{"_id":{"$oid":"69004bd2194704c4a7b99a99"},"start_ts":"2025-10-28T04:44:10Z","end_ts":"2025-10-28T04:50:50Z","count":4,"temp_air":14.0,"hum_air":87.0,"ph":5.27,"temp_water":13.06,"generated_at":"2025-10-28T04:51:30Z","inserted_at":"2025-10-28T04:51:30Z","ts":"2025-10-28T04:50:50Z"}
{"_id":{"$oid":"69004e2a194704c4a7b99a9a"},"start_ts":"2025-10-28T04:57:30Z","end_ts":"2025-10-28T04:57:30Z","count":2,"temp_air":14.1,"hum_air":87.0,"ph":5.28,"temp_water":13.06,"generated_at":"2025-10-28T05:01:30Z","inserted_at":"2025-10-28T05:01:30Z","ts":"2025-10-28T04:57:30Z"}
{"_id":{"$oid":"69005082194704c4a7b99a9b"},"start_ts":"2025-10-28T05:04:10Z","end_ts":"2025-10-28T05:10:50Z","count":4,"temp_air":14.05,"hum_air":86.85,"ph":5.28,"temp_water":13.0,"generated_at":"2025-10-28T05:11:30Z","inserted_at":"2025-10-28T05:11:30Z","ts":"2025-10-28T05:10:50Z"}
{"_id":{"$oid":"690052da194704c4a7b99a9c"},"start_ts":"2025-10-28T05:17:30Z","end_ts":"2025-10-28T05:17:30Z","count":2,"temp_air":14.1,"hum_air":87.0,"ph":5.28,"temp_water":12.94,"generated_at":"2025-10-28T05:21:30Z","inserted_at":"2025-10-28T05:21:30Z","ts":"2025-10-28T05:17:30Z"}
{"_id":{"$oid":"69005532194704c4a7b99a9d"},"start_ts":"2025-10-28T05:24:10Z","end_ts":"2025-10-28T05:30:50Z","count":4,"temp_air":14.1,"hum_air":87.15,"ph":5.285,"temp_water":12.91,"generated_at":"2025-10-28T05:31:30Z","inserted_at":"2025-10-28T05:31:30Z","ts":"2025-10-28T05:30:50Z"}
{"_id":{"$oid":"6900578a194704c4a7b99a9e"},"start_ts":"2025-10-28T05:37:30Z","end_ts":"2025-10-28T05:37:30Z","count":2,"temp_air":14.1,"hum_air":87.1,"ph":5.29,"temp_water":12.88,"generated_at":"2025-10-28T05:41:30Z","inserted_at":"2025-10-28T05:41:30Z","ts":"2025-10-28T05:37:30Z"}
{"_id":{"$oid":"690059e2194704c4a7b99a9f"},"start_ts":"2025-10-28T05:44:10Z","end_ts":"2025-10-28T05:50:50Z","count":4,"temp_air":14.05,"hum_air":87.1,"ph":5.29,"temp_water":12.88,"generated_at":"2025-10-28T05:51:30Z","inserted_at":"2025-10-28T05:51:30Z","ts":"2025-10-28T05:50:50Z"}
{"_id":{"$oid":"69005c3a194704c4a7b99aa0"},"start_ts":"2025-10-28T05:57:30Z","end_ts":"2025-10-28T05:57:30Z","count":2,"temp_air":14.1,"hum_air":86.9,"ph":5.3,"temp_water":12.81,"generated_at":"2025-10-28T06:01:30Z","inserted_at":"2025-10-28T06:01:30Z","ts":"2025-10-28T05:57:30Z"}
{"_id":{"$oid":"69005e92194704c4a7b99aa1"},"start_ts":"2025-10-28T06:04:10Z","end_ts":"2025-10-28T06:10:50Z","count":4,"temp_air":14.0,"hum_air":86.75,"ph":5.3,"temp_water":12.780000000000001,"generated_at":"2025-10-28T06:11:30Z","inserted_at":"2025-10-28T06:11:30Z","ts":"2025-10-28T06:10:50Z"}
{"_id":{"$oid":"690060ea194704c4a7b99aa2"},"start_ts":"2025-10-28T06:17:30Z","end_ts":"2025-10-28T06:17:30Z","count":2,"temp_air":13.9,"hum_air":87.4,"ph":5.3,"temp_water":12.75,"generated_at":"2025-10-28T06:21:30Z","inserted_at":"2025-10-28T06:21:30Z","ts":"2025-10-28T06:17:30Z"}
{"_id":{"$oid":"69006342194704c4a7b99aa3"},"start_ts":"2025-10-28T06:24:10Z","end_ts":"2025-10-28T06:30:50Z","count":4,"temp_air":13.95,"hum_air":87.44999999999999,"ph":5.3,"temp_water":12.719999999999999,"generated_at":"2025-10-28T06:31:30Z","inserted_at":"2025-10-28T06:31:30Z","ts":"2025-10-28T06:30:50Z"}
{"_id":{"$oid":"6900659a194704c4a7b99aa4"},"start_ts":"2025-10-28T06:37:30Z","end_ts":"2025-10-28T06:37:30Z","count":2,"temp_air":14.0,"hum_air":87.6,"ph":5.29,"temp_water":12.69,"generated_at":"2025-10-28T06:41:30Z","inserted_at":"2025-10-28T06:41:30Z","ts":"2025-10-28T06:37:30Z"}
{"_id":{"$oid":"690067f2194704c4a7b99aa5"},"start_ts":"2025-10-28T06:44:10Z","end_ts":"2025-10-28T06:50:50Z","count":4,"temp_air":14.1,"hum_air":87.5,"ph":5.29,"temp_water":12.655,"generated_at":"2025-10-28T06:51:30Z","inserted_at":"2025-10-28T06:51:30Z","ts":"2025-10-28T06:50:50Z"}
{"_id":{"$oid":"69006a4a194704c4a7b99aa6"},"start_ts":"2025-10-28T06:57:30Z","end_ts":"2025-10-28T06:57:30Z","count":2,"temp_air":14.0,"hum_air":87.5,"ph":5.28,"temp_water":12.69,"generated_at":"2025-10-28T07:01:30Z","inserted_at":"2025-10-28T07:01:30Z","ts":"2025-10-28T06:57:30Z"}
{"_id":{"$oid":"69006ca2194704c4a7b99aa7"},"start_ts":"2025-10-28T07:04:10Z","end_ts":"2025-10-28T07:10:50Z","count":4,"temp_air":14.0,"hum_air":87.44999999999999,"ph":5.28,"temp_water":12.62,"generated_at":"2025-10-28T07:11:30Z","inserted_at":"2025-10-28T07:11:30Z","ts":"2025-10-28T07:10:50Z"}
{"_id":{"$oid":"69006efa194704c4a7b99aa8"},"start_ts":"2025-10-28T07:17:30Z","end_ts":"2025-10-28T07:17:30Z","count":2,"temp_air":13.9,"hum_air":87.4,"ph":5.28,"temp_water":12.62,"generated_at":"2025-10-28T07:21:30Z","inserted_at":"2025-10-28T07:21:30Z","ts":"2025-10-28T07:17:30Z"}
{"_id":{"$oid":"69007152194704c4a7b99aa9"},"start_ts":"2025-10-28T07:24:10Z","end_ts":"2025-10-28T07:30:50Z","count":4,"temp_air":13.9,"hum_air":87.25,"ph":5.28,"temp_water":12.59,"generated_at":"2025-10-28T07:31:30Z","inserted_at":"2025-10-28T07:31:30Z","ts":"2025-10-28T07:30:50Z"}
{"_id":{"$oid":"690073aa194704c4a7b99aaa"},"start_ts":"2025-10-28T07:37:30Z","end_ts":"2025-10-28T07:37:30Z","count":2,"temp_air":13.8,"hum_air":87.1,"ph":5.29,"temp_water":12.56,"generated_at":"2025-10-28T07:41:30Z","inserted_at":"2025-10-28T07:41:30Z","ts":"2025-10-28T07:37:30Z"}
{"_id":{"$oid":"69007602194704c4a7b99aab"},"start_ts":"2025-10-28T07:44:10Z","end_ts":"2025-10-28T07:50:50Z","count":4,"temp_air":13.850000000000001,"hum_air":87.55,"ph":5.29,"temp_water":12.530000000000001,"generated_at":"2025-10-28T07:51:30Z","inserted_at":"2025-10-28T07:51:30Z","ts":"2025-10-28T07:50:50Z"}
{"_id":{"$oid":"6900785a194704c4a7b99aac"},"start_ts":"2025-10-28T07:57:30Z","end_ts":"2025-10-28T07:57:30Z","count":2,"temp_air":14.0,"hum_air":87.7,"ph":5.29,"temp_water":12.5,"generated_at":"2025-10-28T08:01:30Z","inserted_at":"2025-10-28T08:01:30Z","ts":"2025-10-28T07:57:30Z"}
{"_id":{"$oid":"69007ab2194704c4a7b99aad"},"start_ts":"2025-10-28T08:04:10Z","end_ts":"2025-10-28T08:10:50Z","count":4,"temp_air":13.9,"hum_air":87.65,"ph":5.29,"temp_water":12.5,"generated_at":"2025-10-28T08:11:30Z","inserted_at":"2025-10-28T08:11:30Z","ts":"2025-10-28T08:10:50Z"}
{"_id":{"$oid":"69007d0a194704c4a7b99aae"},"start_ts":"2025-10-28T08:17:30Z","end_ts":"2025-10-28T08:17:30Z","count":2,"temp_air":13.9,"hum_air":87.7,"ph":5.29,"temp_water":12.44,"generated_at":"2025-10-28T08:21:30Z","inserted_at":"2025-10-28T08:21:30Z","ts":"2025-10-28T08:17:30Z"}
{"_id":{"$oid":"69007f63194704c4a7b99aaf"},"start_ts":"2025-10-28T08:24:10Z","end_ts":"2025-10-28T08:30:50Z","count":4,"temp_air":13.9,"hum_air":87.85,"ph":5.29,"temp_water":12.44,"generated_at":"2025-10-28T08:31:31Z","inserted_at":"2025-10-28T08:31:31Z","ts":"2025-10-28T08:30:50Z"}
{"_id":{"$oid":"690081bb194704c4a7b99ab0"},"start_ts":"2025-10-28T08:37:30Z","end_ts":"2025-10-28T08:37:30Z","count":2,"temp_air":13.8,"hum_air":87.7,"ph":5.27,"temp_water":12.44,"generated_at":"2025-10-28T08:41:31Z","inserted_at":"2025-10-28T08:41:31Z","ts":"2025-10-28T08:37:30Z"}
{"_id":{"$oid":"69008413194704c4a7b99ab1"},"start_ts":"2025-10-28T08:44:10Z","end_ts":"2025-10-28T08:50:50Z","count":4,"temp_air":13.850000000000001,"hum_air":87.8,"ph":5.275,"temp_water":12.41,"generated_at":"2025-10-28T08:51:31Z","inserted_at":"2025-10-28T08:51:31Z","ts":"2025-10-28T08:50:50Z"}
{"_id":{"$oid":"6900866b194704c4a7b99ab2"},"start_ts":"2025-10-28T08:57:30Z","end_ts":"2025-10-28T08:57:30Z","count":2,"temp_air":13.8,"hum_air":88.1,"ph":5.28,"temp_water":12.38,"generated_at":"2025-10-28T09:01:31Z","inserted_at":"2025-10-28T09:01:31Z","ts":"2025-10-28T08:57:30Z"}
{"_id":{"$oid":"690088c3194704c4a7b99ab3"},"start_ts":"2025-10-28T09:04:10Z","end_ts":"2025-10-28T09:10:50Z","count":4,"temp_air":13.850000000000001,"hum_air":87.9,"ph":5.28,"temp_water":12.38,"generated_at":"2025-10-28T09:11:31Z","inserted_at":"2025-10-28T09:11:31Z","ts":"2025-10-28T09:10:50Z"}
{"_id":{"$oid":"69008b1b194704c4a7b99ab4"},"start_ts":"2025-10-28T09:17:30Z","end_ts":"2025-10-28T09:17:30Z","count":2,"temp_air":13.9,"hum_air":87.9,"ph":5.28,"temp_water":12.38,"generated_at":"2025-10-28T09:21:31Z","inserted_at":"2025-10-28T09:21:31Z","ts":"2025-10-28T09:17:30Z"}
{"_id":{"$oid":"69008d73194704c4a7b99ab5"},"start_ts":"2025-10-28T09:24:10Z","end_ts":"2025-10-28T09:30:50Z","count":4,"temp_air":13.9,"hum_air":87.95,"ph":5.28,"temp_water":12.38,"generated_at":"2025-10-28T09:31:31Z","inserted_at":"2025-10-28T09:31:31Z","ts":"2025-10-28T09:30:50Z"}
{"_id":{"$oid":"69008fcb194704c4a7b99ab6"},"start_ts":"2025-10-28T09:37:30Z","end_ts":"2025-10-28T09:37:30Z","count":2,"temp_air":13.8,"hum_air":87.9,"ph":5.27,"temp_water":12.38,"generated_at":"2025-10-28T09:41:31Z","inserted_at":"2025-10-28T09:41:31Z","ts":"2025-10-28T09:37:30Z"}
{"_id":{"$oid":"69009223194704c4a7b99ab7"},"start_ts":"2025-10-28T09:44:10Z","end_ts":"2025-10-28T09:50:50Z","count":4,"temp_air":13.850000000000001,"hum_air":88.05,"ph":5.28,"temp_water":12.345,"generated_at":"2025-10-28T09:51:31Z","inserted_at":"2025-10-28T09:51:31Z","ts":"2025-10-28T09:50:50Z"}
{"_id":{"$oid":"6900947b194704c4a7b99ab8"},"start_ts":"2025-10-28T09:57:30Z","end_ts":"2025-10-28T09:57:30Z","count":2,"temp_air":13.7,"hum_air":87.9,"ph":5.28,"temp_water":12.31,"generated_at":"2025-10-28T10:01:31Z","inserted_at":"2025-10-28T10:01:31Z","ts":"2025-10-28T09:57:30Z"}
{"_id":{"$oid":"690096d3194704c4a7b99ab9"},"start_ts":"2025-10-28T10:04:10Z","end_ts":"2025-10-28T10:10:51Z","count":4,"temp_air":13.75,"hum_air":87.9,"ph":5.28,"temp_water":12.31,"generated_at":"2025-10-28T10:11:31Z","inserted_at":"2025-10-28T10:11:31Z","ts":"2025-10-28T10:10:51Z"}
{"_id":{"$oid":"6900992b194704c4a7b99aba"},"start_ts":"2025-10-28T10:17:31Z","end_ts":"2025-10-28T10:17:31Z","count":2,"temp_air":13.7,"hum_air":87.8,"ph":5.28,"temp_water":12.25,"generated_at":"2025-10-28T10:21:31Z","inserted_at":"2025-10-28T10:21:31Z","ts":"2025-10-28T10:17:31Z"}
{"_id":{"$oid":"69009b83194704c4a7b99abb"},"start_ts":"2025-10-28T10:24:11Z","end_ts":"2025-10-28T10:30:51Z","count":4,"temp_air":13.649999999999999,"hum_air":87.85,"ph":5.285,"temp_water":12.280000000000001,"generated_at":"2025-10-28T10:31:31Z","inserted_at":"2025-10-28T10:31:31Z","ts":"2025-10-28T10:30:51Z"}
{"_id":{"$oid":"69009ddb194704c4a7b99abc"},"start_ts":"2025-10-28T10:37:31Z","end_ts":"2025-10-28T10:37:31Z","count":2,"temp_air":13.6,"hum_air":87.8,"ph":5.29,"temp_water":12.25,"generated_at":"2025-10-28T10:41:31Z","inserted_at":"2025-10-28T10:41:31Z","ts":"2025-10-28T10:37:31Z"}
{"_id":{"$oid":"6900a033194704c4a7b99abd"},"start_ts":"2025-10-28T10:44:10Z","end_ts":"2025-10-28T10:50:51Z","count":4,"temp_air":13.649999999999999,"hum_air":88.25,"ph":5.295,"temp_water":12.219999999999999,"generated_at":"2025-10-28T10:51:31Z","inserted_at":"2025-10-28T10:51:31Z","ts":"2025-10-28T10:50:51Z"}
{"_id":{"$oid":"6900a28b194704c4a7b99abe"},"start_ts":"2025-10-28T10:57:31Z","end_ts":"2025-10-28T10:57:31Z","count":2,"temp_air":13.6,"hum_air":87.9,"ph":5.3,"temp_water":12.19,"generated_at":"2025-10-28T11:01:31Z","inserted_at":"2025-10-28T11:01:31Z","ts":"2025-10-28T10:57:31Z"}
{"_id":{"$oid":"6900a4e3194704c4a7b99abf"},"start_ts":"2025-10-28T11:04:11Z","end_ts":"2025-10-28T11:10:51Z","count":4,"temp_air":13.75,"hum_air":88.05,"ph":5.3,"temp_water":12.19,"generated_at":"2025-10-28T11:11:31Z","inserted_at":"2025-10-28T11:11:31Z","ts":"2025-10-28T11:10:51Z"}
{"_id":{"$oid":"6900a73b194704c4a7b99ac0"},"start_ts":"2025-10-28T11:17:32Z","end_ts":"2025-10-28T11:17:32Z","count":2,"temp_air":13.9,"hum_air":87.5,"ph":5.3,"temp_water":12.19,"generated_at":"2025-10-28T11:21:31Z","inserted_at":"2025-10-28T11:21:31Z","ts":"2025-10-28T11:17:32Z"}
{"_id":{"$oid":"6900a993194704c4a7b99ac1"},"start_ts":"2025-10-28T11:24:11Z","end_ts":"2025-10-28T11:30:51Z","count":4,"temp_air":14.2,"hum_air":87.1,"ph":5.3,"temp_water":12.19,"generated_at":"2025-10-28T11:31:31Z","inserted_at":"2025-10-28T11:31:31Z","ts":"2025-10-28T11:30:51Z"}
{"_id":{"$oid":"6900abeb194704c4a7b99ac2"},"start_ts":"2025-10-28T11:37:31Z","end_ts":"2025-10-28T11:37:31Z","count":2,"temp_air":14.4,"hum_air":86.9,"ph":5.3,"temp_water":12.25,"generated_at":"2025-10-28T11:41:31Z","inserted_at":"2025-10-28T11:41:31Z","ts":"2025-10-28T11:37:31Z"}
{"_id":{"$oid":"6900ae43194704c4a7b99ac3"},"start_ts":"2025-10-28T11:44:11Z","end_ts":"2025-10-28T11:44:11Z","count":2,"temp_air":14.6,"hum_air":86.4,"ph":5.3,"temp_water":12.25,"generated_at":"2025-10-28T11:51:31Z","inserted_at":"2025-10-28T11:51:31Z","ts":"2025-10-28T11:44:11Z"}
{"_id":{"$oid":"6900b09b194704c4a7b99ac4"},"start_ts":"2025-10-28T11:57:31Z","end_ts":"2025-10-28T11:57:31Z","count":2,"temp_air":15.0,"hum_air":85.6,"ph":5.3,"temp_water":12.31,"generated_at":"2025-10-28T12:01:31Z","inserted_at":"2025-10-28T12:01:31Z","ts":"2025-10-28T11:57:31Z"}
{"_id":{"$oid":"6900b2f3194704c4a7b99ac5"},"start_ts":"2025-10-28T12:04:14Z","end_ts":"2025-10-28T12:10:52Z","count":4,"temp_air":15.65,"hum_air":83.75,"ph":5.3,"temp_water":12.41,"generated_at":"2025-10-28T12:11:31Z","inserted_at":"2025-10-28T12:11:31Z","ts":"2025-10-28T12:10:52Z"}
{"_id":{"$oid":"6900b54b194704c4a7b99ac6"},"start_ts":"2025-10-28T12:17:31Z","end_ts":"2025-10-28T12:17:31Z","count":2,"temp_air":16.2,"hum_air":82.6,"ph":5.3,"temp_water":12.5,"generated_at":"2025-10-28T12:21:31Z","inserted_at":"2025-10-28T12:21:31Z","ts":"2025-10-28T12:17:31Z"}
{"_id":{"$oid":"6900b7a3194704c4a7b99ac7"},"start_ts":"2025-10-28T12:24:11Z","end_ts":"2025-10-28T12:30:51Z","count":4,"temp_air":17.4,"hum_air":80.5,"ph":5.3,"temp_water":12.625,"generated_at":"2025-10-28T12:31:31Z","inserted_at":"2025-10-28T12:31:31Z","ts":"2025-10-28T12:30:51Z"}
{"_id":{"$oid":"6900b9fb194704c4a7b99ac8"},"start_ts":"2025-10-28T12:37:31Z","end_ts":"2025-10-28T12:37:31Z","count":2,"temp_air":18.5,"hum_air":77.5,"ph":5.3,"temp_water":12.81,"generated_at":"2025-10-28T12:41:31Z","inserted_at":"2025-10-28T12:41:31Z","ts":"2025-10-28T12:37:31Z"}
{"_id":{"$oid":"6900bc53194704c4a7b99ac9"},"start_ts":"2025-10-28T12:44:11Z","end_ts":"2025-10-28T12:50:51Z","count":4,"temp_air":19.049999999999997,"hum_air":76.95,"ph":5.3,"temp_water":12.969999999999999,"generated_at":"2025-10-28T12:51:31Z","inserted_at":"2025-10-28T12:51:31Z","ts":"2025-10-28T12:50:51Z"}
{"_id":{"$oid":"6900beac194704c4a7b99aca"},"start_ts":"2025-10-28T12:57:31Z","end_ts":"2025-10-28T12:57:31Z","count":2,"temp_air":20.3,"hum_air":74.3,"ph":5.31,"temp_water":13.19,"generated_at":"2025-10-28T13:01:32Z","inserted_at":"2025-10-28T13:01:32Z","ts":"2025-10-28T12:57:31Z"}
{"_id":{"$oid":"6900c104194704c4a7b99acb"},"start_ts":"2025-10-28T13:04:11Z","end_ts":"2025-10-28T13:10:51Z","count":4,"temp_air":21.75,"hum_air":70.8,"ph":5.4399999999999995,"temp_water":13.535,"generated_at":"2025-10-28T13:11:32Z","inserted_at":"2025-10-28T13:11:32Z","ts":"2025-10-28T13:10:51Z"}
{"_id":{"$oid":"6900c35c194704c4a7b99acc"},"start_ts":"2025-10-28T13:17:31Z","end_ts":"2025-10-28T13:17:31Z","count":2,"temp_air":22.0,"hum_air":70.6,"ph":5.91,"temp_water":14.44,"generated_at":"2025-10-28T13:21:32Z","inserted_at":"2025-10-28T13:21:32Z","ts":"2025-10-28T13:17:31Z"}
{"_id":{"$oid":"6900c5b4194704c4a7b99acd"},"start_ts":"2025-10-28T13:24:11Z","end_ts":"2025-10-28T13:30:51Z","count":4,"temp_air":21.700000000000003,"hum_air":70.95,"ph":5.8100000000000005,"temp_water":14.5,"generated_at":"2025-10-28T13:31:32Z","inserted_at":"2025-10-28T13:31:32Z","ts":"2025-10-28T13:30:51Z"}
{"_id":{"$oid":"6900c80c194704c4a7b99ace"},"start_ts":"2025-10-28T13:37:31Z","end_ts":"2025-10-28T13:37:31Z","count":2,"temp_air":21.4,"hum_air":71.2,"ph":5.7,"temp_water":14.88,"generated_at":"2025-10-28T13:41:32Z","inserted_at":"2025-10-28T13:41:32Z","ts":"2025-10-28T13:37:31Z"}
{"_id":{"$oid":"6900ca64194704c4a7b99acf"},"start_ts":"2025-10-28T13:44:11Z","end_ts":"2025-10-28T13:50:51Z","count":4,"temp_air":21.15,"hum_air":71.69999999999999,"ph":5.645,"temp_water":15.125,"generated_at":"2025-10-28T13:51:32Z","inserted_at":"2025-10-28T13:51:32Z","ts":"2025-10-28T13:50:51Z"}
{"_id":{"$oid":"6900ccbc194704c4a7b99ad0"},"start_ts":"2025-10-28T13:57:31Z","end_ts":"2025-10-28T13:57:31Z","count":2,"temp_air":21.1,"hum_air":68.9,"ph":5.59,"temp_water":15.25,"generated_at":"2025-10-28T14:01:32Z","inserted_at":"2025-10-28T14:01:32Z","ts":"2025-10-28T13:57:31Z"}
{"_id":{"$oid":"6900cf14194704c4a7b99ad1"},"start_ts":"2025-10-28T14:04:11Z","end_ts":"2025-10-28T14:10:51Z","count":4,"temp_air":22.2,"hum_air":69.3,"ph":5.555,"temp_water":15.375,"generated_at":"2025-10-28T14:11:32Z","inserted_at":"2025-10-28T14:11:32Z","ts":"2025-10-28T14:10:51Z"}
{"_id":{"$oid":"6900d16c194704c4a7b99ad2"},"start_ts":"2025-10-28T14:17:31Z","end_ts":"2025-10-28T14:17:31Z","count":2,"temp_air":22.7,"hum_air":67.6,"ph":5.49,"temp_water":15.56,"generated_at":"2025-10-28T14:21:32Z","inserted_at":"2025-10-28T14:21:32Z","ts":"2025-10-28T14:17:31Z"}
{"_id":{"$oid":"6900d3c4194704c4a7b99ad3"},"start_ts":"2025-10-28T14:24:11Z","end_ts":"2025-10-28T14:30:51Z","count":4,"temp_air":22.9,"hum_air":65.9,"ph":5.529999999999999,"temp_water":16.5,"generated_at":"2025-10-28T14:31:32Z","inserted_at":"2025-10-28T14:31:32Z","ts":"2025-10-28T14:30:51Z"}
{"_id":{"$oid":"6900d61c194704c4a7b99ad4"},"start_ts":"2025-10-28T14:37:31Z","end_ts":"2025-10-28T14:37:31Z","count":2,"temp_air":24.0,"hum_air":62.9,"ph":5.52,"temp_water":16.56,"generated_at":"2025-10-28T14:41:32Z","inserted_at":"2025-10-28T14:41:32Z","ts":"2025-10-28T14:37:31Z"}
{"_id":{"$oid":"6900d874194704c4a7b99ad5"},"start_ts":"2025-10-28T14:44:11Z","end_ts":"2025-10-28T14:50:51Z","count":4,"temp_air":25.8,"hum_air":58.8,"ph":5.525,"temp_water":16.685000000000002,"generated_at":"2025-10-28T14:51:32Z","inserted_at":"2025-10-28T14:51:32Z","ts":"2025-10-28T14:50:51Z"}
{"_id":{"$oid":"6900dacc194704c4a7b99ad6"},"start_ts":"2025-10-28T14:57:31Z","end_ts":"2025-10-28T14:57:31Z","count":2,"temp_air":27.5,"hum_air":56.6,"ph":5.48,"temp_water":16.88,"generated_at":"2025-10-28T15:01:32Z","inserted_at":"2025-10-28T15:01:32Z","ts":"2025-10-28T14:57:31Z"}
{"_id":{"$oid":"6900dd24194704c4a7b99ad7"},"start_ts":"2025-10-28T15:04:11Z","end_ts":"2025-10-28T15:10:51Z","count":4,"temp_air":28.799999999999997,"hum_air":54.849999999999994,"ph":5.415,"temp_water":17.155,"generated_at":"2025-10-28T15:11:32Z","inserted_at":"2025-10-28T15:11:32Z","ts":"2025-10-28T15:10:51Z"}
{"_id":{"$oid":"6900df7c194704c4a7b99ad8"},"start_ts":"2025-10-28T15:17:31Z","end_ts":"2025-10-28T15:17:31Z","count":2,"temp_air":32.2,"hum_air":51.4,"ph":5.34,"temp_water":17.62,"generated_at":"2025-10-28T15:21:32Z","inserted_at":"2025-10-28T15:21:32Z","ts":"2025-10-28T15:17:31Z"}
{"_id":{"$oid":"6900e1d4194704c4a7b99ad9"},"start_ts":"2025-10-28T15:24:11Z","end_ts":"2025-10-28T15:30:52Z","count":4,"temp_air":28.049999999999997,"hum_air":56.1,"ph":5.35,"temp_water":17.935,"generated_at":"2025-10-28T15:31:32Z","inserted_at":"2025-10-28T15:31:32Z","ts":"2025-10-28T15:30:52Z"}
{"_id":{"$oid":"6900e42c194704c4a7b99ada"},"start_ts":"2025-10-28T15:37:31Z","end_ts":"2025-10-28T15:37:31Z","count":2,"temp_air":25.6,"hum_air":54.8,"ph":5.47,"temp_water":17.94,"generated_at":"2025-10-28T15:41:32Z","inserted_at":"2025-10-28T15:41:32Z","ts":"2025-10-28T15:37:31Z"}
{"_id":{"$oid":"6900e684194704c4a7b99adb"},"start_ts":"2025-10-28T15:44:11Z","end_ts":"2025-10-28T15:50:51Z","count":4,"temp_air":25.0,"hum_air":58.150000000000006,"ph":5.4350000000000005,"temp_water":17.75,"generated_at":"2025-10-28T15:51:32Z","inserted_at":"2025-10-28T15:51:32Z","ts":"2025-10-28T15:50:51Z"}
{"_id":{"$oid":"6900e8dd194704c4a7b99adc"},"start_ts":"2025-10-28T15:57:31Z","end_ts":"2025-10-28T15:57:31Z","count":2,"temp_air":25.9,"hum_air":57.1,"ph":5.42,"temp_water":17.69,"generated_at":"2025-10-28T16:01:33Z","inserted_at":"2025-10-28T16:01:33Z","ts":"2025-10-28T15:57:31Z"}
{"_id":{"$oid":"6900eb35194704c4a7b99add"},"start_ts":"2025-10-28T16:04:11Z","end_ts":"2025-10-28T16:10:51Z","count":4,"temp_air":26.8,"hum_air":56.45,"ph":5.355,"temp_water":17.814999999999998,"generated_at":"2025-10-28T16:11:33Z","inserted_at":"2025-10-28T16:11:33Z","ts":"2025-10-28T16:10:51Z"}
{"_id":{"$oid":"6900ed8e194704c4a7b99ade"},"start_ts":"2025-10-28T16:17:31Z","end_ts":"2025-10-28T16:17:31Z","count":2,"temp_air":27.4,"hum_air":57.7,"ph":5.33,"temp_water":18.0,"generated_at":"2025-10-28T16:21:34Z","inserted_at":"2025-10-28T16:21:34Z","ts":"2025-10-28T16:17:31Z"}
{"_id":{"$oid":"6900efe6194704c4a7b99adf"},"start_ts":"2025-10-28T16:24:11Z","end_ts":"2025-10-28T16:30:51Z","count":4,"temp_air":27.799999999999997,"hum_air":56.4,"ph":5.29,"temp_water":18.185000000000002,"generated_at":"2025-10-28T16:31:34Z","inserted_at":"2025-10-28T16:31:34Z","ts":"2025-10-28T16:30:51Z"}
{"_id":{"$oid":"6900f23f194704c4a7b99ae0"},"start_ts":"2025-10-28T16:37:32Z","end_ts":"2025-10-28T16:37:32Z","count":2,"temp_air":28.4,"hum_air":56.2,"ph":5.25,"temp_water":18.38,"generated_at":"2025-10-28T16:41:35Z","inserted_at":"2025-10-28T16:41:35Z","ts":"2025-10-28T16:37:32Z"}
{"_id":{"$oid":"6900f497194704c4a7b99ae1"},"start_ts":"2025-10-28T16:44:11Z","end_ts":"2025-10-28T16:50:51Z","count":4,"temp_air":29.200000000000003,"hum_air":55.55,"ph":5.255,"temp_water":18.439999999999998,"generated_at":"2025-10-28T16:51:35Z","inserted_at":"2025-10-28T16:51:35Z","ts":"2025-10-28T16:50:51Z"}
{"_id":{"$oid":"6900f6ef194704c4a7b99ae2"},"start_ts":"2025-10-28T16:57:31Z","end_ts":"2025-10-28T16:57:31Z","count":2,"temp_air":30.9,"hum_air":51.5,"ph":5.41,"temp_water":18.12,"generated_at":"2025-10-28T17:01:35Z","inserted_at":"2025-10-28T17:01:35Z","ts":"2025-10-28T16:57:31Z"}
{"_id":{"$oid":"6900f947194704c4a7b99ae3"},"start_ts":"2025-10-28T17:04:12Z","end_ts":"2025-10-28T17:10:52Z","count":4,"temp_air":31.35,"hum_air":50.2,"ph":5.365,"temp_water":18.345,"generated_at":"2025-10-28T17:11:35Z","inserted_at":"2025-10-28T17:11:35Z","ts":"2025-10-28T17:10:52Z"}
{"_id":{"$oid":"6900fb9f194704c4a7b99ae4"},"start_ts":"2025-10-28T17:17:31Z","end_ts":"2025-10-28T17:17:31Z","count":2,"temp_air":31.5,"hum_air":50.6,"ph":5.28,"temp_water":18.75,"generated_at":"2025-10-28T17:21:35Z","inserted_at":"2025-10-28T17:21:35Z","ts":"2025-10-28T17:17:31Z"}
{"_id":{"$oid":"6900fdf7194704c4a7b99ae5"},"start_ts":"2025-10-28T17:24:12Z","end_ts":"2025-10-28T17:30:52Z","count":4,"temp_air":31.65,"hum_air":49.2,"ph":5.21,"temp_water":19.310000000000002,"generated_at":"2025-10-28T17:31:35Z","inserted_at":"2025-10-28T17:31:35Z","ts":"2025-10-28T17:30:52Z"}
{"_id":{"$oid":"6901004f194704c4a7b99ae6"},"start_ts":"2025-10-28T17:37:33Z","end_ts":"2025-10-28T17:37:39Z","count":4,"temp_air":32.3,"hum_air":48.9,"ph":5.12,"temp_water":19.88,"generated_at":"2025-10-28T17:41:35Z","inserted_at":"2025-10-28T17:41:35Z","ts":"2025-10-28T17:37:39Z"}
{"_id":{"$oid":"690102a7194704c4a7b99ae7"},"start_ts":"2025-10-28T17:44:13Z","end_ts":"2025-10-28T17:50:54Z","count":4,"temp_air":33.05,"hum_air":47.95,"ph":5.035,"temp_water":20.465,"generated_at":"2025-10-28T17:51:35Z","inserted_at":"2025-10-28T17:51:35Z","ts":"2025-10-28T17:50:54Z"}
{"_id":{"$oid":"690104ff194704c4a7b99ae8"},"start_ts":"2025-10-28T17:57:31Z","end_ts":"2025-10-28T17:57:31Z","count":2,"temp_air":29.9,"hum_air":49.4,"ph":5.05,"temp_water":20.69,"generated_at":"2025-10-28T18:01:35Z","inserted_at":"2025-10-28T18:01:35Z","ts":"2025-10-28T17:57:31Z"}
{"_id":{"$oid":"69010757194704c4a7b99ae9"},"start_ts":"2025-10-28T18:04:11Z","end_ts":"2025-10-28T18:10:51Z","count":4,"temp_air":29.9,"hum_air":50.1,"ph":4.915,"temp_water":20.905,"generated_at":"2025-10-28T18:11:35Z","inserted_at":"2025-10-28T18:11:35Z","ts":"2025-10-28T18:10:51Z"}
{"_id":{"$oid":"690109af194704c4a7b99aea"},"start_ts":"2025-10-28T18:17:31Z","end_ts":"2025-10-28T18:17:31Z","count":2,"temp_air":29.9,"hum_air":47.8,"ph":5.03,"temp_water":21.25,"generated_at":"2025-10-28T18:21:35Z","inserted_at":"2025-10-28T18:21:35Z","ts":"2025-10-28T18:17:31Z"}
{"_id":{"$oid":"69010c07194704c4a7b99aeb"},"start_ts":"2025-10-28T18:24:11Z","end_ts":"2025-10-28T18:30:51Z","count":4,"temp_air":28.0,"hum_air":51.3,"ph":5.09,"temp_water":20.435,"generated_at":"2025-10-28T18:31:35Z","inserted_at":"2025-10-28T18:31:35Z","ts":"2025-10-28T18:30:51Z"}
{"_id":{"$oid":"69010e5f194704c4a7b99aec"},"start_ts":"2025-10-28T18:37:31Z","end_ts":"2025-10-28T18:37:31Z","count":2,"temp_air":27.4,"hum_air":52.7,"ph":5.05,"temp_water":20.25,"generated_at":"2025-10-28T18:41:35Z","inserted_at":"2025-10-28T18:41:35Z","ts":"2025-10-28T18:37:31Z"}
{"_id":{"$oid":"690110b7194704c4a7b99aed"},"start_ts":"2025-10-28T18:44:11Z","end_ts":"2025-10-28T18:50:51Z","count":4,"temp_air":27.799999999999997,"hum_air":52.95,"ph":5.0600000000000005,"temp_water":20.19,"generated_at":"2025-10-28T18:51:35Z","inserted_at":"2025-10-28T18:51:35Z","ts":"2025-10-28T18:50:51Z"}
{"_id":{"$oid":"6901130f194704c4a7b99aee"},"start_ts":"2025-10-28T18:57:31Z","end_ts":"2025-10-28T18:57:31Z","count":2,"temp_air":27.3,"hum_air":50.4,"ph":5.13,"temp_water":20.19,"generated_at":"2025-10-28T19:01:35Z","inserted_at":"2025-10-28T19:01:35Z","ts":"2025-10-28T18:57:31Z"}
{"_id":{"$oid":"69011567194704c4a7b99aef"},"start_ts":"2025-10-28T19:04:12Z","end_ts":"2025-10-28T19:10:52Z","count":4,"temp_air":26.950000000000003,"hum_air":51.650000000000006,"ph":4.984999999999999,"temp_water":20.12,"generated_at":"2025-10-28T19:11:35Z","inserted_at":"2025-10-28T19:11:35Z","ts":"2025-10-28T19:10:52Z"}
{"_id":{"$oid":"690117bf194704c4a7b99af0"},"start_ts":"2025-10-28T19:17:31Z","end_ts":"2025-10-28T19:17:31Z","count":2,"temp_air":26.0,"hum_air":54.7,"ph":4.93,"temp_water":19.94,"generated_at":"2025-10-28T19:21:35Z","inserted_at":"2025-10-28T19:21:35Z","ts":"2025-10-28T19:17:31Z"}
{"_id":{"$oid":"69011a17194704c4a7b99af1"},"start_ts":"2025-10-28T19:24:11Z","end_ts":"2025-10-28T19:30:52Z","count":4,"temp_air":26.6,"hum_air":53.2,"ph":5.0,"temp_water":19.25,"generated_at":"2025-10-28T19:31:35Z","inserted_at":"2025-10-28T19:31:35Z","ts":"2025-10-28T19:30:52Z"}
{"_id":{"$oid":"69011c6f194704c4a7b99af2"},"start_ts":"2025-10-28T19:37:32Z","end_ts":"2025-10-28T19:37:32Z","count":2,"temp_air":27.7,"hum_air":51.3,"ph":5.0,"temp_water":19.12,"generated_at":"2025-10-28T19:41:35Z","inserted_at":"2025-10-28T19:41:35Z","ts":"2025-10-28T19:37:32Z"}
{"_id":{"$oid":"69011ec7194704c4a7b99af3"},"start_ts":"2025-10-28T19:44:11Z","end_ts":"2025-10-28T19:50:51Z","count":4,"temp_air":26.25,"hum_air":54.0,"ph":5.16,"temp_water":19.06,"generated_at":"2025-10-28T19:51:35Z","inserted_at":"2025-10-28T19:51:35Z","ts":"2025-10-28T19:50:51Z"}
{"_id":{"$oid":"6901211f194704c4a7b99af4"},"start_ts":"2025-10-28T19:57:31Z","end_ts":"2025-10-28T19:57:31Z","count":2,"temp_air":25.8,"hum_air":53.5,"ph":4.95,"temp_water":19.0,"generated_at":"2025-10-28T20:01:35Z","inserted_at":"2025-10-28T20:01:35Z","ts":"2025-10-28T19:57:31Z"}
{"_id":{"$oid":"69012377194704c4a7b99af5"},"start_ts":"2025-10-28T20:04:11Z","end_ts":"2025-10-28T20:04:11Z","count":2,"temp_air":26.1,"hum_air":53.9,"ph":5.11,"temp_water":19.0,"generated_at":"2025-10-28T20:11:35Z","inserted_at":"2025-10-28T20:11:35Z","ts":"2025-10-28T20:04:11Z"}
{"_id":{"$oid":"690125cf194704c4a7b99af6"},"start_ts":"2025-10-28T20:14:47Z","end_ts":"2025-10-28T20:21:27Z","count":4,"temp_air":27.2,"hum_air":53.5,"ph":5.11,"temp_water":18.97,"generated_at":"2025-10-28T20:21:35Z","inserted_at":"2025-10-28T20:21:35Z","ts":"2025-10-28T20:21:27Z"}
{"_id":{"$oid":"69012827194704c4a7b99af7"},"start_ts":"2025-10-28T20:28:07Z","end_ts":"2025-10-28T20:28:07Z","count":2,"temp_air":28.7,"hum_air":52.1,"ph":5.02,"temp_water":19.06,"generated_at":"2025-10-28T20:31:35Z","inserted_at":"2025-10-28T20:31:35Z","ts":"2025-10-28T20:28:07Z"}
{"_id":{"$oid":"69012a80194704c4a7b99af8"},"start_ts":"2025-10-28T20:34:47Z","end_ts":"2025-10-28T20:41:27Z","count":4,"temp_air":29.4,"hum_air":51.95,"ph":5.21,"temp_water":19.09,"generated_at":"2025-10-28T20:41:36Z","inserted_at":"2025-10-28T20:41:36Z","ts":"2025-10-28T20:41:27Z"}
{"_id":{"$oid":"69012cd8194704c4a7b99af9"},"start_ts":"2025-10-28T20:48:07Z","end_ts":"2025-10-28T20:48:07Z","count":2,"temp_air":28.1,"hum_air":54.3,"ph":5.24,"temp_water":19.19,"generated_at":"2025-10-28T20:51:36Z","inserted_at":"2025-10-28T20:51:36Z","ts":"2025-10-28T20:48:07Z"}
{"_id":{"$oid":"69012f30194704c4a7b99afa"},"start_ts":"2025-10-28T20:54:47Z","end_ts":"2025-10-28T20:54:47Z","count":2,"temp_air":25.4,"hum_air":52.6,"ph":5.23,"temp_water":19.06,"generated_at":"2025-10-28T21:01:36Z","inserted_at":"2025-10-28T21:01:36Z","ts":"2025-10-28T20:54:47Z"}
{"_id":{"$oid":"69b579f14b70ba0947886868"},"temp_air":31.1,"hum_air":46.2,"ph":null,"ec":null,"temp_water":null,"distance_cm":64.5,"level1":null,"level2":null,"level3":null,"level4":null,"ts":"2026-03-14T15:08:33Z"}
{"_id":{"$oid":"69b57b814b70ba0947886869"},"temp_air":29.7,"hum_air":48.1,"ph":2.44,"ec":0.04,"temp_water":19.19,"distance_cm":64.9,"level1":null,"level2":null,"level3":null,"level4":null,"ts":"2026-03-14T15:15:13Z"}
{"_id":{"$oid":"69b57d114b70ba094788686a"},"temp_air":29.3,"hum_air":49.0,"ph":2.5,"ec":null,"temp_water":18.78,"distance_cm":65.3,"level1":null,"level2":null,"level3":null,"level4":null,"ts":"2026-03-14T15:21:53Z"}
{"_id":{"$oid":"69b57ea14b70ba094788686b"},"temp_air":29.6,"hum_air":47.7,"ph":2.43,"ec":null,"temp_water":18.97,"distance_cm":64.7,"level1":null,"level2":null,"level3":null,"level4":null,"ts":"2026-03-14T15:28:33Z"}
{"_id":{"$oid":"69b580314b70ba094788686c"},"temp_air":29.5,"hum_air":48.7,"ph":2.43,"ec":null,"temp_water":19.03,"distance_cm":64.8,"level1":null,"level2":null,"level3":null,"level4":null,"ts":"2026-03-14T15:35:13Z"}
{"_id":{"$oid":"69b581c14b70ba094788686d"},"temp_air":29.1,"hum_air":49.1,"ph":2.4,"ec":null,"temp_water":19.09,"distance_cm":65.0,"level1":null,"level2":null,"level3":null,"level4":null,"ts":"2026-03-14T15:41:53Z"}
{"_id":{"$oid":"69b583514b70ba094788686e"},"temp_air":28.4,"hum_air":48.6,"ph":2.39,"ec":null,"temp_water":19.22,"distance_cm":64.7,"level1":null,"level2":null,"level3":null,"level4":null,"ts":"2026-03-14T15:48:33Z"}
{"_id":{"$oid":"69b584e14b70ba094788686f"},"temp_air":28.7,"hum_air":49.1,"ph":2.36,"ec":null,"temp_water":19.5,"distance_cm":65.0,"level1":null,"level2":null,"level3":null,"level4":null,"ts":"2026-03-14T15:55:13Z"}
{"_id":{"$oid":"69b586714b70ba0947886870"},"temp_air":29.3,"hum_air":48.9,"ph":2.36,"ec":null,"temp_water":19.88,"distance_cm":65.0,"level1":null,"level2":null,"level3":null,"level4":null,"ts":"2026-03-14T16:01:53Z"}
{"_id":{"$oid":"69b588014b70ba0947886871"},"temp_air":28.6,"hum_air":49.3,"ph":2.35,"ec":null,"temp_water":19.84,"distance_cm":63.7,"level1":null,"level2":null,"level3":null,"level4":null,"ts":"2026-03-14T16:08:33Z"}
{"_id":{"$oid":"69b589914b70ba0947886872"},"temp_air":28.9,"hum_air":48.7,"ph":2.3,"ec":null,"temp_water":20.06,"distance_cm":63.2,"level1":null,"level2":null,"level3":null,"level4":null,"ts":"2026-03-14T16:15:13Z"}
{"_id":{"$oid":"69b58b224b70ba0947886873"},"temp_air":29.5,"hum_air":48.4,"ph":2.24,"ec":null,"temp_water":20.28,"distance_cm":63.6,"level1":null,"level2":null,"level3":null,"level4":null,"ts":"2026-03-14T16:21:54Z"}
{"_id":{"$oid":"69b59355b2147717dbde6d97"},"start_ts":"2026-03-14T16:48:33Z","end_ts":"2026-03-14T16:55:14Z","count":4,"temp_air":30.1,"hum_air":47.7,"ph":2.14,"temp_water":20.56,"distance_cm":63.5,"generated_at":"2026-03-14T16:56:53Z","inserted_at":"2026-03-14T16:56:53Z","ts":"2026-03-14T16:55:14Z"}
{"_id":{"$oid":"69b595adb2147717dbde6d98"},"start_ts":"2026-03-14T17:01:55Z","end_ts":"2026-03-14T17:01:55Z","count":2,"temp_air":31.4,"hum_air":46.5,"distance_cm":63.5,"generated_at":"2026-03-14T17:06:53Z","inserted_at":"2026-03-14T17:06:53Z","ts":"2026-03-14T17:01:55Z"}
{"_id":{"$oid":"69b59805b2147717dbde6d99"},"start_ts":"2026-03-14T17:08:34Z","end_ts":"2026-03-14T17:15:13Z","count":4,"temp_air":31.8,"hum_air":45.65,"distance_cm":63.6,"generated_at":"2026-03-14T17:16:53Z","inserted_at":"2026-03-14T17:16:53Z","ts":"2026-03-14T17:15:13Z"}
{"_id":{"$oid":"69b59a5db2147717dbde6d9a"},"start_ts":"2026-03-14T17:21:53Z","end_ts":"2026-03-14T17:21:53Z","count":2,"temp_air":31.1,"hum_air":46.4,"distance_cm":63.8,"generated_at":"2026-03-14T17:26:53Z","inserted_at":"2026-03-14T17:26:53Z","ts":"2026-03-14T17:21:53Z"}
{"_id":{"$oid":"69b59cb5b2147717dbde6d9b"},"start_ts":"2026-03-14T17:28:34Z","end_ts":"2026-03-14T17:35:14Z","count":4,"temp_air":32.45,"hum_air":46.150000000000006,"distance_cm":63.85,"generated_at":"2026-03-14T17:36:53Z","inserted_at":"2026-03-14T17:36:53Z","ts":"2026-03-14T17:35:14Z"}
{"_id":{"$oid":"69b59f0db2147717dbde6d9c"},"start_ts":"2026-03-14T17:41:56Z","end_ts":"2026-03-14T17:41:56Z","count":2,"temp_air":32.3,"hum_air":44.3,"ph":2.13,"temp_water":20.66,"distance_cm":63.7,"generated_at":"2026-03-14T17:46:53Z","inserted_at":"2026-03-14T17:46:53Z","ts":"2026-03-14T17:41:56Z"}
{"_id":{"$oid":"69b5a165b2147717dbde6d9d"},"start_ts":"2026-03-14T17:48:34Z","end_ts":"2026-03-14T17:55:16Z","count":4,"temp_air":30.9,"hum_air":46.05,"ph":2.13,"temp_water":20.66,"distance_cm":63.8,"generated_at":"2026-03-14T17:56:53Z","inserted_at":"2026-03-14T17:56:53Z","ts":"2026-03-14T17:55:16Z"}
{"_id":{"$oid":"69b5a3bdb2147717dbde6d9e"},"start_ts":"2026-03-14T18:01:55Z","end_ts":"2026-03-14T18:01:55Z","count":2,"temp_air":29.2,"hum_air":47.6,"ph":2.13,"temp_water":20.66,"distance_cm":63.8,"generated_at":"2026-03-14T18:06:53Z","inserted_at":"2026-03-14T18:06:53Z","ts":"2026-03-14T18:01:55Z"}
{"_id":{"$oid":"69b5a616b2147717dbde6d9f"},"start_ts":"2026-03-14T18:08:34Z","end_ts":"2026-03-14T18:15:14Z","count":4,"temp_air":28.2,"hum_air":52.05,"ph":2.13,"temp_water":20.66,"distance_cm":63.9,"generated_at":"2026-03-14T18:16:54Z","inserted_at":"2026-03-14T18:16:54Z","ts":"2026-03-14T18:15:14Z"}
{"_id":{"$oid":"69b5a86eb2147717dbde6da0"},"start_ts":"2026-03-14T18:21:56Z","end_ts":"2026-03-14T18:21:56Z","count":2,"temp_air":27.2,"hum_air":53.1,"ph":2.13,"temp_water":20.66,"distance_cm":63.9,"generated_at":"2026-03-14T18:26:54Z","inserted_at":"2026-03-14T18:26:54Z","ts":"2026-03-14T18:21:56Z"}
{"_id":{"$oid":"69b5aac6b2147717dbde6da1"},"start_ts":"2026-03-14T18:28:34Z","end_ts":"2026-03-14T18:35:14Z","count":4,"temp_air":26.5,"hum_air":53.55,"ph":2.13,"ec":71.01,"temp_water":19.655,"distance_cm":63.9,"generated_at":"2026-03-14T18:36:54Z","inserted_at":"2026-03-14T18:36:54Z","ts":"2026-03-14T18:35:14Z"}
{"_id":{"$oid":"69b5ad1eb2147717dbde6da2"},"start_ts":"2026-03-14T18:41:54Z","end_ts":"2026-03-14T18:41:54Z","count":2,"temp_air":26.9,"hum_air":53.2,"ph":2.13,"ec":113.28,"temp_water":19.78,"distance_cm":63.8,"generated_at":"2026-03-14T18:46:54Z","inserted_at":"2026-03-14T18:46:54Z","ts":"2026-03-14T18:41:54Z"}
{"_id":{"$oid":"69b5af76b2147717dbde6da3"},"start_ts":"2026-03-14T18:48:34Z","end_ts":"2026-03-14T18:55:14Z","count":4,"temp_air":27.2,"hum_air":52.15,"ph":2.13,"temp_water":19.78,"distance_cm":63.7,"generated_at":"2026-03-14T18:56:54Z","inserted_at":"2026-03-14T18:56:54Z","ts":"2026-03-14T18:55:14Z"}
{"_id":{"$oid":"69b5b1ceb2147717dbde6da4"},"start_ts":"2026-03-14T19:01:54Z","end_ts":"2026-03-14T19:01:54Z","count":2,"temp_air":26.9,"hum_air":52.7,"ph":2.13,"temp_water":19.78,"distance_cm":0.0,"generated_at":"2026-03-14T19:06:54Z","inserted_at":"2026-03-14T19:06:54Z","ts":"2026-03-14T19:01:54Z"}
{"_id":{"$oid":"69b5b426b2147717dbde6da5"},"start_ts":"2026-03-14T19:08:36Z","end_ts":"2026-03-14T19:15:15Z","count":4,"temp_air":25.95,"hum_air":55.0,"ph":2.13,"temp_water":19.78,"generated_at":"2026-03-14T19:16:54Z","inserted_at":"2026-03-14T19:16:54Z","ts":"2026-03-14T19:15:15Z"}
{"_id":{"$oid":"69b5b67eb2147717dbde6da6"},"start_ts":"2026-03-14T19:21:55Z","end_ts":"2026-03-14T19:21:55Z","count":2,"temp_air":24.7,"hum_air":58.9,"ph":2.13,"temp_water":19.78,"generated_at":"2026-03-14T19:26:54Z","inserted_at":"2026-03-14T19:26:54Z","ts":"2026-03-14T19:21:55Z"}
{"_id":{"$oid":"69b5b8d7b2147717dbde6da7"},"start_ts":"2026-03-14T19:28:36Z","end_ts":"2026-03-14T19:35:14Z","count":4,"temp_air":24.6,"hum_air":60.65,"ph":7.890000000000001,"temp_water":17.439999999999998,"distance_cm":21.65,"generated_at":"2026-03-14T19:36:55Z","inserted_at":"2026-03-14T19:36:55Z","ts":"2026-03-14T19:35:14Z"}
{"_id":{"$oid":"69b5bb2fb2147717dbde6da8"},"start_ts":"2026-03-14T19:41:54Z","end_ts":"2026-03-14T19:41:54Z","count":2,"temp_air":24.1,"hum_air":64.0,"ph":7.86,"ec":27.98,"temp_water":17.81,"distance_cm":43.4,"generated_at":"2026-03-14T19:46:55Z","inserted_at":"2026-03-14T19:46:55Z","ts":"2026-03-14T19:41:54Z"}
{"_id":{"$oid":"69b5bd87b2147717dbde6da9"},"start_ts":"2026-03-14T19:48:34Z","end_ts":"2026-03-14T19:55:15Z","count":4,"temp_air":24.299999999999997,"hum_air":64.4,"ph":7.890000000000001,"temp_water":17.92,"distance_cm":42.3,"generated_at":"2026-03-14T19:56:55Z","inserted_at":"2026-03-14T19:56:55Z","ts":"2026-03-14T19:55:15Z"}
{"_id":{"$oid":"69b5c93fb2147717dbde6daa"},"start_ts":"2026-03-14T20:44:05Z","end_ts":"2026-03-14T20:44:05Z","count":2,"temp_air":24.7,"hum_air":61.9,"ph":7.93,"temp_water":17.56,"distance_cm":44.8,"generated_at":"2026-03-14T20:46:55Z","inserted_at":"2026-03-14T20:46:55Z","ts":"2026-03-14T20:44:05Z"}
{"_id":{"$oid":"69b5cb98b2147717dbde6dab"},"start_ts":"2026-03-14T20:50:45Z","end_ts":"2026-03-14T20:50:45Z","count":2,"temp_air":25.8,"hum_air":57.1,"ph":7.94,"temp_water":17.81,"distance_cm":44.2,"generated_at":"2026-03-14T20:56:56Z","inserted_at":"2026-03-14T20:56:56Z","ts":"2026-03-14T20:50:45Z"}
{"_id":{"$oid":"69b5cdf0b2147717dbde6dac"},"start_ts":"2026-03-14T20:57:25Z","end_ts":"2026-03-14T21:04:05Z","count":4,"temp_air":27.0,"hum_air":56.3,"ph":8.04,"temp_water":18.185,"distance_cm":43.4,"generated_at":"2026-03-14T21:06:56Z","inserted_at":"2026-03-14T21:06:56Z","ts":"2026-03-14T21:04:05Z"}
{"_id":{"$oid":"69b5d048b2147717dbde6dad"},"start_ts":"2026-03-14T21:10:46Z","end_ts":"2026-03-14T21:10:46Z","count":2,"temp_air":27.4,"hum_air":49.3,"ph":8.03,"temp_water":18.44,"distance_cm":41.8,"generated_at":"2026-03-14T21:16:56Z","inserted_at":"2026-03-14T21:16:56Z","ts":"2026-03-14T21:10:46Z"}
{"_id":{"$oid":"69b5d2a0b2147717dbde6dae"},"start_ts":"2026-03-14T21:17:26Z","end_ts":"2026-03-14T21:24:05Z","count":4,"temp_air":26.85,"hum_air":49.95,"ph":8.07,"temp_water":18.88,"distance_cm":40.650000000000006,"generated_at":"2026-03-14T21:26:56Z","inserted_at":"2026-03-14T21:26:56Z","ts":"2026-03-14T21:24:05Z"}
{"_id":{"$oid":"69b5d4f8b2147717dbde6daf"},"start_ts":"2026-03-14T21:30:45Z","end_ts":"2026-03-14T21:30:45Z","count":2,"temp_air":24.5,"hum_air":55.2,"ph":7.95,"temp_water":18.75,"distance_cm":39.5,"generated_at":"2026-03-14T21:36:56Z","inserted_at":"2026-03-14T21:36:56Z","ts":"2026-03-14T21:30:45Z"}
{"_id":{"$oid":"69b5d750b2147717dbde6db0"},"start_ts":"2026-03-14T21:37:26Z","end_ts":"2026-03-14T21:44:05Z","count":4,"temp_air":22.8,"hum_air":60.65,"ph":7.95,"temp_water":18.75,"distance_cm":42.150000000000006,"generated_at":"2026-03-14T21:46:56Z","inserted_at":"2026-03-14T21:46:56Z","ts":"2026-03-14T21:44:05Z"}
{"_id":{"$oid":"69b5d9a8b2147717dbde6db1"},"start_ts":"2026-03-14T21:50:45Z","end_ts":"2026-03-14T21:50:45Z","count":2,"temp_air":21.8,"hum_air":64.7,"ph":7.95,"temp_water":18.75,"distance_cm":47.3,"generated_at":"2026-03-14T21:56:56Z","inserted_at":"2026-03-14T21:56:56Z","ts":"2026-03-14T21:50:45Z"}
{"_id":{"$oid":"69b5dc00b2147717dbde6db2"},"start_ts":"2026-03-14T21:57:25Z","end_ts":"2026-03-14T22:04:06Z","count":4,"temp_air":21.2,"hum_air":66.65,"ph":7.95,"temp_water":18.75,"distance_cm":45.7,"generated_at":"2026-03-14T22:06:56Z","inserted_at":"2026-03-14T22:06:56Z","ts":"2026-03-14T22:04:06Z"}
{"_id":{"$oid":"69b5de58b2147717dbde6db3"},"start_ts":"2026-03-14T22:10:46Z","end_ts":"2026-03-14T22:10:46Z","count":2,"temp_air":20.3,"hum_air":70.0,"ph":7.95,"temp_water":18.75,"distance_cm":45.0,"generated_at":"2026-03-14T22:16:56Z","inserted_at":"2026-03-14T22:16:56Z","ts":"2026-03-14T22:10:46Z"}
{"_id":{"$oid":"69b5e0b0b2147717dbde6db4"},"start_ts":"2026-03-14T22:17:25Z","end_ts":"2026-03-14T22:24:06Z","count":4,"temp_air":20.2,"hum_air":71.05,"ph":7.95,"temp_water":18.75,"distance_cm":43.45,"generated_at":"2026-03-14T22:26:56Z","inserted_at":"2026-03-14T22:26:56Z","ts":"2026-03-14T22:24:06Z"}
{"_id":{"$oid":"69b5e308b2147717dbde6db5"},"start_ts":"2026-03-14T22:30:45Z","end_ts":"2026-03-14T22:30:45Z","count":2,"temp_air":21.5,"hum_air":70.5,"ph":7.95,"temp_water":18.75,"distance_cm":41.7,"generated_at":"2026-03-14T22:36:56Z","inserted_at":"2026-03-14T22:36:56Z","ts":"2026-03-14T22:30:45Z"}
{"_id":{"$oid":"69b5e561b2147717dbde6db6"},"start_ts":"2026-03-14T22:37:25Z","end_ts":"2026-03-14T22:44:05Z","count":4,"temp_air":21.75,"hum_air":70.15,"ph":7.95,"temp_water":18.75,"distance_cm":40.7,"generated_at":"2026-03-14T22:46:57Z","inserted_at":"2026-03-14T22:46:57Z","ts":"2026-03-14T22:44:05Z"}
{"_id":{"$oid":"69b5e7b9b2147717dbde6db7"},"start_ts":"2026-03-14T22:50:45Z","end_ts":"2026-03-14T22:50:45Z","count":2,"temp_air":22.0,"hum_air":69.3,"ph":7.95,"temp_water":18.75,"distance_cm":39.9,"generated_at":"2026-03-14T22:56:57Z","inserted_at":"2026-03-14T22:56:57Z","ts":"2026-03-14T22:50:45Z"}
{"_id":{"$oid":"69b5ea11b2147717dbde6db8"},"start_ts":"2026-03-14T22:57:26Z","end_ts":"2026-03-14T23:04:06Z","count":4,"temp_air":21.549999999999997,"hum_air":70.4,"ph":7.95,"temp_water":18.75,"distance_cm":39.15,"generated_at":"2026-03-14T23:06:57Z","inserted_at":"2026-03-14T23:06:57Z","ts":"2026-03-14T23:04:06Z"}
{"_id":{"$oid":"69b5ec69b2147717dbde6db9"},"start_ts":"2026-03-14T23:10:46Z","end_ts":"2026-03-14T23:10:46Z","count":2,"temp_air":20.2,"hum_air":72.9,"ph":7.95,"temp_water":18.75,"distance_cm":38.6,"generated_at":"2026-03-14T23:16:57Z","inserted_at":"2026-03-14T23:16:57Z","ts":"2026-03-14T23:10:46Z"}
{"_id":{"$oid":"69b5eec1b2147717dbde6dba"},"start_ts":"2026-03-14T23:17:27Z","end_ts":"2026-03-14T23:24:07Z","count":4,"temp_air":19.15,"hum_air":75.65,"ph":7.95,"temp_water":18.75,"distance_cm":38.25,"generated_at":"2026-03-14T23:26:57Z","inserted_at":"2026-03-14T23:26:57Z","ts":"2026-03-14T23:24:07Z"}
{"_id":{"$oid":"69b5f119b2147717dbde6dbb"},"start_ts":"2026-03-14T23:30:46Z","end_ts":"2026-03-14T23:30:46Z","count":2,"temp_air":18.3,"hum_air":77.7,"ph":7.95,"temp_water":18.75,"distance_cm":37.9,"generated_at":"2026-03-14T23:36:57Z","inserted_at":"2026-03-14T23:36:57Z","ts":"2026-03-14T23:30:46Z"}
{"_id":{"$oid":"69b5f371b2147717dbde6dbc"},"start_ts":"2026-03-14T23:37:27Z","end_ts":"2026-03-14T23:44:06Z","count":4,"temp_air":17.75,"hum_air":79.0,"ph":7.95,"temp_water":18.75,"distance_cm":37.6,"generated_at":"2026-03-14T23:46:57Z","inserted_at":"2026-03-14T23:46:57Z","ts":"2026-03-14T23:44:06Z"}
{"_id":{"$oid":"69b5f5c9b2147717dbde6dbd"},"start_ts":"2026-03-14T23:50:47Z","end_ts":"2026-03-14T23:50:47Z","count":2,"temp_air":17.2,"hum_air":79.8,"ph":7.95,"temp_water":18.75,"distance_cm":37.4,"generated_at":"2026-03-14T23:56:57Z","inserted_at":"2026-03-14T23:56:57Z","ts":"2026-03-14T23:50:47Z"}
{"_id":{"$oid":"69b5f821b2147717dbde6dbe"},"start_ts":"2026-03-14T23:57:26Z","end_ts":"2026-03-15T00:04:07Z","count":4,"temp_air":17.0,"hum_air":80.85,"ph":7.95,"temp_water":18.75,"distance_cm":37.25,"generated_at":"2026-03-15T00:06:57Z","inserted_at":"2026-03-15T00:06:57Z","ts":"2026-03-15T00:04:07Z"}
{"_id":{"$oid":"69b5fa7ab2147717dbde6dbf"},"start_ts":"2026-03-15T00:10:46Z","end_ts":"2026-03-15T00:10:46Z","count":2,"temp_air":16.9,"hum_air":81.3,"ph":7.95,"temp_water":18.75,"distance_cm":37.1,"generated_at":"2026-03-15T00:16:58Z","inserted_at":"2026-03-15T00:16:58Z","ts":"2026-03-15T00:10:46Z"}
{"_id":{"$oid":"69b5fcd2b2147717dbde6dc0"},"start_ts":"2026-03-15T00:17:26Z","end_ts":"2026-03-15T00:24:14Z","count":6,"temp_air":16.833333333333332,"hum_air":81.3,"ph":7.95,"temp_water":18.75,"distance_cm":36.93333333333333,"generated_at":"2026-03-15T00:26:58Z","inserted_at":"2026-03-15T00:26:58Z","ts":"2026-03-15T00:24:14Z"}
{"_id":{"$oid":"69b5ff2ab2147717dbde6dc1"},"start_ts":"2026-03-15T00:30:46Z","end_ts":"2026-03-15T00:30:46Z","count":2,"temp_air":16.8,"hum_air":81.6,"ph":7.95,"temp_water":18.75,"distance_cm":36.8,"generated_at":"2026-03-15T00:36:58Z","inserted_at":"2026-03-15T00:36:58Z","ts":"2026-03-15T00:30:46Z"}
{"_id":{"$oid":"69b60182b2147717dbde6dc2"},"start_ts":"2026-03-15T00:37:26Z","end_ts":"2026-03-15T00:44:07Z","count":4,"temp_air":16.55,"hum_air":81.7,"ph":7.95,"temp_water":18.75,"distance_cm":36.75,"generated_at":"2026-03-15T00:46:58Z","inserted_at":"2026-03-15T00:46:58Z","ts":"2026-03-15T00:44:07Z"}
{"_id":{"$oid":"69b603dab2147717dbde6dc3"},"start_ts":"2026-03-15T00:50:48Z","end_ts":"2026-03-15T00:50:48Z","count":2,"temp_air":16.3,"hum_air":81.8,"ph":7.95,"temp_water":18.75,"distance_cm":36.6,"generated_at":"2026-03-15T00:56:58Z","inserted_at":"2026-03-15T00:56:58Z","ts":"2026-03-15T00:50:48Z"}
{"_id":{"$oid":"69b60632b2147717dbde6dc4"},"start_ts":"2026-03-15T00:57:28Z","end_ts":"2026-03-15T01:04:08Z","count":6,"temp_air":16.233333333333334,"hum_air":82.13333333333333,"ph":7.95,"temp_water":18.75,"distance_cm":36.5,"generated_at":"2026-03-15T01:06:58Z","inserted_at":"2026-03-15T01:06:58Z","ts":"2026-03-15T01:04:08Z"}
{"_id":{"$oid":"69b6088ab2147717dbde6dc5"},"start_ts":"2026-03-15T01:10:49Z","end_ts":"2026-03-15T01:10:49Z","count":2,"temp_air":16.0,"hum_air":82.3,"ph":8.38,"temp_water":14.12,"distance_cm":36.4,"generated_at":"2026-03-15T01:16:58Z","inserted_at":"2026-03-15T01:16:58Z","ts":"2026-03-15T01:10:49Z"}
{"_id":{"$oid":"69b60ae2b2147717dbde6dc6"},"start_ts":"2026-03-15T01:17:28Z","end_ts":"2026-03-15T01:24:08Z","count":6,"temp_air":15.766666666666667,"hum_air":82.46666666666667,"ph":8.376666666666667,"temp_water":14.02,"distance_cm":36.36666666666667,"generated_at":"2026-03-15T01:26:58Z","inserted_at":"2026-03-15T01:26:58Z","ts":"2026-03-15T01:24:08Z"}
{"_id":{"$oid":"69b60d3ab2147717dbde6dc7"},"start_ts":"2026-03-15T01:30:47Z","end_ts":"2026-03-15T01:30:47Z","count":2,"temp_air":15.6,"hum_air":82.9,"ph":8.39,"temp_water":13.81,"distance_cm":36.3,"generated_at":"2026-03-15T01:36:58Z","inserted_at":"2026-03-15T01:36:58Z","ts":"2026-03-15T01:30:47Z"}
{"_id":{"$oid":"69b60f92b2147717dbde6dc8"},"start_ts":"2026-03-15T01:37:28Z","end_ts":"2026-03-15T01:44:06Z","count":4,"temp_air":15.6,"hum_air":83.0,"ph":8.41,"temp_water":13.655,"distance_cm":36.25,"generated_at":"2026-03-15T01:46:58Z","inserted_at":"2026-03-15T01:46:58Z","ts":"2026-03-15T01:44:06Z"}
{"_id":{"$oid":"69b611eab2147717dbde6dc9"},"start_ts":"2026-03-15T01:50:48Z","end_ts":"2026-03-15T01:50:48Z","count":2,"temp_air":15.5,"hum_air":83.4,"ph":8.43,"temp_water":13.5,"distance_cm":36.2,"generated_at":"2026-03-15T01:56:58Z","inserted_at":"2026-03-15T01:56:58Z","ts":"2026-03-15T01:50:48Z"}
{"_id":{"$oid":"69b61443b2147717dbde6dca"},"start_ts":"2026-03-15T01:57:28Z","end_ts":"2026-03-15T02:04:06Z","count":4,"temp_air":15.45,"hum_air":82.85,"ph":8.434999999999999,"temp_water":13.41,"distance_cm":36.1,"generated_at":"2026-03-15T02:06:59Z","inserted_at":"2026-03-15T02:06:59Z","ts":"2026-03-15T02:04:06Z"}
{"_id":{"$oid":"69b6169bb2147717dbde6dcb"},"start_ts":"2026-03-15T02:10:48Z","end_ts":"2026-03-15T02:10:48Z","count":2,"temp_air":15.2,"hum_air":82.5,"ph":8.44,"temp_water":13.31,"distance_cm":36.1,"generated_at":"2026-03-15T02:16:59Z","inserted_at":"2026-03-15T02:16:59Z","ts":"2026-03-15T02:10:48Z"}
{"_id":{"$oid":"69b618f3b2147717dbde6dcc"},"start_ts":"2026-03-15T02:17:26Z","end_ts":"2026-03-15T02:24:07Z","count":4,"temp_air":15.0,"hum_air":82.6,"ph":8.45,"temp_water":13.125,"distance_cm":36.0,"generated_at":"2026-03-15T02:26:59Z","inserted_at":"2026-03-15T02:26:59Z","ts":"2026-03-15T02:24:07Z"}
{"_id":{"$oid":"69b61b4bb2147717dbde6dcd"},"start_ts":"2026-03-15T02:30:48Z","end_ts":"2026-03-15T02:30:48Z","count":2,"temp_air":14.8,"hum_air":82.3,"ph":8.46,"temp_water":12.94,"distance_cm":36.0,"generated_at":"2026-03-15T02:36:59Z","inserted_at":"2026-03-15T02:36:59Z","ts":"2026-03-15T02:30:48Z"}
{"_id":{"$oid":"69b61da3b2147717dbde6dce"},"start_ts":"2026-03-15T02:37:28Z","end_ts":"2026-03-15T02:44:06Z","count":4,"temp_air":14.55,"hum_air":82.55,"ph":8.465,"temp_water":12.780000000000001,"distance_cm":35.95,"generated_at":"2026-03-15T02:46:59Z","inserted_at":"2026-03-15T02:46:59Z","ts":"2026-03-15T02:44:06Z"}
{"_id":{"$oid":"69b61ffbb2147717dbde6dcf"},"start_ts":"2026-03-15T02:50:47Z","end_ts":"2026-03-15T02:50:47Z","count":2,"temp_air":14.6,"hum_air":82.7,"ph":8.47,"temp_water":12.69,"distance_cm":35.9,"generated_at":"2026-03-15T02:56:59Z","inserted_at":"2026-03-15T02:56:59Z","ts":"2026-03-15T02:50:47Z"}
{"_id":{"$oid":"69b62253b2147717dbde6dd0"},"start_ts":"2026-03-15T02:57:26Z","end_ts":"2026-03-15T03:04:06Z","count":4,"temp_air":14.5,"hum_air":82.7,"ph":8.48,"temp_water":12.530000000000001,"distance_cm":35.849999999999994,"generated_at":"2026-03-15T03:06:59Z","inserted_at":"2026-03-15T03:06:59Z","ts":"2026-03-15T03:04:06Z"}
{"_id":{"$oid":"69b624abb2147717dbde6dd1"},"start_ts":"2026-03-15T03:10:48Z","end_ts":"2026-03-15T03:10:48Z","count":2,"temp_air":14.5,"hum_air":82.9,"ph":8.47,"temp_water":12.44,"distance_cm":35.8,"generated_at":"2026-03-15T03:16:59Z","inserted_at":"2026-03-15T03:16:59Z","ts":"2026-03-15T03:10:48Z"}
{"_id":{"$oid":"69b62704b2147717dbde6dd2"},"start_ts":"2026-03-15T03:17:28Z","end_ts":"2026-03-15T03:24:06Z","count":4,"temp_air":14.75,"hum_air":83.2,"ph":8.455,"temp_water":12.38,"distance_cm":35.8,"generated_at":"2026-03-15T03:27:00Z","inserted_at":"2026-03-15T03:27:00Z","ts":"2026-03-15T03:24:06Z"}
{"_id":{"$oid":"69b6295cb2147717dbde6dd3"},"start_ts":"2026-03-15T03:30:46Z","end_ts":"2026-03-15T03:30:46Z","count":2,"temp_air":14.8,"hum_air":82.9,"ph":8.42,"temp_water":12.31,"distance_cm":35.8,"generated_at":"2026-03-15T03:37:00Z","inserted_at":"2026-03-15T03:37:00Z","ts":"2026-03-15T03:30:46Z"}
{"_id":{"$oid":"69b62bb4b2147717dbde6dd4"},"start_ts":"2026-03-15T03:37:27Z","end_ts":"2026-03-15T03:44:06Z","count":4,"temp_air":14.649999999999999,"hum_air":82.69999999999999,"ph":8.375,"temp_water":12.280000000000001,"distance_cm":35.7,"generated_at":"2026-03-15T03:47:00Z","inserted_at":"2026-03-15T03:47:00Z","ts":"2026-03-15T03:44:06Z"}
{"_id":{"$oid":"69b62e0cb2147717dbde6dd5"},"start_ts":"2026-03-15T03:50:46Z","end_ts":"2026-03-15T03:50:46Z","count":2,"temp_air":14.3,"hum_air":82.4,"ph":8.42,"temp_water":12.12,"distance_cm":35.7,"generated_at":"2026-03-15T03:57:00Z","inserted_at":"2026-03-15T03:57:00Z","ts":"2026-03-15T03:50:46Z"}
{"_id":{"$oid":"69b63064b2147717dbde6dd6"},"start_ts":"2026-03-15T03:57:27Z","end_ts":"2026-03-15T04:04:07Z","count":4,"temp_air":14.1,"hum_air":82.4,"ph":8.475000000000001,"temp_water":12.0,"distance_cm":35.7,"generated_at":"2026-03-15T04:07:00Z","inserted_at":"2026-03-15T04:07:00Z","ts":"2026-03-15T04:04:07Z"}
{"_id":{"$oid":"69b632bcb2147717dbde6dd7"},"start_ts":"2026-03-15T04:10:46Z","end_ts":"2026-03-15T04:10:46Z","count":2,"temp_air":13.9,"hum_air":82.3,"ph":8.49,"temp_water":11.88,"distance_cm":35.6,"generated_at":"2026-03-15T04:17:00Z","inserted_at":"2026-03-15T04:17:00Z","ts":"2026-03-15T04:10:46Z"}
{"_id":{"$oid":"69b63514b2147717dbde6dd8"},"start_ts":"2026-03-15T04:17:26Z","end_ts":"2026-03-15T04:24:06Z","count":4,"temp_air":13.7,"hum_air":82.45,"ph":8.5,"temp_water":11.719999999999999,"distance_cm":35.6,"generated_at":"2026-03-15T04:27:00Z","inserted_at":"2026-03-15T04:27:00Z","ts":"2026-03-15T04:24:06Z"}
{"_id":{"$oid":"69b6376cb2147717dbde6dd9"},"start_ts":"2026-03-15T04:30:46Z","end_ts":"2026-03-15T04:30:46Z","count":2,"temp_air":13.6,"hum_air":82.4,"ph":8.49,"temp_water":11.62,"distance_cm":35.6,"generated_at":"2026-03-15T04:37:00Z","inserted_at":"2026-03-15T04:37:00Z","ts":"2026-03-15T04:30:46Z"}
{"_id":{"$oid":"69b639c4b2147717dbde6dda"},"start_ts":"2026-03-15T04:37:26Z","end_ts":"2026-03-15T04:44:06Z","count":4,"temp_air":13.6,"hum_air":82.65,"ph":8.38,"temp_water":11.469999999999999,"distance_cm":35.6,"generated_at":"2026-03-15T04:47:00Z","inserted_at":"2026-03-15T04:47:00Z","ts":"2026-03-15T04:44:06Z"}
{"_id":{"$oid":"69b63c1cb2147717dbde6ddb"},"start_ts":"2026-03-15T04:50:46Z","end_ts":"2026-03-15T04:50:46Z","count":2,"temp_air":13.7,"hum_air":82.9,"ph":8.28,"temp_water":11.38,"distance_cm":35.5,"generated_at":"2026-03-15T04:57:00Z","inserted_at":"2026-03-15T04:57:00Z","ts":"2026-03-15T04:50:46Z"}
{"_id":{"$oid":"69b63e74b2147717dbde6ddc"},"start_ts":"2026-03-15T04:57:26Z","end_ts":"2026-03-15T05:04:06Z","count":4,"temp_air":13.9,"hum_air":83.25,"ph":8.36,"temp_water":11.38,"distance_cm":35.5,"generated_at":"2026-03-15T05:07:00Z","inserted_at":"2026-03-15T05:07:00Z","ts":"2026-03-15T05:04:06Z"}
{"_id":{"$oid":"69b640cdb2147717dbde6ddd"},"start_ts":"2026-03-15T05:10:46Z","end_ts":"2026-03-15T05:10:46Z","count":2,"temp_air":14.1,"hum_air":83.0,"ph":8.33,"temp_water":11.31,"distance_cm":35.5,"generated_at":"2026-03-15T05:17:01Z","inserted_at":"2026-03-15T05:17:01Z","ts":"2026-03-15T05:10:46Z"}
{"_id":{"$oid":"69b64325b2147717dbde6dde"},"start_ts":"2026-03-15T05:17:26Z","end_ts":"2026-03-15T05:24:06Z","count":4,"temp_air":14.05,"hum_air":82.65,"ph":8.385000000000002,"temp_water":11.280000000000001,"distance_cm":35.5,"generated_at":"2026-03-15T05:27:01Z","inserted_at":"2026-03-15T05:27:01Z","ts":"2026-03-15T05:24:06Z"}
{"_id":{"$oid":"69b6457db2147717dbde6ddf"},"start_ts":"2026-03-15T05:30:46Z","end_ts":"2026-03-15T05:30:46Z","count":2,"temp_air":14.0,"hum_air":82.7,"ph":8.38,"temp_water":11.25,"distance_cm":35.5,"generated_at":"2026-03-15T05:37:01Z","inserted_at":"2026-03-15T05:37:01Z","ts":"2026-03-15T05:30:46Z"}
{"_id":{"$oid":"69b647d5b2147717dbde6de0"},"start_ts":"2026-03-15T05:37:26Z","end_ts":"2026-03-15T05:44:06Z","count":4,"temp_air":14.05,"hum_air":82.85,"ph":8.41,"temp_water":11.219999999999999,"distance_cm":35.5,"generated_at":"2026-03-15T05:47:01Z","inserted_at":"2026-03-15T05:47:01Z","ts":"2026-03-15T05:44:06Z"}
{"_id":{"$oid":"69b64a2db2147717dbde6de1"},"start_ts":"2026-03-15T05:50:46Z","end_ts":"2026-03-15T05:50:46Z","count":2,"temp_air":14.3,"hum_air":82.8,"ph":8.41,"temp_water":11.19,"distance_cm":35.5,"generated_at":"2026-03-15T05:57:01Z","inserted_at":"2026-03-15T05:57:01Z","ts":"2026-03-15T05:50:46Z"}
{"_id":{"$oid":"69b64c85b2147717dbde6de2"},"start_ts":"2026-03-15T05:57:28Z","end_ts":"2026-03-15T06:04:06Z","count":4,"temp_air":14.25,"hum_air":82.6,"ph":8.440000000000001,"temp_water":11.219999999999999,"distance_cm":35.5,"generated_at":"2026-03-15T06:07:01Z","inserted_at":"2026-03-15T06:07:01Z","ts":"2026-03-15T06:04:06Z"}
{"_id":{"$oid":"69b64eddb2147717dbde6de3"},"start_ts":"2026-03-15T06:10:46Z","end_ts":"2026-03-15T06:10:46Z","count":2,"temp_air":14.3,"hum_air":82.4,"ph":8.49,"temp_water":11.19,"distance_cm":35.5,"generated_at":"2026-03-15T06:17:01Z","inserted_at":"2026-03-15T06:17:01Z","ts":"2026-03-15T06:10:46Z"}
{"_id":{"$oid":"69b65135b2147717dbde6de4"},"start_ts":"2026-03-15T06:17:26Z","end_ts":"2026-03-15T06:24:06Z","count":4,"temp_air":14.350000000000001,"hum_air":82.8,"ph":8.5,"temp_water":11.219999999999999,"distance_cm":35.4,"generated_at":"2026-03-15T06:27:01Z","inserted_at":"2026-03-15T06:27:01Z","ts":"2026-03-15T06:24:06Z"}
{"_id":{"$oid":"69b6538db2147717dbde6de5"},"start_ts":"2026-03-15T06:30:46Z","end_ts":"2026-03-15T06:30:46Z","count":2,"temp_air":14.5,"hum_air":82.8,"ph":8.52,"temp_water":11.25,"distance_cm":35.4,"generated_at":"2026-03-15T06:37:01Z","inserted_at":"2026-03-15T06:37:01Z","ts":"2026-03-15T06:30:46Z"}
{"_id":{"$oid":"69b655e6b2147717dbde6de6"},"start_ts":"2026-03-15T06:37:26Z","end_ts":"2026-03-15T06:44:06Z","count":4,"temp_air":14.4,"hum_air":82.6,"ph":8.55,"temp_water":11.219999999999999,"distance_cm":35.4,"generated_at":"2026-03-15T06:47:02Z","inserted_at":"2026-03-15T06:47:02Z","ts":"2026-03-15T06:44:06Z"}
{"_id":{"$oid":"69b6583eb2147717dbde6de7"},"start_ts":"2026-03-15T06:50:46Z","end_ts":"2026-03-15T06:50:46Z","count":2,"temp_air":14.4,"hum_air":82.5,"ph":8.54,"temp_water":11.19,"distance_cm":35.4,"generated_at":"2026-03-15T06:57:02Z","inserted_at":"2026-03-15T06:57:02Z","ts":"2026-03-15T06:50:46Z"}
{"_id":{"$oid":"69b65a96b2147717dbde6de8"},"start_ts":"2026-03-15T06:57:26Z","end_ts":"2026-03-15T07:04:06Z","count":4,"temp_air":14.25,"hum_air":82.69999999999999,"ph":8.504999999999999,"temp_water":11.19,"distance_cm":35.4,"generated_at":"2026-03-15T07:07:02Z","inserted_at":"2026-03-15T07:07:02Z","ts":"2026-03-15T07:04:06Z"}
{"_id":{"$oid":"69b65ceeb2147717dbde6de9"},"start_ts":"2026-03-15T07:10:46Z","end_ts":"2026-03-15T07:10:46Z","count":2,"temp_air":14.2,"hum_air":82.5,"ph":8.48,"temp_water":11.19,"distance_cm":35.4,"generated_at":"2026-03-15T07:17:02Z","inserted_at":"2026-03-15T07:17:02Z","ts":"2026-03-15T07:10:46Z"}
{"_id":{"$oid":"69b65f46b2147717dbde6dea"},"start_ts":"2026-03-15T07:17:26Z","end_ts":"2026-03-15T07:24:06Z","count":4,"temp_air":13.9,"hum_air":82.5,"ph":8.495000000000001,"temp_water":11.09,"distance_cm":35.3,"generated_at":"2026-03-15T07:27:02Z","inserted_at":"2026-03-15T07:27:02Z","ts":"2026-03-15T07:24:06Z"}
{"_id":{"$oid":"69b6619eb2147717dbde6deb"},"start_ts":"2026-03-15T07:30:46Z","end_ts":"2026-03-15T07:30:46Z","count":2,"temp_air":13.9,"hum_air":82.6,"ph":8.46,"temp_water":11.06,"distance_cm":35.3,"generated_at":"2026-03-15T07:37:02Z","inserted_at":"2026-03-15T07:37:02Z","ts":"2026-03-15T07:30:46Z"}
{"_id":{"$oid":"69b663f6b2147717dbde6dec"},"start_ts":"2026-03-15T07:37:26Z","end_ts":"2026-03-15T07:44:06Z","count":4,"temp_air":13.9,"hum_air":82.6,"ph":8.44,"temp_water":11.0,"distance_cm":35.3,"generated_at":"2026-03-15T07:47:02Z","inserted_at":"2026-03-15T07:47:02Z","ts":"2026-03-15T07:44:06Z"}
{"_id":{"$oid":"69b6664eb2147717dbde6ded"},"start_ts":"2026-03-15T07:50:46Z","end_ts":"2026-03-15T07:50:46Z","count":2,"temp_air":14.0,"hum_air":82.4,"ph":8.45,"temp_water":11.0,"distance_cm":35.3,"generated_at":"2026-03-15T07:57:02Z","inserted_at":"2026-03-15T07:57:02Z","ts":"2026-03-15T07:50:46Z"}
{"_id":{"$oid":"69b668a6b2147717dbde6dee"},"start_ts":"2026-03-15T07:57:26Z","end_ts":"2026-03-15T08:04:06Z","count":4,"temp_air":14.05,"hum_air":82.45,"ph":8.455,"temp_water":11.0,"distance_cm":35.3,"generated_at":"2026-03-15T08:07:02Z","inserted_at":"2026-03-15T08:07:02Z","ts":"2026-03-15T08:04:06Z"}
{"_id":{"$oid":"69b66afeb2147717dbde6def"},"start_ts":"2026-03-15T08:10:46Z","end_ts":"2026-03-15T08:10:46Z","count":2,"temp_air":14.0,"hum_air":82.2,"ph":8.43,"temp_water":10.94,"distance_cm":35.3,"generated_at":"2026-03-15T08:17:02Z","inserted_at":"2026-03-15T08:17:02Z","ts":"2026-03-15T08:10:46Z"}
{"_id":{"$oid":"69b66d56b2147717dbde6df0"},"start_ts":"2026-03-15T08:17:26Z","end_ts":"2026-03-15T08:24:06Z","count":4,"temp_air":13.95,"hum_air":82.05,"ph":8.425,"temp_water":10.94,"distance_cm":35.3,"generated_at":"2026-03-15T08:27:02Z","inserted_at":"2026-03-15T08:27:02Z","ts":"2026-03-15T08:24:06Z"}
{"_id":{"$oid":"69b66faeb2147717dbde6df1"},"start_ts":"2026-03-15T08:30:46Z","end_ts":"2026-03-15T08:30:46Z","count":2,"temp_air":13.8,"hum_air":82.0,"ph":8.42,"temp_water":10.88,"distance_cm":35.3,"generated_at":"2026-03-15T08:37:02Z","inserted_at":"2026-03-15T08:37:02Z","ts":"2026-03-15T08:30:46Z"}
{"_id":{"$oid":"69b67207b2147717dbde6df2"},"start_ts":"2026-03-15T08:37:26Z","end_ts":"2026-03-15T08:44:06Z","count":4,"temp_air":13.7,"hum_air":81.8,"ph":8.455,"temp_water":10.845,"distance_cm":35.3,"generated_at":"2026-03-15T08:47:03Z","inserted_at":"2026-03-15T08:47:03Z","ts":"2026-03-15T08:44:06Z"}
{"_id":{"$oid":"69b6745fb2147717dbde6df3"},"start_ts":"2026-03-15T08:50:46Z","end_ts":"2026-03-15T08:50:46Z","count":2,"temp_air":13.7,"hum_air":82.1,"ph":8.48,"temp_water":10.81,"distance_cm":35.3,"generated_at":"2026-03-15T08:57:03Z","inserted_at":"2026-03-15T08:57:03Z","ts":"2026-03-15T08:50:46Z"}
{"_id":{"$oid":"69b676b7b2147717dbde6df4"},"start_ts":"2026-03-15T08:57:26Z","end_ts":"2026-03-15T09:04:06Z","count":4,"temp_air":13.75,"hum_air":81.95,"ph":8.47,"temp_water":10.75,"distance_cm":35.2,"generated_at":"2026-03-15T09:07:03Z","inserted_at":"2026-03-15T09:07:03Z","ts":"2026-03-15T09:04:06Z"}
{"_id":{"$oid":"69b6790fb2147717dbde6df5"},"start_ts":"2026-03-15T09:10:46Z","end_ts":"2026-03-15T09:10:46Z","count":2,"temp_air":13.7,"hum_air":81.9,"ph":8.48,"temp_water":10.75,"distance_cm":35.2,"generated_at":"2026-03-15T09:17:03Z","inserted_at":"2026-03-15T09:17:03Z","ts":"2026-03-15T09:10:46Z"}
{"_id":{"$oid":"69b67b67b2147717dbde6df6"},"start_ts":"2026-03-15T09:17:26Z","end_ts":"2026-03-15T09:24:06Z","count":4,"temp_air":13.7,"hum_air":81.95,"ph":8.49,"temp_water":10.69,"distance_cm":35.2,"generated_at":"2026-03-15T09:27:03Z","inserted_at":"2026-03-15T09:27:03Z","ts":"2026-03-15T09:24:06Z"}
{"_id":{"$oid":"69b67dbfb2147717dbde6df7"},"start_ts":"2026-03-15T09:30:46Z","end_ts":"2026-03-15T09:30:46Z","count":2,"temp_air":13.6,"hum_air":81.9,"ph":8.51,"temp_water":10.62,"distance_cm":35.2,"generated_at":"2026-03-15T09:37:03Z","inserted_at":"2026-03-15T09:37:03Z","ts":"2026-03-15T09:30:46Z"}
{"_id":{"$oid":"69b68017b2147717dbde6df8"},"start_ts":"2026-03-15T09:37:26Z","end_ts":"2026-03-15T09:44:06Z","count":4,"temp_air":13.7,"hum_air":82.05,"ph":8.515,"temp_water":10.62,"distance_cm":35.2,"generated_at":"2026-03-15T09:47:03Z","inserted_at":"2026-03-15T09:47:03Z","ts":"2026-03-15T09:44:06Z"}
{"_id":{"$oid":"69b6826fb2147717dbde6df9"},"start_ts":"2026-03-15T09:50:46Z","end_ts":"2026-03-15T09:50:46Z","count":2,"temp_air":13.7,"hum_air":82.3,"ph":8.51,"temp_water":10.62,"distance_cm":35.2,"generated_at":"2026-03-15T09:57:03Z","inserted_at":"2026-03-15T09:57:03Z","ts":"2026-03-15T09:50:46Z"}
{"_id":{"$oid":"69b684c7b2147717dbde6dfa"},"start_ts":"2026-03-15T09:57:26Z","end_ts":"2026-03-15T10:04:06Z","count":4,"temp_air":13.8,"hum_air":82.30000000000001,"ph":8.545,"temp_water":10.62,"distance_cm":35.2,"generated_at":"2026-03-15T10:07:03Z","inserted_at":"2026-03-15T10:07:03Z","ts":"2026-03-15T10:04:06Z"}
{"_id":{"$oid":"69b6871fb2147717dbde6dfb"},"start_ts":"2026-03-15T10:10:46Z","end_ts":"2026-03-15T10:10:46Z","count":2,"temp_air":13.9,"hum_air":82.1,"ph":8.61,"temp_water":10.62,"distance_cm":35.2,"generated_at":"2026-03-15T10:17:03Z","inserted_at":"2026-03-15T10:17:03Z","ts":"2026-03-15T10:10:46Z"}
{"_id":{"$oid":"69b68978b2147717dbde6dfc"},"start_ts":"2026-03-15T10:17:26Z","end_ts":"2026-03-15T10:24:06Z","count":4,"temp_air":13.9,"hum_air":82.19999999999999,"ph":8.645,"temp_water":10.62,"distance_cm":35.2,"generated_at":"2026-03-15T10:27:04Z","inserted_at":"2026-03-15T10:27:04Z","ts":"2026-03-15T10:24:06Z"}
{"_id":{"$oid":"69b68bd0b2147717dbde6dfd"},"start_ts":"2026-03-15T10:30:46Z","end_ts":"2026-03-15T10:30:46Z","count":2,"temp_air":14.0,"hum_air":82.3,"ph":8.66,"temp_water":10.62,"distance_cm":35.2,"generated_at":"2026-03-15T10:37:04Z","inserted_at":"2026-03-15T10:37:04Z","ts":"2026-03-15T10:30:46Z"}
{"_id":{"$oid":"69b68e28b2147717dbde6dfe"},"start_ts":"2026-03-15T10:37:26Z","end_ts":"2026-03-15T10:44:06Z","count":4,"temp_air":14.0,"hum_air":82.2,"ph":8.620000000000001,"temp_water":10.62,"distance_cm":35.2,"generated_at":"2026-03-15T10:47:04Z","inserted_at":"2026-03-15T10:47:04Z","ts":"2026-03-15T10:44:06Z"}
{"_id":{"$oid":"69b69080b2147717dbde6dff"},"start_ts":"2026-03-15T10:50:46Z","end_ts":"2026-03-15T10:50:46Z","count":2,"temp_air":13.9,"hum_air":82.0,"ph":8.61,"temp_water":10.62,"distance_cm":35.2,"generated_at":"2026-03-15T10:57:04Z","inserted_at":"2026-03-15T10:57:04Z","ts":"2026-03-15T10:50:46Z"}
{"_id":{"$oid":"69b692d8b2147717dbde6e00"},"start_ts":"2026-03-15T10:57:26Z","end_ts":"2026-03-15T11:04:09Z","count":4,"temp_air":13.850000000000001,"hum_air":82.44999999999999,"ph":8.58,"temp_water":10.62,"distance_cm":35.1,"generated_at":"2026-03-15T11:07:04Z","inserted_at":"2026-03-15T11:07:04Z","ts":"2026-03-15T11:04:09Z"}
{"_id":{"$oid":"69b69530b2147717dbde6e01"},"start_ts":"2026-03-15T11:10:46Z","end_ts":"2026-03-15T11:10:46Z","count":2,"temp_air":13.9,"hum_air":82.7,"ph":8.58,"temp_water":10.62,"distance_cm":35.2,"generated_at":"2026-03-15T11:17:04Z","inserted_at":"2026-03-15T11:17:04Z","ts":"2026-03-15T11:10:46Z"}
{"_id":{"$oid":"69b69788b2147717dbde6e02"},"start_ts":"2026-03-15T11:17:26Z","end_ts":"2026-03-15T11:24:07Z","count":4,"temp_air":13.7,"hum_air":82.1,"ph":8.565000000000001,"temp_water":10.62,"distance_cm":35.150000000000006,"generated_at":"2026-03-15T11:27:04Z","inserted_at":"2026-03-15T11:27:04Z","ts":"2026-03-15T11:24:07Z"}
{"_id":{"$oid":"69b699e0b2147717dbde6e03"},"start_ts":"2026-03-15T11:30:47Z","end_ts":"2026-03-15T11:30:47Z","count":2,"temp_air":13.5,"hum_air":81.7,"ph":8.55,"temp_water":10.5,"distance_cm":35.1,"generated_at":"2026-03-15T11:37:04Z","inserted_at":"2026-03-15T11:37:04Z","ts":"2026-03-15T11:30:47Z"}
{"_id":{"$oid":"69b69c39b2147717dbde6e04"},"start_ts":"2026-03-15T11:37:27Z","end_ts":"2026-03-15T11:44:06Z","count":4,"temp_air":13.75,"hum_air":81.75,"ph":8.55,"temp_water":10.5,"distance_cm":35.1,"generated_at":"2026-03-15T11:47:05Z","inserted_at":"2026-03-15T11:47:05Z","ts":"2026-03-15T11:44:06Z"}
{"_id":{"$oid":"69b69e91b2147717dbde6e05"},"start_ts":"2026-03-15T11:50:47Z","end_ts":"2026-03-15T11:50:47Z","count":2,"temp_air":14.2,"hum_air":81.1,"ph":8.59,"temp_water":10.56,"distance_cm":35.1,"generated_at":"2026-03-15T11:57:05Z","inserted_at":"2026-03-15T11:57:05Z","ts":"2026-03-15T11:50:47Z"}
{"_id":{"$oid":"69b6a0e9b2147717dbde6e06"},"start_ts":"2026-03-15T11:57:27Z","end_ts":"2026-03-15T12:04:07Z","count":4,"temp_air":14.8,"hum_air":80.1,"ph":8.59,"temp_water":10.75,"distance_cm":35.1,"generated_at":"2026-03-15T12:07:05Z","inserted_at":"2026-03-15T12:07:05Z","ts":"2026-03-15T12:04:07Z"}
{"_id":{"$oid":"69b6a341b2147717dbde6e07"},"start_ts":"2026-03-15T12:10:46Z","end_ts":"2026-03-15T12:10:46Z","count":2,"temp_air":15.2,"hum_air":79.5,"ph":8.61,"temp_water":10.88,"distance_cm":35.1,"generated_at":"2026-03-15T12:17:05Z","inserted_at":"2026-03-15T12:17:05Z","ts":"2026-03-15T12:10:46Z"}
{"_id":{"$oid":"69b6a599b2147717dbde6e08"},"start_ts":"2026-03-15T12:17:26Z","end_ts":"2026-03-15T12:24:07Z","count":4,"temp_air":15.8,"hum_air":78.4,"ph":8.57,"temp_water":11.094999999999999,"distance_cm":35.1,"generated_at":"2026-03-15T12:27:05Z","inserted_at":"2026-03-15T12:27:05Z","ts":"2026-03-15T12:24:07Z"}
{"_id":{"$oid":"69b6a7f1b2147717dbde6e09"},"start_ts":"2026-03-15T12:30:46Z","end_ts":"2026-03-15T12:30:46Z","count":2,"temp_air":16.2,"hum_air":78.2,"ph":8.57,"temp_water":11.31,"distance_cm":35.1,"generated_at":"2026-03-15T12:37:05Z","inserted_at":"2026-03-15T12:37:05Z","ts":"2026-03-15T12:30:46Z"}
{"_id":{"$oid":"69b6aa49b2147717dbde6e0a"},"start_ts":"2026-03-15T12:37:26Z","end_ts":"2026-03-15T12:44:08Z","count":4,"temp_air":16.5,"hum_air":76.85,"ph":8.575,"temp_water":11.5,"distance_cm":35.1,"generated_at":"2026-03-15T12:47:05Z","inserted_at":"2026-03-15T12:47:05Z","ts":"2026-03-15T12:44:08Z"}
{"_id":{"$oid":"69b6aca1b2147717dbde6e0b"},"start_ts":"2026-03-15T12:50:48Z","end_ts":"2026-03-15T12:50:48Z","count":2,"temp_air":16.9,"hum_air":75.2,"ph":8.53,"temp_water":11.69,"distance_cm":35.1,"generated_at":"2026-03-15T12:57:05Z","inserted_at":"2026-03-15T12:57:05Z","ts":"2026-03-15T12:50:48Z"}
{"_id":{"$oid":"69b6aef9b2147717dbde6e0c"},"start_ts":"2026-03-15T12:57:27Z","end_ts":"2026-03-15T13:04:07Z","count":4,"temp_air":17.45,"hum_air":73.80000000000001,"ph":8.53,"temp_water":11.875,"distance_cm":35.1,"generated_at":"2026-03-15T13:07:05Z","inserted_at":"2026-03-15T13:07:05Z","ts":"2026-03-15T13:04:07Z"}
{"_id":{"$oid":"69b6b151b2147717dbde6e0d"},"start_ts":"2026-03-15T13:10:47Z","end_ts":"2026-03-15T13:10:47Z","count":2,"temp_air":18.2,"hum_air":72.9,"ph":8.13,"temp_water":15.25,"distance_cm":38.2,"generated_at":"2026-03-15T13:17:05Z","inserted_at":"2026-03-15T13:17:05Z","ts":"2026-03-15T13:10:47Z"}
{"_id":{"$oid":"69b6b3a9b2147717dbde6e0e"},"start_ts":"2026-03-15T13:17:27Z","end_ts":"2026-03-15T13:24:07Z","count":4,"temp_air":18.700000000000003,"hum_air":71.85,"ph":8.105,"temp_water":15.125,"distance_cm":40.5,"generated_at":"2026-03-15T13:27:05Z","inserted_at":"2026-03-15T13:27:05Z","ts":"2026-03-15T13:24:07Z"}
{"_id":{"$oid":"69b6b601b2147717dbde6e0f"},"start_ts":"2026-03-15T13:30:47Z","end_ts":"2026-03-15T13:30:47Z","count":2,"temp_air":19.1,"hum_air":70.9,"ph":8.1,"temp_water":14.88,"distance_cm":39.7,"generated_at":"2026-03-15T13:37:05Z","inserted_at":"2026-03-15T13:37:05Z","ts":"2026-03-15T13:30:47Z"}
{"_id":{"$oid":"69b6b85ab2147717dbde6e10"},"start_ts":"2026-03-15T13:37:27Z","end_ts":"2026-03-15T13:44:07Z","count":4,"temp_air":19.9,"hum_air":69.2,"ph":8.11,"temp_water":14.91,"distance_cm":39.6,"generated_at":"2026-03-15T13:47:06Z","inserted_at":"2026-03-15T13:47:06Z","ts":"2026-03-15T13:44:07Z"}
{"_id":{"$oid":"69b6bab2b2147717dbde6e11"},"start_ts":"2026-03-15T13:50:47Z","end_ts":"2026-03-15T13:50:47Z","count":2,"temp_air":20.9,"hum_air":66.9,"ph":8.16,"temp_water":15.0,"distance_cm":39.5,"generated_at":"2026-03-15T13:57:06Z","inserted_at":"2026-03-15T13:57:06Z","ts":"2026-03-15T13:50:47Z"}
{"_id":{"$oid":"69b6bd0ab2147717dbde6e12"},"start_ts":"2026-03-15T13:57:27Z","end_ts":"2026-03-15T14:04:08Z","count":4,"temp_air":21.15,"hum_air":65.15,"ph":8.15,"temp_water":15.030000000000001,"distance_cm":39.45,"generated_at":"2026-03-15T14:07:06Z","inserted_at":"2026-03-15T14:07:06Z","ts":"2026-03-15T14:04:08Z"}
{"_id":{"$oid":"69b6bf62b2147717dbde6e13"},"start_ts":"2026-03-15T14:10:48Z","end_ts":"2026-03-15T14:10:48Z","count":2,"temp_air":21.6,"hum_air":65.8,"ph":8.11,"temp_water":15.19,"distance_cm":39.2,"generated_at":"2026-03-15T14:17:06Z","inserted_at":"2026-03-15T14:17:06Z","ts":"2026-03-15T14:10:48Z"}
{"_id":{"$oid":"69b6c1bab2147717dbde6e14"},"start_ts":"2026-03-15T14:17:28Z","end_ts":"2026-03-15T14:24:07Z","count":4,"temp_air":23.1,"hum_air":63.45,"ph":8.120000000000001,"temp_water":15.375,"distance_cm":44.05,"generated_at":"2026-03-15T14:27:06Z","inserted_at":"2026-03-15T14:27:06Z","ts":"2026-03-15T14:24:07Z"}
{"_id":{"$oid":"69b6c412b2147717dbde6e15"},"start_ts":"2026-03-15T14:30:49Z","end_ts":"2026-03-15T14:30:49Z","count":2,"temp_air":25.5,"hum_air":61.0,"ph":8.12,"temp_water":15.75,"distance_cm":44.5,"generated_at":"2026-03-15T14:37:06Z","inserted_at":"2026-03-15T14:37:06Z","ts":"2026-03-15T14:30:49Z"}
{"_id":{"$oid":"69b6c66ab2147717dbde6e16"},"start_ts":"2026-03-15T14:37:27Z","end_ts":"2026-03-15T14:44:07Z","count":4,"temp_air":28.15,"hum_air":55.349999999999994,"ph":8.120000000000001,"temp_water":16.5,"distance_cm":44.15,"generated_at":"2026-03-15T14:47:06Z","inserted_at":"2026-03-15T14:47:06Z","ts":"2026-03-15T14:44:07Z"}
{"_id":{"$oid":"69b6c8c2b2147717dbde6e17"},"start_ts":"2026-03-15T14:50:47Z","end_ts":"2026-03-15T14:50:47Z","count":2,"temp_air":34.1,"hum_air":50.0,"ph":8.19,"temp_water":17.31,"distance_cm":43.5,"generated_at":"2026-03-15T14:57:06Z","inserted_at":"2026-03-15T14:57:06Z","ts":"2026-03-15T14:50:47Z"}
{"_id":{"$oid":"69b6cb1ab2147717dbde6e18"},"start_ts":"2026-03-15T14:57:27Z","end_ts":"2026-03-15T15:04:07Z","count":4,"temp_air":39.95,"hum_air":42.35,"ph":8.149999999999999,"temp_water":18.535,"distance_cm":42.85,"generated_at":"2026-03-15T15:07:06Z","inserted_at":"2026-03-15T15:07:06Z","ts":"2026-03-15T15:04:07Z"}
{"_id":{"$oid":"69b6cd73b2147717dbde6e19"},"start_ts":"2026-03-15T15:10:47Z","end_ts":"2026-03-15T15:10:47Z","count":2,"temp_air":42.7,"hum_air":40.2,"ph":8.18,"temp_water":19.69,"distance_cm":42.2,"generated_at":"2026-03-15T15:17:07Z","inserted_at":"2026-03-15T15:17:07Z","ts":"2026-03-15T15:10:47Z"}
{"_id":{"$oid":"69b6cfcbb2147717dbde6e1a"},"start_ts":"2026-03-15T15:17:27Z","end_ts":"2026-03-15T15:24:07Z","count":4,"temp_air":44.05,"hum_air":39.55,"ph":8.059999999999999,"temp_water":20.715,"distance_cm":41.8,"generated_at":"2026-03-15T15:27:07Z","inserted_at":"2026-03-15T15:27:07Z","ts":"2026-03-15T15:24:07Z"}
{"_id":{"$oid":"69b6d223b2147717dbde6e1b"},"start_ts":"2026-03-15T15:30:47Z","end_ts":"2026-03-15T15:30:47Z","count":2,"temp_air":45.4,"hum_air":40.1,"ph":8.12,"temp_water":16.06,"distance_cm":47.5,"generated_at":"2026-03-15T15:37:07Z","inserted_at":"2026-03-15T15:37:07Z","ts":"2026-03-15T15:30:47Z"}
{"_id":{"$oid":"69b6d47bb2147717dbde6e1c"},"start_ts":"2026-03-15T15:37:28Z","end_ts":"2026-03-15T15:44:07Z","count":4,"temp_air":46.25,"hum_air":36.95,"ph":8.08,"temp_water":18.125,"distance_cm":47.95,"generated_at":"2026-03-15T15:47:07Z","inserted_at":"2026-03-15T15:47:07Z","ts":"2026-03-15T15:44:07Z"}
{"_id":{"$oid":"69b6d6d3b2147717dbde6e1d"},"start_ts":"2026-03-15T15:50:47Z","end_ts":"2026-03-15T15:50:47Z","count":2,"temp_air":47.0,"hum_air":36.8,"ph":8.12,"temp_water":20.25,"distance_cm":47.1,"generated_at":"2026-03-15T15:57:07Z","inserted_at":"2026-03-15T15:57:07Z","ts":"2026-03-15T15:50:47Z"}
{"_id":{"$oid":"69b6d92bb2147717dbde6e1e"},"start_ts":"2026-03-15T15:57:27Z","end_ts":"2026-03-15T16:04:07Z","count":4,"temp_air":47.099999999999994,"hum_air":37.55,"ph":8.04,"temp_water":21.814999999999998,"distance_cm":46.75,"generated_at":"2026-03-15T16:07:07Z","inserted_at":"2026-03-15T16:07:07Z","ts":"2026-03-15T16:04:07Z"}
{"_id":{"$oid":"69b6db83b2147717dbde6e1f"},"start_ts":"2026-03-15T16:10:51Z","end_ts":"2026-03-15T16:10:51Z","count":2,"temp_air":46.9,"hum_air":38.2,"ph":8.01,"temp_water":23.12,"distance_cm":45.5,"generated_at":"2026-03-15T16:17:07Z","inserted_at":"2026-03-15T16:17:07Z","ts":"2026-03-15T16:10:51Z"}
{"_id":{"$oid":"69b6dddbb2147717dbde6e20"},"start_ts":"2026-03-15T16:17:30Z","end_ts":"2026-03-15T16:24:07Z","count":4,"temp_air":45.95,"hum_air":36.95,"ph":7.949999999999999,"temp_water":24.28,"distance_cm":44.6,"generated_at":"2026-03-15T16:27:07Z","inserted_at":"2026-03-15T16:27:07Z","ts":"2026-03-15T16:24:07Z"}
{"_id":{"$oid":"69b6e034b2147717dbde6e21"},"start_ts":"2026-03-15T16:30:47Z","end_ts":"2026-03-15T16:30:47Z","count":2,"temp_air":45.5,"hum_air":35.3,"ph":7.88,"temp_water":25.38,"distance_cm":43.9,"generated_at":"2026-03-15T16:37:08Z","inserted_at":"2026-03-15T16:37:08Z","ts":"2026-03-15T16:30:47Z"}
{"_id":{"$oid":"69b6e28cb2147717dbde6e22"},"start_ts":"2026-03-15T16:37:27Z","end_ts":"2026-03-15T16:44:07Z","count":4,"temp_air":45.35,"hum_air":37.900000000000006,"ph":7.99,"temp_water":21.595,"distance_cm":46.45,"generated_at":"2026-03-15T16:47:08Z","inserted_at":"2026-03-15T16:47:08Z","ts":"2026-03-15T16:44:07Z"}
{"_id":{"$oid":"69b6e4e4b2147717dbde6e23"},"start_ts":"2026-03-15T16:50:47Z","end_ts":"2026-03-15T16:50:47Z","count":2,"temp_air":44.8,"hum_air":37.6,"ph":8.14,"temp_water":17.44,"distance_cm":54.5,"generated_at":"2026-03-15T16:57:08Z","inserted_at":"2026-03-15T16:57:08Z","ts":"2026-03-15T16:50:47Z"}
{"_id":{"$oid":"69b6e73cb2147717dbde6e24"},"start_ts":"2026-03-15T16:57:27Z","end_ts":"2026-03-15T17:04:07Z","count":4,"temp_air":44.1,"hum_air":34.3,"ph":8.045,"temp_water":19.94,"distance_cm":52.25,"generated_at":"2026-03-15T17:07:08Z","inserted_at":"2026-03-15T17:07:08Z","ts":"2026-03-15T17:04:07Z"}
{"_id":{"$oid":"69b6e994b2147717dbde6e25"},"start_ts":"2026-03-15T17:10:47Z","end_ts":"2026-03-15T17:10:47Z","count":2,"temp_air":42.9,"hum_air":31.5,"ph":8.07,"temp_water":21.19,"distance_cm":51.4,"generated_at":"2026-03-15T17:17:08Z","inserted_at":"2026-03-15T17:17:08Z","ts":"2026-03-15T17:10:47Z"}
{"_id":{"$oid":"69b6ebecb2147717dbde6e26"},"start_ts":"2026-03-15T17:17:27Z","end_ts":"2026-03-15T17:24:07Z","count":4,"temp_air":40.849999999999994,"hum_air":34.099999999999994,"ph":8.035,"temp_water":22.03,"distance_cm":50.5,"generated_at":"2026-03-15T17:27:08Z","inserted_at":"2026-03-15T17:27:08Z","ts":"2026-03-15T17:24:07Z"}
{"_id":{"$oid":"69b6ee44b2147717dbde6e27"},"start_ts":"2026-03-15T17:30:47Z","end_ts":"2026-03-15T17:30:47Z","count":2,"temp_air":39.1,"hum_air":33.8,"ph":8.01,"temp_water":22.69,"distance_cm":48.6,"generated_at":"2026-03-15T17:37:08Z","inserted_at":"2026-03-15T17:37:08Z","ts":"2026-03-15T17:30:47Z"}
{"_id":{"$oid":"69b6f09cb2147717dbde6e28"},"start_ts":"2026-03-15T17:37:27Z","end_ts":"2026-03-15T17:44:07Z","count":4,"temp_air":37.65,"hum_air":32.75,"ph":8.04,"temp_water":23.5,"distance_cm":47.7,"generated_at":"2026-03-15T17:47:08Z","inserted_at":"2026-03-15T17:47:08Z","ts":"2026-03-15T17:44:07Z"}
{"_id":{"$oid":"69b6f2f4b2147717dbde6e29"},"start_ts":"2026-03-15T17:50:47Z","end_ts":"2026-03-15T17:50:47Z","count":2,"temp_air":36.3,"hum_air":37.0,"ph":8.12,"temp_water":24.38,"distance_cm":46.9,"generated_at":"2026-03-15T17:57:08Z","inserted_at":"2026-03-15T17:57:08Z","ts":"2026-03-15T17:50:47Z"}
{"_id":{"$oid":"69b6f54cb2147717dbde6e2a"},"start_ts":"2026-03-15T17:57:27Z","end_ts":"2026-03-15T18:04:07Z","count":4,"temp_air":35.4,"hum_air":35.9,"ph":8.065,"temp_water":22.38,"distance_cm":47.099999999999994,"generated_at":"2026-03-15T18:07:08Z","inserted_at":"2026-03-15T18:07:08Z","ts":"2026-03-15T18:04:07Z"}
{"_id":{"$oid":"69b6f7a5b2147717dbde6e2b"},"start_ts":"2026-03-15T18:10:47Z","end_ts":"2026-03-15T18:10:47Z","count":2,"temp_air":34.2,"hum_air":38.6,"ph":8.1,"temp_water":18.12,"distance_cm":57.3,"generated_at":"2026-03-15T18:17:09Z","inserted_at":"2026-03-15T18:17:09Z","ts":"2026-03-15T18:10:47Z"}
{"_id":{"$oid":"69b6f9fdb2147717dbde6e2c"},"start_ts":"2026-03-15T18:17:28Z","end_ts":"2026-03-15T18:24:07Z","count":4,"temp_air":32.05,"hum_air":37.95,"ph":8.094999999999999,"temp_water":19.0,"distance_cm":59.150000000000006,"generated_at":"2026-03-15T18:27:09Z","inserted_at":"2026-03-15T18:27:09Z","ts":"2026-03-15T18:24:07Z"}
{"_id":{"$oid":"69b6fc55b2147717dbde6e2d"},"start_ts":"2026-03-15T18:30:48Z","end_ts":"2026-03-15T18:30:48Z","count":2,"temp_air":29.5,"hum_air":39.1,"ph":8.06,"temp_water":19.5,"distance_cm":57.2,"generated_at":"2026-03-15T18:37:09Z","inserted_at":"2026-03-15T18:37:09Z","ts":"2026-03-15T18:30:48Z"}
{"_id":{"$oid":"69b6feadb2147717dbde6e2e"},"start_ts":"2026-03-15T18:37:28Z","end_ts":"2026-03-15T18:44:08Z","count":4,"temp_air":28.85,"hum_air":42.650000000000006,"ph":8.15,"temp_water":19.785,"distance_cm":55.4,"generated_at":"2026-03-15T18:47:09Z","inserted_at":"2026-03-15T18:47:09Z","ts":"2026-03-15T18:44:08Z"}
{"_id":{"$oid":"69b70105b2147717dbde6e2f"},"start_ts":"2026-03-15T18:50:47Z","end_ts":"2026-03-15T18:50:47Z","count":2,"temp_air":31.5,"hum_air":38.5,"ph":8.23,"temp_water":20.56,"distance_cm":53.8,"generated_at":"2026-03-15T18:57:09Z","inserted_at":"2026-03-15T18:57:09Z","ts":"2026-03-15T18:50:47Z"}
{"_id":{"$oid":"69b7035db2147717dbde6e30"},"start_ts":"2026-03-15T18:57:27Z","end_ts":"2026-03-15T19:04:08Z","count":4,"temp_air":30.9,"hum_air":37.0,"ph":8.16,"temp_water":20.88,"distance_cm":52.349999999999994,"generated_at":"2026-03-15T19:07:09Z","inserted_at":"2026-03-15T19:07:09Z","ts":"2026-03-15T19:04:08Z"}
{"_id":{"$oid":"69b705b5b2147717dbde6e31"},"start_ts":"2026-03-15T19:10:47Z","end_ts":"2026-03-15T19:10:47Z","count":2,"temp_air":28.5,"hum_air":42.5,"ph":8.12,"temp_water":20.62,"distance_cm":50.8,"generated_at":"2026-03-15T19:17:09Z","inserted_at":"2026-03-15T19:17:09Z","ts":"2026-03-15T19:10:47Z"}
{"_id":{"$oid":"69b7080db2147717dbde6e32"},"start_ts":"2026-03-15T19:17:27Z","end_ts":"2026-03-15T19:24:08Z","count":4,"temp_air":28.9,"hum_air":43.6,"ph":8.125,"temp_water":18.685,"distance_cm":59.55,"generated_at":"2026-03-15T19:27:09Z","inserted_at":"2026-03-15T19:27:09Z","ts":"2026-03-15T19:24:08Z"}
{"_id":{"$oid":"69b70a66b2147717dbde6e33"},"start_ts":"2026-03-15T19:30:48Z","end_ts":"2026-03-15T19:30:48Z","count":2,"temp_air":30.9,"hum_air":41.8,"ph":8.13,"temp_water":19.69,"distance_cm":62.5,"generated_at":"2026-03-15T19:37:10Z","inserted_at":"2026-03-15T19:37:10Z","ts":"2026-03-15T19:30:48Z"}
{"_id":{"$oid":"69b70cbeb2147717dbde6e34"},"start_ts":"2026-03-15T19:37:28Z","end_ts":"2026-03-15T19:44:08Z","count":4,"temp_air":32.15,"hum_air":41.15,"ph":8.155000000000001,"temp_water":20.565,"distance_cm":60.5,"generated_at":"2026-03-15T19:47:10Z","inserted_at":"2026-03-15T19:47:10Z","ts":"2026-03-15T19:44:08Z"}
{"_id":{"$oid":"69b70f16b2147717dbde6e35"},"start_ts":"2026-03-15T19:50:47Z","end_ts":"2026-03-15T19:50:47Z","count":2,"temp_air":32.1,"hum_air":41.5,"ph":8.22,"temp_water":21.0,"distance_cm":58.0,"generated_at":"2026-03-15T19:57:10Z","inserted_at":"2026-03-15T19:57:10Z","ts":"2026-03-15T19:50:47Z"}
{"_id":{"$oid":"69b7116eb2147717dbde6e36"},"start_ts":"2026-03-15T19:57:27Z","end_ts":"2026-03-15T20:04:08Z","count":4,"temp_air":31.4,"hum_air":42.2,"ph":8.195,"temp_water":21.314999999999998,"distance_cm":55.75,"generated_at":"2026-03-15T20:07:10Z","inserted_at":"2026-03-15T20:07:10Z","ts":"2026-03-15T20:04:08Z"}
{"_id":{"$oid":"69b713c6b2147717dbde6e37"},"start_ts":"2026-03-15T20:10:49Z","end_ts":"2026-03-15T20:10:49Z","count":2,"temp_air":32.2,"hum_air":44.5,"ph":8.16,"temp_water":21.69,"distance_cm":53.5,"generated_at":"2026-03-15T20:17:10Z","inserted_at":"2026-03-15T20:17:10Z","ts":"2026-03-15T20:10:49Z"}
{"_id":{"$oid":"69b7161eb2147717dbde6e38"},"start_ts":"2026-03-15T20:17:29Z","end_ts":"2026-03-15T20:24:08Z","count":4,"temp_air":31.099999999999998,"hum_air":43.3,"ph":8.125,"temp_water":20.94,"distance_cm":52.8,"generated_at":"2026-03-15T20:27:10Z","inserted_at":"2026-03-15T20:27:10Z","ts":"2026-03-15T20:24:08Z"}
{"_id":{"$oid":"69b71876b2147717dbde6e39"},"start_ts":"2026-03-15T20:30:49Z","end_ts":"2026-03-15T20:30:49Z","count":2,"temp_air":28.0,"hum_air":47.8,"ph":8.1,"temp_water":19.88,"distance_cm":63.5,"generated_at":"2026-03-15T20:37:10Z","inserted_at":"2026-03-15T20:37:10Z","ts":"2026-03-15T20:30:49Z"}
{"_id":{"$oid":"69b71aceb2147717dbde6e3a"},"start_ts":"2026-03-15T20:37:28Z","end_ts":"2026-03-15T20:44:07Z","count":4,"temp_air":25.75,"hum_air":52.1,"ph":8.129999999999999,"temp_water":19.814999999999998,"distance_cm":68.35,"generated_at":"2026-03-15T20:47:10Z","inserted_at":"2026-03-15T20:47:10Z","ts":"2026-03-15T20:44:07Z"}
{"_id":{"$oid":"69b71d26b2147717dbde6e3b"},"start_ts":"2026-03-15T20:50:48Z","end_ts":"2026-03-15T20:50:48Z","count":2,"temp_air":24.6,"hum_air":54.5,"ph":8.09,"temp_water":19.62,"distance_cm":65.4,"generated_at":"2026-03-15T20:57:10Z","inserted_at":"2026-03-15T20:57:10Z","ts":"2026-03-15T20:50:48Z"}
{"_id":{"$oid":"69b71f7eb2147717dbde6e3c"},"start_ts":"2026-03-15T20:57:27Z","end_ts":"2026-03-15T21:04:09Z","count":4,"temp_air":25.75,"hum_air":52.2,"ph":8.120000000000001,"temp_water":19.75,"distance_cm":61.25,"generated_at":"2026-03-15T21:07:10Z","inserted_at":"2026-03-15T21:07:10Z","ts":"2026-03-15T21:04:09Z"}
{"_id":{"$oid":"69b721d7b2147717dbde6e3d"},"start_ts":"2026-03-15T21:10:49Z","end_ts":"2026-03-15T21:10:49Z","count":2,"temp_air":25.1,"hum_air":51.6,"ph":8.17,"temp_water":19.62,"distance_cm":58.7,"generated_at":"2026-03-15T21:17:11Z","inserted_at":"2026-03-15T21:17:11Z","ts":"2026-03-15T21:10:49Z"}
{"_id":{"$oid":"69b7242fb2147717dbde6e3e"},"start_ts":"2026-03-15T21:17:30Z","end_ts":"2026-03-15T21:24:09Z","count":4,"temp_air":24.45,"hum_air":53.400000000000006,"ph":8.175,"temp_water":19.375,"distance_cm":56.4,"generated_at":"2026-03-15T21:27:11Z","inserted_at":"2026-03-15T21:27:11Z","ts":"2026-03-15T21:24:09Z"}
{"_id":{"$oid":"69b72687b2147717dbde6e3f"},"start_ts":"2026-03-15T21:30:48Z","end_ts":"2026-03-15T21:30:48Z","count":2,"temp_air":23.6,"hum_air":55.2,"ph":8.17,"temp_water":19.19,"distance_cm":54.6,"generated_at":"2026-03-15T21:37:11Z","inserted_at":"2026-03-15T21:37:11Z","ts":"2026-03-15T21:30:48Z"}
{"_id":{"$oid":"69b728dfb2147717dbde6e40"},"start_ts":"2026-03-15T21:37:30Z","end_ts":"2026-03-15T21:44:08Z","count":4,"temp_air":25.4,"hum_air":57.099999999999994,"ph":8.145,"temp_water":19.62,"distance_cm":57.3,"generated_at":"2026-03-15T21:47:11Z","inserted_at":"2026-03-15T21:47:11Z","ts":"2026-03-15T21:44:08Z"}
{"_id":{"$oid":"69b72b37b2147717dbde6e41"},"start_ts":"2026-03-15T21:50:48Z","end_ts":"2026-03-15T21:50:48Z","count":2,"temp_air":26.4,"hum_air":56.8,"ph":8.17,"temp_water":20.12,"distance_cm":69.1,"generated_at":"2026-03-15T21:57:11Z","inserted_at":"2026-03-15T21:57:11Z","ts":"2026-03-15T21:50:48Z"}
{"_id":{"$oid":"69b72d8fb2147717dbde6e42"},"start_ts":"2026-03-15T21:57:27Z","end_ts":"2026-03-15T22:04:08Z","count":4,"temp_air":25.75,"hum_air":56.349999999999994,"ph":8.129999999999999,"temp_water":20.060000000000002,"distance_cm":66.80000000000001,"generated_at":"2026-03-15T22:07:11Z","inserted_at":"2026-03-15T22:07:11Z","ts":"2026-03-15T22:04:08Z"}
{"_id":{"$oid":"69b72fe7b2147717dbde6e43"},"start_ts":"2026-03-15T22:10:48Z","end_ts":"2026-03-15T22:10:48Z","count":2,"temp_air":24.3,"hum_air":59.2,"ph":8.1,"temp_water":19.88,"distance_cm":63.6,"generated_at":"2026-03-15T22:17:11Z","inserted_at":"2026-03-15T22:17:11Z","ts":"2026-03-15T22:10:48Z"}
{"_id":{"$oid":"69b7323fb2147717dbde6e44"},"start_ts":"2026-03-15T22:17:28Z","end_ts":"2026-03-15T22:24:08Z","count":4,"temp_air":23.549999999999997,"hum_air":63.2,"ph":8.094999999999999,"temp_water":19.69,"distance_cm":59.849999999999994,"generated_at":"2026-03-15T22:27:11Z","inserted_at":"2026-03-15T22:27:11Z","ts":"2026-03-15T22:24:08Z"}
{"_id":{"$oid":"69b73497b2147717dbde6e45"},"start_ts":"2026-03-15T22:30:48Z","end_ts":"2026-03-15T22:30:48Z","count":2,"temp_air":22.9,"hum_air":64.5,"ph":8.09,"temp_water":19.5,"distance_cm":58.1,"generated_at":"2026-03-15T22:37:11Z","inserted_at":"2026-03-15T22:37:11Z","ts":"2026-03-15T22:30:48Z"}
{"_id":{"$oid":"69b736f0b2147717dbde6e46"},"start_ts":"2026-03-15T22:37:28Z","end_ts":"2026-03-15T22:44:08Z","count":4,"temp_air":22.450000000000003,"hum_air":65.55,"ph":8.094999999999999,"temp_water":19.25,"distance_cm":56.2,"generated_at":"2026-03-15T22:47:12Z","inserted_at":"2026-03-15T22:47:12Z","ts":"2026-03-15T22:44:08Z"}
{"_id":{"$oid":"69b73948b2147717dbde6e47"},"start_ts":"2026-03-15T22:50:48Z","end_ts":"2026-03-15T22:50:48Z","count":2,"temp_air":22.2,"hum_air":66.4,"ph":8.11,"temp_water":19.0,"distance_cm":55.0,"generated_at":"2026-03-15T22:57:12Z","inserted_at":"2026-03-15T22:57:12Z","ts":"2026-03-15T22:50:48Z"}
{"_id":{"$oid":"69b73ba0b2147717dbde6e48"},"start_ts":"2026-03-15T22:57:28Z","end_ts":"2026-03-15T23:04:10Z","count":4,"temp_air":21.6,"hum_air":66.45,"ph":8.12,"temp_water":18.78,"distance_cm":53.8,"generated_at":"2026-03-15T23:07:12Z","inserted_at":"2026-03-15T23:07:12Z","ts":"2026-03-15T23:04:10Z"}
{"_id":{"$oid":"69b73df8b2147717dbde6e49"},"start_ts":"2026-03-15T23:10:48Z","end_ts":"2026-03-15T23:10:48Z","count":2,"temp_air":20.7,"hum_air":68.7,"ph":8.14,"temp_water":18.5,"distance_cm":52.7,"generated_at":"2026-03-15T23:17:12Z","inserted_at":"2026-03-15T23:17:12Z","ts":"2026-03-15T23:10:48Z"}
{"_id":{"$oid":"69b74050b2147717dbde6e4a"},"start_ts":"2026-03-15T23:17:29Z","end_ts":"2026-03-15T23:24:08Z","count":4,"temp_air":19.65,"hum_air":70.25,"ph":8.205,"temp_water":18.0,"distance_cm":52.0,"generated_at":"2026-03-15T23:27:12Z","inserted_at":"2026-03-15T23:27:12Z","ts":"2026-03-15T23:24:08Z"}
{"_id":{"$oid":"69b742a8b2147717dbde6e4b"},"start_ts":"2026-03-15T23:30:48Z","end_ts":"2026-03-15T23:30:48Z","count":2,"temp_air":18.6,"hum_air":73.1,"ph":8.24,"temp_water":17.5,"distance_cm":51.1,"generated_at":"2026-03-15T23:37:12Z","inserted_at":"2026-03-15T23:37:12Z","ts":"2026-03-15T23:30:48Z"}
{"_id":{"$oid":"69b74500b2147717dbde6e4c"},"start_ts":"2026-03-15T23:37:28Z","end_ts":"2026-03-15T23:44:08Z","count":4,"temp_air":17.95,"hum_air":75.35,"ph":8.295,"temp_water":17.0,"distance_cm":50.65,"generated_at":"2026-03-15T23:47:12Z","inserted_at":"2026-03-15T23:47:12Z","ts":"2026-03-15T23:44:08Z"}
{"_id":{"$oid":"69b74759b2147717dbde6e4d"},"start_ts":"2026-03-15T23:50:48Z","end_ts":"2026-03-15T23:50:48Z","count":2,"temp_air":17.4,"hum_air":76.7,"ph":8.37,"temp_water":16.62,"distance_cm":50.3,"generated_at":"2026-03-15T23:57:13Z","inserted_at":"2026-03-15T23:57:13Z","ts":"2026-03-15T23:50:48Z"}
{"_id":{"$oid":"69b749b1b2147717dbde6e4e"},"start_ts":"2026-03-15T23:57:28Z","end_ts":"2026-03-16T00:04:08Z","count":4,"temp_air":16.85,"hum_air":78.1,"ph":8.42,"temp_water":16.22,"distance_cm":50.4,"generated_at":"2026-03-16T00:07:13Z","inserted_at":"2026-03-16T00:07:13Z","ts":"2026-03-16T00:04:08Z"}
{"_id":{"$oid":"69b74c09b2147717dbde6e4f"},"start_ts":"2026-03-16T00:10:48Z","end_ts":"2026-03-16T00:10:48Z","count":2,"temp_air":16.5,"hum_air":79.0,"ph":8.43,"temp_water":15.88,"distance_cm":49.8,"generated_at":"2026-03-16T00:17:13Z","inserted_at":"2026-03-16T00:17:13Z","ts":"2026-03-16T00:10:48Z"}
{"_id":{"$oid":"69b74e61b2147717dbde6e50"},"start_ts":"2026-03-16T00:17:28Z","end_ts":"2026-03-16T00:24:08Z","count":4,"temp_air":16.35,"hum_air":79.4,"ph":8.445,"temp_water":15.5,"distance_cm":49.7,"generated_at":"2026-03-16T00:27:13Z","inserted_at":"2026-03-16T00:27:13Z","ts":"2026-03-16T00:24:08Z"}
{"_id":{"$oid":"69b750b9b2147717dbde6e51"},"start_ts":"2026-03-16T00:30:49Z","end_ts":"2026-03-16T00:30:49Z","count":2,"temp_air":16.2,"hum_air":80.0,"ph":8.47,"temp_water":15.19,"distance_cm":49.9,"generated_at":"2026-03-16T00:37:13Z","inserted_at":"2026-03-16T00:37:13Z","ts":"2026-03-16T00:30:49Z"}
{"_id":{"$oid":"69b75311b2147717dbde6e52"},"start_ts":"2026-03-16T00:37:28Z","end_ts":"2026-03-16T00:44:08Z","count":4,"temp_air":15.85,"hum_air":81.1,"ph":8.495000000000001,"temp_water":14.905000000000001,"distance_cm":49.349999999999994,"generated_at":"2026-03-16T00:47:13Z","inserted_at":"2026-03-16T00:47:13Z","ts":"2026-03-16T00:44:08Z"}
{"_id":{"$oid":"69b75569b2147717dbde6e53"},"start_ts":"2026-03-16T00:50:48Z","end_ts":"2026-03-16T00:50:48Z","count":2,"temp_air":15.7,"hum_air":81.2,"ph":8.51,"temp_water":14.62,"distance_cm":49.3,"generated_at":"2026-03-16T00:57:13Z","inserted_at":"2026-03-16T00:57:13Z","ts":"2026-03-16T00:50:48Z"}
{"_id":{"$oid":"69b757c1b2147717dbde6e54"},"start_ts":"2026-03-16T00:57:29Z","end_ts":"2026-03-16T01:04:08Z","count":4,"temp_air":15.45,"hum_air":80.0,"ph":8.52,"temp_water":14.344999999999999,"distance_cm":49.150000000000006,"generated_at":"2026-03-16T01:07:13Z","inserted_at":"2026-03-16T01:07:13Z","ts":"2026-03-16T01:04:08Z"}
{"_id":{"$oid":"69b75a19b2147717dbde6e55"},"start_ts":"2026-03-16T01:10:48Z","end_ts":"2026-03-16T01:10:48Z","count":2,"temp_air":15.3,"hum_air":79.0,"ph":8.54,"temp_water":14.0,"distance_cm":49.1,"generated_at":"2026-03-16T01:17:13Z","inserted_at":"2026-03-16T01:17:13Z","ts":"2026-03-16T01:10:48Z"}
{"_id":{"$oid":"69b75c72b2147717dbde6e56"},"start_ts":"2026-03-16T01:17:28Z","end_ts":"2026-03-16T01:24:10Z","count":4,"temp_air":14.95,"hum_air":79.65,"ph":8.55,"temp_water":13.845,"distance_cm":49.0,"generated_at":"2026-03-16T01:27:14Z","inserted_at":"2026-03-16T01:27:14Z","ts":"2026-03-16T01:24:10Z"}
{"_id":{"$oid":"69b75ecab2147717dbde6e57"},"start_ts":"2026-03-16T01:30:48Z","end_ts":"2026-03-16T01:30:48Z","count":2,"temp_air":14.8,"hum_air":80.1,"ph":8.57,"temp_water":13.62,"distance_cm":48.9,"generated_at":"2026-03-16T01:37:14Z","inserted_at":"2026-03-16T01:37:14Z","ts":"2026-03-16T01:30:48Z"}
{"_id":{"$oid":"69b76122b2147717dbde6e58"},"start_ts":"2026-03-16T01:37:28Z","end_ts":"2026-03-16T01:44:09Z","count":4,"temp_air":14.7,"hum_air":80.7,"ph":8.58,"temp_water":13.375,"distance_cm":49.05,"generated_at":"2026-03-16T01:47:14Z","inserted_at":"2026-03-16T01:47:14Z","ts":"2026-03-16T01:44:09Z"}
{"_id":{"$oid":"69b7637ab2147717dbde6e59"},"start_ts":"2026-03-16T01:50:50Z","end_ts":"2026-03-16T01:50:50Z","count":2,"temp_air":14.5,"hum_air":80.8,"ph":8.59,"temp_water":13.12,"distance_cm":49.2,"generated_at":"2026-03-16T01:57:14Z","inserted_at":"2026-03-16T01:57:14Z","ts":"2026-03-16T01:50:50Z"}
{"_id":{"$oid":"69b765d2b2147717dbde6e5a"},"start_ts":"2026-03-16T01:57:29Z","end_ts":"2026-03-16T02:04:10Z","count":4,"temp_air":14.35,"hum_air":81.05000000000001,"ph":8.61,"temp_water":12.875,"distance_cm":36.85,"generated_at":"2026-03-16T02:07:14Z","inserted_at":"2026-03-16T02:07:14Z","ts":"2026-03-16T02:04:10Z"}
{"_id":{"$oid":"69b7682ab2147717dbde6e5b"},"start_ts":"2026-03-16T02:10:48Z","end_ts":"2026-03-16T02:10:48Z","count":2,"temp_air":14.1,"hum_air":80.7,"ph":8.63,"temp_water":12.69,"distance_cm":48.7,"generated_at":"2026-03-16T02:17:14Z","inserted_at":"2026-03-16T02:17:14Z","ts":"2026-03-16T02:10:48Z"}
{"_id":{"$oid":"69b76a82b2147717dbde6e5c"},"start_ts":"2026-03-16T02:17:30Z","end_ts":"2026-03-16T02:24:10Z","count":4,"temp_air":13.95,"hum_air":80.9,"ph":8.635000000000002,"temp_water":12.47,"distance_cm":48.8,"generated_at":"2026-03-16T02:27:14Z","inserted_at":"2026-03-16T02:27:14Z","ts":"2026-03-16T02:24:10Z"}
{"_id":{"$oid":"69b76cdab2147717dbde6e5d"},"start_ts":"2026-03-16T02:30:49Z","end_ts":"2026-03-16T02:30:49Z","count":2,"temp_air":13.8,"hum_air":80.8,"ph":8.66,"temp_water":12.19,"distance_cm":48.9,"generated_at":"2026-03-16T02:37:14Z","inserted_at":"2026-03-16T02:37:14Z","ts":"2026-03-16T02:30:49Z"}
{"_id":{"$oid":"69b76f32b2147717dbde6e5e"},"start_ts":"2026-03-16T02:37:28Z","end_ts":"2026-03-16T02:44:08Z","count":4,"temp_air":13.8,"hum_air":81.0,"ph":8.66,"temp_water":12.059999999999999,"distance_cm":48.5,"generated_at":"2026-03-16T02:47:14Z","inserted_at":"2026-03-16T02:47:14Z","ts":"2026-03-16T02:44:08Z"}
{"_id":{"$oid":"69b7718bb2147717dbde6e5f"},"start_ts":"2026-03-16T02:50:48Z","end_ts":"2026-03-16T02:50:48Z","count":2,"temp_air":13.9,"hum_air":81.3,"ph":8.66,"temp_water":11.94,"distance_cm":48.5,"generated_at":"2026-03-16T02:57:15Z","inserted_at":"2026-03-16T02:57:15Z","ts":"2026-03-16T02:50:48Z"}
{"_id":{"$oid":"69b773e3b2147717dbde6e60"},"start_ts":"2026-03-16T02:57:28Z","end_ts":"2026-03-16T03:04:09Z","count":4,"temp_air":13.850000000000001,"hum_air":81.4,"ph":8.675,"temp_water":11.845,"distance_cm":48.5,"generated_at":"2026-03-16T03:07:15Z","inserted_at":"2026-03-16T03:07:15Z","ts":"2026-03-16T03:04:09Z"}
{"_id":{"$oid":"69b7763bb2147717dbde6e61"},"start_ts":"2026-03-16T03:10:48Z","end_ts":"2026-03-16T03:10:48Z","count":2,"temp_air":14.0,"hum_air":81.5,"ph":8.67,"temp_water":11.75,"distance_cm":48.4,"generated_at":"2026-03-16T03:17:15Z","inserted_at":"2026-03-16T03:17:15Z","ts":"2026-03-16T03:10:48Z"}
{"_id":{"$oid":"69b77893b2147717dbde6e62"},"start_ts":"2026-03-16T03:17:28Z","end_ts":"2026-03-16T03:24:08Z","count":4,"temp_air":13.75,"hum_air":81.2,"ph":8.655000000000001,"temp_water":11.625,"distance_cm":48.4,"generated_at":"2026-03-16T03:27:15Z","inserted_at":"2026-03-16T03:27:15Z","ts":"2026-03-16T03:24:08Z"}
{"_id":{"$oid":"69b77aebb2147717dbde6e63"},"start_ts":"2026-03-16T03:30:48Z","end_ts":"2026-03-16T03:30:48Z","count":2,"temp_air":13.6,"hum_air":81.1,"ph":8.67,"temp_water":11.5,"distance_cm":48.4,"generated_at":"2026-03-16T03:37:15Z","inserted_at":"2026-03-16T03:37:15Z","ts":"2026-03-16T03:30:48Z"}
{"_id":{"$oid":"69b77d43b2147717dbde6e64"},"start_ts":"2026-03-16T03:37:28Z","end_ts":"2026-03-16T03:44:08Z","count":4,"temp_air":13.3,"hum_air":81.3,"ph":8.67,"temp_water":11.280000000000001,"distance_cm":48.8,"generated_at":"2026-03-16T03:47:15Z","inserted_at":"2026-03-16T03:47:15Z","ts":"2026-03-16T03:44:08Z"}
{"_id":{"$oid":"69b77f9bb2147717dbde6e65"},"start_ts":"2026-03-16T03:50:48Z","end_ts":"2026-03-16T03:50:48Z","count":2,"temp_air":13.2,"hum_air":81.1,"ph":8.67,"temp_water":11.19,"distance_cm":48.3,"generated_at":"2026-03-16T03:57:15Z","inserted_at":"2026-03-16T03:57:15Z","ts":"2026-03-16T03:50:48Z"}
{"_id":{"$oid":"69b781f3b2147717dbde6e66"},"start_ts":"2026-03-16T03:57:28Z","end_ts":"2026-03-16T04:04:08Z","count":4,"temp_air":13.05,"hum_air":81.25,"ph":8.695,"temp_water":11.0,"distance_cm":48.3,"generated_at":"2026-03-16T04:07:15Z","inserted_at":"2026-03-16T04:07:15Z","ts":"2026-03-16T04:04:08Z"}
{"_id":{"$oid":"69b7844cb2147717dbde6e67"},"start_ts":"2026-03-16T04:10:48Z","end_ts":"2026-03-16T04:10:48Z","count":2,"temp_air":13.1,"hum_air":81.2,"ph":8.71,"temp_water":10.88,"distance_cm":48.3,"generated_at":"2026-03-16T04:17:16Z","inserted_at":"2026-03-16T04:17:16Z","ts":"2026-03-16T04:10:48Z"}
{"_id":{"$oid":"69b786a4b2147717dbde6e68"},"start_ts":"2026-03-16T04:17:28Z","end_ts":"2026-03-16T04:24:08Z","count":4,"temp_air":12.95,"hum_air":81.5,"ph":8.72,"temp_water":10.780000000000001,"distance_cm":48.2,"generated_at":"2026-03-16T04:27:16Z","inserted_at":"2026-03-16T04:27:16Z","ts":"2026-03-16T04:24:08Z"}
{"_id":{"$oid":"69b788fcb2147717dbde6e69"},"start_ts":"2026-03-16T04:30:48Z","end_ts":"2026-03-16T04:30:48Z","count":2,"temp_air":12.9,"hum_air":81.1,"ph":8.72,"temp_water":10.69,"distance_cm":48.6,"generated_at":"2026-03-16T04:37:16Z","inserted_at":"2026-03-16T04:37:16Z","ts":"2026-03-16T04:30:48Z"}
{"_id":{"$oid":"69b78b54b2147717dbde6e6a"},"start_ts":"2026-03-16T04:37:28Z","end_ts":"2026-03-16T04:44:08Z","count":4,"temp_air":12.8,"hum_air":81.19999999999999,"ph":8.705,"temp_water":10.59,"distance_cm":48.2,"generated_at":"2026-03-16T04:47:16Z","inserted_at":"2026-03-16T04:47:16Z","ts":"2026-03-16T04:44:08Z"}
{"_id":{"$oid":"69b78dacb2147717dbde6e6b"},"start_ts":"2026-03-16T04:50:49Z","end_ts":"2026-03-16T04:50:49Z","count":2,"temp_air":12.8,"hum_air":81.3,"ph":8.7,"temp_water":10.44,"distance_cm":48.1,"generated_at":"2026-03-16T04:57:16Z","inserted_at":"2026-03-16T04:57:16Z","ts":"2026-03-16T04:50:49Z"}
{"_id":{"$oid":"69b79004b2147717dbde6e6c"},"start_ts":"2026-03-16T04:57:28Z","end_ts":"2026-03-16T05:04:08Z","count":4,"temp_air":12.95,"hum_air":81.45,"ph":8.72,"temp_water":10.41,"distance_cm":48.150000000000006,"generated_at":"2026-03-16T05:07:16Z","inserted_at":"2026-03-16T05:07:16Z","ts":"2026-03-16T05:04:08Z"}
{"_id":{"$oid":"69b7925cb2147717dbde6e6d"},"start_ts":"2026-03-16T05:10:48Z","end_ts":"2026-03-16T05:10:48Z","count":2,"temp_air":13.3,"hum_air":81.3,"ph":8.75,"temp_water":10.38,"distance_cm":48.1,"generated_at":"2026-03-16T05:17:16Z","inserted_at":"2026-03-16T05:17:16Z","ts":"2026-03-16T05:10:48Z"}
{"_id":{"$oid":"69b794b4b2147717dbde6e6e"},"start_ts":"2026-03-16T05:17:28Z","end_ts":"2026-03-16T05:24:08Z","count":4,"temp_air":13.5,"hum_air":81.55,"ph":8.76,"temp_water":10.44,"distance_cm":48.1,"generated_at":"2026-03-16T05:27:16Z","inserted_at":"2026-03-16T05:27:16Z","ts":"2026-03-16T05:24:08Z"}
{"_id":{"$oid":"69b7970cb2147717dbde6e6f"},"start_ts":"2026-03-16T05:30:48Z","end_ts":"2026-03-16T05:30:48Z","count":2,"temp_air":13.6,"hum_air":81.2,"ph":8.75,"temp_water":10.44,"distance_cm":48.2,"generated_at":"2026-03-16T05:37:16Z","inserted_at":"2026-03-16T05:37:16Z","ts":"2026-03-16T05:30:48Z"}
{"_id":{"$oid":"69b79964b2147717dbde6e70"},"start_ts":"2026-03-16T05:37:28Z","end_ts":"2026-03-16T05:44:08Z","count":4,"temp_air":13.75,"hum_air":80.75,"ph":8.735,"temp_water":10.5,"distance_cm":48.1,"generated_at":"2026-03-16T05:47:16Z","inserted_at":"2026-03-16T05:47:16Z","ts":"2026-03-16T05:44:08Z"}
{"_id":{"$oid":"69b79bbdb2147717dbde6e71"},"start_ts":"2026-03-16T05:50:48Z","end_ts":"2026-03-16T05:50:48Z","count":2,"temp_air":13.6,"hum_air":79.9,"ph":8.67,"temp_water":10.44,"distance_cm":48.1,"generated_at":"2026-03-16T05:57:17Z","inserted_at":"2026-03-16T05:57:17Z","ts":"2026-03-16T05:50:48Z"}
{"_id":{"$oid":"69b79e15b2147717dbde6e72"},"start_ts":"2026-03-16T05:57:28Z","end_ts":"2026-03-16T06:04:08Z","count":4,"temp_air":13.100000000000001,"hum_air":80.0,"ph":8.715,"temp_water":10.280000000000001,"distance_cm":48.25,"generated_at":"2026-03-16T06:07:17Z","inserted_at":"2026-03-16T06:07:17Z","ts":"2026-03-16T06:04:08Z"}
{"_id":{"$oid":"69b7a06db2147717dbde6e73"},"start_ts":"2026-03-16T06:10:48Z","end_ts":"2026-03-16T06:10:48Z","count":2,"temp_air":12.5,"hum_air":79.5,"ph":8.74,"temp_water":10.12,"distance_cm":48.0,"generated_at":"2026-03-16T06:17:17Z","inserted_at":"2026-03-16T06:17:17Z","ts":"2026-03-16T06:10:48Z"}
{"_id":{"$oid":"69b7a2c5b2147717dbde6e74"},"start_ts":"2026-03-16T06:17:28Z","end_ts":"2026-03-16T06:24:08Z","count":4,"temp_air":12.1,"hum_air":80.4,"ph":8.75,"temp_water":9.940000000000001,"distance_cm":48.0,"generated_at":"2026-03-16T06:27:17Z","inserted_at":"2026-03-16T06:27:17Z","ts":"2026-03-16T06:24:08Z"}
{"_id":{"$oid":"69b7a51db2147717dbde6e75"},"start_ts":"2026-03-16T06:30:48Z","end_ts":"2026-03-16T06:30:48Z","count":2,"temp_air":12.0,"hum_air":81.4,"ph":8.73,"temp_water":9.81,"distance_cm":48.0,"generated_at":"2026-03-16T06:37:17Z","inserted_at":"2026-03-16T06:37:17Z","ts":"2026-03-16T06:30:48Z"}
{"_id":{"$oid":"69b7a775b2147717dbde6e76"},"start_ts":"2026-03-16T06:37:28Z","end_ts":"2026-03-16T06:44:08Z","count":4,"temp_air":12.05,"hum_air":81.85,"ph":8.72,"temp_water":9.684999999999999,"distance_cm":47.9,"generated_at":"2026-03-16T06:47:17Z","inserted_at":"2026-03-16T06:47:17Z","ts":"2026-03-16T06:44:08Z"}
{"_id":{"$oid":"69b7a9cdb2147717dbde6e77"},"start_ts":"2026-03-16T06:50:48Z","end_ts":"2026-03-16T06:50:48Z","count":2,"temp_air":12.1,"hum_air":81.8,"ph":8.72,"temp_water":9.62,"distance_cm":47.9,"generated_at":"2026-03-16T06:57:17Z","inserted_at":"2026-03-16T06:57:17Z","ts":"2026-03-16T06:50:48Z"}
{"_id":{"$oid":"69b7ac25b2147717dbde6e78"},"start_ts":"2026-03-16T06:57:28Z","end_ts":"2026-03-16T07:04:08Z","count":4,"temp_air":12.3,"hum_air":82.05,"ph":8.745000000000001,"temp_water":9.59,"distance_cm":47.95,"generated_at":"2026-03-16T07:07:17Z","inserted_at":"2026-03-16T07:07:17Z","ts":"2026-03-16T07:04:08Z"}
{"_id":{"$oid":"69b7ae7eb2147717dbde6e79"},"start_ts":"2026-03-16T07:10:48Z","end_ts":"2026-03-16T07:10:48Z","count":2,"temp_air":12.5,"hum_air":81.3,"ph":8.76,"temp_water":9.56,"distance_cm":48.0,"generated_at":"2026-03-16T07:17:18Z","inserted_at":"2026-03-16T07:17:18Z","ts":"2026-03-16T07:10:48Z"}
{"_id":{"$oid":"69b7b0d6b2147717dbde6e7a"},"start_ts":"2026-03-16T07:17:28Z","end_ts":"2026-03-16T07:24:08Z","count":4,"temp_air":12.6,"hum_air":81.25,"ph":8.76,"temp_water":9.56,"distance_cm":48.2,"generated_at":"2026-03-16T07:27:18Z","inserted_at":"2026-03-16T07:27:18Z","ts":"2026-03-16T07:24:08Z"}
{"_id":{"$oid":"69b7b32eb2147717dbde6e7b"},"start_ts":"2026-03-16T07:30:48Z","end_ts":"2026-03-16T07:30:48Z","count":2,"temp_air":12.6,"hum_air":81.4,"ph":8.76,"temp_water":9.56,"distance_cm":47.9,"generated_at":"2026-03-16T07:37:18Z","inserted_at":"2026-03-16T07:37:18Z","ts":"2026-03-16T07:30:48Z"}
{"_id":{"$oid":"69b7b586b2147717dbde6e7c"},"start_ts":"2026-03-16T07:37:28Z","end_ts":"2026-03-16T07:44:08Z","count":4,"temp_air":12.8,"hum_air":81.5,"ph":8.77,"temp_water":9.56,"distance_cm":48.099999999999994,"generated_at":"2026-03-16T07:47:18Z","inserted_at":"2026-03-16T07:47:18Z","ts":"2026-03-16T07:44:08Z"}
{"_id":{"$oid":"69b7b7deb2147717dbde6e7d"},"start_ts":"2026-03-16T07:50:48Z","end_ts":"2026-03-16T07:50:48Z","count":2,"temp_air":13.0,"hum_air":81.1,"ph":8.78,"temp_water":9.62,"distance_cm":47.9,"generated_at":"2026-03-16T07:57:18Z","inserted_at":"2026-03-16T07:57:18Z","ts":"2026-03-16T07:50:48Z"}
{"_id":{"$oid":"69b7ba36b2147717dbde6e7e"},"start_ts":"2026-03-16T07:57:28Z","end_ts":"2026-03-16T08:04:08Z","count":4,"temp_air":12.9,"hum_air":80.65,"ph":8.774999999999999,"temp_water":9.59,"distance_cm":47.9,"generated_at":"2026-03-16T08:07:18Z","inserted_at":"2026-03-16T08:07:18Z","ts":"2026-03-16T08:04:08Z"}
{"_id":{"$oid":"69b7bc8eb2147717dbde6e7f"},"start_ts":"2026-03-16T08:10:48Z","end_ts":"2026-03-16T08:10:48Z","count":2,"temp_air":12.9,"hum_air":80.8,"ph":8.75,"temp_water":9.56,"distance_cm":47.9,"generated_at":"2026-03-16T08:17:18Z","inserted_at":"2026-03-16T08:17:18Z","ts":"2026-03-16T08:10:48Z"}
{"_id":{"$oid":"69b7bee6b2147717dbde6e80"},"start_ts":"2026-03-16T08:17:28Z","end_ts":"2026-03-16T08:24:08Z","count":4,"temp_air":12.9,"hum_air":80.65,"ph":8.754999999999999,"temp_water":9.59,"distance_cm":47.9,"generated_at":"2026-03-16T08:27:18Z","inserted_at":"2026-03-16T08:27:18Z","ts":"2026-03-16T08:24:08Z"}
{"_id":{"$oid":"69b7c396b2147717dbde6e81"},"start_ts":"2026-03-16T08:37:28Z","end_ts":"2026-03-16T08:44:08Z","count":4,"temp_air":13.05,"hum_air":81.1,"ph":8.594999999999999,"temp_water":9.655,"distance_cm":48.05,"generated_at":"2026-03-16T08:47:18Z","inserted_at":"2026-03-16T08:47:18Z","ts":"2026-03-16T08:44:08Z"}
{"_id":{"$oid":"69b7c5efb2147717dbde6e82"},"start_ts":"2026-03-16T08:50:48Z","end_ts":"2026-03-16T08:50:48Z","count":2,"temp_air":13.2,"hum_air":81.1,"ph":8.49,"temp_water":9.69,"distance_cm":48.2,"generated_at":"2026-03-16T08:57:19Z","inserted_at":"2026-03-16T08:57:19Z","ts":"2026-03-16T08:50:48Z"}
{"_id":{"$oid":"69b7c847b2147717dbde6e83"},"start_ts":"2026-03-16T08:57:28Z","end_ts":"2026-03-16T09:04:09Z","count":4,"temp_air":13.2,"hum_air":80.8,"ph":8.51,"temp_water":9.69,"distance_cm":48.05,"generated_at":"2026-03-16T09:07:19Z","inserted_at":"2026-03-16T09:07:19Z","ts":"2026-03-16T09:04:09Z"}
{"_id":{"$oid":"69b7ca9fb2147717dbde6e84"},"start_ts":"2026-03-16T09:10:49Z","end_ts":"2026-03-16T09:10:49Z","count":2,"temp_air":13.2,"hum_air":80.9,"ph":8.55,"temp_water":9.69,"distance_cm":47.8,"generated_at":"2026-03-16T09:17:19Z","inserted_at":"2026-03-16T09:17:19Z","ts":"2026-03-16T09:10:49Z"}
{"_id":{"$oid":"69b7ccf7b2147717dbde6e85"},"start_ts":"2026-03-16T09:17:29Z","end_ts":"2026-03-16T09:24:09Z","count":4,"temp_air":13.25,"hum_air":81.1,"ph":8.545,"temp_water":9.719999999999999,"distance_cm":48.0,"generated_at":"2026-03-16T09:27:19Z","inserted_at":"2026-03-16T09:27:19Z","ts":"2026-03-16T09:24:09Z"}
{"_id":{"$oid":"69b7cf4fb2147717dbde6e86"},"start_ts":"2026-03-16T09:30:49Z","end_ts":"2026-03-16T09:30:49Z","count":2,"temp_air":13.2,"hum_air":80.9,"ph":8.55,"temp_water":9.75,"distance_cm":47.8,"generated_at":"2026-03-16T09:37:19Z","inserted_at":"2026-03-16T09:37:19Z","ts":"2026-03-16T09:30:49Z"}
{"_id":{"$oid":"69b7d1a7b2147717dbde6e87"},"start_ts":"2026-03-16T09:37:29Z","end_ts":"2026-03-16T09:44:09Z","count":4,"temp_air":13.2,"hum_air":80.6,"ph":8.594999999999999,"temp_water":9.719999999999999,"distance_cm":48.0,"generated_at":"2026-03-16T09:47:19Z","inserted_at":"2026-03-16T09:47:19Z","ts":"2026-03-16T09:44:09Z"}
{"_id":{"$oid":"69b7d3ffb2147717dbde6e88"},"start_ts":"2026-03-16T09:50:49Z","end_ts":"2026-03-16T09:50:49Z","count":2,"temp_air":13.1,"hum_air":80.3,"ph":8.62,"temp_water":9.69,"distance_cm":48.2,"generated_at":"2026-03-16T09:57:19Z","inserted_at":"2026-03-16T09:57:19Z","ts":"2026-03-16T09:50:49Z"}
{"_id":{"$oid":"69b7d657b2147717dbde6e89"},"start_ts":"2026-03-16T09:57:29Z","end_ts":"2026-03-16T10:04:09Z","count":4,"temp_air":12.95,"hum_air":80.2,"ph":8.62,"temp_water":9.69,"distance_cm":48.2,"generated_at":"2026-03-16T10:07:19Z","inserted_at":"2026-03-16T10:07:19Z","ts":"2026-03-16T10:04:09Z"}
{"_id":{"$oid":"69b7d8afb2147717dbde6e8a"},"start_ts":"2026-03-16T10:10:49Z","end_ts":"2026-03-16T10:10:49Z","count":2,"temp_air":12.8,"hum_air":79.9,"ph":8.62,"temp_water":9.69,"generated_at":"2026-03-16T10:17:19Z","inserted_at":"2026-03-16T10:17:19Z","ts":"2026-03-16T10:10:49Z"}
{"_id":{"$oid":"69b7db07b2147717dbde6e8b"},"start_ts":"2026-03-16T10:17:29Z","end_ts":"2026-03-16T10:24:09Z","count":4,"temp_air":12.7,"hum_air":79.9,"ph":8.62,"temp_water":9.69,"generated_at":"2026-03-16T10:27:19Z","inserted_at":"2026-03-16T10:27:19Z","ts":"2026-03-16T10:24:09Z"}
{"_id":{"$oid":"69b7dd60b2147717dbde6e8c"},"start_ts":"2026-03-16T10:30:49Z","end_ts":"2026-03-16T10:30:49Z","count":2,"temp_air":12.6,"hum_air":80.1,"ph":8.62,"temp_water":9.69,"generated_at":"2026-03-16T10:37:20Z","inserted_at":"2026-03-16T10:37:20Z","ts":"2026-03-16T10:30:49Z"}
{"_id":{"$oid":"69b7dfb8b2147717dbde6e8d"},"start_ts":"2026-03-16T10:37:29Z","end_ts":"2026-03-16T10:44:09Z","count":4,"temp_air":12.649999999999999,"hum_air":80.4,"ph":8.62,"temp_water":9.69,"generated_at":"2026-03-16T10:47:20Z","inserted_at":"2026-03-16T10:47:20Z","ts":"2026-03-16T10:44:09Z"}
{"_id":{"$oid":"69b7e210b2147717dbde6e8e"},"start_ts":"2026-03-16T10:50:49Z","end_ts":"2026-03-16T10:50:49Z","count":2,"temp_air":12.7,"hum_air":80.1,"generated_at":"2026-03-16T10:57:20Z","inserted_at":"2026-03-16T10:57:20Z","ts":"2026-03-16T10:50:49Z"}
{"_id":{"$oid":"69b7e468b2147717dbde6e8f"},"start_ts":"2026-03-16T10:57:29Z","end_ts":"2026-03-16T11:04:09Z","count":4,"temp_air":12.7,"hum_air":80.15,"generated_at":"2026-03-16T11:07:20Z","inserted_at":"2026-03-16T11:07:20Z","ts":"2026-03-16T11:04:09Z"}
{"_id":{"$oid":"69b7e6c0b2147717dbde6e90"},"start_ts":"2026-03-16T11:10:49Z","end_ts":"2026-03-16T11:10:49Z","count":2,"temp_air":12.6,"hum_air":80.6,"generated_at":"2026-03-16T11:17:20Z","inserted_at":"2026-03-16T11:17:20Z","ts":"2026-03-16T11:10:49Z"}
{"_id":{"$oid":"69b7e918b2147717dbde6e91"},"start_ts":"2026-03-16T11:17:29Z","end_ts":"2026-03-16T11:24:09Z","count":4,"temp_air":12.7,"hum_air":80.5,"generated_at":"2026-03-16T11:27:20Z","inserted_at":"2026-03-16T11:27:20Z","ts":"2026-03-16T11:24:09Z"}
{"_id":{"$oid":"69b7eb70b2147717dbde6e92"},"start_ts":"2026-03-16T11:30:49Z","end_ts":"2026-03-16T11:30:49Z","count":2,"temp_air":12.7,"hum_air":80.6,"generated_at":"2026-03-16T11:37:20Z","inserted_at":"2026-03-16T11:37:20Z","ts":"2026-03-16T11:30:49Z"}
{"_id":{"$oid":"69b7edc8b2147717dbde6e93"},"start_ts":"2026-03-16T11:37:29Z","end_ts":"2026-03-16T11:44:09Z","count":4,"temp_air":12.850000000000001,"hum_air":80.9,"generated_at":"2026-03-16T11:47:20Z","inserted_at":"2026-03-16T11:47:20Z","ts":"2026-03-16T11:44:09Z"}
{"_id":{"$oid":"69b7f020b2147717dbde6e94"},"start_ts":"2026-03-16T11:50:49Z","end_ts":"2026-03-16T11:50:49Z","count":2,"temp_air":13.0,"hum_air":80.5,"generated_at":"2026-03-16T11:57:20Z","inserted_at":"2026-03-16T11:57:20Z","ts":"2026-03-16T11:50:49Z"}
{"_id":{"$oid":"69b7f279b2147717dbde6e95"},"start_ts":"2026-03-16T11:57:29Z","end_ts":"2026-03-16T12:04:09Z","count":4,"temp_air":13.25,"hum_air":80.2,"generated_at":"2026-03-16T12:07:21Z","inserted_at":"2026-03-16T12:07:21Z","ts":"2026-03-16T12:04:09Z"}
{"_id":{"$oid":"69b7f4d1b2147717dbde6e96"},"start_ts":"2026-03-16T12:10:49Z","end_ts":"2026-03-16T12:10:49Z","count":2,"temp_air":13.6,"hum_air":79.2,"generated_at":"2026-03-16T12:17:21Z","inserted_at":"2026-03-16T12:17:21Z","ts":"2026-03-16T12:10:49Z"}
{"_id":{"$oid":"69b7f729b2147717dbde6e97"},"start_ts":"2026-03-16T12:17:29Z","end_ts":"2026-03-16T12:24:09Z","count":4,"temp_air":14.05,"hum_air":78.8,"generated_at":"2026-03-16T12:27:21Z","inserted_at":"2026-03-16T12:27:21Z","ts":"2026-03-16T12:24:09Z"}
{"_id":{"$oid":"69b7f981b2147717dbde6e98"},"start_ts":"2026-03-16T12:30:49Z","end_ts":"2026-03-16T12:30:49Z","count":2,"temp_air":14.8,"hum_air":77.3,"generated_at":"2026-03-16T12:37:21Z","inserted_at":"2026-03-16T12:37:21Z","ts":"2026-03-16T12:30:49Z"}
{"_id":{"$oid":"69b7fbd9b2147717dbde6e99"},"start_ts":"2026-03-16T12:37:29Z","end_ts":"2026-03-16T12:44:09Z","count":4,"temp_air":15.75,"hum_air":75.30000000000001,"generated_at":"2026-03-16T12:47:21Z","inserted_at":"2026-03-16T12:47:21Z","ts":"2026-03-16T12:44:09Z"}
{"_id":{"$oid":"69b7fe31b2147717dbde6e9a"},"start_ts":"2026-03-16T12:50:49Z","end_ts":"2026-03-16T12:50:49Z","count":2,"temp_air":16.8,"hum_air":73.7,"generated_at":"2026-03-16T12:57:21Z","inserted_at":"2026-03-16T12:57:21Z","ts":"2026-03-16T12:50:49Z"}
{"_id":{"$oid":"69b80089b2147717dbde6e9b"},"start_ts":"2026-03-16T12:57:29Z","end_ts":"2026-03-16T13:04:09Z","count":4,"temp_air":18.95,"hum_air":68.6,"generated_at":"2026-03-16T13:07:21Z","inserted_at":"2026-03-16T13:07:21Z","ts":"2026-03-16T13:04:09Z"}
{"_id":{"$oid":"69b802e1b2147717dbde6e9c"},"start_ts":"2026-03-16T13:10:49Z","end_ts":"2026-03-16T13:10:49Z","count":2,"temp_air":21.0,"hum_air":61.3,"generated_at":"2026-03-16T13:17:21Z","inserted_at":"2026-03-16T13:17:21Z","ts":"2026-03-16T13:10:49Z"}
{"_id":{"$oid":"69b80539b2147717dbde6e9d"},"start_ts":"2026-03-16T13:17:29Z","end_ts":"2026-03-16T13:24:09Z","count":4,"temp_air":25.799999999999997,"hum_air":52.25,"generated_at":"2026-03-16T13:27:21Z","inserted_at":"2026-03-16T13:27:21Z","ts":"2026-03-16T13:24:09Z"}
{"_id":{"$oid":"69b80792b2147717dbde6e9e"},"start_ts":"2026-03-16T13:30:49Z","end_ts":"2026-03-16T13:30:49Z","count":2,"temp_air":28.8,"hum_air":47.6,"generated_at":"2026-03-16T13:37:22Z","inserted_at":"2026-03-16T13:37:22Z","ts":"2026-03-16T13:30:49Z"}
{"_id":{"$oid":"69b809eab2147717dbde6e9f"},"start_ts":"2026-03-16T13:37:29Z","end_ts":"2026-03-16T13:44:09Z","count":4,"temp_air":31.05,"hum_air":44.8,"generated_at":"2026-03-16T13:47:22Z","inserted_at":"2026-03-16T13:47:22Z","ts":"2026-03-16T13:44:09Z"}
{"_id":{"$oid":"69b80c42b2147717dbde6ea0"},"start_ts":"2026-03-16T13:50:49Z","end_ts":"2026-03-16T13:50:49Z","count":2,"temp_air":32.6,"hum_air":42.0,"generated_at":"2026-03-16T13:57:22Z","inserted_at":"2026-03-16T13:57:22Z","ts":"2026-03-16T13:50:49Z"}
{"_id":{"$oid":"69b80e9ab2147717dbde6ea1"},"start_ts":"2026-03-16T13:57:29Z","end_ts":"2026-03-16T14:04:09Z","count":4,"temp_air":34.9,"hum_air":41.95,"generated_at":"2026-03-16T14:07:22Z","inserted_at":"2026-03-16T14:07:22Z","ts":"2026-03-16T14:04:09Z"}
{"_id":{"$oid":"69b810f2b2147717dbde6ea2"},"start_ts":"2026-03-16T14:10:49Z","end_ts":"2026-03-16T14:10:49Z","count":2,"temp_air":37.4,"hum_air":39.3,"generated_at":"2026-03-16T14:17:22Z","inserted_at":"2026-03-16T14:17:22Z","ts":"2026-03-16T14:10:49Z"}
{"_id":{"$oid":"69b8134ab2147717dbde6ea3"},"start_ts":"2026-03-16T14:17:29Z","end_ts":"2026-03-16T14:24:09Z","count":4,"temp_air":39.45,"hum_air":37.45,"generated_at":"2026-03-16T14:27:22Z","inserted_at":"2026-03-16T14:27:22Z","ts":"2026-03-16T14:24:09Z"}
{"_id":{"$oid":"69b815a2b2147717dbde6ea4"},"start_ts":"2026-03-16T14:30:49Z","end_ts":"2026-03-16T14:30:49Z","count":2,"temp_air":41.4,"hum_air":35.5,"generated_at":"2026-03-16T14:37:22Z","inserted_at":"2026-03-16T14:37:22Z","ts":"2026-03-16T14:30:49Z"}
{"_id":{"$oid":"69b817fab2147717dbde6ea5"},"start_ts":"2026-03-16T14:37:29Z","end_ts":"2026-03-16T14:44:09Z","count":4,"temp_air":42.55,"hum_air":34.849999999999994,"generated_at":"2026-03-16T14:47:22Z","inserted_at":"2026-03-16T14:47:22Z","ts":"2026-03-16T14:44:09Z"}
{"_id":{"$oid":"69b81a52b2147717dbde6ea6"},"start_ts":"2026-03-16T14:50:49Z","end_ts":"2026-03-16T14:50:49Z","count":2,"temp_air":43.8,"hum_air":33.5,"generated_at":"2026-03-16T14:57:22Z","inserted_at":"2026-03-16T14:57:22Z","ts":"2026-03-16T14:50:49Z"}
{"_id":{"$oid":"69b81cabb2147717dbde6ea7"},"start_ts":"2026-03-16T14:57:29Z","end_ts":"2026-03-16T15:04:09Z","count":4,"temp_air":44.75,"hum_air":32.849999999999994,"generated_at":"2026-03-16T15:07:23Z","inserted_at":"2026-03-16T15:07:23Z","ts":"2026-03-16T15:04:09Z"}
{"_id":{"$oid":"69b81f03b2147717dbde6ea8"},"start_ts":"2026-03-16T15:10:49Z","end_ts":"2026-03-16T15:10:49Z","count":2,"temp_air":45.1,"hum_air":32.5,"generated_at":"2026-03-16T15:17:23Z","inserted_at":"2026-03-16T15:17:23Z","ts":"2026-03-16T15:10:49Z"}
{"_id":{"$oid":"69b8215bb2147717dbde6ea9"},"start_ts":"2026-03-16T15:17:29Z","end_ts":"2026-03-16T15:24:09Z","count":4,"temp_air":45.75,"hum_air":33.349999999999994,"generated_at":"2026-03-16T15:27:23Z","inserted_at":"2026-03-16T15:27:23Z","ts":"2026-03-16T15:24:09Z"}
{"_id":{"$oid":"69b823b3b2147717dbde6eaa"},"start_ts":"2026-03-16T15:30:49Z","end_ts":"2026-03-16T15:30:49Z","count":2,"temp_air":46.3,"hum_air":31.1,"generated_at":"2026-03-16T15:37:23Z","inserted_at":"2026-03-16T15:37:23Z","ts":"2026-03-16T15:30:49Z"}
{"_id":{"$oid":"69b8260bb2147717dbde6eab"},"start_ts":"2026-03-16T15:37:29Z","end_ts":"2026-03-16T15:44:09Z","count":4,"temp_air":46.2,"hum_air":32.900000000000006,"generated_at":"2026-03-16T15:47:23Z","inserted_at":"2026-03-16T15:47:23Z","ts":"2026-03-16T15:44:09Z"}
{"_id":{"$oid":"69b82863b2147717dbde6eac"},"start_ts":"2026-03-16T15:50:49Z","end_ts":"2026-03-16T15:50:49Z","count":2,"temp_air":46.2,"hum_air":32.4,"generated_at":"2026-03-16T15:57:23Z","inserted_at":"2026-03-16T15:57:23Z","ts":"2026-03-16T15:50:49Z"}
{"_id":{"$oid":"69b82abbb2147717dbde6ead"},"start_ts":"2026-03-16T15:57:29Z","end_ts":"2026-03-16T16:04:09Z","count":4,"temp_air":45.95,"hum_air":30.95,"generated_at":"2026-03-16T16:07:23Z","inserted_at":"2026-03-16T16:07:23Z","ts":"2026-03-16T16:04:09Z"}
{"_id":{"$oid":"69b82d13b2147717dbde6eae"},"start_ts":"2026-03-16T16:10:49Z","end_ts":"2026-03-16T16:10:49Z","count":2,"temp_air":44.8,"hum_air":32.9,"generated_at":"2026-03-16T16:17:23Z","inserted_at":"2026-03-16T16:17:23Z","ts":"2026-03-16T16:10:49Z"}
{"_id":{"$oid":"69b82f6bb2147717dbde6eaf"},"start_ts":"2026-03-16T16:17:29Z","end_ts":"2026-03-16T16:24:09Z","count":4,"temp_air":45.45,"hum_air":33.2,"generated_at":"2026-03-16T16:27:23Z","inserted_at":"2026-03-16T16:27:23Z","ts":"2026-03-16T16:24:09Z"}
{"_id":{"$oid":"69b831c4b2147717dbde6eb0"},"start_ts":"2026-03-16T16:30:49Z","end_ts":"2026-03-16T16:30:49Z","count":2,"temp_air":45.7,"hum_air":33.6,"generated_at":"2026-03-16T16:37:24Z","inserted_at":"2026-03-16T16:37:24Z","ts":"2026-03-16T16:30:49Z"}
{"_id":{"$oid":"69b8341cb2147717dbde6eb1"},"start_ts":"2026-03-16T16:37:29Z","end_ts":"2026-03-16T16:44:09Z","count":4,"temp_air":45.4,"hum_air":32.45,"generated_at":"2026-03-16T16:47:24Z","inserted_at":"2026-03-16T16:47:24Z","ts":"2026-03-16T16:44:09Z"}
{"_id":{"$oid":"69b83674b2147717dbde6eb2"},"start_ts":"2026-03-16T16:50:49Z","end_ts":"2026-03-16T16:50:49Z","count":2,"temp_air":44.9,"hum_air":33.9,"generated_at":"2026-03-16T16:57:24Z","inserted_at":"2026-03-16T16:57:24Z","ts":"2026-03-16T16:50:49Z"}
{"_id":{"$oid":"69b838ccb2147717dbde6eb3"},"start_ts":"2026-03-16T16:57:29Z","end_ts":"2026-03-16T17:04:09Z","count":4,"temp_air":44.55,"hum_air":32.650000000000006,"generated_at":"2026-03-16T17:07:24Z","inserted_at":"2026-03-16T17:07:24Z","ts":"2026-03-16T17:04:09Z"}
{"_id":{"$oid":"69b83b24b2147717dbde6eb4"},"start_ts":"2026-03-16T17:10:49Z","end_ts":"2026-03-16T17:10:49Z","count":2,"temp_air":43.5,"hum_air":30.1,"generated_at":"2026-03-16T17:17:24Z","inserted_at":"2026-03-16T17:17:24Z","ts":"2026-03-16T17:10:49Z"}
{"_id":{"$oid":"69b83d7cb2147717dbde6eb5"},"start_ts":"2026-03-16T17:17:29Z","end_ts":"2026-03-16T17:24:10Z","count":4,"temp_air":41.95,"hum_air":32.8,"generated_at":"2026-03-16T17:27:24Z","inserted_at":"2026-03-16T17:27:24Z","ts":"2026-03-16T17:24:10Z"}
{"_id":{"$oid":"69b83fd4b2147717dbde6eb6"},"start_ts":"2026-03-16T17:30:49Z","end_ts":"2026-03-16T17:30:49Z","count":2,"temp_air":41.2,"hum_air":35.8,"generated_at":"2026-03-16T17:37:24Z","inserted_at":"2026-03-16T17:37:24Z","ts":"2026-03-16T17:30:49Z"}
{"_id":{"$oid":"69b8422cb2147717dbde6eb7"},"start_ts":"2026-03-16T17:37:30Z","end_ts":"2026-03-16T17:44:09Z","count":4,"temp_air":40.5,"hum_air":35.05,"generated_at":"2026-03-16T17:47:24Z","inserted_at":"2026-03-16T17:47:24Z","ts":"2026-03-16T17:44:09Z"}
{"_id":{"$oid":"69b84484b2147717dbde6eb8"},"start_ts":"2026-03-16T17:50:50Z","end_ts":"2026-03-16T17:50:50Z","count":2,"temp_air":38.9,"hum_air":36.9,"generated_at":"2026-03-16T17:57:24Z","inserted_at":"2026-03-16T17:57:24Z","ts":"2026-03-16T17:50:50Z"}
{"_id":{"$oid":"69b846dcb2147717dbde6eb9"},"start_ts":"2026-03-16T17:57:30Z","end_ts":"2026-03-16T18:04:10Z","count":4,"temp_air":38.4,"hum_air":35.25,"generated_at":"2026-03-16T18:07:24Z","inserted_at":"2026-03-16T18:07:24Z","ts":"2026-03-16T18:04:10Z"}
{"_id":{"$oid":"69b84935b2147717dbde6eba"},"start_ts":"2026-03-16T18:10:50Z","end_ts":"2026-03-16T18:10:50Z","count":2,"temp_air":37.9,"hum_air":36.3,"generated_at":"2026-03-16T18:17:25Z","inserted_at":"2026-03-16T18:17:25Z","ts":"2026-03-16T18:10:50Z"}
{"_id":{"$oid":"69b84b8db2147717dbde6ebb"},"start_ts":"2026-03-16T18:17:30Z","end_ts":"2026-03-16T18:24:10Z","count":4,"temp_air":34.65,"hum_air":36.15,"generated_at":"2026-03-16T18:27:25Z","inserted_at":"2026-03-16T18:27:25Z","ts":"2026-03-16T18:24:10Z"}
{"_id":{"$oid":"69b8503db2147717dbde6ebc"},"start_ts":"2026-03-16T18:37:30Z","end_ts":"2026-03-16T18:44:10Z","count":4,"temp_air":34.25,"hum_air":38.15,"generated_at":"2026-03-16T18:47:25Z","inserted_at":"2026-03-16T18:47:25Z","ts":"2026-03-16T18:44:10Z"}
{"_id":{"$oid":"69b85295b2147717dbde6ebd"},"start_ts":"2026-03-16T18:50:50Z","end_ts":"2026-03-16T18:50:50Z","count":2,"temp_air":35.0,"hum_air":37.9,"generated_at":"2026-03-16T18:57:25Z","inserted_at":"2026-03-16T18:57:25Z","ts":"2026-03-16T18:50:50Z"}
{"_id":{"$oid":"69b854edb2147717dbde6ebe"},"start_ts":"2026-03-16T18:57:30Z","end_ts":"2026-03-16T19:04:10Z","count":4,"temp_air":34.099999999999994,"hum_air":39.25,"generated_at":"2026-03-16T19:07:25Z","inserted_at":"2026-03-16T19:07:25Z","ts":"2026-03-16T19:04:10Z"}
{"_id":{"$oid":"69b85745b2147717dbde6ebf"},"start_ts":"2026-03-16T19:10:50Z","end_ts":"2026-03-16T19:10:50Z","count":2,"temp_air":33.1,"hum_air":39.5,"generated_at":"2026-03-16T19:17:25Z","inserted_at":"2026-03-16T19:17:25Z","ts":"2026-03-16T19:10:50Z"}
{"_id":{"$oid":"69b8599db2147717dbde6ec0"},"start_ts":"2026-03-16T19:17:30Z","end_ts":"2026-03-16T19:24:10Z","count":4,"temp_air":32.5,"hum_air":40.35,"generated_at":"2026-03-16T19:27:25Z","inserted_at":"2026-03-16T19:27:25Z","ts":"2026-03-16T19:24:10Z"}
{"_id":{"$oid":"69b85bf5b2147717dbde6ec1"},"start_ts":"2026-03-16T19:30:50Z","end_ts":"2026-03-16T19:30:50Z","count":2,"temp_air":31.2,"hum_air":40.4,"generated_at":"2026-03-16T19:37:25Z","inserted_at":"2026-03-16T19:37:25Z","ts":"2026-03-16T19:30:50Z"}
{"_id":{"$oid":"69b85e4eb2147717dbde6ec2"},"start_ts":"2026-03-16T19:37:30Z","end_ts":"2026-03-16T19:44:11Z","count":4,"temp_air":30.5,"hum_air":41.599999999999994,"generated_at":"2026-03-16T19:47:26Z","inserted_at":"2026-03-16T19:47:26Z","ts":"2026-03-16T19:44:11Z"}
{"_id":{"$oid":"69b860a6b2147717dbde6ec3"},"start_ts":"2026-03-16T19:50:50Z","end_ts":"2026-03-16T19:50:50Z","count":2,"temp_air":31.1,"hum_air":39.1,"generated_at":"2026-03-16T19:57:26Z","inserted_at":"2026-03-16T19:57:26Z","ts":"2026-03-16T19:50:50Z"}
{"_id":{"$oid":"69b862feb2147717dbde6ec4"},"start_ts":"2026-03-16T19:57:30Z","end_ts":"2026-03-16T20:04:10Z","count":4,"temp_air":30.1,"hum_air":39.95,"generated_at":"2026-03-16T20:07:26Z","inserted_at":"2026-03-16T20:07:26Z","ts":"2026-03-16T20:04:10Z"}
{"_id":{"$oid":"69b86556b2147717dbde6ec5"},"start_ts":"2026-03-16T20:10:50Z","end_ts":"2026-03-16T20:10:50Z","count":2,"temp_air":28.5,"hum_air":41.3,"generated_at":"2026-03-16T20:17:26Z","inserted_at":"2026-03-16T20:17:26Z","ts":"2026-03-16T20:10:50Z"}
{"_id":{"$oid":"69b867aeb2147717dbde6ec6"},"start_ts":"2026-03-16T20:17:30Z","end_ts":"2026-03-16T20:24:10Z","count":4,"temp_air":29.15,"hum_air":42.35,"generated_at":"2026-03-16T20:27:26Z","inserted_at":"2026-03-16T20:27:26Z","ts":"2026-03-16T20:24:10Z"}
{"_id":{"$oid":"69b86a06b2147717dbde6ec7"},"start_ts":"2026-03-16T20:30:50Z","end_ts":"2026-03-16T20:30:50Z","count":2,"temp_air":29.3,"hum_air":42.4,"generated_at":"2026-03-16T20:37:26Z","inserted_at":"2026-03-16T20:37:26Z","ts":"2026-03-16T20:30:50Z"}
{"_id":{"$oid":"69b86c5fb2147717dbde6ec8"},"start_ts":"2026-03-16T20:37:30Z","end_ts":"2026-03-16T20:44:10Z","count":4,"temp_air":29.7,"hum_air":42.05,"generated_at":"2026-03-16T20:47:27Z","inserted_at":"2026-03-16T20:47:27Z","ts":"2026-03-16T20:44:10Z"}
{"_id":{"$oid":"69b86eb7b2147717dbde6ec9"},"start_ts":"2026-03-16T20:50:50Z","end_ts":"2026-03-16T20:50:50Z","count":2,"temp_air":29.5,"hum_air":42.4,"generated_at":"2026-03-16T20:57:27Z","inserted_at":"2026-03-16T20:57:27Z","ts":"2026-03-16T20:50:50Z"}
{"_id":{"$oid":"69b8710fb2147717dbde6eca"},"start_ts":"2026-03-16T20:57:30Z","end_ts":"2026-03-16T21:04:10Z","count":4,"temp_air":30.549999999999997,"hum_air":40.95,"generated_at":"2026-03-16T21:07:27Z","inserted_at":"2026-03-16T21:07:27Z","ts":"2026-03-16T21:04:10Z"}
{"_id":{"$oid":"69b87367b2147717dbde6ecb"},"start_ts":"2026-03-16T21:10:50Z","end_ts":"2026-03-16T21:10:50Z","count":2,"temp_air":28.4,"hum_air":42.1,"generated_at":"2026-03-16T21:17:27Z","inserted_at":"2026-03-16T21:17:27Z","ts":"2026-03-16T21:10:50Z"}
{"_id":{"$oid":"69b875bfb2147717dbde6ecc"},"start_ts":"2026-03-16T21:17:30Z","end_ts":"2026-03-16T21:24:10Z","count":4,"temp_air":26.8,"hum_air":44.849999999999994,"generated_at":"2026-03-16T21:27:27Z","inserted_at":"2026-03-16T21:27:27Z","ts":"2026-03-16T21:24:10Z"}
{"_id":{"$oid":"69b87817b2147717dbde6ecd"},"start_ts":"2026-03-16T21:30:50Z","end_ts":"2026-03-16T21:30:50Z","count":2,"temp_air":26.5,"hum_air":44.9,"generated_at":"2026-03-16T21:37:27Z","inserted_at":"2026-03-16T21:37:27Z","ts":"2026-03-16T21:30:50Z"}
{"_id":{"$oid":"69b87a6fb2147717dbde6ece"},"start_ts":"2026-03-16T21:37:30Z","end_ts":"2026-03-16T21:44:10Z","count":4,"temp_air":27.6,"hum_air":44.900000000000006,"generated_at":"2026-03-16T21:47:27Z","inserted_at":"2026-03-16T21:47:27Z","ts":"2026-03-16T21:44:10Z"}
{"_id":{"$oid":"69b87cc7b2147717dbde6ecf"},"start_ts":"2026-03-16T21:50:50Z","end_ts":"2026-03-16T21:50:50Z","count":2,"temp_air":25.7,"hum_air":48.6,"generated_at":"2026-03-16T21:57:27Z","inserted_at":"2026-03-16T21:57:27Z","ts":"2026-03-16T21:50:50Z"}
{"_id":{"$oid":"69b87f1fb2147717dbde6ed0"},"start_ts":"2026-03-16T21:57:30Z","end_ts":"2026-03-16T22:04:10Z","count":4,"temp_air":25.0,"hum_air":51.150000000000006,"generated_at":"2026-03-16T22:07:27Z","inserted_at":"2026-03-16T22:07:27Z","ts":"2026-03-16T22:04:10Z"}
{"_id":{"$oid":"69b88178b2147717dbde6ed1"},"start_ts":"2026-03-16T22:10:50Z","end_ts":"2026-03-16T22:10:50Z","count":2,"temp_air":25.0,"hum_air":52.1,"generated_at":"2026-03-16T22:17:28Z","inserted_at":"2026-03-16T22:17:28Z","ts":"2026-03-16T22:10:50Z"}
{"_id":{"$oid":"69b883d0b2147717dbde6ed2"},"start_ts":"2026-03-16T22:17:30Z","end_ts":"2026-03-16T22:24:10Z","count":4,"temp_air":24.35,"hum_air":55.05,"generated_at":"2026-03-16T22:27:28Z","inserted_at":"2026-03-16T22:27:28Z","ts":"2026-03-16T22:24:10Z"}
{"_id":{"$oid":"69b88628b2147717dbde6ed3"},"start_ts":"2026-03-16T22:30:50Z","end_ts":"2026-03-16T22:30:50Z","count":2,"temp_air":23.0,"hum_air":58.9,"generated_at":"2026-03-16T22:37:28Z","inserted_at":"2026-03-16T22:37:28Z","ts":"2026-03-16T22:30:50Z"}
{"_id":{"$oid":"69b88880b2147717dbde6ed4"},"start_ts":"2026-03-16T22:37:31Z","end_ts":"2026-03-16T22:44:11Z","count":4,"temp_air":22.15,"hum_air":62.45,"generated_at":"2026-03-16T22:47:28Z","inserted_at":"2026-03-16T22:47:28Z","ts":"2026-03-16T22:44:11Z"}
{"_id":{"$oid":"69b88ad8b2147717dbde6ed5"},"start_ts":"2026-03-16T22:50:50Z","end_ts":"2026-03-16T22:50:50Z","count":2,"temp_air":21.6,"hum_air":63.9,"generated_at":"2026-03-16T22:57:28Z","inserted_at":"2026-03-16T22:57:28Z","ts":"2026-03-16T22:50:50Z"}
{"_id":{"$oid":"69b88d30b2147717dbde6ed6"},"start_ts":"2026-03-16T22:57:31Z","end_ts":"2026-03-16T23:04:11Z","count":4,"temp_air":20.5,"hum_air":67.5,"generated_at":"2026-03-16T23:07:28Z","inserted_at":"2026-03-16T23:07:28Z","ts":"2026-03-16T23:04:11Z"}
{"_id":{"$oid":"69b88f88b2147717dbde6ed7"},"start_ts":"2026-03-16T23:10:50Z","end_ts":"2026-03-16T23:10:50Z","count":2,"temp_air":19.7,"hum_air":69.8,"generated_at":"2026-03-16T23:17:28Z","inserted_at":"2026-03-16T23:17:28Z","ts":"2026-03-16T23:10:50Z"}
{"_id":{"$oid":"69b891e0b2147717dbde6ed8"},"start_ts":"2026-03-16T23:17:30Z","end_ts":"2026-03-16T23:24:12Z","count":4,"temp_air":19.05,"hum_air":73.1,"generated_at":"2026-03-16T23:27:28Z","inserted_at":"2026-03-16T23:27:28Z","ts":"2026-03-16T23:24:12Z"}
{"_id":{"$oid":"69b89438b2147717dbde6ed9"},"start_ts":"2026-03-16T23:30:50Z","end_ts":"2026-03-16T23:30:50Z","count":2,"temp_air":18.6,"hum_air":75.6,"generated_at":"2026-03-16T23:37:28Z","inserted_at":"2026-03-16T23:37:28Z","ts":"2026-03-16T23:30:50Z"}
{"_id":{"$oid":"69b89691b2147717dbde6eda"},"start_ts":"2026-03-16T23:37:31Z","end_ts":"2026-03-16T23:44:10Z","count":4,"temp_air":18.4,"hum_air":76.4,"generated_at":"2026-03-16T23:47:29Z","inserted_at":"2026-03-16T23:47:29Z","ts":"2026-03-16T23:44:10Z"}
{"_id":{"$oid":"69b898e9b2147717dbde6edb"},"start_ts":"2026-03-16T23:50:50Z","end_ts":"2026-03-16T23:50:50Z","count":2,"temp_air":18.2,"hum_air":77.6,"generated_at":"2026-03-16T23:57:29Z","inserted_at":"2026-03-16T23:57:29Z","ts":"2026-03-16T23:50:50Z"}
{"_id":{"$oid":"69b89b41b2147717dbde6edc"},"start_ts":"2026-03-16T23:57:31Z","end_ts":"2026-03-17T00:04:11Z","count":4,"temp_air":18.15,"hum_air":78.15,"generated_at":"2026-03-17T00:07:29Z","inserted_at":"2026-03-17T00:07:29Z","ts":"2026-03-17T00:04:11Z"}
{"_id":{"$oid":"69b89d99b2147717dbde6edd"},"start_ts":"2026-03-17T00:10:51Z","end_ts":"2026-03-17T00:10:51Z","count":2,"temp_air":18.0,"hum_air":78.6,"generated_at":"2026-03-17T00:17:29Z","inserted_at":"2026-03-17T00:17:29Z","ts":"2026-03-17T00:10:51Z"}
{"_id":{"$oid":"69b89ff1b2147717dbde6ede"},"start_ts":"2026-03-17T00:17:30Z","end_ts":"2026-03-17T00:24:10Z","count":4,"temp_air":17.6,"hum_air":79.2,"generated_at":"2026-03-17T00:27:29Z","inserted_at":"2026-03-17T00:27:29Z","ts":"2026-03-17T00:24:10Z"}
{"_id":{"$oid":"69b8a249b2147717dbde6edf"},"start_ts":"2026-03-17T00:30:52Z","end_ts":"2026-03-17T00:30:52Z","count":2,"temp_air":17.3,"hum_air":79.9,"generated_at":"2026-03-17T00:37:29Z","inserted_at":"2026-03-17T00:37:29Z","ts":"2026-03-17T00:30:52Z"}
{"_id":{"$oid":"69b8a4a1b2147717dbde6ee0"},"start_ts":"2026-03-17T00:37:32Z","end_ts":"2026-03-17T00:44:10Z","count":4,"temp_air":17.450000000000003,"hum_air":80.2,"generated_at":"2026-03-17T00:47:29Z","inserted_at":"2026-03-17T00:47:29Z","ts":"2026-03-17T00:44:10Z"}
{"_id":{"$oid":"69b8a6f9b2147717dbde6ee1"},"start_ts":"2026-03-17T00:50:52Z","end_ts":"2026-03-17T00:50:52Z","count":2,"temp_air":17.9,"hum_air":79.9,"generated_at":"2026-03-17T00:57:29Z","inserted_at":"2026-03-17T00:57:29Z","ts":"2026-03-17T00:50:52Z"}
{"_id":{"$oid":"69b8a951b2147717dbde6ee2"},"start_ts":"2026-03-17T00:57:31Z","end_ts":"2026-03-17T01:04:11Z","count":4,"temp_air":18.05,"hum_air":80.05,"generated_at":"2026-03-17T01:07:29Z","inserted_at":"2026-03-17T01:07:29Z","ts":"2026-03-17T01:04:11Z"}
{"_id":{"$oid":"69b8aba9b2147717dbde6ee3"},"start_ts":"2026-03-17T01:10:54Z","end_ts":"2026-03-17T01:10:54Z","count":2,"temp_air":18.1,"hum_air":79.9,"generated_at":"2026-03-17T01:17:29Z","inserted_at":"2026-03-17T01:17:29Z","ts":"2026-03-17T01:10:54Z"}
{"_id":{"$oid":"69b8ae02b2147717dbde6ee4"},"start_ts":"2026-03-17T01:17:32Z","end_ts":"2026-03-17T01:24:12Z","count":4,"temp_air":17.95,"hum_air":79.69999999999999,"generated_at":"2026-03-17T01:27:30Z","inserted_at":"2026-03-17T01:27:30Z","ts":"2026-03-17T01:24:12Z"}
{"_id":{"$oid":"69b8b05ab2147717dbde6ee5"},"start_ts":"2026-03-17T01:30:52Z","end_ts":"2026-03-17T01:30:52Z","count":2,"temp_air":17.8,"hum_air":80.1,"generated_at":"2026-03-17T01:37:30Z","inserted_at":"2026-03-17T01:37:30Z","ts":"2026-03-17T01:30:52Z"}
{"_id":{"$oid":"69b8b2b2b2147717dbde6ee6"},"start_ts":"2026-03-17T01:37:32Z","end_ts":"2026-03-17T01:44:19Z","count":6,"temp_air":17.433333333333334,"hum_air":80.46666666666667,"generated_at":"2026-03-17T01:47:30Z","inserted_at":"2026-03-17T01:47:30Z","ts":"2026-03-17T01:44:19Z"}
{"_id":{"$oid":"69b8b50ab2147717dbde6ee7"},"start_ts":"2026-03-17T01:50:52Z","end_ts":"2026-03-17T01:50:52Z","count":2,"temp_air":17.2,"hum_air":81.0,"generated_at":"2026-03-17T01:57:30Z","inserted_at":"2026-03-17T01:57:30Z","ts":"2026-03-17T01:50:52Z"}
{"_id":{"$oid":"69b8b762b2147717dbde6ee8"},"start_ts":"2026-03-17T01:57:33Z","end_ts":"2026-03-17T02:04:11Z","count":8,"temp_air":17.15,"hum_air":81.1,"generated_at":"2026-03-17T02:07:30Z","inserted_at":"2026-03-17T02:07:30Z","ts":"2026-03-17T02:04:11Z"}
{"_id":{"$oid":"69b8b9bab2147717dbde6ee9"},"start_ts":"2026-03-17T02:10:50Z","end_ts":"2026-03-17T02:10:50Z","count":2,"temp_air":16.9,"hum_air":81.3,"generated_at":"2026-03-17T02:17:30Z","inserted_at":"2026-03-17T02:17:30Z","ts":"2026-03-17T02:10:50Z"}
{"_id":{"$oid":"69b8bc12b2147717dbde6eea"},"start_ts":"2026-03-17T02:17:31Z","end_ts":"2026-03-17T02:24:11Z","count":4,"temp_air":16.85,"hum_air":81.25,"generated_at":"2026-03-17T02:27:30Z","inserted_at":"2026-03-17T02:27:30Z","ts":"2026-03-17T02:24:11Z"}
{"_id":{"$oid":"69b8be6ab2147717dbde6eeb"},"start_ts":"2026-03-17T02:30:50Z","end_ts":"2026-03-17T02:30:50Z","count":2,"temp_air":16.9,"hum_air":81.3,"generated_at":"2026-03-17T02:37:30Z","inserted_at":"2026-03-17T02:37:30Z","ts":"2026-03-17T02:30:50Z"}
{"_id":{"$oid":"69b8c0c2b2147717dbde6eec"},"start_ts":"2026-03-17T02:37:31Z","end_ts":"2026-03-17T02:44:11Z","count":4,"temp_air":17.1,"hum_air":81.05,"generated_at":"2026-03-17T02:47:30Z","inserted_at":"2026-03-17T02:47:30Z","ts":"2026-03-17T02:44:11Z"}
{"_id":{"$oid":"69b8c31bb2147717dbde6eed"},"start_ts":"2026-03-17T02:50:51Z","end_ts":"2026-03-17T02:57:30Z","count":4,"temp_air":17.3,"hum_air":81.05,"generated_at":"2026-03-17T02:57:31Z","inserted_at":"2026-03-17T02:57:31Z","ts":"2026-03-17T02:57:30Z"}
{"_id":{"$oid":"69b8c573b2147717dbde6eee"},"start_ts":"2026-03-17T03:04:11Z","end_ts":"2026-03-17T03:04:11Z","count":2,"temp_air":17.5,"hum_air":81.4,"generated_at":"2026-03-17T03:07:31Z","inserted_at":"2026-03-17T03:07:31Z","ts":"2026-03-17T03:04:11Z"}
{"_id":{"$oid":"69b8c7cbb2147717dbde6eef"},"start_ts":"2026-03-17T03:10:50Z","end_ts":"2026-03-17T03:17:30Z","count":4,"temp_air":17.55,"hum_air":81.5,"generated_at":"2026-03-17T03:17:31Z","inserted_at":"2026-03-17T03:17:31Z","ts":"2026-03-17T03:17:30Z"}
{"_id":{"$oid":"69b8ca23b2147717dbde6ef0"},"start_ts":"2026-03-17T03:24:11Z","end_ts":"2026-03-17T03:24:11Z","count":2,"temp_air":17.6,"hum_air":81.4,"generated_at":"2026-03-17T03:27:31Z","inserted_at":"2026-03-17T03:27:31Z","ts":"2026-03-17T03:24:11Z"}
{"_id":{"$oid":"69b8cc7bb2147717dbde6ef1"},"start_ts":"2026-03-17T03:30:51Z","end_ts":"2026-03-17T03:37:31Z","count":4,"temp_air":17.4,"hum_air":81.4,"generated_at":"2026-03-17T03:37:31Z","inserted_at":"2026-03-17T03:37:31Z","ts":"2026-03-17T03:37:31Z"}
{"_id":{"$oid":"69b8ced3b2147717dbde6ef2"},"start_ts":"2026-03-17T03:44:10Z","end_ts":"2026-03-17T03:44:10Z","count":2,"temp_air":17.1,"hum_air":81.5,"generated_at":"2026-03-17T03:47:31Z","inserted_at":"2026-03-17T03:47:31Z","ts":"2026-03-17T03:44:10Z"}
{"_id":{"$oid":"69b8d12bb2147717dbde6ef3"},"start_ts":"2026-03-17T03:50:50Z","end_ts":"2026-03-17T03:57:31Z","count":4,"temp_air":16.8,"hum_air":81.35,"generated_at":"2026-03-17T03:57:31Z","inserted_at":"2026-03-17T03:57:31Z","ts":"2026-03-17T03:57:31Z"}
{"_id":{"$oid":"69b8d383b2147717dbde6ef4"},"start_ts":"2026-03-17T04:04:10Z","end_ts":"2026-03-17T04:04:10Z","count":2,"temp_air":16.4,"hum_air":81.9,"generated_at":"2026-03-17T04:07:31Z","inserted_at":"2026-03-17T04:07:31Z","ts":"2026-03-17T04:04:10Z"}
{"_id":{"$oid":"69b8d5dbb2147717dbde6ef5"},"start_ts":"2026-03-17T04:10:51Z","end_ts":"2026-03-17T04:17:30Z","count":4,"temp_air":16.35,"hum_air":81.5,"generated_at":"2026-03-17T04:17:31Z","inserted_at":"2026-03-17T04:17:31Z","ts":"2026-03-17T04:17:30Z"}
{"_id":{"$oid":"69b8d833b2147717dbde6ef6"},"start_ts":"2026-03-17T04:24:11Z","end_ts":"2026-03-17T04:24:11Z","count":2,"temp_air":16.0,"hum_air":81.1,"generated_at":"2026-03-17T04:27:31Z","inserted_at":"2026-03-17T04:27:31Z","ts":"2026-03-17T04:24:11Z"}
{"_id":{"$oid":"69b8da8bb2147717dbde6ef7"},"start_ts":"2026-03-17T04:30:51Z","end_ts":"2026-03-17T04:37:31Z","count":4,"temp_air":15.7,"hum_air":81.6,"generated_at":"2026-03-17T04:37:31Z","inserted_at":"2026-03-17T04:37:31Z","ts":"2026-03-17T04:37:31Z"}
{"_id":{"$oid":"69b8dce4b2147717dbde6ef8"},"start_ts":"2026-03-17T04:44:11Z","end_ts":"2026-03-17T04:44:11Z","count":2,"temp_air":15.5,"hum_air":81.7,"generated_at":"2026-03-17T04:47:32Z","inserted_at":"2026-03-17T04:47:32Z","ts":"2026-03-17T04:44:11Z"}
{"_id":{"$oid":"69b8df3cb2147717dbde6ef9"},"start_ts":"2026-03-17T04:50:51Z","end_ts":"2026-03-17T04:57:31Z","count":4,"temp_air":15.2,"hum_air":81.85,"generated_at":"2026-03-17T04:57:32Z","inserted_at":"2026-03-17T04:57:32Z","ts":"2026-03-17T04:57:31Z"}
{"_id":{"$oid":"69b8e194b2147717dbde6efa"},"start_ts":"2026-03-17T05:04:11Z","end_ts":"2026-03-17T05:04:11Z","count":2,"temp_air":15.1,"hum_air":81.6,"generated_at":"2026-03-17T05:07:32Z","inserted_at":"2026-03-17T05:07:32Z","ts":"2026-03-17T05:04:11Z"}
{"_id":{"$oid":"69b8e3ecb2147717dbde6efb"},"start_ts":"2026-03-17T05:10:51Z","end_ts":"2026-03-17T05:17:31Z","count":4,"temp_air":15.25,"hum_air":81.75,"generated_at":"2026-03-17T05:17:32Z","inserted_at":"2026-03-17T05:17:32Z","ts":"2026-03-17T05:17:31Z"}
{"_id":{"$oid":"69b8e644b2147717dbde6efc"},"start_ts":"2026-03-17T05:24:11Z","end_ts":"2026-03-17T05:24:11Z","count":2,"temp_air":15.4,"hum_air":81.6,"generated_at":"2026-03-17T05:27:32Z","inserted_at":"2026-03-17T05:27:32Z","ts":"2026-03-17T05:24:11Z"}
{"_id":{"$oid":"69b8e89cb2147717dbde6efd"},"start_ts":"2026-03-17T05:30:51Z","end_ts":"2026-03-17T05:37:31Z","count":4,"temp_air":15.5,"hum_air":81.95,"generated_at":"2026-03-17T05:37:32Z","inserted_at":"2026-03-17T05:37:32Z","ts":"2026-03-17T05:37:31Z"}
{"_id":{"$oid":"69b8eaf4b2147717dbde6efe"},"start_ts":"2026-03-17T05:44:11Z","end_ts":"2026-03-17T05:44:11Z","count":2,"temp_air":15.6,"hum_air":82.0,"generated_at":"2026-03-17T05:47:32Z","inserted_at":"2026-03-17T05:47:32Z","ts":"2026-03-17T05:44:11Z"}
{"_id":{"$oid":"69b8ed4cb2147717dbde6eff"},"start_ts":"2026-03-17T05:50:51Z","end_ts":"2026-03-17T05:57:31Z","count":4,"temp_air":15.8,"hum_air":81.7,"generated_at":"2026-03-17T05:57:32Z","inserted_at":"2026-03-17T05:57:32Z","ts":"2026-03-17T05:57:31Z"}
{"_id":{"$oid":"69b8efa5b2147717dbde6f00"},"start_ts":"2026-03-17T06:04:11Z","end_ts":"2026-03-17T06:04:11Z","count":2,"temp_air":15.9,"hum_air":81.7,"generated_at":"2026-03-17T06:07:33Z","inserted_at":"2026-03-17T06:07:33Z","ts":"2026-03-17T06:04:11Z"}
{"_id":{"$oid":"69b8f1fdb2147717dbde6f01"},"start_ts":"2026-03-17T06:10:51Z","end_ts":"2026-03-17T06:17:31Z","count":4,"temp_air":15.8,"hum_air":81.5,"generated_at":"2026-03-17T06:17:33Z","inserted_at":"2026-03-17T06:17:33Z","ts":"2026-03-17T06:17:31Z"}
{"_id":{"$oid":"69b8f455b2147717dbde6f02"},"start_ts":"2026-03-17T06:24:11Z","end_ts":"2026-03-17T06:24:11Z","count":2,"temp_air":15.7,"hum_air":81.4,"generated_at":"2026-03-17T06:27:33Z","inserted_at":"2026-03-17T06:27:33Z","ts":"2026-03-17T06:24:11Z"}
{"_id":{"$oid":"69b8f6adb2147717dbde6f03"},"start_ts":"2026-03-17T06:30:51Z","end_ts":"2026-03-17T06:37:31Z","count":4,"temp_air":15.15,"hum_air":80.9,"generated_at":"2026-03-17T06:37:33Z","inserted_at":"2026-03-17T06:37:33Z","ts":"2026-03-17T06:37:31Z"}
{"_id":{"$oid":"69b8f905b2147717dbde6f04"},"start_ts":"2026-03-17T06:44:11Z","end_ts":"2026-03-17T06:44:11Z","count":2,"temp_air":14.6,"hum_air":81.2,"generated_at":"2026-03-17T06:47:33Z","inserted_at":"2026-03-17T06:47:33Z","ts":"2026-03-17T06:44:11Z"}
{"_id":{"$oid":"69b8fb5db2147717dbde6f05"},"start_ts":"2026-03-17T06:50:51Z","end_ts":"2026-03-17T06:57:31Z","count":4,"temp_air":14.3,"hum_air":81.35,"generated_at":"2026-03-17T06:57:33Z","inserted_at":"2026-03-17T06:57:33Z","ts":"2026-03-17T06:57:31Z"}
{"_id":{"$oid":"69b8fdb5b2147717dbde6f06"},"start_ts":"2026-03-17T07:04:11Z","end_ts":"2026-03-17T07:04:11Z","count":2,"temp_air":14.0,"hum_air":81.6,"generated_at":"2026-03-17T07:07:33Z","inserted_at":"2026-03-17T07:07:33Z","ts":"2026-03-17T07:04:11Z"}
{"_id":{"$oid":"69b9000db2147717dbde6f07"},"start_ts":"2026-03-17T07:10:51Z","end_ts":"2026-03-17T07:17:31Z","count":4,"temp_air":13.850000000000001,"hum_air":81.75,"generated_at":"2026-03-17T07:17:33Z","inserted_at":"2026-03-17T07:17:33Z","ts":"2026-03-17T07:17:31Z"}
{"_id":{"$oid":"69b90265b2147717dbde6f08"},"start_ts":"2026-03-17T07:24:11Z","end_ts":"2026-03-17T07:24:11Z","count":2,"temp_air":13.8,"hum_air":82.1,"generated_at":"2026-03-17T07:27:33Z","inserted_at":"2026-03-17T07:27:33Z","ts":"2026-03-17T07:24:11Z"}
{"_id":{"$oid":"69b904bdb2147717dbde6f09"},"start_ts":"2026-03-17T07:30:51Z","end_ts":"2026-03-17T07:37:31Z","count":4,"temp_air":13.6,"hum_air":82.2,"generated_at":"2026-03-17T07:37:33Z","inserted_at":"2026-03-17T07:37:33Z","ts":"2026-03-17T07:37:31Z"}
{"_id":{"$oid":"69b90716b2147717dbde6f0a"},"start_ts":"2026-03-17T07:44:11Z","end_ts":"2026-03-17T07:44:11Z","count":2,"temp_air":13.5,"hum_air":82.1,"generated_at":"2026-03-17T07:47:34Z","inserted_at":"2026-03-17T07:47:34Z","ts":"2026-03-17T07:44:11Z"}
{"_id":{"$oid":"69b9096eb2147717dbde6f0b"},"start_ts":"2026-03-17T07:50:51Z","end_ts":"2026-03-17T07:57:31Z","count":4,"temp_air":13.75,"hum_air":82.2,"generated_at":"2026-03-17T07:57:34Z","inserted_at":"2026-03-17T07:57:34Z","ts":"2026-03-17T07:57:31Z"}
{"_id":{"$oid":"69b90bc6b2147717dbde6f0c"},"start_ts":"2026-03-17T08:04:11Z","end_ts":"2026-03-17T08:04:11Z","count":2,"temp_air":14.0,"hum_air":82.8,"generated_at":"2026-03-17T08:07:34Z","inserted_at":"2026-03-17T08:07:34Z","ts":"2026-03-17T08:04:11Z"}
{"_id":{"$oid":"69b90e1eb2147717dbde6f0d"},"start_ts":"2026-03-17T08:10:51Z","end_ts":"2026-03-17T08:17:31Z","count":4,"temp_air":14.2,"hum_air":82.44999999999999,"generated_at":"2026-03-17T08:17:34Z","inserted_at":"2026-03-17T08:17:34Z","ts":"2026-03-17T08:17:31Z"}
{"_id":{"$oid":"69b91076b2147717dbde6f0e"},"start_ts":"2026-03-17T08:24:11Z","end_ts":"2026-03-17T08:24:11Z","count":2,"temp_air":14.1,"hum_air":82.0,"generated_at":"2026-03-17T08:27:34Z","inserted_at":"2026-03-17T08:27:34Z","ts":"2026-03-17T08:24:11Z"}
{"_id":{"$oid":"69b912ceb2147717dbde6f0f"},"start_ts":"2026-03-17T08:30:51Z","end_ts":"2026-03-17T08:37:31Z","count":4,"temp_air":13.8,"hum_air":81.55,"generated_at":"2026-03-17T08:37:34Z","inserted_at":"2026-03-17T08:37:34Z","ts":"2026-03-17T08:37:31Z"}
{"_id":{"$oid":"69b91526b2147717dbde6f10"},"start_ts":"2026-03-17T08:44:11Z","end_ts":"2026-03-17T08:44:11Z","count":2,"temp_air":13.6,"hum_air":81.8,"generated_at":"2026-03-17T08:47:34Z","inserted_at":"2026-03-17T08:47:34Z","ts":"2026-03-17T08:44:11Z"}
{"_id":{"$oid":"69b9177eb2147717dbde6f11"},"start_ts":"2026-03-17T08:50:51Z","end_ts":"2026-03-17T08:57:31Z","count":4,"temp_air":13.5,"hum_air":82.1,"generated_at":"2026-03-17T08:57:34Z","inserted_at":"2026-03-17T08:57:34Z","ts":"2026-03-17T08:57:31Z"}
{"_id":{"$oid":"69b919d6b2147717dbde6f12"},"start_ts":"2026-03-17T09:04:11Z","end_ts":"2026-03-17T09:04:11Z","count":2,"temp_air":13.6,"hum_air":82.3,"generated_at":"2026-03-17T09:07:34Z","inserted_at":"2026-03-17T09:07:34Z","ts":"2026-03-17T09:04:11Z"}
{"_id":{"$oid":"69b91c2fb2147717dbde6f13"},"start_ts":"2026-03-17T09:10:51Z","end_ts":"2026-03-17T09:17:31Z","count":4,"temp_air":13.7,"hum_air":82.4,"generated_at":"2026-03-17T09:17:35Z","inserted_at":"2026-03-17T09:17:35Z","ts":"2026-03-17T09:17:31Z"}
{"_id":{"$oid":"69b91e87b2147717dbde6f14"},"start_ts":"2026-03-17T09:24:11Z","end_ts":"2026-03-17T09:24:11Z","count":2,"temp_air":13.8,"hum_air":82.5,"generated_at":"2026-03-17T09:27:35Z","inserted_at":"2026-03-17T09:27:35Z","ts":"2026-03-17T09:24:11Z"}
{"_id":{"$oid":"69b920dfb2147717dbde6f15"},"start_ts":"2026-03-17T09:30:51Z","end_ts":"2026-03-17T09:37:31Z","count":4,"temp_air":13.8,"hum_air":82.5,"generated_at":"2026-03-17T09:37:35Z","inserted_at":"2026-03-17T09:37:35Z","ts":"2026-03-17T09:37:31Z"}
{"_id":{"$oid":"69b92337b2147717dbde6f16"},"start_ts":"2026-03-17T09:44:11Z","end_ts":"2026-03-17T09:44:11Z","count":2,"temp_air":13.7,"hum_air":82.2,"generated_at":"2026-03-17T09:47:35Z","inserted_at":"2026-03-17T09:47:35Z","ts":"2026-03-17T09:44:11Z"}
{"_id":{"$oid":"69b9258fb2147717dbde6f17"},"start_ts":"2026-03-17T09:50:51Z","end_ts":"2026-03-17T09:57:31Z","count":4,"temp_air":13.5,"hum_air":82.1,"generated_at":"2026-03-17T09:57:35Z","inserted_at":"2026-03-17T09:57:35Z","ts":"2026-03-17T09:57:31Z"}
{"_id":{"$oid":"69b927e7b2147717dbde6f18"},"start_ts":"2026-03-17T10:04:11Z","end_ts":"2026-03-17T10:04:11Z","count":2,"temp_air":13.3,"hum_air":82.6,"generated_at":"2026-03-17T10:07:35Z","inserted_at":"2026-03-17T10:07:35Z","ts":"2026-03-17T10:04:11Z"}
{"_id":{"$oid":"69b92a3fb2147717dbde6f19"},"start_ts":"2026-03-17T10:10:51Z","end_ts":"2026-03-17T10:17:31Z","count":4,"temp_air":13.45,"hum_air":82.35,"generated_at":"2026-03-17T10:17:35Z","inserted_at":"2026-03-17T10:17:35Z","ts":"2026-03-17T10:17:31Z"}
{"_id":{"$oid":"69b92c97b2147717dbde6f1a"},"start_ts":"2026-03-17T10:24:11Z","end_ts":"2026-03-17T10:24:11Z","count":2,"temp_air":13.6,"hum_air":82.2,"generated_at":"2026-03-17T10:27:35Z","inserted_at":"2026-03-17T10:27:35Z","ts":"2026-03-17T10:24:11Z"}
{"_id":{"$oid":"69b92ef0b2147717dbde6f1b"},"start_ts":"2026-03-17T10:30:51Z","end_ts":"2026-03-17T10:37:31Z","count":4,"temp_air":13.6,"hum_air":82.1,"generated_at":"2026-03-17T10:37:36Z","inserted_at":"2026-03-17T10:37:36Z","ts":"2026-03-17T10:37:31Z"}
{"_id":{"$oid":"69b93148b2147717dbde6f1c"},"start_ts":"2026-03-17T10:44:11Z","end_ts":"2026-03-17T10:44:11Z","count":2,"temp_air":13.5,"hum_air":81.9,"generated_at":"2026-03-17T10:47:36Z","inserted_at":"2026-03-17T10:47:36Z","ts":"2026-03-17T10:44:11Z"}
{"_id":{"$oid":"69b933a0b2147717dbde6f1d"},"start_ts":"2026-03-17T10:50:51Z","end_ts":"2026-03-17T10:57:31Z","count":4,"temp_air":13.25,"hum_air":81.9,"generated_at":"2026-03-17T10:57:36Z","inserted_at":"2026-03-17T10:57:36Z","ts":"2026-03-17T10:57:31Z"}
{"_id":{"$oid":"69b935f8b2147717dbde6f1e"},"start_ts":"2026-03-17T11:04:11Z","end_ts":"2026-03-17T11:04:11Z","count":2,"temp_air":13.1,"hum_air":82.1,"generated_at":"2026-03-17T11:07:36Z","inserted_at":"2026-03-17T11:07:36Z","ts":"2026-03-17T11:04:11Z"}
{"_id":{"$oid":"69b93850b2147717dbde6f1f"},"start_ts":"2026-03-17T11:10:51Z","end_ts":"2026-03-17T11:17:31Z","count":4,"temp_air":13.05,"hum_air":81.55,"generated_at":"2026-03-17T11:17:36Z","inserted_at":"2026-03-17T11:17:36Z","ts":"2026-03-17T11:17:31Z"}
{"_id":{"$oid":"69b93aa8b2147717dbde6f20"},"start_ts":"2026-03-17T11:24:11Z","end_ts":"2026-03-17T11:24:11Z","count":2,"temp_air":13.0,"hum_air":81.6,"generated_at":"2026-03-17T11:27:36Z","inserted_at":"2026-03-17T11:27:36Z","ts":"2026-03-17T11:24:11Z"}
{"_id":{"$oid":"69b93d00b2147717dbde6f21"},"start_ts":"2026-03-17T11:30:51Z","end_ts":"2026-03-17T11:37:31Z","count":4,"temp_air":13.2,"hum_air":81.5,"generated_at":"2026-03-17T11:37:36Z","inserted_at":"2026-03-17T11:37:36Z","ts":"2026-03-17T11:37:31Z"}
{"_id":{"$oid":"69b93f58b2147717dbde6f22"},"start_ts":"2026-03-17T11:44:11Z","end_ts":"2026-03-17T11:44:11Z","count":2,"temp_air":13.5,"hum_air":80.9,"generated_at":"2026-03-17T11:47:36Z","inserted_at":"2026-03-17T11:47:36Z","ts":"2026-03-17T11:44:11Z"}
{"_id":{"$oid":"69b941b0b2147717dbde6f23"},"start_ts":"2026-03-17T11:50:51Z","end_ts":"2026-03-17T11:57:31Z","count":4,"temp_air":13.85,"hum_air":80.85,"generated_at":"2026-03-17T11:57:36Z","inserted_at":"2026-03-17T11:57:36Z","ts":"2026-03-17T11:57:31Z"}
{"_id":{"$oid":"69b94409b2147717dbde6f24"},"start_ts":"2026-03-17T12:04:11Z","end_ts":"2026-03-17T12:04:11Z","count":2,"temp_air":14.4,"hum_air":80.3,"generated_at":"2026-03-17T12:07:37Z","inserted_at":"2026-03-17T12:07:37Z","ts":"2026-03-17T12:04:11Z"}
{"_id":{"$oid":"69b94661b2147717dbde6f25"},"start_ts":"2026-03-17T12:10:51Z","end_ts":"2026-03-17T12:17:31Z","count":4,"temp_air":14.85,"hum_air":78.8,"generated_at":"2026-03-17T12:17:37Z","inserted_at":"2026-03-17T12:17:37Z","ts":"2026-03-17T12:17:31Z"}
{"_id":{"$oid":"69b948b9b2147717dbde6f26"},"start_ts":"2026-03-17T12:24:11Z","end_ts":"2026-03-17T12:24:11Z","count":2,"temp_air":15.1,"hum_air":77.7,"generated_at":"2026-03-17T12:27:37Z","inserted_at":"2026-03-17T12:27:37Z","ts":"2026-03-17T12:24:11Z"}
{"_id":{"$oid":"69b94b11b2147717dbde6f27"},"start_ts":"2026-03-17T12:30:51Z","end_ts":"2026-03-17T12:37:31Z","count":4,"temp_air":15.1,"hum_air":78.25,"generated_at":"2026-03-17T12:37:37Z","inserted_at":"2026-03-17T12:37:37Z","ts":"2026-03-17T12:37:31Z"}
{"_id":{"$oid":"69b94d69b2147717dbde6f28"},"start_ts":"2026-03-17T12:44:11Z","end_ts":"2026-03-17T12:44:11Z","count":2,"temp_air":15.2,"hum_air":78.5,"generated_at":"2026-03-17T12:47:37Z","inserted_at":"2026-03-17T12:47:37Z","ts":"2026-03-17T12:44:11Z"}
{"_id":{"$oid":"69b94fc1b2147717dbde6f29"},"start_ts":"2026-03-17T12:50:51Z","end_ts":"2026-03-17T12:57:31Z","count":4,"temp_air":15.7,"hum_air":76.45,"generated_at":"2026-03-17T12:57:37Z","inserted_at":"2026-03-17T12:57:37Z","ts":"2026-03-17T12:57:31Z"}
{"_id":{"$oid":"69b95219b2147717dbde6f2a"},"start_ts":"2026-03-17T13:04:11Z","end_ts":"2026-03-17T13:04:11Z","count":2,"temp_air":16.1,"hum_air":74.5,"generated_at":"2026-03-17T13:07:37Z","inserted_at":"2026-03-17T13:07:37Z","ts":"2026-03-17T13:04:11Z"}
{"_id":{"$oid":"69b95471b2147717dbde6f2b"},"start_ts":"2026-03-17T13:10:51Z","end_ts":"2026-03-17T13:17:31Z","count":4,"temp_air":16.5,"hum_air":74.15,"generated_at":"2026-03-17T13:17:37Z","inserted_at":"2026-03-17T13:17:37Z","ts":"2026-03-17T13:17:31Z"}
{"_id":{"$oid":"69b956c9b2147717dbde6f2c"},"start_ts":"2026-03-17T13:24:11Z","end_ts":"2026-03-17T13:24:11Z","count":2,"temp_air":16.9,"hum_air":72.1,"generated_at":"2026-03-17T13:27:37Z","inserted_at":"2026-03-17T13:27:37Z","ts":"2026-03-17T13:24:11Z"}
{"_id":{"$oid":"69b95922b2147717dbde6f2d"},"start_ts":"2026-03-17T13:30:51Z","end_ts":"2026-03-17T13:37:31Z","count":4,"temp_air":17.700000000000003,"hum_air":72.65,"generated_at":"2026-03-17T13:37:38Z","inserted_at":"2026-03-17T13:37:38Z","ts":"2026-03-17T13:37:31Z"}
{"_id":{"$oid":"69b95b7ab2147717dbde6f2e"},"start_ts":"2026-03-17T13:44:11Z","end_ts":"2026-03-17T13:44:11Z","count":2,"temp_air":18.7,"hum_air":71.1,"generated_at":"2026-03-17T13:47:38Z","inserted_at":"2026-03-17T13:47:38Z","ts":"2026-03-17T13:44:11Z"}
{"_id":{"$oid":"69b95dd2b2147717dbde6f2f"},"start_ts":"2026-03-17T13:50:51Z","end_ts":"2026-03-17T13:57:31Z","count":4,"temp_air":19.0,"hum_air":70.05000000000001,"generated_at":"2026-03-17T13:57:38Z","inserted_at":"2026-03-17T13:57:38Z","ts":"2026-03-17T13:57:31Z"}
{"_id":{"$oid":"69b9602ab2147717dbde6f30"},"start_ts":"2026-03-17T14:04:12Z","end_ts":"2026-03-17T14:04:12Z","count":2,"temp_air":19.4,"hum_air":67.9,"generated_at":"2026-03-17T14:07:38Z","inserted_at":"2026-03-17T14:07:38Z","ts":"2026-03-17T14:04:12Z"}
{"_id":{"$oid":"69b96282b2147717dbde6f31"},"start_ts":"2026-03-17T14:10:52Z","end_ts":"2026-03-17T14:17:31Z","count":4,"temp_air":20.35,"hum_air":66.55,"generated_at":"2026-03-17T14:17:38Z","inserted_at":"2026-03-17T14:17:38Z","ts":"2026-03-17T14:17:31Z"}
{"_id":{"$oid":"69b964dab2147717dbde6f32"},"start_ts":"2026-03-17T14:24:11Z","end_ts":"2026-03-17T14:24:11Z","count":2,"temp_air":21.7,"hum_air":63.1,"generated_at":"2026-03-17T14:27:38Z","inserted_at":"2026-03-17T14:27:38Z","ts":"2026-03-17T14:24:11Z"}
{"_id":{"$oid":"69b96732b2147717dbde6f33"},"start_ts":"2026-03-17T14:30:51Z","end_ts":"2026-03-17T14:37:31Z","count":4,"temp_air":26.9,"hum_air":56.4,"generated_at":"2026-03-17T14:37:38Z","inserted_at":"2026-03-17T14:37:38Z","ts":"2026-03-17T14:37:31Z"}
{"_id":{"$oid":"69b9698ab2147717dbde6f34"},"start_ts":"2026-03-17T14:44:11Z","end_ts":"2026-03-17T14:44:11Z","count":2,"temp_air":30.6,"hum_air":48.5,"generated_at":"2026-03-17T14:47:38Z","inserted_at":"2026-03-17T14:47:38Z","ts":"2026-03-17T14:44:11Z"}
{"_id":{"$oid":"69b96be3b2147717dbde6f35"},"start_ts":"2026-03-17T14:50:52Z","end_ts":"2026-03-17T14:57:31Z","count":4,"temp_air":33.75,"hum_air":46.75,"generated_at":"2026-03-17T14:57:39Z","inserted_at":"2026-03-17T14:57:39Z","ts":"2026-03-17T14:57:31Z"}
{"_id":{"$oid":"69b96e3bb2147717dbde6f36"},"start_ts":"2026-03-17T15:04:12Z","end_ts":"2026-03-17T15:04:12Z","count":2,"temp_air":38.6,"hum_air":41.9,"generated_at":"2026-03-17T15:07:39Z","inserted_at":"2026-03-17T15:07:39Z","ts":"2026-03-17T15:04:12Z"}
{"_id":{"$oid":"69b97093b2147717dbde6f37"},"start_ts":"2026-03-17T15:10:52Z","end_ts":"2026-03-17T15:17:32Z","count":4,"temp_air":41.0,"hum_air":38.55,"generated_at":"2026-03-17T15:17:39Z","inserted_at":"2026-03-17T15:17:39Z","ts":"2026-03-17T15:17:32Z"}
{"_id":{"$oid":"69b972ebb2147717dbde6f38"},"start_ts":"2026-03-17T15:24:12Z","end_ts":"2026-03-17T15:24:12Z","count":2,"temp_air":41.9,"hum_air":38.6,"generated_at":"2026-03-17T15:27:39Z","inserted_at":"2026-03-17T15:27:39Z","ts":"2026-03-17T15:24:12Z"}
{"_id":{"$oid":"69b97543b2147717dbde6f39"},"start_ts":"2026-03-17T15:30:52Z","end_ts":"2026-03-17T15:37:32Z","count":4,"temp_air":42.900000000000006,"hum_air":36.25,"generated_at":"2026-03-17T15:37:39Z","inserted_at":"2026-03-17T15:37:39Z","ts":"2026-03-17T15:37:32Z"}
{"_id":{"$oid":"69b9779bb2147717dbde6f3a"},"start_ts":"2026-03-17T15:44:12Z","end_ts":"2026-03-17T15:44:12Z","count":2,"temp_air":41.9,"hum_air":35.1,"generated_at":"2026-03-17T15:47:39Z","inserted_at":"2026-03-17T15:47:39Z","ts":"2026-03-17T15:44:12Z"}
{"_id":{"$oid":"69b979f3b2147717dbde6f3b"},"start_ts":"2026-03-17T15:50:52Z","end_ts":"2026-03-17T15:57:32Z","count":4,"temp_air":41.85,"hum_air":34.400000000000006,"generated_at":"2026-03-17T15:57:39Z","inserted_at":"2026-03-17T15:57:39Z","ts":"2026-03-17T15:57:32Z"}
{"_id":{"$oid":"69b97c4cb2147717dbde6f3c"},"start_ts":"2026-03-17T16:04:12Z","end_ts":"2026-03-17T16:04:12Z","count":2,"temp_air":41.9,"hum_air":33.7,"generated_at":"2026-03-17T16:07:40Z","inserted_at":"2026-03-17T16:07:40Z","ts":"2026-03-17T16:04:12Z"}
{"_id":{"$oid":"69b97ea4b2147717dbde6f3d"},"start_ts":"2026-03-17T16:10:52Z","end_ts":"2026-03-17T16:17:32Z","count":4,"temp_air":41.05,"hum_air":33.75,"generated_at":"2026-03-17T16:17:40Z","inserted_at":"2026-03-17T16:17:40Z","ts":"2026-03-17T16:17:32Z"}
{"_id":{"$oid":"69b980fcb2147717dbde6f3e"},"start_ts":"2026-03-17T16:24:12Z","end_ts":"2026-03-17T16:24:12Z","count":2,"temp_air":39.1,"hum_air":36.3,"generated_at":"2026-03-17T16:27:40Z","inserted_at":"2026-03-17T16:27:40Z","ts":"2026-03-17T16:24:12Z"}
{"_id":{"$oid":"69b98354b2147717dbde6f3f"},"start_ts":"2026-03-17T16:30:52Z","end_ts":"2026-03-17T16:37:32Z","count":4,"temp_air":32.45,"hum_air":40.849999999999994,"generated_at":"2026-03-17T16:37:40Z","inserted_at":"2026-03-17T16:37:40Z","ts":"2026-03-17T16:37:32Z"}
{"_id":{"$oid":"69b985acb2147717dbde6f40"},"start_ts":"2026-03-17T16:44:12Z","end_ts":"2026-03-17T16:44:12Z","count":2,"temp_air":28.3,"hum_air":46.6,"generated_at":"2026-03-17T16:47:40Z","inserted_at":"2026-03-17T16:47:40Z","ts":"2026-03-17T16:44:12Z"}
{"_id":{"$oid":"69b98804b2147717dbde6f41"},"start_ts":"2026-03-17T16:50:52Z","end_ts":"2026-03-17T16:57:32Z","count":4,"temp_air":27.05,"hum_air":48.5,"generated_at":"2026-03-17T16:57:40Z","inserted_at":"2026-03-17T16:57:40Z","ts":"2026-03-17T16:57:32Z"}
{"_id":{"$oid":"69b98a5db2147717dbde6f42"},"start_ts":"2026-03-17T17:04:12Z","end_ts":"2026-03-17T17:04:12Z","count":2,"temp_air":31.3,"hum_air":45.4,"generated_at":"2026-03-17T17:07:41Z","inserted_at":"2026-03-17T17:07:41Z","ts":"2026-03-17T17:04:12Z"}
{"_id":{"$oid":"69b98cb5b2147717dbde6f43"},"start_ts":"2026-03-17T17:10:52Z","end_ts":"2026-03-17T17:17:32Z","count":4,"temp_air":34.400000000000006,"hum_air":40.05,"generated_at":"2026-03-17T17:17:41Z","inserted_at":"2026-03-17T17:17:41Z","ts":"2026-03-17T17:17:32Z"}
{"_id":{"$oid":"69b98f0db2147717dbde6f44"},"start_ts":"2026-03-17T17:24:12Z","end_ts":"2026-03-17T17:24:12Z","count":2,"temp_air":35.3,"hum_air":40.8,"generated_at":"2026-03-17T17:27:41Z","inserted_at":"2026-03-17T17:27:41Z","ts":"2026-03-17T17:24:12Z"}
{"_id":{"$oid":"69b99165b2147717dbde6f45"},"start_ts":"2026-03-17T17:30:53Z","end_ts":"2026-03-17T17:37:32Z","count":4,"temp_air":34.55,"hum_air":38.55,"generated_at":"2026-03-17T17:37:41Z","inserted_at":"2026-03-17T17:37:41Z","ts":"2026-03-17T17:37:32Z"}
{"_id":{"$oid":"69b993bdb2147717dbde6f46"},"start_ts":"2026-03-17T17:44:12Z","end_ts":"2026-03-17T17:44:12Z","count":2,"temp_air":34.0,"hum_air":39.9,"generated_at":"2026-03-17T17:47:41Z","inserted_at":"2026-03-17T17:47:41Z","ts":"2026-03-17T17:44:12Z"}
{"_id":{"$oid":"69b99615b2147717dbde6f47"},"start_ts":"2026-03-17T17:50:52Z","end_ts":"2026-03-17T17:57:32Z","count":4,"temp_air":33.599999999999994,"hum_air":40.4,"generated_at":"2026-03-17T17:57:41Z","inserted_at":"2026-03-17T17:57:41Z","ts":"2026-03-17T17:57:32Z"}
{"_id":{"$oid":"69b9986db2147717dbde6f48"},"start_ts":"2026-03-17T18:04:12Z","end_ts":"2026-03-17T18:04:12Z","count":2,"temp_air":33.3,"hum_air":42.3,"generated_at":"2026-03-17T18:07:41Z","inserted_at":"2026-03-17T18:07:41Z","ts":"2026-03-17T18:04:12Z"}
{"_id":{"$oid":"69b99ac5b2147717dbde6f49"},"start_ts":"2026-03-17T18:10:52Z","end_ts":"2026-03-17T18:17:32Z","count":4,"temp_air":32.25,"hum_air":43.0,"generated_at":"2026-03-17T18:17:41Z","inserted_at":"2026-03-17T18:17:41Z","ts":"2026-03-17T18:17:32Z"}
{"_id":{"$oid":"69b99d1db2147717dbde6f4a"},"start_ts":"2026-03-17T18:24:12Z","end_ts":"2026-03-17T18:24:12Z","count":2,"temp_air":31.8,"hum_air":44.8,"generated_at":"2026-03-17T18:27:41Z","inserted_at":"2026-03-17T18:27:41Z","ts":"2026-03-17T18:24:12Z"}
{"_id":{"$oid":"69b99f76b2147717dbde6f4b"},"start_ts":"2026-03-17T18:30:52Z","end_ts":"2026-03-17T18:37:32Z","count":4,"temp_air":30.8,"hum_air":45.45,"generated_at":"2026-03-17T18:37:42Z","inserted_at":"2026-03-17T18:37:42Z","ts":"2026-03-17T18:37:32Z"}
{"_id":{"$oid":"69b9a1ceb2147717dbde6f4c"},"start_ts":"2026-03-17T18:44:12Z","end_ts":"2026-03-17T18:44:12Z","count":2,"temp_air":29.4,"hum_air":51.0,"generated_at":"2026-03-17T18:47:42Z","inserted_at":"2026-03-17T18:47:42Z","ts":"2026-03-17T18:44:12Z"}
{"_id":{"$oid":"69b9a426b2147717dbde6f4d"},"start_ts":"2026-03-17T18:50:52Z","end_ts":"2026-03-17T18:57:32Z","count":4,"temp_air":27.799999999999997,"hum_air":49.3,"generated_at":"2026-03-17T18:57:42Z","inserted_at":"2026-03-17T18:57:42Z","ts":"2026-03-17T18:57:32Z"}
{"_id":{"$oid":"69b9a67eb2147717dbde6f4e"},"start_ts":"2026-03-17T19:04:12Z","end_ts":"2026-03-17T19:04:12Z","count":2,"temp_air":27.4,"hum_air":50.4,"generated_at":"2026-03-17T19:07:42Z","inserted_at":"2026-03-17T19:07:42Z","ts":"2026-03-17T19:04:12Z"}
{"_id":{"$oid":"69b9a8d6b2147717dbde6f4f"},"start_ts":"2026-03-17T19:10:52Z","end_ts":"2026-03-17T19:17:32Z","count":4,"temp_air":27.9,"hum_air":49.7,"generated_at":"2026-03-17T19:17:42Z","inserted_at":"2026-03-17T19:17:42Z","ts":"2026-03-17T19:17:32Z"}
{"_id":{"$oid":"69b9ab2eb2147717dbde6f50"},"start_ts":"2026-03-17T19:24:12Z","end_ts":"2026-03-17T19:24:12Z","count":2,"temp_air":28.3,"hum_air":48.2,"generated_at":"2026-03-17T19:27:42Z","inserted_at":"2026-03-17T19:27:42Z","ts":"2026-03-17T19:24:12Z"}
{"_id":{"$oid":"69b9ad86b2147717dbde6f51"},"start_ts":"2026-03-17T19:30:53Z","end_ts":"2026-03-17T19:37:32Z","count":4,"temp_air":28.8,"hum_air":48.95,"generated_at":"2026-03-17T19:37:42Z","inserted_at":"2026-03-17T19:37:42Z","ts":"2026-03-17T19:37:32Z"}
{"_id":{"$oid":"69b9afdeb2147717dbde6f52"},"start_ts":"2026-03-17T19:44:12Z","end_ts":"2026-03-17T19:44:12Z","count":2,"temp_air":29.3,"hum_air":48.0,"generated_at":"2026-03-17T19:47:42Z","inserted_at":"2026-03-17T19:47:42Z","ts":"2026-03-17T19:44:12Z"}
{"_id":{"$oid":"69b9b237b2147717dbde6f53"},"start_ts":"2026-03-17T19:50:52Z","end_ts":"2026-03-17T19:57:32Z","count":4,"temp_air":28.95,"hum_air":47.5,"generated_at":"2026-03-17T19:57:43Z","inserted_at":"2026-03-17T19:57:43Z","ts":"2026-03-17T19:57:32Z"}
{"_id":{"$oid":"69b9b48fb2147717dbde6f54"},"start_ts":"2026-03-17T20:04:12Z","end_ts":"2026-03-17T20:04:12Z","count":2,"temp_air":27.6,"hum_air":50.3,"generated_at":"2026-03-17T20:07:43Z","inserted_at":"2026-03-17T20:07:43Z","ts":"2026-03-17T20:04:12Z"}
{"_id":{"$oid":"69b9b6e7b2147717dbde6f55"},"start_ts":"2026-03-17T20:10:52Z","end_ts":"2026-03-17T20:17:32Z","count":4,"temp_air":25.75,"hum_air":53.55,"generated_at":"2026-03-17T20:17:43Z","inserted_at":"2026-03-17T20:17:43Z","ts":"2026-03-17T20:17:32Z"}
{"_id":{"$oid":"69b9b93fb2147717dbde6f56"},"start_ts":"2026-03-17T20:24:12Z","end_ts":"2026-03-17T20:24:12Z","count":2,"temp_air":26.0,"hum_air":53.3,"generated_at":"2026-03-17T20:27:43Z","inserted_at":"2026-03-17T20:27:43Z","ts":"2026-03-17T20:24:12Z"}
{"_id":{"$oid":"69b9bb97b2147717dbde6f57"},"start_ts":"2026-03-17T20:30:52Z","end_ts":"2026-03-17T20:37:32Z","count":4,"temp_air":26.1,"hum_air":53.7,"generated_at":"2026-03-17T20:37:43Z","inserted_at":"2026-03-17T20:37:43Z","ts":"2026-03-17T20:37:32Z"}
{"_id":{"$oid":"69b9bdefb2147717dbde6f58"},"start_ts":"2026-03-17T20:44:12Z","end_ts":"2026-03-17T20:44:12Z","count":2,"temp_air":26.5,"hum_air":51.7,"generated_at":"2026-03-17T20:47:43Z","inserted_at":"2026-03-17T20:47:43Z","ts":"2026-03-17T20:44:12Z"}
{"_id":{"$oid":"69b9c047b2147717dbde6f59"},"start_ts":"2026-03-17T20:50:52Z","end_ts":"2026-03-17T20:57:32Z","count":4,"temp_air":26.35,"hum_air":52.849999999999994,"generated_at":"2026-03-17T20:57:43Z","inserted_at":"2026-03-17T20:57:43Z","ts":"2026-03-17T20:57:32Z"}
{"_id":{"$oid":"69b9c29fb2147717dbde6f5a"},"start_ts":"2026-03-17T21:04:12Z","end_ts":"2026-03-17T21:04:12Z","count":2,"temp_air":26.3,"hum_air":52.8,"generated_at":"2026-03-17T21:07:43Z","inserted_at":"2026-03-17T21:07:43Z","ts":"2026-03-17T21:04:12Z"}
{"_id":{"$oid":"69b9c4f8b2147717dbde6f5b"},"start_ts":"2026-03-17T21:10:52Z","end_ts":"2026-03-17T21:17:32Z","count":4,"temp_air":24.200000000000003,"hum_air":56.25,"generated_at":"2026-03-17T21:17:44Z","inserted_at":"2026-03-17T21:17:44Z","ts":"2026-03-17T21:17:32Z"}
{"_id":{"$oid":"69b9c750b2147717dbde6f5c"},"start_ts":"2026-03-17T21:24:12Z","end_ts":"2026-03-17T21:24:12Z","count":2,"temp_air":22.6,"hum_air":59.2,"generated_at":"2026-03-17T21:27:44Z","inserted_at":"2026-03-17T21:27:44Z","ts":"2026-03-17T21:24:12Z"}
{"_id":{"$oid":"69b9c9a8b2147717dbde6f5d"},"start_ts":"2026-03-17T21:30:52Z","end_ts":"2026-03-17T21:37:32Z","count":4,"temp_air":21.5,"hum_air":62.7,"generated_at":"2026-03-17T21:37:44Z","inserted_at":"2026-03-17T21:37:44Z","ts":"2026-03-17T21:37:32Z"}
{"_id":{"$oid":"69b9cc00b2147717dbde6f5e"},"start_ts":"2026-03-17T21:44:12Z","end_ts":"2026-03-17T21:44:12Z","count":2,"temp_air":21.3,"hum_air":63.5,"generated_at":"2026-03-17T21:47:44Z","inserted_at":"2026-03-17T21:47:44Z","ts":"2026-03-17T21:44:12Z"}
{"_id":{"$oid":"69b9ce58b2147717dbde6f5f"},"start_ts":"2026-03-17T21:50:52Z","end_ts":"2026-03-17T21:57:32Z","count":4,"temp_air":20.65,"hum_air":65.55,"generated_at":"2026-03-17T21:57:44Z","inserted_at":"2026-03-17T21:57:44Z","ts":"2026-03-17T21:57:32Z"}
{"_id":{"$oid":"69b9d0b0b2147717dbde6f60"},"start_ts":"2026-03-17T22:04:12Z","end_ts":"2026-03-17T22:04:12Z","count":2,"temp_air":20.3,"hum_air":66.7,"generated_at":"2026-03-17T22:07:44Z","inserted_at":"2026-03-17T22:07:44Z","ts":"2026-03-17T22:04:12Z"}
{"_id":{"$oid":"69b9d309b2147717dbde6f61"},"start_ts":"2026-03-17T22:10:52Z","end_ts":"2026-03-17T22:17:32Z","count":4,"temp_air":20.25,"hum_air":66.80000000000001,"generated_at":"2026-03-17T22:17:45Z","inserted_at":"2026-03-17T22:17:45Z","ts":"2026-03-17T22:17:32Z"}
{"_id":{"$oid":"69b9d561b2147717dbde6f62"},"start_ts":"2026-03-17T22:24:12Z","end_ts":"2026-03-17T22:24:12Z","count":2,"temp_air":20.6,"hum_air":66.6,"generated_at":"2026-03-17T22:27:45Z","inserted_at":"2026-03-17T22:27:45Z","ts":"2026-03-17T22:24:12Z"}
{"_id":{"$oid":"69b9d7b9b2147717dbde6f63"},"start_ts":"2026-03-17T22:30:52Z","end_ts":"2026-03-17T22:37:32Z","count":4,"temp_air":20.200000000000003,"hum_air":68.9,"generated_at":"2026-03-17T22:37:45Z","inserted_at":"2026-03-17T22:37:45Z","ts":"2026-03-17T22:37:32Z"}
{"_id":{"$oid":"69b9da11b2147717dbde6f64"},"start_ts":"2026-03-17T22:44:12Z","end_ts":"2026-03-17T22:44:12Z","count":2,"temp_air":20.6,"hum_air":68.4,"generated_at":"2026-03-17T22:47:45Z","inserted_at":"2026-03-17T22:47:45Z","ts":"2026-03-17T22:44:12Z"}
{"_id":{"$oid":"69b9dc69b2147717dbde6f65"},"start_ts":"2026-03-17T22:50:53Z","end_ts":"2026-03-17T22:57:32Z","count":4,"temp_air":20.35,"hum_air":69.6,"generated_at":"2026-03-17T22:57:45Z","inserted_at":"2026-03-17T22:57:45Z","ts":"2026-03-17T22:57:32Z"}
{"_id":{"$oid":"69b9dec1b2147717dbde6f66"},"start_ts":"2026-03-17T23:04:12Z","end_ts":"2026-03-17T23:04:12Z","count":2,"temp_air":19.3,"hum_air":71.4,"generated_at":"2026-03-17T23:07:45Z","inserted_at":"2026-03-17T23:07:45Z","ts":"2026-03-17T23:04:12Z"}
{"_id":{"$oid":"69b9e11ab2147717dbde6f67"},"start_ts":"2026-03-17T23:10:52Z","end_ts":"2026-03-17T23:17:41Z","count":6,"temp_air":18.266666666666666,"hum_air":74.26666666666667,"generated_at":"2026-03-17T23:17:46Z","inserted_at":"2026-03-17T23:17:46Z","ts":"2026-03-17T23:17:41Z"}
{"_id":{"$oid":"69b9e372b2147717dbde6f68"},"start_ts":"2026-03-17T23:24:12Z","end_ts":"2026-03-17T23:24:12Z","count":2,"temp_air":17.5,"hum_air":76.1,"generated_at":"2026-03-17T23:27:46Z","inserted_at":"2026-03-17T23:27:46Z","ts":"2026-03-17T23:24:12Z"}
{"_id":{"$oid":"69b9e5cab2147717dbde6f69"},"start_ts":"2026-03-17T23:30:52Z","end_ts":"2026-03-17T23:37:32Z","count":4,"temp_air":16.700000000000003,"hum_air":78.0,"generated_at":"2026-03-17T23:37:46Z","inserted_at":"2026-03-17T23:37:46Z","ts":"2026-03-17T23:37:32Z"}
{"_id":{"$oid":"69b9e822b2147717dbde6f6a"},"start_ts":"2026-03-17T23:44:12Z","end_ts":"2026-03-17T23:44:12Z","count":2,"temp_air":16.4,"hum_air":78.9,"generated_at":"2026-03-17T23:47:46Z","inserted_at":"2026-03-17T23:47:46Z","ts":"2026-03-17T23:44:12Z"}
{"_id":{"$oid":"69b9ea7ab2147717dbde6f6b"},"start_ts":"2026-03-17T23:50:52Z","end_ts":"2026-03-17T23:57:32Z","count":4,"temp_air":16.2,"hum_air":79.9,"generated_at":"2026-03-17T23:57:46Z","inserted_at":"2026-03-17T23:57:46Z","ts":"2026-03-17T23:57:32Z"}
{"_id":{"$oid":"69b9ecd2b2147717dbde6f6c"},"start_ts":"2026-03-18T00:04:12Z","end_ts":"2026-03-18T00:04:12Z","count":2,"temp_air":16.3,"hum_air":80.8,"generated_at":"2026-03-18T00:07:46Z","inserted_at":"2026-03-18T00:07:46Z","ts":"2026-03-18T00:04:12Z"}
{"_id":{"$oid":"69b9ef2ab2147717dbde6f6d"},"start_ts":"2026-03-18T00:10:53Z","end_ts":"2026-03-18T00:17:32Z","count":4,"temp_air":16.4,"hum_air":80.55,"generated_at":"2026-03-18T00:17:46Z","inserted_at":"2026-03-18T00:17:46Z","ts":"2026-03-18T00:17:32Z"}
{"_id":{"$oid":"69b9f182b2147717dbde6f6e"},"start_ts":"2026-03-18T00:24:12Z","end_ts":"2026-03-18T00:24:12Z","count":2,"temp_air":16.6,"hum_air":80.0,"generated_at":"2026-03-18T00:27:46Z","inserted_at":"2026-03-18T00:27:46Z","ts":"2026-03-18T00:24:12Z"}
{"_id":{"$oid":"69b9f3dbb2147717dbde6f6f"},"start_ts":"2026-03-18T00:30:53Z","end_ts":"2026-03-18T00:37:33Z","count":4,"temp_air":16.4,"hum_air":80.5,"generated_at":"2026-03-18T00:37:47Z","inserted_at":"2026-03-18T00:37:47Z","ts":"2026-03-18T00:37:33Z"}
{"_id":{"$oid":"69b9f633b2147717dbde6f70"},"start_ts":"2026-03-18T00:44:13Z","end_ts":"2026-03-18T00:44:13Z","count":2,"temp_air":16.5,"hum_air":80.9,"generated_at":"2026-03-18T00:47:47Z","inserted_at":"2026-03-18T00:47:47Z","ts":"2026-03-18T00:44:13Z"}
{"_id":{"$oid":"69b9f88bb2147717dbde6f71"},"start_ts":"2026-03-18T00:50:53Z","end_ts":"2026-03-18T00:57:33Z","count":4,"temp_air":16.55,"hum_air":81.1,"generated_at":"2026-03-18T00:57:47Z","inserted_at":"2026-03-18T00:57:47Z","ts":"2026-03-18T00:57:33Z"}
{"_id":{"$oid":"69b9fae3b2147717dbde6f72"},"start_ts":"2026-03-18T01:04:13Z","end_ts":"2026-03-18T01:04:13Z","count":2,"temp_air":16.4,"hum_air":81.1,"generated_at":"2026-03-18T01:07:47Z","inserted_at":"2026-03-18T01:07:47Z","ts":"2026-03-18T01:04:13Z"}
{"_id":{"$oid":"69b9fd3bb2147717dbde6f73"},"start_ts":"2026-03-18T01:10:53Z","end_ts":"2026-03-18T01:17:32Z","count":4,"temp_air":16.35,"hum_air":80.95,"generated_at":"2026-03-18T01:17:47Z","inserted_at":"2026-03-18T01:17:47Z","ts":"2026-03-18T01:17:32Z"}
{"_id":{"$oid":"69b9ff93b2147717dbde6f74"},"start_ts":"2026-03-18T01:24:13Z","end_ts":"2026-03-18T01:24:13Z","count":2,"temp_air":16.4,"hum_air":80.8,"generated_at":"2026-03-18T01:27:47Z","inserted_at":"2026-03-18T01:27:47Z","ts":"2026-03-18T01:24:13Z"}
{"_id":{"$oid":"69ba01ebb2147717dbde6f75"},"start_ts":"2026-03-18T01:30:53Z","end_ts":"2026-03-18T01:37:33Z","count":4,"temp_air":16.3,"hum_air":80.9,"generated_at":"2026-03-18T01:37:47Z","inserted_at":"2026-03-18T01:37:47Z","ts":"2026-03-18T01:37:33Z"}
{"_id":{"$oid":"69ba0443b2147717dbde6f76"},"start_ts":"2026-03-18T01:44:13Z","end_ts":"2026-03-18T01:44:13Z","count":2,"temp_air":16.1,"hum_air":81.4,"generated_at":"2026-03-18T01:47:47Z","inserted_at":"2026-03-18T01:47:47Z","ts":"2026-03-18T01:44:13Z"}
{"_id":{"$oid":"69ba069cb2147717dbde6f77"},"start_ts":"2026-03-18T01:50:54Z","end_ts":"2026-03-18T01:57:33Z","count":4,"temp_air":16.0,"hum_air":81.15,"generated_at":"2026-03-18T01:57:48Z","inserted_at":"2026-03-18T01:57:48Z","ts":"2026-03-18T01:57:33Z"}
{"_id":{"$oid":"69ba08f4b2147717dbde6f78"},"start_ts":"2026-03-18T02:04:14Z","end_ts":"2026-03-18T02:04:21Z","count":4,"temp_air":15.9,"hum_air":81.2,"generated_at":"2026-03-18T02:07:48Z","inserted_at":"2026-03-18T02:07:48Z","ts":"2026-03-18T02:04:21Z"}
{"_id":{"$oid":"69ba0b4cb2147717dbde6f79"},"start_ts":"2026-03-18T02:10:55Z","end_ts":"2026-03-18T02:17:34Z","count":4,"temp_air":15.9,"hum_air":81.55,"generated_at":"2026-03-18T02:17:48Z","inserted_at":"2026-03-18T02:17:48Z","ts":"2026-03-18T02:17:34Z"}
{"_id":{"$oid":"69ba0da4b2147717dbde6f7a"},"start_ts":"2026-03-18T02:24:15Z","end_ts":"2026-03-18T02:24:15Z","count":2,"temp_air":15.7,"hum_air":81.7,"generated_at":"2026-03-18T02:27:48Z","inserted_at":"2026-03-18T02:27:48Z","ts":"2026-03-18T02:24:15Z"}
{"_id":{"$oid":"69ba0ffcb2147717dbde6f7b"},"start_ts":"2026-03-18T02:30:54Z","end_ts":"2026-03-18T02:37:33Z","count":4,"temp_air":15.649999999999999,"hum_air":81.9,"generated_at":"2026-03-18T02:37:48Z","inserted_at":"2026-03-18T02:37:48Z","ts":"2026-03-18T02:37:33Z"}
{"_id":{"$oid":"69ba1254b2147717dbde6f7c"},"start_ts":"2026-03-18T02:44:14Z","end_ts":"2026-03-18T02:44:14Z","count":2,"temp_air":15.4,"hum_air":82.2,"generated_at":"2026-03-18T02:47:48Z","inserted_at":"2026-03-18T02:47:48Z","ts":"2026-03-18T02:44:14Z"}
{"_id":{"$oid":"69ba14acb2147717dbde6f7d"},"start_ts":"2026-03-18T02:50:53Z","end_ts":"2026-03-18T02:57:33Z","count":4,"temp_air":15.4,"hum_air":82.1,"generated_at":"2026-03-18T02:57:48Z","inserted_at":"2026-03-18T02:57:48Z","ts":"2026-03-18T02:57:33Z"}
{"_id":{"$oid":"69ba1704b2147717dbde6f7e"},"start_ts":"2026-03-18T03:04:13Z","end_ts":"2026-03-18T03:04:13Z","count":2,"temp_air":15.3,"hum_air":82.0,"generated_at":"2026-03-18T03:07:48Z","inserted_at":"2026-03-18T03:07:48Z","ts":"2026-03-18T03:04:13Z"}
{"_id":{"$oid":"69ba195cb2147717dbde6f7f"},"start_ts":"2026-03-18T03:10:53Z","end_ts":"2026-03-18T03:17:33Z","count":4,"temp_air":15.25,"hum_air":81.95,"generated_at":"2026-03-18T03:17:48Z","inserted_at":"2026-03-18T03:17:48Z","ts":"2026-03-18T03:17:33Z"}
{"_id":{"$oid":"69ba1bb5b2147717dbde6f80"},"start_ts":"2026-03-18T03:24:13Z","end_ts":"2026-03-18T03:24:13Z","count":2,"temp_air":15.1,"hum_air":82.0,"generated_at":"2026-03-18T03:27:49Z","inserted_at":"2026-03-18T03:27:49Z","ts":"2026-03-18T03:24:13Z"}
{"_id":{"$oid":"69ba1e0db2147717dbde6f81"},"start_ts":"2026-03-18T03:30:53Z","end_ts":"2026-03-18T03:37:33Z","count":4,"temp_air":14.95,"hum_air":82.15,"generated_at":"2026-03-18T03:37:49Z","inserted_at":"2026-03-18T03:37:49Z","ts":"2026-03-18T03:37:33Z"}
{"_id":{"$oid":"69ba2065b2147717dbde6f82"},"start_ts":"2026-03-18T03:44:13Z","end_ts":"2026-03-18T03:44:13Z","count":2,"temp_air":14.8,"hum_air":82.0,"generated_at":"2026-03-18T03:47:49Z","inserted_at":"2026-03-18T03:47:49Z","ts":"2026-03-18T03:44:13Z"}
{"_id":{"$oid":"69ba22bdb2147717dbde6f83"},"start_ts":"2026-03-18T03:50:53Z","end_ts":"2026-03-18T03:57:33Z","count":4,"temp_air":14.7,"hum_air":82.05,"generated_at":"2026-03-18T03:57:49Z","inserted_at":"2026-03-18T03:57:49Z","ts":"2026-03-18T03:57:33Z"}
{"_id":{"$oid":"69ba2515b2147717dbde6f84"},"start_ts":"2026-03-18T04:04:13Z","end_ts":"2026-03-18T04:04:13Z","count":2,"temp_air":14.6,"hum_air":82.2,"generated_at":"2026-03-18T04:07:49Z","inserted_at":"2026-03-18T04:07:49Z","ts":"2026-03-18T04:04:13Z"}
{"_id":{"$oid":"69ba276db2147717dbde6f85"},"start_ts":"2026-03-18T04:10:53Z","end_ts":"2026-03-18T04:17:33Z","count":4,"temp_air":14.5,"hum_air":82.45,"generated_at":"2026-03-18T04:17:49Z","inserted_at":"2026-03-18T04:17:49Z","ts":"2026-03-18T04:17:33Z"}
{"_id":{"$oid":"69ba29c5b2147717dbde6f86"},"start_ts":"2026-03-18T04:24:13Z","end_ts":"2026-03-18T04:24:13Z","count":2,"temp_air":14.5,"hum_air":82.2,"generated_at":"2026-03-18T04:27:49Z","inserted_at":"2026-03-18T04:27:49Z","ts":"2026-03-18T04:24:13Z"}
{"_id":{"$oid":"69ba2c1db2147717dbde6f87"},"start_ts":"2026-03-18T04:30:53Z","end_ts":"2026-03-18T04:37:33Z","count":4,"temp_air":14.6,"hum_air":82.44999999999999,"generated_at":"2026-03-18T04:37:49Z","inserted_at":"2026-03-18T04:37:49Z","ts":"2026-03-18T04:37:33Z"}
{"_id":{"$oid":"69ba2e75b2147717dbde6f88"},"start_ts":"2026-03-18T04:44:13Z","end_ts":"2026-03-18T04:44:13Z","count":2,"temp_air":14.6,"hum_air":82.9,"generated_at":"2026-03-18T04:47:49Z","inserted_at":"2026-03-18T04:47:49Z","ts":"2026-03-18T04:44:13Z"}
{"_id":{"$oid":"69ba30cdb2147717dbde6f89"},"start_ts":"2026-03-18T04:50:53Z","end_ts":"2026-03-18T04:57:33Z","count":4,"temp_air":14.850000000000001,"hum_air":82.65,"generated_at":"2026-03-18T04:57:49Z","inserted_at":"2026-03-18T04:57:49Z","ts":"2026-03-18T04:57:33Z"}
{"_id":{"$oid":"69ba3326b2147717dbde6f8a"},"start_ts":"2026-03-18T05:04:13Z","end_ts":"2026-03-18T05:04:13Z","count":2,"temp_air":14.8,"hum_air":82.5,"generated_at":"2026-03-18T05:07:50Z","inserted_at":"2026-03-18T05:07:50Z","ts":"2026-03-18T05:04:13Z"}
{"_id":{"$oid":"69ba357eb2147717dbde6f8b"},"start_ts":"2026-03-18T05:10:53Z","end_ts":"2026-03-18T05:17:33Z","count":4,"temp_air":14.7,"hum_air":82.4,"generated_at":"2026-03-18T05:17:50Z","inserted_at":"2026-03-18T05:17:50Z","ts":"2026-03-18T05:17:33Z"}
{"_id":{"$oid":"69ba37d6b2147717dbde6f8c"},"start_ts":"2026-03-18T05:24:13Z","end_ts":"2026-03-18T05:24:13Z","count":2,"temp_air":14.9,"hum_air":82.8,"generated_at":"2026-03-18T05:27:50Z","inserted_at":"2026-03-18T05:27:50Z","ts":"2026-03-18T05:24:13Z"}
{"_id":{"$oid":"69ba3a2eb2147717dbde6f8d"},"start_ts":"2026-03-18T05:30:53Z","end_ts":"2026-03-18T05:37:33Z","count":4,"temp_air":15.05,"hum_air":82.55,"generated_at":"2026-03-18T05:37:50Z","inserted_at":"2026-03-18T05:37:50Z","ts":"2026-03-18T05:37:33Z"}
{"_id":{"$oid":"69ba3c86b2147717dbde6f8e"},"start_ts":"2026-03-18T05:44:13Z","end_ts":"2026-03-18T05:44:13Z","count":2,"temp_air":15.0,"hum_air":82.4,"generated_at":"2026-03-18T05:47:50Z","inserted_at":"2026-03-18T05:47:50Z","ts":"2026-03-18T05:44:13Z"}
{"_id":{"$oid":"69ba3edeb2147717dbde6f8f"},"start_ts":"2026-03-18T05:50:53Z","end_ts":"2026-03-18T05:57:33Z","count":4,"temp_air":14.850000000000001,"hum_air":82.55000000000001,"generated_at":"2026-03-18T05:57:50Z","inserted_at":"2026-03-18T05:57:50Z","ts":"2026-03-18T05:57:33Z"}
{"_id":{"$oid":"69ba4136b2147717dbde6f90"},"start_ts":"2026-03-18T06:04:13Z","end_ts":"2026-03-18T06:04:13Z","count":2,"temp_air":14.9,"hum_air":82.5,"generated_at":"2026-03-18T06:07:50Z","inserted_at":"2026-03-18T06:07:50Z","ts":"2026-03-18T06:04:13Z"}
{"_id":{"$oid":"69ba438eb2147717dbde6f91"},"start_ts":"2026-03-18T06:10:53Z","end_ts":"2026-03-18T06:17:33Z","count":4,"temp_air":14.95,"hum_air":82.75,"generated_at":"2026-03-18T06:17:50Z","inserted_at":"2026-03-18T06:17:50Z","ts":"2026-03-18T06:17:33Z"}
{"_id":{"$oid":"69ba45e6b2147717dbde6f92"},"start_ts":"2026-03-18T06:24:13Z","end_ts":"2026-03-18T06:24:13Z","count":2,"temp_air":15.0,"hum_air":82.6,"generated_at":"2026-03-18T06:27:50Z","inserted_at":"2026-03-18T06:27:50Z","ts":"2026-03-18T06:24:13Z"}
{"_id":{"$oid":"69ba483eb2147717dbde6f93"},"start_ts":"2026-03-18T06:30:53Z","end_ts":"2026-03-18T06:37:33Z","count":4,"temp_air":14.95,"hum_air":82.44999999999999,"generated_at":"2026-03-18T06:37:50Z","inserted_at":"2026-03-18T06:37:50Z","ts":"2026-03-18T06:37:33Z"}
{"_id":{"$oid":"69ba4a97b2147717dbde6f94"},"start_ts":"2026-03-18T06:44:13Z","end_ts":"2026-03-18T06:44:13Z","count":2,"temp_air":14.8,"hum_air":82.6,"generated_at":"2026-03-18T06:47:51Z","inserted_at":"2026-03-18T06:47:51Z","ts":"2026-03-18T06:44:13Z"}
{"_id":{"$oid":"69ba4cefb2147717dbde6f95"},"start_ts":"2026-03-18T06:50:53Z","end_ts":"2026-03-18T06:57:33Z","count":4,"temp_air":14.850000000000001,"hum_air":82.6,"generated_at":"2026-03-18T06:57:51Z","inserted_at":"2026-03-18T06:57:51Z","ts":"2026-03-18T06:57:33Z"}
{"_id":{"$oid":"69ba4f47b2147717dbde6f96"},"start_ts":"2026-03-18T07:04:13Z","end_ts":"2026-03-18T07:04:13Z","count":2,"temp_air":14.9,"hum_air":83.0,"generated_at":"2026-03-18T07:07:51Z","inserted_at":"2026-03-18T07:07:51Z","ts":"2026-03-18T07:04:13Z"}
{"_id":{"$oid":"69ba519fb2147717dbde6f97"},"start_ts":"2026-03-18T07:10:53Z","end_ts":"2026-03-18T07:17:33Z","count":4,"temp_air":14.95,"hum_air":82.69999999999999,"generated_at":"2026-03-18T07:17:51Z","inserted_at":"2026-03-18T07:17:51Z","ts":"2026-03-18T07:17:33Z"}
{"_id":{"$oid":"69ba53f7b2147717dbde6f98"},"start_ts":"2026-03-18T07:24:13Z","end_ts":"2026-03-18T07:24:13Z","count":2,"temp_air":15.0,"hum_air":82.3,"generated_at":"2026-03-18T07:27:51Z","inserted_at":"2026-03-18T07:27:51Z","ts":"2026-03-18T07:24:13Z"}
{"_id":{"$oid":"69ba564fb2147717dbde6f99"},"start_ts":"2026-03-18T07:30:53Z","end_ts":"2026-03-18T07:37:33Z","count":4,"temp_air":15.0,"hum_air":82.45,"generated_at":"2026-03-18T07:37:51Z","inserted_at":"2026-03-18T07:37:51Z","ts":"2026-03-18T07:37:33Z"}
{"_id":{"$oid":"69ba58a7b2147717dbde6f9a"},"start_ts":"2026-03-18T07:44:13Z","end_ts":"2026-03-18T07:44:13Z","count":2,"temp_air":15.0,"hum_air":82.5,"generated_at":"2026-03-18T07:47:51Z","inserted_at":"2026-03-18T07:47:51Z","ts":"2026-03-18T07:44:13Z"}
{"_id":{"$oid":"69ba5affb2147717dbde6f9b"},"start_ts":"2026-03-18T07:50:53Z","end_ts":"2026-03-18T07:57:33Z","count":4,"temp_air":14.95,"hum_air":82.4,"generated_at":"2026-03-18T07:57:51Z","inserted_at":"2026-03-18T07:57:51Z","ts":"2026-03-18T07:57:33Z"}
{"_id":{"$oid":"69ba5d57b2147717dbde6f9c"},"start_ts":"2026-03-18T08:04:13Z","end_ts":"2026-03-18T08:04:13Z","count":2,"temp_air":14.8,"hum_air":82.3,"generated_at":"2026-03-18T08:07:51Z","inserted_at":"2026-03-18T08:07:51Z","ts":"2026-03-18T08:04:13Z"}
{"_id":{"$oid":"69ba5fafb2147717dbde6f9d"},"start_ts":"2026-03-18T08:10:53Z","end_ts":"2026-03-18T08:17:33Z","count":4,"temp_air":14.8,"hum_air":82.35,"generated_at":"2026-03-18T08:17:51Z","inserted_at":"2026-03-18T08:17:51Z","ts":"2026-03-18T08:17:33Z"}
{"_id":{"$oid":"69ba6208b2147717dbde6f9e"},"start_ts":"2026-03-18T08:24:13Z","end_ts":"2026-03-18T08:24:13Z","count":2,"temp_air":14.8,"hum_air":82.6,"generated_at":"2026-03-18T08:27:52Z","inserted_at":"2026-03-18T08:27:52Z","ts":"2026-03-18T08:24:13Z"}
{"_id":{"$oid":"69ba6460b2147717dbde6f9f"},"start_ts":"2026-03-18T08:30:53Z","end_ts":"2026-03-18T08:37:33Z","count":4,"temp_air":14.75,"hum_air":82.7,"generated_at":"2026-03-18T08:37:52Z","inserted_at":"2026-03-18T08:37:52Z","ts":"2026-03-18T08:37:33Z"}
{"_id":{"$oid":"69ba66b8b2147717dbde6fa0"},"start_ts":"2026-03-18T08:44:13Z","end_ts":"2026-03-18T08:44:13Z","count":2,"temp_air":14.6,"hum_air":82.6,"generated_at":"2026-03-18T08:47:52Z","inserted_at":"2026-03-18T08:47:52Z","ts":"2026-03-18T08:44:13Z"}
{"_id":{"$oid":"69ba6910b2147717dbde6fa1"},"start_ts":"2026-03-18T08:50:53Z","end_ts":"2026-03-18T08:57:33Z","count":4,"temp_air":14.6,"hum_air":82.5,"generated_at":"2026-03-18T08:57:52Z","inserted_at":"2026-03-18T08:57:52Z","ts":"2026-03-18T08:57:33Z"}
{"_id":{"$oid":"69ba6b68b2147717dbde6fa2"},"start_ts":"2026-03-18T09:04:13Z","end_ts":"2026-03-18T09:04:13Z","count":2,"temp_air":14.5,"hum_air":82.6,"generated_at":"2026-03-18T09:07:52Z","inserted_at":"2026-03-18T09:07:52Z","ts":"2026-03-18T09:04:13Z"}
{"_id":{"$oid":"69ba6dc0b2147717dbde6fa3"},"start_ts":"2026-03-18T09:10:53Z","end_ts":"2026-03-18T09:17:33Z","count":4,"temp_air":14.45,"hum_air":82.65,"generated_at":"2026-03-18T09:17:52Z","inserted_at":"2026-03-18T09:17:52Z","ts":"2026-03-18T09:17:33Z"}
{"_id":{"$oid":"69ba7018b2147717dbde6fa4"},"start_ts":"2026-03-18T09:24:13Z","end_ts":"2026-03-18T09:24:13Z","count":2,"temp_air":14.4,"hum_air":82.7,"generated_at":"2026-03-18T09:27:52Z","inserted_at":"2026-03-18T09:27:52Z","ts":"2026-03-18T09:24:13Z"}
{"_id":{"$oid":"69ba7270b2147717dbde6fa5"},"start_ts":"2026-03-18T09:30:53Z","end_ts":"2026-03-18T09:37:33Z","count":4,"temp_air":14.4,"hum_air":82.75,"generated_at":"2026-03-18T09:37:52Z","inserted_at":"2026-03-18T09:37:52Z","ts":"2026-03-18T09:37:33Z"}
{"_id":{"$oid":"69ba74c8b2147717dbde6fa6"},"start_ts":"2026-03-18T09:44:13Z","end_ts":"2026-03-18T09:44:13Z","count":2,"temp_air":14.2,"hum_air":82.7,"generated_at":"2026-03-18T09:47:52Z","inserted_at":"2026-03-18T09:47:52Z","ts":"2026-03-18T09:44:13Z"}
{"_id":{"$oid":"69ba7721b2147717dbde6fa7"},"start_ts":"2026-03-18T09:50:53Z","end_ts":"2026-03-18T09:57:33Z","count":4,"temp_air":14.25,"hum_air":82.95,"generated_at":"2026-03-18T09:57:53Z","inserted_at":"2026-03-18T09:57:53Z","ts":"2026-03-18T09:57:33Z"}
{"_id":{"$oid":"69ba7979b2147717dbde6fa8"},"start_ts":"2026-03-18T10:04:13Z","end_ts":"2026-03-18T10:04:13Z","count":2,"temp_air":14.4,"hum_air":82.9,"generated_at":"2026-03-18T10:07:53Z","inserted_at":"2026-03-18T10:07:53Z","ts":"2026-03-18T10:04:13Z"}
{"_id":{"$oid":"69ba7bd1b2147717dbde6fa9"},"start_ts":"2026-03-18T10:10:53Z","end_ts":"2026-03-18T10:17:33Z","count":4,"temp_air":14.4,"hum_air":82.9,"generated_at":"2026-03-18T10:17:53Z","inserted_at":"2026-03-18T10:17:53Z","ts":"2026-03-18T10:17:33Z"}
{"_id":{"$oid":"69ba7e29b2147717dbde6faa"},"start_ts":"2026-03-18T10:24:13Z","end_ts":"2026-03-18T10:24:13Z","count":2,"temp_air":14.4,"hum_air":83.0,"generated_at":"2026-03-18T10:27:53Z","inserted_at":"2026-03-18T10:27:53Z","ts":"2026-03-18T10:24:13Z"}
{"_id":{"$oid":"69ba8081b2147717dbde6fab"},"start_ts":"2026-03-18T10:30:53Z","end_ts":"2026-03-18T10:37:33Z","count":4,"temp_air":14.350000000000001,"hum_air":83.0,"generated_at":"2026-03-18T10:37:53Z","inserted_at":"2026-03-18T10:37:53Z","ts":"2026-03-18T10:37:33Z"}
{"_id":{"$oid":"69ba82d9b2147717dbde6fac"},"start_ts":"2026-03-18T10:44:13Z","end_ts":"2026-03-18T10:44:13Z","count":2,"temp_air":14.3,"hum_air":83.0,"generated_at":"2026-03-18T10:47:53Z","inserted_at":"2026-03-18T10:47:53Z","ts":"2026-03-18T10:44:13Z"}
{"_id":{"$oid":"69ba8531b2147717dbde6fad"},"start_ts":"2026-03-18T10:50:53Z","end_ts":"2026-03-18T10:57:33Z","count":4,"temp_air":14.350000000000001,"hum_air":83.15,"generated_at":"2026-03-18T10:57:53Z","inserted_at":"2026-03-18T10:57:53Z","ts":"2026-03-18T10:57:33Z"}
{"_id":{"$oid":"69ba8789b2147717dbde6fae"},"start_ts":"2026-03-18T11:04:13Z","end_ts":"2026-03-18T11:04:13Z","count":2,"temp_air":14.3,"hum_air":83.1,"generated_at":"2026-03-18T11:07:53Z","inserted_at":"2026-03-18T11:07:53Z","ts":"2026-03-18T11:04:13Z"}
{"_id":{"$oid":"69ba89e1b2147717dbde6faf"},"start_ts":"2026-03-18T11:10:53Z","end_ts":"2026-03-18T11:17:33Z","count":4,"temp_air":14.3,"hum_air":82.9,"generated_at":"2026-03-18T11:17:53Z","inserted_at":"2026-03-18T11:17:53Z","ts":"2026-03-18T11:17:33Z"}
{"_id":{"$oid":"69ba8c3ab2147717dbde6fb0"},"start_ts":"2026-03-18T11:24:13Z","end_ts":"2026-03-18T11:24:13Z","count":2,"temp_air":14.3,"hum_air":83.2,"generated_at":"2026-03-18T11:27:54Z","inserted_at":"2026-03-18T11:27:54Z","ts":"2026-03-18T11:24:13Z"}
{"_id":{"$oid":"69ba8e92b2147717dbde6fb1"},"start_ts":"2026-03-18T11:30:53Z","end_ts":"2026-03-18T11:37:33Z","count":4,"temp_air":14.4,"hum_air":83.3,"generated_at":"2026-03-18T11:37:54Z","inserted_at":"2026-03-18T11:37:54Z","ts":"2026-03-18T11:37:33Z"}
{"_id":{"$oid":"69ba90eab2147717dbde6fb2"},"start_ts":"2026-03-18T11:44:13Z","end_ts":"2026-03-18T11:44:13Z","count":2,"temp_air":14.5,"hum_air":82.9,"generated_at":"2026-03-18T11:47:54Z","inserted_at":"2026-03-18T11:47:54Z","ts":"2026-03-18T11:44:13Z"}
{"_id":{"$oid":"69ba9342b2147717dbde6fb3"},"start_ts":"2026-03-18T11:50:54Z","end_ts":"2026-03-18T11:57:36Z","count":4,"temp_air":14.8,"hum_air":82.25,"generated_at":"2026-03-18T11:57:54Z","inserted_at":"2026-03-18T11:57:54Z","ts":"2026-03-18T11:57:36Z"}
{"_id":{"$oid":"69ba959ab2147717dbde6fb4"},"start_ts":"2026-03-18T12:04:13Z","end_ts":"2026-03-18T12:04:13Z","count":2,"temp_air":15.4,"hum_air":81.7,"generated_at":"2026-03-18T12:07:54Z","inserted_at":"2026-03-18T12:07:54Z","ts":"2026-03-18T12:04:13Z"}
{"_id":{"$oid":"69ba97f2b2147717dbde6fb5"},"start_ts":"2026-03-18T12:10:54Z","end_ts":"2026-03-18T12:17:34Z","count":4,"temp_air":15.950000000000001,"hum_air":80.9,"generated_at":"2026-03-18T12:17:54Z","inserted_at":"2026-03-18T12:17:54Z","ts":"2026-03-18T12:17:34Z"}
{"_id":{"$oid":"69ba9a4ab2147717dbde6fb6"},"start_ts":"2026-03-18T12:24:14Z","end_ts":"2026-03-18T12:24:14Z","count":2,"temp_air":16.3,"hum_air":80.4,"generated_at":"2026-03-18T12:27:54Z","inserted_at":"2026-03-18T12:27:54Z","ts":"2026-03-18T12:24:14Z"}
{"_id":{"$oid":"69ba9ca2b2147717dbde6fb7"},"start_ts":"2026-03-18T12:30:54Z","end_ts":"2026-03-18T12:37:34Z","count":4,"temp_air":16.8,"hum_air":79.1,"generated_at":"2026-03-18T12:37:54Z","inserted_at":"2026-03-18T12:37:54Z","ts":"2026-03-18T12:37:34Z"}
{"_id":{"$oid":"69ba9efab2147717dbde6fb8"},"start_ts":"2026-03-18T12:44:14Z","end_ts":"2026-03-18T12:44:14Z","count":2,"temp_air":17.1,"hum_air":78.9,"generated_at":"2026-03-18T12:47:54Z","inserted_at":"2026-03-18T12:47:54Z","ts":"2026-03-18T12:44:14Z"}
{"_id":{"$oid":"69baa152b2147717dbde6fb9"},"start_ts":"2026-03-18T12:50:54Z","end_ts":"2026-03-18T12:57:34Z","count":4,"temp_air":17.85,"hum_air":76.75,"generated_at":"2026-03-18T12:57:54Z","inserted_at":"2026-03-18T12:57:54Z","ts":"2026-03-18T12:57:34Z"}
{"_id":{"$oid":"69baa3abb2147717dbde6fba"},"start_ts":"2026-03-18T13:04:14Z","end_ts":"2026-03-18T13:04:14Z","count":2,"temp_air":17.8,"hum_air":77.5,"generated_at":"2026-03-18T13:07:55Z","inserted_at":"2026-03-18T13:07:55Z","ts":"2026-03-18T13:04:14Z"}
{"_id":{"$oid":"69baa603b2147717dbde6fbb"},"start_ts":"2026-03-18T13:10:54Z","end_ts":"2026-03-18T13:17:34Z","count":4,"temp_air":17.75,"hum_air":76.85,"generated_at":"2026-03-18T13:17:55Z","inserted_at":"2026-03-18T13:17:55Z","ts":"2026-03-18T13:17:34Z"}
{"_id":{"$oid":"69baa85bb2147717dbde6fbc"},"start_ts":"2026-03-18T13:24:14Z","end_ts":"2026-03-18T13:24:14Z","count":2,"temp_air":18.4,"hum_air":75.5,"generated_at":"2026-03-18T13:27:55Z","inserted_at":"2026-03-18T13:27:55Z","ts":"2026-03-18T13:24:14Z"}
{"_id":{"$oid":"69baaab3b2147717dbde6fbd"},"start_ts":"2026-03-18T13:30:54Z","end_ts":"2026-03-18T13:37:34Z","count":4,"temp_air":18.25,"hum_air":76.15,"generated_at":"2026-03-18T13:37:55Z","inserted_at":"2026-03-18T13:37:55Z","ts":"2026-03-18T13:37:34Z"}
{"_id":{"$oid":"69baad0bb2147717dbde6fbe"},"start_ts":"2026-03-18T13:44:14Z","end_ts":"2026-03-18T13:44:14Z","count":2,"temp_air":18.1,"hum_air":74.8,"generated_at":"2026-03-18T13:47:55Z","inserted_at":"2026-03-18T13:47:55Z","ts":"2026-03-18T13:44:14Z"}
{"_id":{"$oid":"69baaf63b2147717dbde6fbf"},"start_ts":"2026-03-18T13:50:54Z","end_ts":"2026-03-18T13:57:34Z","count":4,"temp_air":18.65,"hum_air":75.0,"generated_at":"2026-03-18T13:57:55Z","inserted_at":"2026-03-18T13:57:55Z","ts":"2026-03-18T13:57:34Z"}
{"_id":{"$oid":"69bab1bbb2147717dbde6fc0"},"start_ts":"2026-03-18T14:04:14Z","end_ts":"2026-03-18T14:04:14Z","count":2,"temp_air":19.4,"hum_air":70.1,"generated_at":"2026-03-18T14:07:55Z","inserted_at":"2026-03-18T14:07:55Z","ts":"2026-03-18T14:04:14Z"}
{"_id":{"$oid":"69bab413b2147717dbde6fc1"},"start_ts":"2026-03-18T14:10:54Z","end_ts":"2026-03-18T14:17:34Z","count":4,"temp_air":20.15,"hum_air":69.44999999999999,"generated_at":"2026-03-18T14:17:55Z","inserted_at":"2026-03-18T14:17:55Z","ts":"2026-03-18T14:17:34Z"}
{"_id":{"$oid":"69bab66bb2147717dbde6fc2"},"start_ts":"2026-03-18T14:24:14Z","end_ts":"2026-03-18T14:24:14Z","count":2,"temp_air":21.1,"hum_air":65.7,"generated_at":"2026-03-18T14:27:55Z","inserted_at":"2026-03-18T14:27:55Z","ts":"2026-03-18T14:24:14Z"}
{"_id":{"$oid":"69bab8c3b2147717dbde6fc3"},"start_ts":"2026-03-18T14:30:54Z","end_ts":"2026-03-18T14:37:34Z","count":4,"temp_air":22.5,"hum_air":65.35,"ec":0.03,"temp_water":12.06,"generated_at":"2026-03-18T14:37:55Z","inserted_at":"2026-03-18T14:37:55Z","ts":"2026-03-18T14:37:34Z"}
{"_id":{"$oid":"69babb1cb2147717dbde6fc4"},"start_ts":"2026-03-18T14:44:14Z","end_ts":"2026-03-18T14:44:14Z","count":2,"temp_air":23.2,"hum_air":64.2,"generated_at":"2026-03-18T14:47:56Z","inserted_at":"2026-03-18T14:47:56Z","ts":"2026-03-18T14:44:14Z"}
{"_id":{"$oid":"69babd74b2147717dbde6fc5"},"start_ts":"2026-03-18T14:50:57Z","end_ts":"2026-03-18T14:57:34Z","count":4,"temp_air":23.85,"hum_air":60.849999999999994,"generated_at":"2026-03-18T14:57:56Z","inserted_at":"2026-03-18T14:57:56Z","ts":"2026-03-18T14:57:34Z"}
{"_id":{"$oid":"69babfccb2147717dbde6fc6"},"start_ts":"2026-03-18T15:04:14Z","end_ts":"2026-03-18T15:04:14Z","count":2,"temp_air":24.2,"hum_air":60.2,"generated_at":"2026-03-18T15:07:56Z","inserted_at":"2026-03-18T15:07:56Z","ts":"2026-03-18T15:04:14Z"}
{"_id":{"$oid":"69bac224b2147717dbde6fc7"},"start_ts":"2026-03-18T15:10:54Z","end_ts":"2026-03-18T15:17:34Z","count":4,"temp_air":24.65,"hum_air":58.35,"generated_at":"2026-03-18T15:17:56Z","inserted_at":"2026-03-18T15:17:56Z","ts":"2026-03-18T15:17:34Z"}
{"_id":{"$oid":"69bac47cb2147717dbde6fc8"},"start_ts":"2026-03-18T15:24:14Z","end_ts":"2026-03-18T15:24:14Z","count":2,"temp_air":24.9,"hum_air":57.6,"generated_at":"2026-03-18T15:27:56Z","inserted_at":"2026-03-18T15:27:56Z","ts":"2026-03-18T15:24:14Z"}
{"_id":{"$oid":"69bac6d4b2147717dbde6fc9"},"start_ts":"2026-03-18T15:30:54Z","end_ts":"2026-03-18T15:37:34Z","count":4,"temp_air":24.65,"hum_air":58.5,"generated_at":"2026-03-18T15:37:56Z","inserted_at":"2026-03-18T15:37:56Z","ts":"2026-03-18T15:37:34Z"}
{"_id":{"$oid":"69bac92cb2147717dbde6fca"},"start_ts":"2026-03-18T15:44:14Z","end_ts":"2026-03-18T15:44:14Z","count":2,"temp_air":25.6,"hum_air":60.1,"generated_at":"2026-03-18T15:47:56Z","inserted_at":"2026-03-18T15:47:56Z","ts":"2026-03-18T15:44:14Z"}
{"_id":{"$oid":"69bacb84b2147717dbde6fcb"},"start_ts":"2026-03-18T15:50:54Z","end_ts":"2026-03-18T15:57:34Z","count":4,"temp_air":27.95,"hum_air":54.0,"generated_at":"2026-03-18T15:57:56Z","inserted_at":"2026-03-18T15:57:56Z","ts":"2026-03-18T15:57:34Z"}
{"_id":{"$oid":"69bacddcb2147717dbde6fcc"},"start_ts":"2026-03-18T16:04:14Z","end_ts":"2026-03-18T16:04:14Z","count":2,"temp_air":31.3,"hum_air":51.4,"generated_at":"2026-03-18T16:07:56Z","inserted_at":"2026-03-18T16:07:56Z","ts":"2026-03-18T16:04:14Z"}
{"_id":{"$oid":"69bad035b2147717dbde6fcd"},"start_ts":"2026-03-18T16:10:54Z","end_ts":"2026-03-18T16:17:34Z","count":4,"temp_air":33.05,"hum_air":47.05,"generated_at":"2026-03-18T16:17:57Z","inserted_at":"2026-03-18T16:17:57Z","ts":"2026-03-18T16:17:34Z"}
{"_id":{"$oid":"69bad28db2147717dbde6fce"},"start_ts":"2026-03-18T16:24:14Z","end_ts":"2026-03-18T16:24:14Z","count":2,"temp_air":31.8,"hum_air":46.9,"generated_at":"2026-03-18T16:27:57Z","inserted_at":"2026-03-18T16:27:57Z","ts":"2026-03-18T16:24:14Z"}
{"_id":{"$oid":"69bad4e5b2147717dbde6fcf"},"start_ts":"2026-03-18T16:30:54Z","end_ts":"2026-03-18T16:37:34Z","count":4,"temp_air":32.4,"hum_air":46.35,"generated_at":"2026-03-18T16:37:57Z","inserted_at":"2026-03-18T16:37:57Z","ts":"2026-03-18T16:37:34Z"}
{"_id":{"$oid":"69bad73db2147717dbde6fd0"},"start_ts":"2026-03-18T16:44:14Z","end_ts":"2026-03-18T16:44:14Z","count":2,"temp_air":31.4,"hum_air":47.7,"generated_at":"2026-03-18T16:47:57Z","inserted_at":"2026-03-18T16:47:57Z","ts":"2026-03-18T16:44:14Z"}
{"_id":{"$oid":"69bad995b2147717dbde6fd1"},"start_ts":"2026-03-18T16:50:54Z","end_ts":"2026-03-18T16:57:34Z","count":4,"temp_air":31.799999999999997,"hum_air":46.900000000000006,"generated_at":"2026-03-18T16:57:57Z","inserted_at":"2026-03-18T16:57:57Z","ts":"2026-03-18T16:57:34Z"}
{"_id":{"$oid":"69badbedb2147717dbde6fd2"},"start_ts":"2026-03-18T17:04:14Z","end_ts":"2026-03-18T17:04:14Z","count":2,"temp_air":33.7,"hum_air":42.5,"generated_at":"2026-03-18T17:07:57Z","inserted_at":"2026-03-18T17:07:57Z","ts":"2026-03-18T17:04:14Z"}
{"_id":{"$oid":"69bade45b2147717dbde6fd3"},"start_ts":"2026-03-18T17:10:54Z","end_ts":"2026-03-18T17:17:34Z","count":4,"temp_air":33.7,"hum_air":44.05,"generated_at":"2026-03-18T17:17:57Z","inserted_at":"2026-03-18T17:17:57Z","ts":"2026-03-18T17:17:34Z"}
{"_id":{"$oid":"69bae09db2147717dbde6fd4"},"start_ts":"2026-03-18T17:24:14Z","end_ts":"2026-03-18T17:24:14Z","count":2,"temp_air":34.0,"hum_air":45.2,"generated_at":"2026-03-18T17:27:57Z","inserted_at":"2026-03-18T17:27:57Z","ts":"2026-03-18T17:24:14Z"}
{"_id":{"$oid":"69bae2f5b2147717dbde6fd5"},"start_ts":"2026-03-18T17:30:54Z","end_ts":"2026-03-18T17:37:34Z","count":4,"temp_air":34.0,"hum_air":42.849999999999994,"generated_at":"2026-03-18T17:37:57Z","inserted_at":"2026-03-18T17:37:57Z","ts":"2026-03-18T17:37:34Z"}
{"_id":{"$oid":"69bae54db2147717dbde6fd6"},"start_ts":"2026-03-18T17:44:14Z","end_ts":"2026-03-18T17:44:14Z","count":2,"temp_air":32.6,"hum_air":41.9,"generated_at":"2026-03-18T17:47:57Z","inserted_at":"2026-03-18T17:47:57Z","ts":"2026-03-18T17:44:14Z"}
{"_id":{"$oid":"69bae7a6b2147717dbde6fd7"},"start_ts":"2026-03-18T17:50:54Z","end_ts":"2026-03-18T17:57:35Z","count":4,"temp_air":30.8,"hum_air":45.5,"generated_at":"2026-03-18T17:57:58Z","inserted_at":"2026-03-18T17:57:58Z","ts":"2026-03-18T17:57:35Z"}
{"_id":{"$oid":"69bae9feb2147717dbde6fd8"},"start_ts":"2026-03-18T18:04:15Z","end_ts":"2026-03-18T18:04:15Z","count":2,"temp_air":29.9,"hum_air":47.5,"generated_at":"2026-03-18T18:07:58Z","inserted_at":"2026-03-18T18:07:58Z","ts":"2026-03-18T18:04:15Z"}
{"_id":{"$oid":"69baec56b2147717dbde6fd9"},"start_ts":"2026-03-18T18:10:55Z","end_ts":"2026-03-18T18:17:35Z","count":4,"temp_air":28.65,"hum_air":46.849999999999994,"generated_at":"2026-03-18T18:17:58Z","inserted_at":"2026-03-18T18:17:58Z","ts":"2026-03-18T18:17:35Z"}
{"_id":{"$oid":"69baeeaeb2147717dbde6fda"},"start_ts":"2026-03-18T18:24:15Z","end_ts":"2026-03-18T18:24:15Z","count":2,"temp_air":28.2,"hum_air":48.2,"generated_at":"2026-03-18T18:27:58Z","inserted_at":"2026-03-18T18:27:58Z","ts":"2026-03-18T18:24:15Z"}
{"_id":{"$oid":"69baf106b2147717dbde6fdb"},"start_ts":"2026-03-18T18:30:54Z","end_ts":"2026-03-18T18:37:35Z","count":4,"temp_air":28.8,"hum_air":48.05,"generated_at":"2026-03-18T18:37:58Z","inserted_at":"2026-03-18T18:37:58Z","ts":"2026-03-18T18:37:35Z"}
{"_id":{"$oid":"69baf35eb2147717dbde6fdc"},"start_ts":"2026-03-18T18:44:15Z","end_ts":"2026-03-18T18:44:15Z","count":2,"temp_air":29.3,"hum_air":47.3,"generated_at":"2026-03-18T18:47:58Z","inserted_at":"2026-03-18T18:47:58Z","ts":"2026-03-18T18:44:15Z"}
{"_id":{"$oid":"69baf5b6b2147717dbde6fdd"},"start_ts":"2026-03-18T18:50:55Z","end_ts":"2026-03-18T18:57:34Z","count":4,"temp_air":30.45,"hum_air":46.6,"generated_at":"2026-03-18T18:57:58Z","inserted_at":"2026-03-18T18:57:58Z","ts":"2026-03-18T18:57:34Z"}
{"_id":{"$oid":"69baf80eb2147717dbde6fde"},"start_ts":"2026-03-18T19:04:14Z","end_ts":"2026-03-18T19:04:14Z","count":2,"temp_air":30.8,"hum_air":46.3,"generated_at":"2026-03-18T19:07:58Z","inserted_at":"2026-03-18T19:07:58Z","ts":"2026-03-18T19:04:14Z"}
{"_id":{"$oid":"69bafa66b2147717dbde6fdf"},"start_ts":"2026-03-18T19:10:54Z","end_ts":"2026-03-18T19:17:34Z","count":4,"temp_air":28.200000000000003,"hum_air":47.8,"generated_at":"2026-03-18T19:17:58Z","inserted_at":"2026-03-18T19:17:58Z","ts":"2026-03-18T19:17:34Z"}
{"_id":{"$oid":"69bafcbfb2147717dbde6fe0"},"start_ts":"2026-03-18T19:24:14Z","end_ts":"2026-03-18T19:24:14Z","count":2,"temp_air":26.1,"hum_air":49.2,"generated_at":"2026-03-18T19:27:59Z","inserted_at":"2026-03-18T19:27:59Z","ts":"2026-03-18T19:24:14Z"}
{"_id":{"$oid":"69baff17b2147717dbde6fe1"},"start_ts":"2026-03-18T19:30:55Z","end_ts":"2026-03-18T19:37:34Z","count":4,"temp_air":27.299999999999997,"hum_air":48.45,"generated_at":"2026-03-18T19:37:59Z","inserted_at":"2026-03-18T19:37:59Z","ts":"2026-03-18T19:37:34Z"}
{"_id":{"$oid":"69bb016fb2147717dbde6fe2"},"start_ts":"2026-03-18T19:44:14Z","end_ts":"2026-03-18T19:44:14Z","count":2,"temp_air":27.6,"hum_air":49.2,"generated_at":"2026-03-18T19:47:59Z","inserted_at":"2026-03-18T19:47:59Z","ts":"2026-03-18T19:44:14Z"}
{"_id":{"$oid":"69bb03c7b2147717dbde6fe3"},"start_ts":"2026-03-18T19:50:55Z","end_ts":"2026-03-18T19:57:34Z","count":4,"temp_air":27.9,"hum_air":48.8,"generated_at":"2026-03-18T19:57:59Z","inserted_at":"2026-03-18T19:57:59Z","ts":"2026-03-18T19:57:34Z"}
{"_id":{"$oid":"69bb061fb2147717dbde6fe4"},"start_ts":"2026-03-18T20:04:14Z","end_ts":"2026-03-18T20:04:14Z","count":2,"temp_air":27.3,"hum_air":49.6,"generated_at":"2026-03-18T20:07:59Z","inserted_at":"2026-03-18T20:07:59Z","ts":"2026-03-18T20:04:14Z"}
{"_id":{"$oid":"69bb0877b2147717dbde6fe5"},"start_ts":"2026-03-18T20:10:54Z","end_ts":"2026-03-18T20:17:34Z","count":4,"temp_air":26.25,"hum_air":51.45,"generated_at":"2026-03-18T20:17:59Z","inserted_at":"2026-03-18T20:17:59Z","ts":"2026-03-18T20:17:34Z"}
{"_id":{"$oid":"69bb0acfb2147717dbde6fe6"},"start_ts":"2026-03-18T20:24:14Z","end_ts":"2026-03-18T20:24:14Z","count":2,"temp_air":27.9,"hum_air":49.9,"generated_at":"2026-03-18T20:27:59Z","inserted_at":"2026-03-18T20:27:59Z","ts":"2026-03-18T20:24:14Z"}
{"_id":{"$oid":"69bb0d27b2147717dbde6fe7"},"start_ts":"2026-03-18T20:30:54Z","end_ts":"2026-03-18T20:37:34Z","count":4,"temp_air":28.1,"hum_air":48.0,"generated_at":"2026-03-18T20:37:59Z","inserted_at":"2026-03-18T20:37:59Z","ts":"2026-03-18T20:37:34Z"}
{"_id":{"$oid":"69bb0f7fb2147717dbde6fe8"},"start_ts":"2026-03-18T20:44:14Z","end_ts":"2026-03-18T20:44:14Z","count":2,"temp_air":25.0,"hum_air":51.7,"generated_at":"2026-03-18T20:47:59Z","inserted_at":"2026-03-18T20:47:59Z","ts":"2026-03-18T20:44:14Z"}
{"_id":{"$oid":"69bb11d7b2147717dbde6fe9"},"start_ts":"2026-03-18T20:50:55Z","end_ts":"2026-03-18T20:57:34Z","count":4,"temp_air":24.950000000000003,"hum_air":52.05,"generated_at":"2026-03-18T20:57:59Z","inserted_at":"2026-03-18T20:57:59Z","ts":"2026-03-18T20:57:34Z"}
{"_id":{"$oid":"69bb1430b2147717dbde6fea"},"start_ts":"2026-03-18T21:04:14Z","end_ts":"2026-03-18T21:04:14Z","count":2,"temp_air":24.3,"hum_air":52.3,"generated_at":"2026-03-18T21:08:00Z","inserted_at":"2026-03-18T21:08:00Z","ts":"2026-03-18T21:04:14Z"}
{"_id":{"$oid":"69bb1688b2147717dbde6feb"},"start_ts":"2026-03-18T21:10:54Z","end_ts":"2026-03-18T21:17:34Z","count":4,"temp_air":23.85,"hum_air":53.55,"generated_at":"2026-03-18T21:18:00Z","inserted_at":"2026-03-18T21:18:00Z","ts":"2026-03-18T21:17:34Z"}
{"_id":{"$oid":"69bb18e0b2147717dbde6fec"},"start_ts":"2026-03-18T21:24:14Z","end_ts":"2026-03-18T21:24:14Z","count":2,"temp_air":24.2,"hum_air":53.3,"generated_at":"2026-03-18T21:28:00Z","inserted_at":"2026-03-18T21:28:00Z","ts":"2026-03-18T21:24:14Z"}
{"_id":{"$oid":"69bb1b38b2147717dbde6fed"},"start_ts":"2026-03-18T21:30:55Z","end_ts":"2026-03-18T21:37:34Z","count":4,"temp_air":23.85,"hum_air":52.85,"generated_at":"2026-03-18T21:38:00Z","inserted_at":"2026-03-18T21:38:00Z","ts":"2026-03-18T21:37:34Z"}
{"_id":{"$oid":"69bb1d90b2147717dbde6fee"},"start_ts":"2026-03-18T21:44:15Z","end_ts":"2026-03-18T21:44:15Z","count":2,"temp_air":23.4,"hum_air":53.4,"generated_at":"2026-03-18T21:48:00Z","inserted_at":"2026-03-18T21:48:00Z","ts":"2026-03-18T21:44:15Z"}
{"_id":{"$oid":"69bb1fe8b2147717dbde6fef"},"start_ts":"2026-03-18T21:50:55Z","end_ts":"2026-03-18T21:57:35Z","count":4,"temp_air":22.65,"hum_air":55.0,"generated_at":"2026-03-18T21:58:00Z","inserted_at":"2026-03-18T21:58:00Z","ts":"2026-03-18T21:57:35Z"}
{"_id":{"$oid":"69bb2240b2147717dbde6ff0"},"start_ts":"2026-03-18T22:04:15Z","end_ts":"2026-03-18T22:04:15Z","count":2,"temp_air":22.6,"hum_air":55.3,"generated_at":"2026-03-18T22:08:00Z","inserted_at":"2026-03-18T22:08:00Z","ts":"2026-03-18T22:04:15Z"}
{"_id":{"$oid":"69bb2498b2147717dbde6ff1"},"start_ts":"2026-03-18T22:10:55Z","end_ts":"2026-03-18T22:17:35Z","count":4,"temp_air":22.25,"hum_air":57.4,"generated_at":"2026-03-18T22:18:00Z","inserted_at":"2026-03-18T22:18:00Z","ts":"2026-03-18T22:17:35Z"}
{"_id":{"$oid":"69bb26f0b2147717dbde6ff2"},"start_ts":"2026-03-18T22:24:15Z","end_ts":"2026-03-18T22:24:15Z","count":2,"temp_air":21.5,"hum_air":59.3,"generated_at":"2026-03-18T22:28:00Z","inserted_at":"2026-03-18T22:28:00Z","ts":"2026-03-18T22:24:15Z"}
{"_id":{"$oid":"69bb2949b2147717dbde6ff3"},"start_ts":"2026-03-18T22:30:55Z","end_ts":"2026-03-18T22:37:35Z","count":4,"temp_air":20.85,"hum_air":61.65,"generated_at":"2026-03-18T22:38:01Z","inserted_at":"2026-03-18T22:38:01Z","ts":"2026-03-18T22:37:35Z"}
{"_id":{"$oid":"69bb2ba1b2147717dbde6ff4"},"start_ts":"2026-03-18T22:44:15Z","end_ts":"2026-03-18T22:44:15Z","count":2,"temp_air":20.2,"hum_air":64.0,"generated_at":"2026-03-18T22:48:01Z","inserted_at":"2026-03-18T22:48:01Z","ts":"2026-03-18T22:44:15Z"}
{"_id":{"$oid":"69bb2df9b2147717dbde6ff5"},"start_ts":"2026-03-18T22:50:55Z","end_ts":"2026-03-18T22:57:35Z","count":4,"temp_air":20.0,"hum_air":68.45,"generated_at":"2026-03-18T22:58:01Z","inserted_at":"2026-03-18T22:58:01Z","ts":"2026-03-18T22:57:35Z"}
{"_id":{"$oid":"69bb3051b2147717dbde6ff6"},"start_ts":"2026-03-18T23:04:15Z","end_ts":"2026-03-18T23:04:15Z","count":2,"temp_air":19.1,"hum_air":70.5,"generated_at":"2026-03-18T23:08:01Z","inserted_at":"2026-03-18T23:08:01Z","ts":"2026-03-18T23:04:15Z"}
{"_id":{"$oid":"69bb32a9b2147717dbde6ff7"},"start_ts":"2026-03-18T23:10:55Z","end_ts":"2026-03-18T23:17:35Z","count":4,"temp_air":18.049999999999997,"hum_air":73.30000000000001,"generated_at":"2026-03-18T23:18:01Z","inserted_at":"2026-03-18T23:18:01Z","ts":"2026-03-18T23:17:35Z"}
{"_id":{"$oid":"69bb3501b2147717dbde6ff8"},"start_ts":"2026-03-18T23:24:15Z","end_ts":"2026-03-18T23:24:15Z","count":2,"temp_air":16.8,"hum_air":75.7,"generated_at":"2026-03-18T23:28:01Z","inserted_at":"2026-03-18T23:28:01Z","ts":"2026-03-18T23:24:15Z"}
{"_id":{"$oid":"69bb3759b2147717dbde6ff9"},"start_ts":"2026-03-18T23:30:55Z","end_ts":"2026-03-18T23:37:35Z","count":4,"temp_air":16.2,"hum_air":77.5,"generated_at":"2026-03-18T23:38:01Z","inserted_at":"2026-03-18T23:38:01Z","ts":"2026-03-18T23:37:35Z"}
{"_id":{"$oid":"69bb39b1b2147717dbde6ffa"},"start_ts":"2026-03-18T23:44:15Z","end_ts":"2026-03-18T23:44:15Z","count":2,"temp_air":15.7,"hum_air":78.9,"generated_at":"2026-03-18T23:48:01Z","inserted_at":"2026-03-18T23:48:01Z","ts":"2026-03-18T23:44:15Z"}
{"_id":{"$oid":"69bb3c09b2147717dbde6ffb"},"start_ts":"2026-03-18T23:50:55Z","end_ts":"2026-03-18T23:57:35Z","count":4,"temp_air":15.35,"hum_air":79.9,"generated_at":"2026-03-18T23:58:01Z","inserted_at":"2026-03-18T23:58:01Z","ts":"2026-03-18T23:57:35Z"}
{"_id":{"$oid":"69bb3e62b2147717dbde6ffc"},"start_ts":"2026-03-19T00:04:15Z","end_ts":"2026-03-19T00:04:15Z","count":2,"temp_air":15.1,"hum_air":81.0,"generated_at":"2026-03-19T00:08:02Z","inserted_at":"2026-03-19T00:08:02Z","ts":"2026-03-19T00:04:15Z"}
{"_id":{"$oid":"69bb40bab2147717dbde6ffd"},"start_ts":"2026-03-19T00:10:55Z","end_ts":"2026-03-19T00:17:35Z","count":4,"temp_air":14.95,"hum_air":81.2,"generated_at":"2026-03-19T00:18:02Z","inserted_at":"2026-03-19T00:18:02Z","ts":"2026-03-19T00:17:35Z"}
{"_id":{"$oid":"69bb4312b2147717dbde6ffe"},"start_ts":"2026-03-19T00:24:16Z","end_ts":"2026-03-19T00:24:16Z","count":2,"temp_air":14.8,"hum_air":81.7,"generated_at":"2026-03-19T00:28:02Z","inserted_at":"2026-03-19T00:28:02Z","ts":"2026-03-19T00:24:16Z"}
{"_id":{"$oid":"69bb456ab2147717dbde6fff"},"start_ts":"2026-03-19T00:30:55Z","end_ts":"2026-03-19T00:37:35Z","count":4,"temp_air":14.649999999999999,"hum_air":81.69999999999999,"generated_at":"2026-03-19T00:38:02Z","inserted_at":"2026-03-19T00:38:02Z","ts":"2026-03-19T00:37:35Z"}
{"_id":{"$oid":"69bb47c2b2147717dbde7000"},"start_ts":"2026-03-19T00:44:19Z","end_ts":"2026-03-19T00:44:19Z","count":2,"temp_air":14.5,"hum_air":81.8,"generated_at":"2026-03-19T00:48:02Z","inserted_at":"2026-03-19T00:48:02Z","ts":"2026-03-19T00:44:19Z"}
{"_id":{"$oid":"69bb4a1ab2147717dbde7001"},"start_ts":"2026-03-19T00:50:55Z","end_ts":"2026-03-19T00:57:35Z","count":4,"temp_air":14.55,"hum_air":82.15,"generated_at":"2026-03-19T00:58:02Z","inserted_at":"2026-03-19T00:58:02Z","ts":"2026-03-19T00:57:35Z"}
{"_id":{"$oid":"69bb4c72b2147717dbde7002"},"start_ts":"2026-03-19T01:04:15Z","end_ts":"2026-03-19T01:04:15Z","count":2,"temp_air":14.6,"hum_air":82.2,"generated_at":"2026-03-19T01:08:02Z","inserted_at":"2026-03-19T01:08:02Z","ts":"2026-03-19T01:04:15Z"}
{"_id":{"$oid":"69bb4ecab2147717dbde7003"},"start_ts":"2026-03-19T01:10:56Z","end_ts":"2026-03-19T01:17:36Z","count":4,"temp_air":14.6,"hum_air":82.75,"generated_at":"2026-03-19T01:18:02Z","inserted_at":"2026-03-19T01:18:02Z","ts":"2026-03-19T01:17:36Z"}
{"_id":{"$oid":"69bb5122b2147717dbde7004"},"start_ts":"2026-03-19T01:24:16Z","end_ts":"2026-03-19T01:24:16Z","count":2,"temp_air":14.5,"hum_air":82.6,"generated_at":"2026-03-19T01:28:02Z","inserted_at":"2026-03-19T01:28:02Z","ts":"2026-03-19T01:24:16Z"}
{"_id":{"$oid":"69bb537ab2147717dbde7005"},"start_ts":"2026-03-19T01:30:57Z","end_ts":"2026-03-19T01:37:35Z","count":4,"temp_air":14.45,"hum_air":82.6,"generated_at":"2026-03-19T01:38:02Z","inserted_at":"2026-03-19T01:38:02Z","ts":"2026-03-19T01:37:35Z"}
{"_id":{"$oid":"69bb55d3b2147717dbde7006"},"start_ts":"2026-03-19T01:44:16Z","end_ts":"2026-03-19T01:44:16Z","count":2,"temp_air":14.5,"hum_air":81.8,"generated_at":"2026-03-19T01:48:03Z","inserted_at":"2026-03-19T01:48:03Z","ts":"2026-03-19T01:44:16Z"}
{"_id":{"$oid":"69bb582bb2147717dbde7007"},"start_ts":"2026-03-19T01:50:55Z","end_ts":"2026-03-19T01:57:37Z","count":4,"temp_air":14.350000000000001,"hum_air":82.25,"generated_at":"2026-03-19T01:58:03Z","inserted_at":"2026-03-19T01:58:03Z","ts":"2026-03-19T01:57:37Z"}
{"_id":{"$oid":"69bb5a83b2147717dbde7008"},"start_ts":"2026-03-19T02:04:15Z","end_ts":"2026-03-19T02:04:15Z","count":2,"temp_air":14.2,"hum_air":82.1,"generated_at":"2026-03-19T02:08:03Z","inserted_at":"2026-03-19T02:08:03Z","ts":"2026-03-19T02:04:15Z"}
{"_id":{"$oid":"69bb5cdbb2147717dbde7009"},"start_ts":"2026-03-19T02:10:56Z","end_ts":"2026-03-19T02:17:36Z","count":4,"temp_air":14.0,"hum_air":81.35,"generated_at":"2026-03-19T02:18:03Z","inserted_at":"2026-03-19T02:18:03Z","ts":"2026-03-19T02:17:36Z"}
{"_id":{"$oid":"69bb5f33b2147717dbde700a"},"start_ts":"2026-03-19T02:24:16Z","end_ts":"2026-03-19T02:24:16Z","count":2,"temp_air":13.8,"hum_air":81.3,"generated_at":"2026-03-19T02:28:03Z","inserted_at":"2026-03-19T02:28:03Z","ts":"2026-03-19T02:24:16Z"}
{"_id":{"$oid":"69bb618bb2147717dbde700b"},"start_ts":"2026-03-19T02:30:55Z","end_ts":"2026-03-19T02:37:35Z","count":4,"temp_air":13.7,"hum_air":81.7,"generated_at":"2026-03-19T02:38:03Z","inserted_at":"2026-03-19T02:38:03Z","ts":"2026-03-19T02:37:35Z"}
{"_id":{"$oid":"69bb63e3b2147717dbde700c"},"start_ts":"2026-03-19T02:44:15Z","end_ts":"2026-03-19T02:44:15Z","count":2,"temp_air":13.6,"hum_air":82.8,"generated_at":"2026-03-19T02:48:03Z","inserted_at":"2026-03-19T02:48:03Z","ts":"2026-03-19T02:44:15Z"}
{"_id":{"$oid":"69bb663bb2147717dbde700d"},"start_ts":"2026-03-19T02:50:55Z","end_ts":"2026-03-19T02:57:35Z","count":4,"temp_air":13.850000000000001,"hum_air":82.5,"generated_at":"2026-03-19T02:58:03Z","inserted_at":"2026-03-19T02:58:03Z","ts":"2026-03-19T02:57:35Z"}
{"_id":{"$oid":"69bb6893b2147717dbde700e"},"start_ts":"2026-03-19T03:04:15Z","end_ts":"2026-03-19T03:04:15Z","count":2,"temp_air":13.8,"hum_air":82.0,"generated_at":"2026-03-19T03:08:03Z","inserted_at":"2026-03-19T03:08:03Z","ts":"2026-03-19T03:04:15Z"}
{"_id":{"$oid":"69bb6aebb2147717dbde700f"},"start_ts":"2026-03-19T03:10:56Z","end_ts":"2026-03-19T03:17:36Z","count":4,"temp_air":13.55,"hum_air":81.45,"generated_at":"2026-03-19T03:18:03Z","inserted_at":"2026-03-19T03:18:03Z","ts":"2026-03-19T03:17:36Z"}
{"_id":{"$oid":"69bb6d44b2147717dbde7010"},"start_ts":"2026-03-19T03:24:15Z","end_ts":"2026-03-19T03:24:15Z","count":2,"temp_air":13.2,"hum_air":81.1,"generated_at":"2026-03-19T03:28:04Z","inserted_at":"2026-03-19T03:28:04Z","ts":"2026-03-19T03:24:15Z"}
{"_id":{"$oid":"69bb6f9cb2147717dbde7011"},"start_ts":"2026-03-19T03:30:55Z","end_ts":"2026-03-19T03:37:35Z","count":4,"temp_air":12.95,"hum_air":81.1,"generated_at":"2026-03-19T03:38:04Z","inserted_at":"2026-03-19T03:38:04Z","ts":"2026-03-19T03:37:35Z"}
{"_id":{"$oid":"69bb71f4b2147717dbde7012"},"start_ts":"2026-03-19T03:44:15Z","end_ts":"2026-03-19T03:44:15Z","count":2,"temp_air":12.8,"hum_air":81.3,"generated_at":"2026-03-19T03:48:04Z","inserted_at":"2026-03-19T03:48:04Z","ts":"2026-03-19T03:44:15Z"}
{"_id":{"$oid":"69bb744cb2147717dbde7013"},"start_ts":"2026-03-19T03:50:55Z","end_ts":"2026-03-19T03:57:35Z","count":4,"temp_air":12.55,"hum_air":81.25,"generated_at":"2026-03-19T03:58:04Z","inserted_at":"2026-03-19T03:58:04Z","ts":"2026-03-19T03:57:35Z"}
{"_id":{"$oid":"69bb76a4b2147717dbde7014"},"start_ts":"2026-03-19T04:04:15Z","end_ts":"2026-03-19T04:04:15Z","count":2,"temp_air":12.3,"hum_air":81.2,"generated_at":"2026-03-19T04:08:04Z","inserted_at":"2026-03-19T04:08:04Z","ts":"2026-03-19T04:04:15Z"}
{"_id":{"$oid":"69bb78fcb2147717dbde7015"},"start_ts":"2026-03-19T04:10:55Z","end_ts":"2026-03-19T04:17:35Z","count":4,"temp_air":12.0,"hum_air":81.44999999999999,"generated_at":"2026-03-19T04:18:04Z","inserted_at":"2026-03-19T04:18:04Z","ts":"2026-03-19T04:17:35Z"}
{"_id":{"$oid":"69bb7b54b2147717dbde7016"},"start_ts":"2026-03-19T04:24:15Z","end_ts":"2026-03-19T04:24:15Z","count":2,"temp_air":11.7,"hum_air":81.7,"generated_at":"2026-03-19T04:28:04Z","inserted_at":"2026-03-19T04:28:04Z","ts":"2026-03-19T04:24:15Z"}
{"_id":{"$oid":"69bb7dacb2147717dbde7017"},"start_ts":"2026-03-19T04:30:55Z","end_ts":"2026-03-19T04:37:35Z","count":4,"temp_air":11.55,"hum_air":81.4,"generated_at":"2026-03-19T04:38:04Z","inserted_at":"2026-03-19T04:38:04Z","ts":"2026-03-19T04:37:35Z"}
{"_id":{"$oid":"69bb8005b2147717dbde7018"},"start_ts":"2026-03-19T04:44:15Z","end_ts":"2026-03-19T04:44:15Z","count":2,"temp_air":11.5,"hum_air":81.6,"generated_at":"2026-03-19T04:48:05Z","inserted_at":"2026-03-19T04:48:05Z","ts":"2026-03-19T04:44:15Z"}
{"_id":{"$oid":"69bb825db2147717dbde7019"},"start_ts":"2026-03-19T04:50:55Z","end_ts":"2026-03-19T04:57:35Z","count":4,"temp_air":11.2,"hum_air":81.6,"generated_at":"2026-03-19T04:58:05Z","inserted_at":"2026-03-19T04:58:05Z","ts":"2026-03-19T04:57:35Z"}
{"_id":{"$oid":"69bb84b5b2147717dbde701a"},"start_ts":"2026-03-19T05:04:15Z","end_ts":"2026-03-19T05:04:15Z","count":2,"temp_air":10.9,"hum_air":81.7,"generated_at":"2026-03-19T05:08:05Z","inserted_at":"2026-03-19T05:08:05Z","ts":"2026-03-19T05:04:15Z"}
{"_id":{"$oid":"69bb870db2147717dbde701b"},"start_ts":"2026-03-19T05:10:55Z","end_ts":"2026-03-19T05:17:35Z","count":4,"temp_air":10.75,"hum_air":81.5,"generated_at":"2026-03-19T05:18:05Z","inserted_at":"2026-03-19T05:18:05Z","ts":"2026-03-19T05:17:35Z"}
{"_id":{"$oid":"69bb8965b2147717dbde701c"},"start_ts":"2026-03-19T05:24:15Z","end_ts":"2026-03-19T05:24:15Z","count":2,"temp_air":10.6,"hum_air":81.5,"generated_at":"2026-03-19T05:28:05Z","inserted_at":"2026-03-19T05:28:05Z","ts":"2026-03-19T05:24:15Z"}
{"_id":{"$oid":"69bb8bbdb2147717dbde701d"},"start_ts":"2026-03-19T05:30:55Z","end_ts":"2026-03-19T05:37:35Z","count":4,"temp_air":10.55,"hum_air":81.80000000000001,"generated_at":"2026-03-19T05:38:05Z","inserted_at":"2026-03-19T05:38:05Z","ts":"2026-03-19T05:37:35Z"}
{"_id":{"$oid":"69bb8e15b2147717dbde701e"},"start_ts":"2026-03-19T05:44:15Z","end_ts":"2026-03-19T05:44:15Z","count":2,"temp_air":10.4,"hum_air":81.6,"generated_at":"2026-03-19T05:48:05Z","inserted_at":"2026-03-19T05:48:05Z","ts":"2026-03-19T05:44:15Z"}
{"_id":{"$oid":"69bb906db2147717dbde701f"},"start_ts":"2026-03-19T05:50:55Z","end_ts":"2026-03-19T05:57:35Z","count":4,"temp_air":10.350000000000001,"hum_air":81.8,"generated_at":"2026-03-19T05:58:05Z","inserted_at":"2026-03-19T05:58:05Z","ts":"2026-03-19T05:57:35Z"}
{"_id":{"$oid":"69bb92c5b2147717dbde7020"},"start_ts":"2026-03-19T06:04:15Z","end_ts":"2026-03-19T06:04:15Z","count":2,"temp_air":10.3,"hum_air":82.1,"generated_at":"2026-03-19T06:08:05Z","inserted_at":"2026-03-19T06:08:05Z","ts":"2026-03-19T06:04:15Z"}
{"_id":{"$oid":"69bb951eb2147717dbde7021"},"start_ts":"2026-03-19T06:10:55Z","end_ts":"2026-03-19T06:17:35Z","count":4,"temp_air":10.25,"hum_air":82.1,"generated_at":"2026-03-19T06:18:06Z","inserted_at":"2026-03-19T06:18:06Z","ts":"2026-03-19T06:17:35Z"}
{"_id":{"$oid":"69bb9776b2147717dbde7022"},"start_ts":"2026-03-19T06:24:15Z","end_ts":"2026-03-19T06:24:15Z","count":2,"temp_air":10.3,"hum_air":82.2,"generated_at":"2026-03-19T06:28:06Z","inserted_at":"2026-03-19T06:28:06Z","ts":"2026-03-19T06:24:15Z"}
{"_id":{"$oid":"69bb99ceb2147717dbde7023"},"start_ts":"2026-03-19T06:30:55Z","end_ts":"2026-03-19T06:37:35Z","count":4,"temp_air":10.55,"hum_air":82.45,"generated_at":"2026-03-19T06:38:06Z","inserted_at":"2026-03-19T06:38:06Z","ts":"2026-03-19T06:37:35Z"}
{"_id":{"$oid":"69bb9c26b2147717dbde7024"},"start_ts":"2026-03-19T06:44:15Z","end_ts":"2026-03-19T06:44:15Z","count":2,"temp_air":10.8,"hum_air":82.3,"generated_at":"2026-03-19T06:48:06Z","inserted_at":"2026-03-19T06:48:06Z","ts":"2026-03-19T06:44:15Z"}
{"_id":{"$oid":"69bb9e7eb2147717dbde7025"},"start_ts":"2026-03-19T06:50:55Z","end_ts":"2026-03-19T06:57:35Z","count":4,"temp_air":10.9,"hum_air":82.25,"generated_at":"2026-03-19T06:58:06Z","inserted_at":"2026-03-19T06:58:06Z","ts":"2026-03-19T06:57:35Z"}
{"_id":{"$oid":"69bba0d6b2147717dbde7026"},"start_ts":"2026-03-19T07:04:15Z","end_ts":"2026-03-19T07:04:15Z","count":2,"temp_air":11.2,"hum_air":82.1,"generated_at":"2026-03-19T07:08:06Z","inserted_at":"2026-03-19T07:08:06Z","ts":"2026-03-19T07:04:15Z"}
{"_id":{"$oid":"69bba32eb2147717dbde7027"},"start_ts":"2026-03-19T07:10:55Z","end_ts":"2026-03-19T07:17:35Z","count":4,"temp_air":10.9,"hum_air":81.19999999999999,"generated_at":"2026-03-19T07:18:06Z","inserted_at":"2026-03-19T07:18:06Z","ts":"2026-03-19T07:17:35Z"}
{"_id":{"$oid":"69bba586b2147717dbde7028"},"start_ts":"2026-03-19T07:24:15Z","end_ts":"2026-03-19T07:24:15Z","count":2,"temp_air":10.6,"hum_air":81.4,"generated_at":"2026-03-19T07:28:06Z","inserted_at":"2026-03-19T07:28:06Z","ts":"2026-03-19T07:24:15Z"}
{"_id":{"$oid":"69bba7deb2147717dbde7029"},"start_ts":"2026-03-19T07:30:55Z","end_ts":"2026-03-19T07:37:35Z","count":4,"temp_air":10.3,"hum_air":81.25,"generated_at":"2026-03-19T07:38:06Z","inserted_at":"2026-03-19T07:38:06Z","ts":"2026-03-19T07:37:35Z"}
{"_id":{"$oid":"69bbaa37b2147717dbde702a"},"start_ts":"2026-03-19T07:44:15Z","end_ts":"2026-03-19T07:44:15Z","count":2,"temp_air":10.0,"hum_air":81.3,"generated_at":"2026-03-19T07:48:07Z","inserted_at":"2026-03-19T07:48:07Z","ts":"2026-03-19T07:44:15Z"}
{"_id":{"$oid":"69bbac8fb2147717dbde702b"},"start_ts":"2026-03-19T07:50:55Z","end_ts":"2026-03-19T07:57:35Z","count":4,"temp_air":9.8,"hum_air":81.35,"generated_at":"2026-03-19T07:58:07Z","inserted_at":"2026-03-19T07:58:07Z","ts":"2026-03-19T07:57:35Z"}
{"_id":{"$oid":"69bbaee7b2147717dbde702c"},"start_ts":"2026-03-19T08:04:15Z","end_ts":"2026-03-19T08:04:15Z","count":2,"temp_air":9.5,"hum_air":81.4,"generated_at":"2026-03-19T08:08:07Z","inserted_at":"2026-03-19T08:08:07Z","ts":"2026-03-19T08:04:15Z"}
{"_id":{"$oid":"69bbb13fb2147717dbde702d"},"start_ts":"2026-03-19T08:10:56Z","end_ts":"2026-03-19T08:17:35Z","count":4,"temp_air":9.5,"hum_air":82.05000000000001,"generated_at":"2026-03-19T08:18:07Z","inserted_at":"2026-03-19T08:18:07Z","ts":"2026-03-19T08:17:35Z"}
{"_id":{"$oid":"69bbb397b2147717dbde702e"},"start_ts":"2026-03-19T08:24:15Z","end_ts":"2026-03-19T08:24:15Z","count":2,"temp_air":9.6,"hum_air":82.3,"generated_at":"2026-03-19T08:28:07Z","inserted_at":"2026-03-19T08:28:07Z","ts":"2026-03-19T08:24:15Z"}
{"_id":{"$oid":"69bbb5efb2147717dbde702f"},"start_ts":"2026-03-19T08:30:57Z","end_ts":"2026-03-19T08:37:36Z","count":4,"temp_air":9.6,"hum_air":82.4,"generated_at":"2026-03-19T08:38:07Z","inserted_at":"2026-03-19T08:38:07Z","ts":"2026-03-19T08:37:36Z"}
{"_id":{"$oid":"69bbb847b2147717dbde7030"},"start_ts":"2026-03-19T08:44:15Z","end_ts":"2026-03-19T08:44:15Z","count":2,"temp_air":9.7,"hum_air":82.5,"generated_at":"2026-03-19T08:48:07Z","inserted_at":"2026-03-19T08:48:07Z","ts":"2026-03-19T08:44:15Z"}
{"_id":{"$oid":"69bbba9fb2147717dbde7031"},"start_ts":"2026-03-19T08:50:57Z","end_ts":"2026-03-19T08:57:36Z","count":4,"temp_air":9.8,"hum_air":82.15,"generated_at":"2026-03-19T08:58:07Z","inserted_at":"2026-03-19T08:58:07Z","ts":"2026-03-19T08:57:36Z"}
{"_id":{"$oid":"69bbbcf7b2147717dbde7032"},"start_ts":"2026-03-19T09:04:16Z","end_ts":"2026-03-19T09:04:16Z","count":2,"temp_air":9.7,"hum_air":82.0,"generated_at":"2026-03-19T09:08:07Z","inserted_at":"2026-03-19T09:08:07Z","ts":"2026-03-19T09:04:16Z"}
{"_id":{"$oid":"69bbbf50b2147717dbde7033"},"start_ts":"2026-03-19T09:10:56Z","end_ts":"2026-03-19T09:17:36Z","count":4,"temp_air":9.55,"hum_air":82.15,"generated_at":"2026-03-19T09:18:08Z","inserted_at":"2026-03-19T09:18:08Z","ts":"2026-03-19T09:17:36Z"}
{"_id":{"$oid":"69bbc1a8b2147717dbde7034"},"start_ts":"2026-03-19T09:24:16Z","end_ts":"2026-03-19T09:24:16Z","count":2,"temp_air":9.6,"hum_air":82.1,"generated_at":"2026-03-19T09:28:08Z","inserted_at":"2026-03-19T09:28:08Z","ts":"2026-03-19T09:24:16Z"}
{"_id":{"$oid":"69bbc400b2147717dbde7035"},"start_ts":"2026-03-19T09:30:56Z","end_ts":"2026-03-19T09:37:36Z","count":4,"temp_air":9.45,"hum_air":82.1,"generated_at":"2026-03-19T09:38:08Z","inserted_at":"2026-03-19T09:38:08Z","ts":"2026-03-19T09:37:36Z"}
{"_id":{"$oid":"69bbc658b2147717dbde7036"},"start_ts":"2026-03-19T09:44:16Z","end_ts":"2026-03-19T09:44:16Z","count":2,"temp_air":9.3,"hum_air":82.1,"generated_at":"2026-03-19T09:48:08Z","inserted_at":"2026-03-19T09:48:08Z","ts":"2026-03-19T09:44:16Z"}
{"_id":{"$oid":"69bbc8b0b2147717dbde7037"},"start_ts":"2026-03-19T09:50:56Z","end_ts":"2026-03-19T09:57:36Z","count":4,"temp_air":9.2,"hum_air":82.55000000000001,"generated_at":"2026-03-19T09:58:08Z","inserted_at":"2026-03-19T09:58:08Z","ts":"2026-03-19T09:57:36Z"}
{"_id":{"$oid":"69bbcb08b2147717dbde7038"},"start_ts":"2026-03-19T10:04:16Z","end_ts":"2026-03-19T10:04:16Z","count":2,"temp_air":9.2,"hum_air":82.4,"generated_at":"2026-03-19T10:08:08Z","inserted_at":"2026-03-19T10:08:08Z","ts":"2026-03-19T10:04:16Z"}
{"_id":{"$oid":"69bbcd60b2147717dbde7039"},"start_ts":"2026-03-19T10:10:56Z","end_ts":"2026-03-19T10:17:36Z","count":4,"temp_air":9.1,"hum_air":82.6,"generated_at":"2026-03-19T10:18:08Z","inserted_at":"2026-03-19T10:18:08Z","ts":"2026-03-19T10:17:36Z"}
{"_id":{"$oid":"69bbcfb8b2147717dbde703a"},"start_ts":"2026-03-19T10:24:16Z","end_ts":"2026-03-19T10:24:16Z","count":2,"temp_air":9.3,"hum_air":83.0,"generated_at":"2026-03-19T10:28:08Z","inserted_at":"2026-03-19T10:28:08Z","ts":"2026-03-19T10:24:16Z"}
{"_id":{"$oid":"69bbd210b2147717dbde703b"},"start_ts":"2026-03-19T10:30:56Z","end_ts":"2026-03-19T10:37:36Z","count":4,"temp_air":9.7,"hum_air":83.0,"generated_at":"2026-03-19T10:38:08Z","inserted_at":"2026-03-19T10:38:08Z","ts":"2026-03-19T10:37:36Z"}
{"_id":{"$oid":"69bbd469b2147717dbde703c"},"start_ts":"2026-03-19T10:44:16Z","end_ts":"2026-03-19T10:44:16Z","count":2,"temp_air":10.0,"hum_air":83.1,"generated_at":"2026-03-19T10:48:09Z","inserted_at":"2026-03-19T10:48:09Z","ts":"2026-03-19T10:44:16Z"}
{"_id":{"$oid":"69bbd6c1b2147717dbde703d"},"start_ts":"2026-03-19T10:50:56Z","end_ts":"2026-03-19T10:57:36Z","count":4,"temp_air":10.149999999999999,"hum_air":82.45,"generated_at":"2026-03-19T10:58:09Z","inserted_at":"2026-03-19T10:58:09Z","ts":"2026-03-19T10:57:36Z"}
{"_id":{"$oid":"69bbd919b2147717dbde703e"},"start_ts":"2026-03-19T11:04:16Z","end_ts":"2026-03-19T11:04:16Z","count":2,"temp_air":10.3,"hum_air":82.2,"generated_at":"2026-03-19T11:08:09Z","inserted_at":"2026-03-19T11:08:09Z","ts":"2026-03-19T11:04:16Z"}
{"_id":{"$oid":"69bbdb71b2147717dbde703f"},"start_ts":"2026-03-19T11:10:56Z","end_ts":"2026-03-19T11:17:36Z","count":4,"temp_air":10.350000000000001,"hum_air":81.94999999999999,"generated_at":"2026-03-19T11:18:09Z","inserted_at":"2026-03-19T11:18:09Z","ts":"2026-03-19T11:17:36Z"}
{"_id":{"$oid":"69bbddc9b2147717dbde7040"},"start_ts":"2026-03-19T11:24:16Z","end_ts":"2026-03-19T11:24:16Z","count":2,"temp_air":10.5,"hum_air":81.8,"generated_at":"2026-03-19T11:28:09Z","inserted_at":"2026-03-19T11:28:09Z","ts":"2026-03-19T11:24:16Z"}
{"_id":{"$oid":"69bbe021b2147717dbde7041"},"start_ts":"2026-03-19T11:30:56Z","end_ts":"2026-03-19T11:37:36Z","count":4,"temp_air":10.6,"hum_air":81.6,"generated_at":"2026-03-19T11:38:09Z","inserted_at":"2026-03-19T11:38:09Z","ts":"2026-03-19T11:37:36Z"}
{"_id":{"$oid":"69bbe279b2147717dbde7042"},"start_ts":"2026-03-19T11:44:16Z","end_ts":"2026-03-19T11:44:16Z","count":2,"temp_air":11.3,"hum_air":81.2,"generated_at":"2026-03-19T11:48:09Z","inserted_at":"2026-03-19T11:48:09Z","ts":"2026-03-19T11:44:16Z"}
{"_id":{"$oid":"69bbe4d1b2147717dbde7043"},"start_ts":"2026-03-19T11:50:56Z","end_ts":"2026-03-19T11:57:36Z","count":4,"temp_air":11.8,"hum_air":80.25,"generated_at":"2026-03-19T11:58:09Z","inserted_at":"2026-03-19T11:58:09Z","ts":"2026-03-19T11:57:36Z"}
{"_id":{"$oid":"69bbe729b2147717dbde7044"},"start_ts":"2026-03-19T12:04:16Z","end_ts":"2026-03-19T12:04:16Z","count":2,"temp_air":12.5,"hum_air":79.3,"generated_at":"2026-03-19T12:08:09Z","inserted_at":"2026-03-19T12:08:09Z","ts":"2026-03-19T12:04:16Z"}
{"_id":{"$oid":"69bbe981b2147717dbde7045"},"start_ts":"2026-03-19T12:10:56Z","end_ts":"2026-03-19T12:17:36Z","count":4,"temp_air":13.0,"hum_air":78.15,"generated_at":"2026-03-19T12:18:09Z","inserted_at":"2026-03-19T12:18:09Z","ts":"2026-03-19T12:17:36Z"}
{"_id":{"$oid":"69bbebdab2147717dbde7046"},"start_ts":"2026-03-19T12:24:16Z","end_ts":"2026-03-19T12:24:16Z","count":2,"temp_air":13.1,"hum_air":77.0,"generated_at":"2026-03-19T12:28:10Z","inserted_at":"2026-03-19T12:28:10Z","ts":"2026-03-19T12:24:16Z"}
{"_id":{"$oid":"69bbee32b2147717dbde7047"},"start_ts":"2026-03-19T12:30:56Z","end_ts":"2026-03-19T12:37:36Z","count":4,"temp_air":13.3,"hum_air":76.0,"generated_at":"2026-03-19T12:38:10Z","inserted_at":"2026-03-19T12:38:10Z","ts":"2026-03-19T12:37:36Z"}
{"_id":{"$oid":"69bbf08ab2147717dbde7048"},"start_ts":"2026-03-19T12:44:16Z","end_ts":"2026-03-19T12:44:16Z","count":2,"temp_air":14.3,"hum_air":74.4,"generated_at":"2026-03-19T12:48:10Z","inserted_at":"2026-03-19T12:48:10Z","ts":"2026-03-19T12:44:16Z"}
{"_id":{"$oid":"69bbf2e2b2147717dbde7049"},"start_ts":"2026-03-19T12:50:56Z","end_ts":"2026-03-19T12:57:36Z","count":4,"temp_air":15.899999999999999,"hum_air":70.69999999999999,"generated_at":"2026-03-19T12:58:10Z","inserted_at":"2026-03-19T12:58:10Z","ts":"2026-03-19T12:57:36Z"}
{"_id":{"$oid":"69bbf53ab2147717dbde704a"},"start_ts":"2026-03-19T13:04:16Z","end_ts":"2026-03-19T13:04:16Z","count":2,"temp_air":17.0,"hum_air":67.9,"generated_at":"2026-03-19T13:08:10Z","inserted_at":"2026-03-19T13:08:10Z","ts":"2026-03-19T13:04:16Z"}
{"_id":{"$oid":"69bbf792b2147717dbde704b"},"start_ts":"2026-03-19T13:10:56Z","end_ts":"2026-03-19T13:17:36Z","count":4,"temp_air":19.700000000000003,"hum_air":62.9,"generated_at":"2026-03-19T13:18:10Z","inserted_at":"2026-03-19T13:18:10Z","ts":"2026-03-19T13:17:36Z"}
{"_id":{"$oid":"69bbf9eab2147717dbde704c"},"start_ts":"2026-03-19T13:24:16Z","end_ts":"2026-03-19T13:24:16Z","count":2,"temp_air":19.9,"hum_air":61.8,"generated_at":"2026-03-19T13:28:10Z","inserted_at":"2026-03-19T13:28:10Z","ts":"2026-03-19T13:24:16Z"}
{"_id":{"$oid":"69bbfc42b2147717dbde704d"},"start_ts":"2026-03-19T13:30:56Z","end_ts":"2026-03-19T13:37:36Z","count":4,"temp_air":20.1,"hum_air":64.4,"generated_at":"2026-03-19T13:38:10Z","inserted_at":"2026-03-19T13:38:10Z","ts":"2026-03-19T13:37:36Z"}
{"_id":{"$oid":"69bbfe9ab2147717dbde704e"},"start_ts":"2026-03-19T13:44:16Z","end_ts":"2026-03-19T13:44:16Z","count":2,"temp_air":20.8,"hum_air":61.9,"generated_at":"2026-03-19T13:48:10Z","inserted_at":"2026-03-19T13:48:10Z","ts":"2026-03-19T13:44:16Z"}
{"_id":{"$oid":"69bc00f3b2147717dbde704f"},"start_ts":"2026-03-19T13:50:56Z","end_ts":"2026-03-19T13:57:36Z","count":4,"temp_air":22.35,"hum_air":58.75,"generated_at":"2026-03-19T13:58:11Z","inserted_at":"2026-03-19T13:58:11Z","ts":"2026-03-19T13:57:36Z"}
{"_id":{"$oid":"69bc034bb2147717dbde7050"},"start_ts":"2026-03-19T14:04:16Z","end_ts":"2026-03-19T14:04:16Z","count":2,"temp_air":28.8,"hum_air":46.4,"generated_at":"2026-03-19T14:08:11Z","inserted_at":"2026-03-19T14:08:11Z","ts":"2026-03-19T14:04:16Z"}
{"_id":{"$oid":"69bc05a3b2147717dbde7051"},"start_ts":"2026-03-19T14:10:56Z","end_ts":"2026-03-19T14:17:36Z","count":4,"temp_air":31.9,"hum_air":46.4,"generated_at":"2026-03-19T14:18:11Z","inserted_at":"2026-03-19T14:18:11Z","ts":"2026-03-19T14:17:36Z"}
{"_id":{"$oid":"69bc07fbb2147717dbde7052"},"start_ts":"2026-03-19T14:24:16Z","end_ts":"2026-03-19T14:24:16Z","count":2,"temp_air":34.1,"hum_air":43.2,"generated_at":"2026-03-19T14:28:11Z","inserted_at":"2026-03-19T14:28:11Z","ts":"2026-03-19T14:24:16Z"}
{"_id":{"$oid":"69bc0a53b2147717dbde7053"},"start_ts":"2026-03-19T14:30:56Z","end_ts":"2026-03-19T14:37:36Z","count":4,"temp_air":36.0,"hum_air":40.25,"generated_at":"2026-03-19T14:38:11Z","inserted_at":"2026-03-19T14:38:11Z","ts":"2026-03-19T14:37:36Z"}
{"_id":{"$oid":"69bc0cabb2147717dbde7054"},"start_ts":"2026-03-19T14:44:16Z","end_ts":"2026-03-19T14:44:16Z","count":2,"temp_air":37.9,"hum_air":40.5,"generated_at":"2026-03-19T14:48:11Z","inserted_at":"2026-03-19T14:48:11Z","ts":"2026-03-19T14:44:16Z"}
{"_id":{"$oid":"69bc0f03b2147717dbde7055"},"start_ts":"2026-03-19T14:50:56Z","end_ts":"2026-03-19T14:57:36Z","count":4,"temp_air":39.5,"hum_air":38.150000000000006,"generated_at":"2026-03-19T14:58:11Z","inserted_at":"2026-03-19T14:58:11Z","ts":"2026-03-19T14:57:36Z"}
{"_id":{"$oid":"69bc115bb2147717dbde7056"},"start_ts":"2026-03-19T15:04:16Z","end_ts":"2026-03-19T15:04:16Z","count":2,"temp_air":40.7,"hum_air":37.3,"generated_at":"2026-03-19T15:08:11Z","inserted_at":"2026-03-19T15:08:11Z","ts":"2026-03-19T15:04:16Z"}
{"_id":{"$oid":"69bc13b3b2147717dbde7057"},"start_ts":"2026-03-19T15:10:56Z","end_ts":"2026-03-19T15:17:36Z","count":4,"temp_air":42.65,"hum_air":34.6,"generated_at":"2026-03-19T15:18:11Z","inserted_at":"2026-03-19T15:18:11Z","ts":"2026-03-19T15:17:36Z"}
{"_id":{"$oid":"69bc160bb2147717dbde7058"},"start_ts":"2026-03-19T15:24:16Z","end_ts":"2026-03-19T15:24:16Z","count":2,"temp_air":43.0,"hum_air":33.9,"generated_at":"2026-03-19T15:28:11Z","inserted_at":"2026-03-19T15:28:11Z","ts":"2026-03-19T15:24:16Z"}
{"_id":{"$oid":"69bc1864b2147717dbde7059"},"start_ts":"2026-03-19T15:30:56Z","end_ts":"2026-03-19T15:37:36Z","count":4,"temp_air":42.650000000000006,"hum_air":31.6,"generated_at":"2026-03-19T15:38:12Z","inserted_at":"2026-03-19T15:38:12Z","ts":"2026-03-19T15:37:36Z"}
{"_id":{"$oid":"69bc1abcb2147717dbde705a"},"start_ts":"2026-03-19T15:44:16Z","end_ts":"2026-03-19T15:44:16Z","count":2,"temp_air":42.6,"hum_air":30.1,"generated_at":"2026-03-19T15:48:12Z","inserted_at":"2026-03-19T15:48:12Z","ts":"2026-03-19T15:44:16Z"}
{"_id":{"$oid":"69bc1d14b2147717dbde705b"},"start_ts":"2026-03-19T15:50:56Z","end_ts":"2026-03-19T15:57:36Z","count":4,"temp_air":41.55,"hum_air":32.05,"generated_at":"2026-03-19T15:58:12Z","inserted_at":"2026-03-19T15:58:12Z","ts":"2026-03-19T15:57:36Z"}
{"_id":{"$oid":"69bc1f6cb2147717dbde705c"},"start_ts":"2026-03-19T16:04:16Z","end_ts":"2026-03-19T16:04:16Z","count":2,"temp_air":40.3,"hum_air":32.3,"generated_at":"2026-03-19T16:08:12Z","inserted_at":"2026-03-19T16:08:12Z","ts":"2026-03-19T16:04:16Z"}
{"_id":{"$oid":"69bc21c4b2147717dbde705d"},"start_ts":"2026-03-19T16:10:57Z","end_ts":"2026-03-19T16:17:36Z","count":4,"temp_air":39.6,"hum_air":31.95,"generated_at":"2026-03-19T16:18:12Z","inserted_at":"2026-03-19T16:18:12Z","ts":"2026-03-19T16:17:36Z"}
{"_id":{"$oid":"69bc241cb2147717dbde705e"},"start_ts":"2026-03-19T16:24:16Z","end_ts":"2026-03-19T16:24:16Z","count":2,"temp_air":37.9,"hum_air":33.2,"generated_at":"2026-03-19T16:28:12Z","inserted_at":"2026-03-19T16:28:12Z","ts":"2026-03-19T16:24:16Z"}
{"_id":{"$oid":"69bc2674b2147717dbde705f"},"start_ts":"2026-03-19T16:30:57Z","end_ts":"2026-03-19T16:37:36Z","count":4,"temp_air":35.75,"hum_air":33.35,"generated_at":"2026-03-19T16:38:12Z","inserted_at":"2026-03-19T16:38:12Z","ts":"2026-03-19T16:37:36Z"}
{"_id":{"$oid":"69bc28ccb2147717dbde7060"},"start_ts":"2026-03-19T16:44:16Z","end_ts":"2026-03-19T16:44:16Z","count":2,"temp_air":37.2,"hum_air":32.2,"generated_at":"2026-03-19T16:48:12Z","inserted_at":"2026-03-19T16:48:12Z","ts":"2026-03-19T16:44:16Z"}
{"_id":{"$oid":"69bc2b24b2147717dbde7061"},"start_ts":"2026-03-19T16:50:56Z","end_ts":"2026-03-19T16:57:36Z","count":4,"temp_air":37.25,"hum_air":34.9,"generated_at":"2026-03-19T16:58:12Z","inserted_at":"2026-03-19T16:58:12Z","ts":"2026-03-19T16:57:36Z"}
{"_id":{"$oid":"69bc2d7db2147717dbde7062"},"start_ts":"2026-03-19T17:04:16Z","end_ts":"2026-03-19T17:04:16Z","count":2,"temp_air":37.1,"hum_air":32.0,"generated_at":"2026-03-19T17:08:13Z","inserted_at":"2026-03-19T17:08:13Z","ts":"2026-03-19T17:04:16Z"}
{"_id":{"$oid":"69bc2fd5b2147717dbde7063"},"start_ts":"2026-03-19T17:10:57Z","end_ts":"2026-03-19T17:17:36Z","count":4,"temp_air":36.349999999999994,"hum_air":34.75,"generated_at":"2026-03-19T17:18:13Z","inserted_at":"2026-03-19T17:18:13Z","ts":"2026-03-19T17:17:36Z"}
{"_id":{"$oid":"69bc322db2147717dbde7064"},"start_ts":"2026-03-19T17:24:16Z","end_ts":"2026-03-19T17:24:16Z","count":2,"temp_air":35.0,"hum_air":34.4,"generated_at":"2026-03-19T17:28:13Z","inserted_at":"2026-03-19T17:28:13Z","ts":"2026-03-19T17:24:16Z"}
{"_id":{"$oid":"69bc3485b2147717dbde7065"},"start_ts":"2026-03-19T17:30:56Z","end_ts":"2026-03-19T17:37:37Z","count":4,"temp_air":33.95,"hum_air":35.8,"generated_at":"2026-03-19T17:38:13Z","inserted_at":"2026-03-19T17:38:13Z","ts":"2026-03-19T17:37:37Z"}
{"_id":{"$oid":"69bc36ddb2147717dbde7066"},"start_ts":"2026-03-19T17:44:16Z","end_ts":"2026-03-19T17:44:16Z","count":2,"temp_air":33.4,"hum_air":36.2,"generated_at":"2026-03-19T17:48:13Z","inserted_at":"2026-03-19T17:48:13Z","ts":"2026-03-19T17:44:16Z"}
{"_id":{"$oid":"69bc3935b2147717dbde7067"},"start_ts":"2026-03-19T17:50:58Z","end_ts":"2026-03-19T17:57:36Z","count":4,"temp_air":32.55,"hum_air":37.2,"generated_at":"2026-03-19T17:58:13Z","inserted_at":"2026-03-19T17:58:13Z","ts":"2026-03-19T17:57:36Z"}
{"_id":{"$oid":"69bc3b8db2147717dbde7068"},"start_ts":"2026-03-19T18:04:16Z","end_ts":"2026-03-19T18:04:16Z","count":2,"temp_air":31.3,"hum_air":39.5,"generated_at":"2026-03-19T18:08:13Z","inserted_at":"2026-03-19T18:08:13Z","ts":"2026-03-19T18:04:16Z"}
{"_id":{"$oid":"69bc3de5b2147717dbde7069"},"start_ts":"2026-03-19T18:10:57Z","end_ts":"2026-03-19T18:17:36Z","count":4,"temp_air":31.299999999999997,"hum_air":38.7,"generated_at":"2026-03-19T18:18:13Z","inserted_at":"2026-03-19T18:18:13Z","ts":"2026-03-19T18:17:36Z"}
{"_id":{"$oid":"69bc403db2147717dbde706a"},"start_ts":"2026-03-19T18:24:18Z","end_ts":"2026-03-19T18:24:18Z","count":2,"temp_air":31.8,"hum_air":39.8,"generated_at":"2026-03-19T18:28:13Z","inserted_at":"2026-03-19T18:28:13Z","ts":"2026-03-19T18:24:18Z"}
{"_id":{"$oid":"69bc4296b2147717dbde706b"},"start_ts":"2026-03-19T18:30:57Z","end_ts":"2026-03-19T18:37:37Z","count":4,"temp_air":31.15,"hum_air":41.099999999999994,"generated_at":"2026-03-19T18:38:14Z","inserted_at":"2026-03-19T18:38:14Z","ts":"2026-03-19T18:37:37Z"}
{"_id":{"$oid":"69bc44eeb2147717dbde706c"},"start_ts":"2026-03-19T18:44:16Z","end_ts":"2026-03-19T18:44:16Z","count":2,"temp_air":31.0,"hum_air":40.2,"generated_at":"2026-03-19T18:48:14Z","inserted_at":"2026-03-19T18:48:14Z","ts":"2026-03-19T18:44:16Z"}
{"_id":{"$oid":"69bc4746b2147717dbde706d"},"start_ts":"2026-03-19T18:50:57Z","end_ts":"2026-03-19T18:57:37Z","count":4,"temp_air":31.0,"hum_air":41.25,"generated_at":"2026-03-19T18:58:14Z","inserted_at":"2026-03-19T18:58:14Z","ts":"2026-03-19T18:57:37Z"}
{"_id":{"$oid":"69bc499eb2147717dbde706e"},"start_ts":"2026-03-19T19:04:17Z","end_ts":"2026-03-19T19:04:17Z","count":2,"temp_air":31.4,"hum_air":40.2,"generated_at":"2026-03-19T19:08:14Z","inserted_at":"2026-03-19T19:08:14Z","ts":"2026-03-19T19:04:17Z"}
{"_id":{"$oid":"69bc4bf6b2147717dbde706f"},"start_ts":"2026-03-19T19:10:57Z","end_ts":"2026-03-19T19:17:37Z","count":4,"temp_air":32.3,"hum_air":39.95,"generated_at":"2026-03-19T19:18:14Z","inserted_at":"2026-03-19T19:18:14Z","ts":"2026-03-19T19:17:37Z"}
{"_id":{"$oid":"69bc4e4eb2147717dbde7070"},"start_ts":"2026-03-19T19:24:17Z","end_ts":"2026-03-19T19:24:17Z","count":2,"temp_air":32.2,"hum_air":40.4,"generated_at":"2026-03-19T19:28:14Z","inserted_at":"2026-03-19T19:28:14Z","ts":"2026-03-19T19:24:17Z"}
{"_id":{"$oid":"69bc50a6b2147717dbde7071"},"start_ts":"2026-03-19T19:30:57Z","end_ts":"2026-03-19T19:37:37Z","count":4,"temp_air":30.45,"hum_air":42.65,"generated_at":"2026-03-19T19:38:14Z","inserted_at":"2026-03-19T19:38:14Z","ts":"2026-03-19T19:37:37Z"}
{"_id":{"$oid":"69bc52feb2147717dbde7072"},"start_ts":"2026-03-19T19:44:17Z","end_ts":"2026-03-19T19:44:17Z","count":2,"temp_air":29.8,"hum_air":44.0,"generated_at":"2026-03-19T19:48:14Z","inserted_at":"2026-03-19T19:48:14Z","ts":"2026-03-19T19:44:17Z"}
{"_id":{"$oid":"69bc5556b2147717dbde7073"},"start_ts":"2026-03-19T19:50:57Z","end_ts":"2026-03-19T19:57:37Z","count":4,"temp_air":30.5,"hum_air":43.45,"generated_at":"2026-03-19T19:58:14Z","inserted_at":"2026-03-19T19:58:14Z","ts":"2026-03-19T19:57:37Z"}
{"_id":{"$oid":"69bc57afb2147717dbde7074"},"start_ts":"2026-03-19T20:04:17Z","end_ts":"2026-03-19T20:04:17Z","count":2,"temp_air":30.9,"hum_air":43.1,"generated_at":"2026-03-19T20:08:15Z","inserted_at":"2026-03-19T20:08:15Z","ts":"2026-03-19T20:04:17Z"}
{"_id":{"$oid":"69bc5a07b2147717dbde7075"},"start_ts":"2026-03-19T20:10:57Z","end_ts":"2026-03-19T20:17:37Z","count":4,"temp_air":29.05,"hum_air":45.55,"generated_at":"2026-03-19T20:18:15Z","inserted_at":"2026-03-19T20:18:15Z","ts":"2026-03-19T20:17:37Z"}
{"_id":{"$oid":"69bc5c5fb2147717dbde7076"},"start_ts":"2026-03-19T20:24:17Z","end_ts":"2026-03-19T20:24:17Z","count":2,"temp_air":28.7,"hum_air":46.1,"generated_at":"2026-03-19T20:28:15Z","inserted_at":"2026-03-19T20:28:15Z","ts":"2026-03-19T20:24:17Z"}
{"_id":{"$oid":"69bc5eb7b2147717dbde7077"},"start_ts":"2026-03-19T20:30:57Z","end_ts":"2026-03-19T20:37:37Z","count":4,"temp_air":27.8,"hum_air":47.4,"generated_at":"2026-03-19T20:38:15Z","inserted_at":"2026-03-19T20:38:15Z","ts":"2026-03-19T20:37:37Z"}
{"_id":{"$oid":"69bc610fb2147717dbde7078"},"start_ts":"2026-03-19T20:44:17Z","end_ts":"2026-03-19T20:44:17Z","count":2,"temp_air":26.2,"hum_air":49.3,"generated_at":"2026-03-19T20:48:15Z","inserted_at":"2026-03-19T20:48:15Z","ts":"2026-03-19T20:44:17Z"}
{"_id":{"$oid":"69bc6367b2147717dbde7079"},"start_ts":"2026-03-19T20:50:57Z","end_ts":"2026-03-19T20:57:37Z","count":4,"temp_air":23.85,"hum_air":52.95,"generated_at":"2026-03-19T20:58:15Z","inserted_at":"2026-03-19T20:58:15Z","ts":"2026-03-19T20:57:37Z"}
{"_id":{"$oid":"69bc65bfb2147717dbde707a"},"start_ts":"2026-03-19T21:04:17Z","end_ts":"2026-03-19T21:04:17Z","count":2,"temp_air":24.1,"hum_air":51.9,"generated_at":"2026-03-19T21:08:15Z","inserted_at":"2026-03-19T21:08:15Z","ts":"2026-03-19T21:04:17Z"}
{"_id":{"$oid":"69bc6817b2147717dbde707b"},"start_ts":"2026-03-19T21:10:57Z","end_ts":"2026-03-19T21:17:37Z","count":4,"temp_air":22.45,"hum_air":54.0,"generated_at":"2026-03-19T21:18:15Z","inserted_at":"2026-03-19T21:18:15Z","ts":"2026-03-19T21:17:37Z"}
{"_id":{"$oid":"69bc6a6fb2147717dbde707c"},"start_ts":"2026-03-19T21:24:17Z","end_ts":"2026-03-19T21:24:17Z","count":2,"temp_air":23.4,"hum_air":52.7,"generated_at":"2026-03-19T21:28:15Z","inserted_at":"2026-03-19T21:28:15Z","ts":"2026-03-19T21:24:17Z"}
{"_id":{"$oid":"69bc6cc8b2147717dbde707d"},"start_ts":"2026-03-19T21:30:57Z","end_ts":"2026-03-19T21:37:38Z","count":4,"temp_air":23.0,"hum_air":54.2,"generated_at":"2026-03-19T21:38:16Z","inserted_at":"2026-03-19T21:38:16Z","ts":"2026-03-19T21:37:38Z"}
{"_id":{"$oid":"69bc6f20b2147717dbde707e"},"start_ts":"2026-03-19T21:44:17Z","end_ts":"2026-03-19T21:44:17Z","count":2,"temp_air":22.3,"hum_air":55.4,"generated_at":"2026-03-19T21:48:16Z","inserted_at":"2026-03-19T21:48:16Z","ts":"2026-03-19T21:44:17Z"}
{"_id":{"$oid":"69bc7178b2147717dbde707f"},"start_ts":"2026-03-19T21:50:57Z","end_ts":"2026-03-19T21:57:37Z","count":4,"temp_air":22.1,"hum_air":55.8,"generated_at":"2026-03-19T21:58:16Z","inserted_at":"2026-03-19T21:58:16Z","ts":"2026-03-19T21:57:37Z"}
{"_id":{"$oid":"69bc73d0b2147717dbde7080"},"start_ts":"2026-03-19T22:04:17Z","end_ts":"2026-03-19T22:04:17Z","count":2,"temp_air":20.6,"hum_air":59.4,"generated_at":"2026-03-19T22:08:16Z","inserted_at":"2026-03-19T22:08:16Z","ts":"2026-03-19T22:04:17Z"}
{"_id":{"$oid":"69bc7628b2147717dbde7081"},"start_ts":"2026-03-19T22:10:57Z","end_ts":"2026-03-19T22:17:37Z","count":4,"temp_air":19.65,"hum_air":63.349999999999994,"generated_at":"2026-03-19T22:18:16Z","inserted_at":"2026-03-19T22:18:16Z","ts":"2026-03-19T22:17:37Z"}
{"_id":{"$oid":"69bc7880b2147717dbde7082"},"start_ts":"2026-03-19T22:24:17Z","end_ts":"2026-03-19T22:24:17Z","count":2,"temp_air":20.2,"hum_air":63.7,"generated_at":"2026-03-19T22:28:16Z","inserted_at":"2026-03-19T22:28:16Z","ts":"2026-03-19T22:24:17Z"}
{"_id":{"$oid":"69bc7ad8b2147717dbde7083"},"start_ts":"2026-03-19T22:30:57Z","end_ts":"2026-03-19T22:37:37Z","count":4,"temp_air":19.35,"hum_air":66.6,"generated_at":"2026-03-19T22:38:16Z","inserted_at":"2026-03-19T22:38:16Z","ts":"2026-03-19T22:37:37Z"}
{"_id":{"$oid":"69bc7d30b2147717dbde7084"},"start_ts":"2026-03-19T22:44:17Z","end_ts":"2026-03-19T22:44:17Z","count":2,"temp_air":19.3,"hum_air":67.1,"generated_at":"2026-03-19T22:48:16Z","inserted_at":"2026-03-19T22:48:16Z","ts":"2026-03-19T22:44:17Z"}
{"_id":{"$oid":"69bc7f88b2147717dbde7085"},"start_ts":"2026-03-19T22:50:57Z","end_ts":"2026-03-19T22:57:37Z","count":4,"temp_air":19.7,"hum_air":67.4,"generated_at":"2026-03-19T22:58:16Z","inserted_at":"2026-03-19T22:58:16Z","ts":"2026-03-19T22:57:37Z"}
{"_id":{"$oid":"69bc81e1b2147717dbde7086"},"start_ts":"2026-03-19T23:04:18Z","end_ts":"2026-03-19T23:04:18Z","count":2,"temp_air":19.1,"hum_air":68.6,"generated_at":"2026-03-19T23:08:17Z","inserted_at":"2026-03-19T23:08:17Z","ts":"2026-03-19T23:04:18Z"}
{"_id":{"$oid":"69bc8439b2147717dbde7087"},"start_ts":"2026-03-19T23:10:57Z","end_ts":"2026-03-19T23:17:37Z","count":4,"temp_air":18.0,"hum_air":71.5,"generated_at":"2026-03-19T23:18:17Z","inserted_at":"2026-03-19T23:18:17Z","ts":"2026-03-19T23:17:37Z"}
{"_id":{"$oid":"69bc8691b2147717dbde7088"},"start_ts":"2026-03-19T23:24:19Z","end_ts":"2026-03-19T23:24:19Z","count":2,"temp_air":17.0,"hum_air":73.5,"generated_at":"2026-03-19T23:28:17Z","inserted_at":"2026-03-19T23:28:17Z","ts":"2026-03-19T23:24:19Z"}
{"_id":{"$oid":"69bc88e9b2147717dbde7089"},"start_ts":"2026-03-19T23:30:58Z","end_ts":"2026-03-19T23:37:37Z","count":4,"temp_air":16.4,"hum_air":74.80000000000001,"generated_at":"2026-03-19T23:38:17Z","inserted_at":"2026-03-19T23:38:17Z","ts":"2026-03-19T23:37:37Z"}
{"_id":{"$oid":"69bc8b41b2147717dbde708a"},"start_ts":"2026-03-19T23:44:18Z","end_ts":"2026-03-19T23:44:18Z","count":2,"temp_air":16.1,"hum_air":76.1,"generated_at":"2026-03-19T23:48:17Z","inserted_at":"2026-03-19T23:48:17Z","ts":"2026-03-19T23:44:18Z"}
{"_id":{"$oid":"69bc8d99b2147717dbde708b"},"start_ts":"2026-03-19T23:50:58Z","end_ts":"2026-03-19T23:57:38Z","count":4,"temp_air":16.1,"hum_air":76.75,"generated_at":"2026-03-19T23:58:17Z","inserted_at":"2026-03-19T23:58:17Z","ts":"2026-03-19T23:57:38Z"}
{"_id":{"$oid":"69bc8ff1b2147717dbde708c"},"start_ts":"2026-03-20T00:04:19Z","end_ts":"2026-03-20T00:04:19Z","count":2,"temp_air":15.9,"hum_air":77.5,"generated_at":"2026-03-20T00:08:17Z","inserted_at":"2026-03-20T00:08:17Z","ts":"2026-03-20T00:04:19Z"}
{"_id":{"$oid":"69bc9249b2147717dbde708d"},"start_ts":"2026-03-20T00:10:59Z","end_ts":"2026-03-20T00:17:38Z","count":4,"temp_air":15.55,"hum_air":78.30000000000001,"generated_at":"2026-03-20T00:18:17Z","inserted_at":"2026-03-20T00:18:17Z","ts":"2026-03-20T00:17:38Z"}
{"_id":{"$oid":"69bc94a1b2147717dbde708e"},"start_ts":"2026-03-20T00:24:18Z","end_ts":"2026-03-20T00:24:18Z","count":2,"temp_air":15.2,"hum_air":79.5,"generated_at":"2026-03-20T00:28:17Z","inserted_at":"2026-03-20T00:28:17Z","ts":"2026-03-20T00:24:18Z"}
{"_id":{"$oid":"69bc96f9b2147717dbde708f"},"start_ts":"2026-03-20T00:30:58Z","end_ts":"2026-03-20T00:37:38Z","count":4,"temp_air":15.0,"hum_air":80.15,"generated_at":"2026-03-20T00:38:17Z","inserted_at":"2026-03-20T00:38:17Z","ts":"2026-03-20T00:37:38Z"}
{"_id":{"$oid":"69bc9952b2147717dbde7090"},"start_ts":"2026-03-20T00:44:18Z","end_ts":"2026-03-20T00:44:18Z","count":2,"temp_air":14.9,"hum_air":80.5,"generated_at":"2026-03-20T00:48:18Z","inserted_at":"2026-03-20T00:48:18Z","ts":"2026-03-20T00:44:18Z"}
{"_id":{"$oid":"69bc9baab2147717dbde7091"},"start_ts":"2026-03-20T00:50:58Z","end_ts":"2026-03-20T00:57:39Z","count":4,"temp_air":14.7,"hum_air":80.75,"generated_at":"2026-03-20T00:58:18Z","inserted_at":"2026-03-20T00:58:18Z","ts":"2026-03-20T00:57:39Z"}
{"_id":{"$oid":"69bc9e02b2147717dbde7092"},"start_ts":"2026-03-20T01:04:18Z","end_ts":"2026-03-20T01:04:18Z","count":2,"temp_air":14.5,"hum_air":80.9,"generated_at":"2026-03-20T01:08:18Z","inserted_at":"2026-03-20T01:08:18Z","ts":"2026-03-20T01:04:18Z"}
{"_id":{"$oid":"69bca05ab2147717dbde7093"},"start_ts":"2026-03-20T01:10:59Z","end_ts":"2026-03-20T01:17:39Z","count":4,"temp_air":14.649999999999999,"hum_air":81.35,"generated_at":"2026-03-20T01:18:18Z","inserted_at":"2026-03-20T01:18:18Z","ts":"2026-03-20T01:17:39Z"}
{"_id":{"$oid":"69bca2b2b2147717dbde7094"},"start_ts":"2026-03-20T01:24:19Z","end_ts":"2026-03-20T01:24:19Z","count":2,"temp_air":14.6,"hum_air":81.3,"generated_at":"2026-03-20T01:28:18Z","inserted_at":"2026-03-20T01:28:18Z","ts":"2026-03-20T01:24:19Z"}
{"_id":{"$oid":"69bca50ab2147717dbde7095"},"start_ts":"2026-03-20T01:30:58Z","end_ts":"2026-03-20T01:37:39Z","count":4,"temp_air":14.45,"hum_air":82.1,"generated_at":"2026-03-20T01:38:18Z","inserted_at":"2026-03-20T01:38:18Z","ts":"2026-03-20T01:37:39Z"}
{"_id":{"$oid":"69bca762b2147717dbde7096"},"start_ts":"2026-03-20T01:44:19Z","end_ts":"2026-03-20T01:44:19Z","count":2,"temp_air":14.5,"hum_air":82.3,"generated_at":"2026-03-20T01:48:18Z","inserted_at":"2026-03-20T01:48:18Z","ts":"2026-03-20T01:44:19Z"}
{"_id":{"$oid":"69bca9bab2147717dbde7097"},"start_ts":"2026-03-20T01:50:59Z","end_ts":"2026-03-20T01:57:41Z","count":6,"temp_air":14.633333333333333,"hum_air":81.9,"generated_at":"2026-03-20T01:58:18Z","inserted_at":"2026-03-20T01:58:18Z","ts":"2026-03-20T01:57:41Z"}
{"_id":{"$oid":"69bcac13b2147717dbde7098"},"start_ts":"2026-03-20T02:04:18Z","end_ts":"2026-03-20T02:04:18Z","count":2,"temp_air":14.6,"hum_air":81.8,"generated_at":"2026-03-20T02:08:19Z","inserted_at":"2026-03-20T02:08:19Z","ts":"2026-03-20T02:04:18Z"}
{"_id":{"$oid":"69bcae6bb2147717dbde7099"},"start_ts":"2026-03-20T02:10:59Z","end_ts":"2026-03-20T02:17:39Z","count":4,"temp_air":14.6,"hum_air":81.95,"generated_at":"2026-03-20T02:18:19Z","inserted_at":"2026-03-20T02:18:19Z","ts":"2026-03-20T02:17:39Z"}
{"_id":{"$oid":"69bcb0c3b2147717dbde709a"},"start_ts":"2026-03-20T02:24:22Z","end_ts":"2026-03-20T02:24:22Z","count":2,"temp_air":14.6,"hum_air":81.9,"generated_at":"2026-03-20T02:28:19Z","inserted_at":"2026-03-20T02:28:19Z","ts":"2026-03-20T02:24:22Z"}
{"_id":{"$oid":"69bcb31bb2147717dbde709b"},"start_ts":"2026-03-20T02:30:59Z","end_ts":"2026-03-20T02:37:39Z","count":4,"temp_air":14.6,"hum_air":81.55,"generated_at":"2026-03-20T02:38:19Z","inserted_at":"2026-03-20T02:38:19Z","ts":"2026-03-20T02:37:39Z"}
{"_id":{"$oid":"69bcb573b2147717dbde709c"},"start_ts":"2026-03-20T02:44:18Z","end_ts":"2026-03-20T02:44:18Z","count":2,"temp_air":14.6,"hum_air":81.5,"generated_at":"2026-03-20T02:48:19Z","inserted_at":"2026-03-20T02:48:19Z","ts":"2026-03-20T02:44:18Z"}
{"_id":{"$oid":"69bcb7cbb2147717dbde709d"},"start_ts":"2026-03-20T02:50:58Z","end_ts":"2026-03-20T02:57:37Z","count":4,"temp_air":14.55,"hum_air":81.19999999999999,"generated_at":"2026-03-20T02:58:19Z","inserted_at":"2026-03-20T02:58:19Z","ts":"2026-03-20T02:57:37Z"}
{"_id":{"$oid":"69bcba23b2147717dbde709e"},"start_ts":"2026-03-20T03:04:17Z","end_ts":"2026-03-20T03:04:17Z","count":2,"temp_air":14.6,"hum_air":81.2,"generated_at":"2026-03-20T03:08:19Z","inserted_at":"2026-03-20T03:08:19Z","ts":"2026-03-20T03:04:17Z"}
{"_id":{"$oid":"69bcbc7bb2147717dbde709f"},"start_ts":"2026-03-20T03:10:57Z","end_ts":"2026-03-20T03:17:37Z","count":4,"temp_air":14.6,"hum_air":81.4,"generated_at":"2026-03-20T03:18:19Z","inserted_at":"2026-03-20T03:18:19Z","ts":"2026-03-20T03:17:37Z"}
{"_id":{"$oid":"69bcbed4b2147717dbde70a0"},"start_ts":"2026-03-20T03:24:17Z","end_ts":"2026-03-20T03:24:17Z","count":2,"temp_air":14.7,"hum_air":81.3,"generated_at":"2026-03-20T03:28:20Z","inserted_at":"2026-03-20T03:28:20Z","ts":"2026-03-20T03:24:17Z"}
{"_id":{"$oid":"69bcc12cb2147717dbde70a1"},"start_ts":"2026-03-20T03:30:57Z","end_ts":"2026-03-20T03:37:38Z","count":4,"temp_air":14.7,"hum_air":81.4,"generated_at":"2026-03-20T03:38:20Z","inserted_at":"2026-03-20T03:38:20Z","ts":"2026-03-20T03:37:38Z"}
{"_id":{"$oid":"69bcc384b2147717dbde70a2"},"start_ts":"2026-03-20T03:44:17Z","end_ts":"2026-03-20T03:44:17Z","count":2,"temp_air":14.5,"hum_air":81.1,"generated_at":"2026-03-20T03:48:20Z","inserted_at":"2026-03-20T03:48:20Z","ts":"2026-03-20T03:44:17Z"}
{"_id":{"$oid":"69bcc5dcb2147717dbde70a3"},"start_ts":"2026-03-20T03:50:57Z","end_ts":"2026-03-20T03:57:37Z","count":4,"temp_air":14.350000000000001,"hum_air":80.95,"generated_at":"2026-03-20T03:58:20Z","inserted_at":"2026-03-20T03:58:20Z","ts":"2026-03-20T03:57:37Z"}
{"_id":{"$oid":"69bcc834b2147717dbde70a4"},"start_ts":"2026-03-20T04:04:18Z","end_ts":"2026-03-20T04:04:18Z","count":2,"temp_air":14.0,"hum_air":80.7,"generated_at":"2026-03-20T04:08:20Z","inserted_at":"2026-03-20T04:08:20Z","ts":"2026-03-20T04:04:18Z"}
{"_id":{"$oid":"69bcca8cb2147717dbde70a5"},"start_ts":"2026-03-20T04:10:57Z","end_ts":"2026-03-20T04:17:37Z","count":4,"temp_air":13.8,"hum_air":81.30000000000001,"generated_at":"2026-03-20T04:18:20Z","inserted_at":"2026-03-20T04:18:20Z","ts":"2026-03-20T04:17:37Z"}
{"_id":{"$oid":"69bccce4b2147717dbde70a6"},"start_ts":"2026-03-20T04:24:17Z","end_ts":"2026-03-20T04:24:17Z","count":2,"temp_air":13.6,"hum_air":80.7,"generated_at":"2026-03-20T04:28:20Z","inserted_at":"2026-03-20T04:28:20Z","ts":"2026-03-20T04:24:17Z"}
{"_id":{"$oid":"69bccf3cb2147717dbde70a7"},"start_ts":"2026-03-20T04:30:57Z","end_ts":"2026-03-20T04:37:37Z","count":4,"temp_air":13.350000000000001,"hum_air":80.80000000000001,"generated_at":"2026-03-20T04:38:20Z","inserted_at":"2026-03-20T04:38:20Z","ts":"2026-03-20T04:37:37Z"}
{"_id":{"$oid":"69bcd195b2147717dbde70a8"},"start_ts":"2026-03-20T04:44:17Z","end_ts":"2026-03-20T04:44:17Z","count":2,"temp_air":13.1,"hum_air":80.7,"generated_at":"2026-03-20T04:48:21Z","inserted_at":"2026-03-20T04:48:21Z","ts":"2026-03-20T04:44:17Z"}
{"_id":{"$oid":"69bcd3edb2147717dbde70a9"},"start_ts":"2026-03-20T04:50:57Z","end_ts":"2026-03-20T04:57:37Z","count":4,"temp_air":13.1,"hum_air":81.30000000000001,"generated_at":"2026-03-20T04:58:21Z","inserted_at":"2026-03-20T04:58:21Z","ts":"2026-03-20T04:57:37Z"}
{"_id":{"$oid":"69bcd645b2147717dbde70aa"},"start_ts":"2026-03-20T05:04:17Z","end_ts":"2026-03-20T05:04:17Z","count":2,"temp_air":13.0,"hum_air":81.6,"generated_at":"2026-03-20T05:08:21Z","inserted_at":"2026-03-20T05:08:21Z","ts":"2026-03-20T05:04:17Z"}
{"_id":{"$oid":"69bcd89db2147717dbde70ab"},"start_ts":"2026-03-20T05:10:57Z","end_ts":"2026-03-20T05:17:37Z","count":4,"temp_air":12.95,"hum_air":81.6,"generated_at":"2026-03-20T05:18:21Z","inserted_at":"2026-03-20T05:18:21Z","ts":"2026-03-20T05:17:37Z"}
{"_id":{"$oid":"69bcdaf5b2147717dbde70ac"},"start_ts":"2026-03-20T05:24:17Z","end_ts":"2026-03-20T05:24:17Z","count":2,"temp_air":12.9,"hum_air":81.0,"generated_at":"2026-03-20T05:28:21Z","inserted_at":"2026-03-20T05:28:21Z","ts":"2026-03-20T05:24:17Z"}
{"_id":{"$oid":"69bcdd4db2147717dbde70ad"},"start_ts":"2026-03-20T05:30:58Z","end_ts":"2026-03-20T05:37:38Z","count":4,"temp_air":12.850000000000001,"hum_air":80.75,"generated_at":"2026-03-20T05:38:21Z","inserted_at":"2026-03-20T05:38:21Z","ts":"2026-03-20T05:37:38Z"}
{"_id":{"$oid":"69bcdfa5b2147717dbde70ae"},"start_ts":"2026-03-20T05:44:18Z","end_ts":"2026-03-20T05:44:18Z","count":2,"temp_air":12.6,"hum_air":80.9,"generated_at":"2026-03-20T05:48:21Z","inserted_at":"2026-03-20T05:48:21Z","ts":"2026-03-20T05:44:18Z"}
{"_id":{"$oid":"69bce1fdb2147717dbde70af"},"start_ts":"2026-03-20T05:50:58Z","end_ts":"2026-03-20T05:57:38Z","count":4,"temp_air":12.350000000000001,"hum_air":80.75,"generated_at":"2026-03-20T05:58:21Z","inserted_at":"2026-03-20T05:58:21Z","ts":"2026-03-20T05:57:38Z"}
{"_id":{"$oid":"69bce455b2147717dbde70b0"},"start_ts":"2026-03-20T06:04:18Z","end_ts":"2026-03-20T06:04:18Z","count":2,"temp_air":11.9,"hum_air":80.9,"generated_at":"2026-03-20T06:08:21Z","inserted_at":"2026-03-20T06:08:21Z","ts":"2026-03-20T06:04:18Z"}
{"_id":{"$oid":"69bce6adb2147717dbde70b1"},"start_ts":"2026-03-20T06:10:58Z","end_ts":"2026-03-20T06:17:38Z","count":4,"temp_air":11.649999999999999,"hum_air":80.94999999999999,"generated_at":"2026-03-20T06:18:21Z","inserted_at":"2026-03-20T06:18:21Z","ts":"2026-03-20T06:17:38Z"}
{"_id":{"$oid":"69bce906b2147717dbde70b2"},"start_ts":"2026-03-20T06:24:18Z","end_ts":"2026-03-20T06:24:18Z","count":2,"temp_air":11.5,"hum_air":81.7,"generated_at":"2026-03-20T06:28:22Z","inserted_at":"2026-03-20T06:28:22Z","ts":"2026-03-20T06:24:18Z"}
{"_id":{"$oid":"69bceb5eb2147717dbde70b3"},"start_ts":"2026-03-20T06:30:58Z","end_ts":"2026-03-20T06:37:38Z","count":4,"temp_air":11.55,"hum_air":82.19999999999999,"generated_at":"2026-03-20T06:38:22Z","inserted_at":"2026-03-20T06:38:22Z","ts":"2026-03-20T06:37:38Z"}
{"_id":{"$oid":"69bcedb6b2147717dbde70b4"},"start_ts":"2026-03-20T06:44:18Z","end_ts":"2026-03-20T06:44:18Z","count":2,"temp_air":11.7,"hum_air":81.8,"generated_at":"2026-03-20T06:48:22Z","inserted_at":"2026-03-20T06:48:22Z","ts":"2026-03-20T06:44:18Z"}
{"_id":{"$oid":"69bcf00eb2147717dbde70b5"},"start_ts":"2026-03-20T06:50:58Z","end_ts":"2026-03-20T06:57:38Z","count":4,"temp_air":11.649999999999999,"hum_air":81.7,"generated_at":"2026-03-20T06:58:22Z","inserted_at":"2026-03-20T06:58:22Z","ts":"2026-03-20T06:57:38Z"}
{"_id":{"$oid":"69bcf266b2147717dbde70b6"},"start_ts":"2026-03-20T07:04:18Z","end_ts":"2026-03-20T07:04:18Z","count":2,"temp_air":11.6,"hum_air":81.9,"generated_at":"2026-03-20T07:08:22Z","inserted_at":"2026-03-20T07:08:22Z","ts":"2026-03-20T07:04:18Z"}
{"_id":{"$oid":"69bcf4beb2147717dbde70b7"},"start_ts":"2026-03-20T07:10:58Z","end_ts":"2026-03-20T07:17:38Z","count":4,"temp_air":11.7,"hum_air":82.05,"generated_at":"2026-03-20T07:18:22Z","inserted_at":"2026-03-20T07:18:22Z","ts":"2026-03-20T07:17:38Z"}
{"_id":{"$oid":"69bcf716b2147717dbde70b8"},"start_ts":"2026-03-20T07:24:18Z","end_ts":"2026-03-20T07:24:18Z","count":2,"temp_air":11.7,"hum_air":81.9,"generated_at":"2026-03-20T07:28:22Z","inserted_at":"2026-03-20T07:28:22Z","ts":"2026-03-20T07:24:18Z"}
{"_id":{"$oid":"69bcf96eb2147717dbde70b9"},"start_ts":"2026-03-20T07:30:58Z","end_ts":"2026-03-20T07:37:38Z","count":4,"temp_air":11.8,"hum_air":81.95,"generated_at":"2026-03-20T07:38:22Z","inserted_at":"2026-03-20T07:38:22Z","ts":"2026-03-20T07:37:38Z"}
{"_id":{"$oid":"69bcfbc6b2147717dbde70ba"},"start_ts":"2026-03-20T07:44:18Z","end_ts":"2026-03-20T07:44:18Z","count":2,"temp_air":12.0,"hum_air":81.6,"generated_at":"2026-03-20T07:48:22Z","inserted_at":"2026-03-20T07:48:22Z","ts":"2026-03-20T07:44:18Z"}
{"_id":{"$oid":"69bcfe1fb2147717dbde70bb"},"start_ts":"2026-03-20T07:50:58Z","end_ts":"2026-03-20T07:57:38Z","count":4,"temp_air":12.05,"hum_air":81.3,"generated_at":"2026-03-20T07:58:23Z","inserted_at":"2026-03-20T07:58:23Z","ts":"2026-03-20T07:57:38Z"}
{"_id":{"$oid":"69bd0077b2147717dbde70bc"},"start_ts":"2026-03-20T08:04:18Z","end_ts":"2026-03-20T08:04:18Z","count":2,"temp_air":12.0,"hum_air":80.9,"generated_at":"2026-03-20T08:08:23Z","inserted_at":"2026-03-20T08:08:23Z","ts":"2026-03-20T08:04:18Z"}
{"_id":{"$oid":"69bd02cfb2147717dbde70bd"},"start_ts":"2026-03-20T08:10:58Z","end_ts":"2026-03-20T08:17:38Z","count":4,"temp_air":11.850000000000001,"hum_air":81.35,"generated_at":"2026-03-20T08:18:23Z","inserted_at":"2026-03-20T08:18:23Z","ts":"2026-03-20T08:17:38Z"}
{"_id":{"$oid":"69bd0527b2147717dbde70be"},"start_ts":"2026-03-20T08:24:18Z","end_ts":"2026-03-20T08:24:18Z","count":2,"temp_air":11.9,"hum_air":81.4,"generated_at":"2026-03-20T08:28:23Z","inserted_at":"2026-03-20T08:28:23Z","ts":"2026-03-20T08:24:18Z"}
{"_id":{"$oid":"69bd077fb2147717dbde70bf"},"start_ts":"2026-03-20T08:30:58Z","end_ts":"2026-03-20T08:37:38Z","count":4,"temp_air":12.0,"hum_air":81.25,"generated_at":"2026-03-20T08:38:23Z","inserted_at":"2026-03-20T08:38:23Z","ts":"2026-03-20T08:37:38Z"}
{"_id":{"$oid":"69bd09d7b2147717dbde70c0"},"start_ts":"2026-03-20T08:44:18Z","end_ts":"2026-03-20T08:44:18Z","count":2,"temp_air":11.9,"hum_air":80.8,"generated_at":"2026-03-20T08:48:23Z","inserted_at":"2026-03-20T08:48:23Z","ts":"2026-03-20T08:44:18Z"}
{"_id":{"$oid":"69bd0c2fb2147717dbde70c1"},"start_ts":"2026-03-20T08:50:58Z","end_ts":"2026-03-20T08:57:38Z","count":4,"temp_air":11.6,"hum_air":81.15,"generated_at":"2026-03-20T08:58:23Z","inserted_at":"2026-03-20T08:58:23Z","ts":"2026-03-20T08:57:38Z"}
{"_id":{"$oid":"69bd0e87b2147717dbde70c2"},"start_ts":"2026-03-20T09:04:18Z","end_ts":"2026-03-20T09:04:18Z","count":2,"temp_air":11.6,"hum_air":81.6,"generated_at":"2026-03-20T09:08:23Z","inserted_at":"2026-03-20T09:08:23Z","ts":"2026-03-20T09:04:18Z"}
{"_id":{"$oid":"69bd10e0b2147717dbde70c3"},"start_ts":"2026-03-20T09:10:58Z","end_ts":"2026-03-20T09:17:38Z","count":4,"temp_air":11.75,"hum_air":81.4,"generated_at":"2026-03-20T09:18:24Z","inserted_at":"2026-03-20T09:18:24Z","ts":"2026-03-20T09:17:38Z"}
{"_id":{"$oid":"69bd1338b2147717dbde70c4"},"start_ts":"2026-03-20T09:24:18Z","end_ts":"2026-03-20T09:24:18Z","count":2,"temp_air":11.7,"hum_air":81.5,"generated_at":"2026-03-20T09:28:24Z","inserted_at":"2026-03-20T09:28:24Z","ts":"2026-03-20T09:24:18Z"}
{"_id":{"$oid":"69bd1590b2147717dbde70c5"},"start_ts":"2026-03-20T09:30:58Z","end_ts":"2026-03-20T09:37:38Z","count":4,"temp_air":11.649999999999999,"hum_air":81.3,"generated_at":"2026-03-20T09:38:24Z","inserted_at":"2026-03-20T09:38:24Z","ts":"2026-03-20T09:37:38Z"}
{"_id":{"$oid":"69bd17e8b2147717dbde70c6"},"start_ts":"2026-03-20T09:44:18Z","end_ts":"2026-03-20T09:44:18Z","count":2,"temp_air":11.5,"hum_air":81.4,"generated_at":"2026-03-20T09:48:24Z","inserted_at":"2026-03-20T09:48:24Z","ts":"2026-03-20T09:44:18Z"}
{"_id":{"$oid":"69bd1a40b2147717dbde70c7"},"start_ts":"2026-03-20T09:50:58Z","end_ts":"2026-03-20T09:57:38Z","count":4,"temp_air":11.4,"hum_air":81.69999999999999,"generated_at":"2026-03-20T09:58:24Z","inserted_at":"2026-03-20T09:58:24Z","ts":"2026-03-20T09:57:38Z"}
{"_id":{"$oid":"69bd1c98b2147717dbde70c8"},"start_ts":"2026-03-20T10:04:18Z","end_ts":"2026-03-20T10:04:18Z","count":2,"temp_air":11.4,"hum_air":81.9,"generated_at":"2026-03-20T10:08:24Z","inserted_at":"2026-03-20T10:08:24Z","ts":"2026-03-20T10:04:18Z"}
{"_id":{"$oid":"69bd1ef0b2147717dbde70c9"},"start_ts":"2026-03-20T10:10:58Z","end_ts":"2026-03-20T10:17:38Z","count":4,"temp_air":11.35,"hum_air":81.6,"generated_at":"2026-03-20T10:18:24Z","inserted_at":"2026-03-20T10:18:24Z","ts":"2026-03-20T10:17:38Z"}
{"_id":{"$oid":"69bd2148b2147717dbde70ca"},"start_ts":"2026-03-20T10:24:18Z","end_ts":"2026-03-20T10:24:18Z","count":2,"temp_air":11.4,"hum_air":82.0,"generated_at":"2026-03-20T10:28:24Z","inserted_at":"2026-03-20T10:28:24Z","ts":"2026-03-20T10:24:18Z"}
{"_id":{"$oid":"69bd23a0b2147717dbde70cb"},"start_ts":"2026-03-20T10:30:58Z","end_ts":"2026-03-20T10:37:38Z","count":4,"temp_air":11.45,"hum_air":81.80000000000001,"generated_at":"2026-03-20T10:38:24Z","inserted_at":"2026-03-20T10:38:24Z","ts":"2026-03-20T10:37:38Z"}
{"_id":{"$oid":"69bd25f9b2147717dbde70cc"},"start_ts":"2026-03-20T10:44:18Z","end_ts":"2026-03-20T10:44:18Z","count":2,"temp_air":11.1,"hum_air":81.8,"generated_at":"2026-03-20T10:48:25Z","inserted_at":"2026-03-20T10:48:25Z","ts":"2026-03-20T10:44:18Z"}
{"_id":{"$oid":"69bd2851b2147717dbde70cd"},"start_ts":"2026-03-20T10:50:58Z","end_ts":"2026-03-20T10:57:38Z","count":4,"temp_air":11.3,"hum_air":82.05,"generated_at":"2026-03-20T10:58:25Z","inserted_at":"2026-03-20T10:58:25Z","ts":"2026-03-20T10:57:38Z"}
{"_id":{"$oid":"69bd2aa9b2147717dbde70ce"},"start_ts":"2026-03-20T11:04:18Z","end_ts":"2026-03-20T11:04:18Z","count":2,"temp_air":11.4,"hum_air":81.9,"generated_at":"2026-03-20T11:08:25Z","inserted_at":"2026-03-20T11:08:25Z","ts":"2026-03-20T11:04:18Z"}
{"_id":{"$oid":"69bd2d01b2147717dbde70cf"},"start_ts":"2026-03-20T11:10:58Z","end_ts":"2026-03-20T11:17:38Z","count":4,"temp_air":11.55,"hum_air":81.55000000000001,"generated_at":"2026-03-20T11:18:25Z","inserted_at":"2026-03-20T11:18:25Z","ts":"2026-03-20T11:17:38Z"}
{"_id":{"$oid":"69bd2f59b2147717dbde70d0"},"start_ts":"2026-03-20T11:24:18Z","end_ts":"2026-03-20T11:24:18Z","count":2,"temp_air":11.6,"hum_air":81.7,"generated_at":"2026-03-20T11:28:25Z","inserted_at":"2026-03-20T11:28:25Z","ts":"2026-03-20T11:24:18Z"}
{"_id":{"$oid":"69bd31b1b2147717dbde70d1"},"start_ts":"2026-03-20T11:30:58Z","end_ts":"2026-03-20T11:37:38Z","count":4,"temp_air":11.75,"hum_air":81.4,"generated_at":"2026-03-20T11:38:25Z","inserted_at":"2026-03-20T11:38:25Z","ts":"2026-03-20T11:37:38Z"}
{"_id":{"$oid":"69bd3409b2147717dbde70d2"},"start_ts":"2026-03-20T11:44:18Z","end_ts":"2026-03-20T11:44:18Z","count":2,"temp_air":12.1,"hum_air":80.8,"generated_at":"2026-03-20T11:48:25Z","inserted_at":"2026-03-20T11:48:25Z","ts":"2026-03-20T11:44:18Z"}
{"_id":{"$oid":"69bd3661b2147717dbde70d3"},"start_ts":"2026-03-20T11:51:00Z","end_ts":"2026-03-20T11:57:38Z","count":4,"temp_air":12.35,"hum_air":79.5,"generated_at":"2026-03-20T11:58:25Z","inserted_at":"2026-03-20T11:58:25Z","ts":"2026-03-20T11:57:38Z"}
{"_id":{"$oid":"69bd38b9b2147717dbde70d4"},"start_ts":"2026-03-20T12:04:18Z","end_ts":"2026-03-20T12:04:18Z","count":2,"temp_air":12.9,"hum_air":78.5,"generated_at":"2026-03-20T12:08:25Z","inserted_at":"2026-03-20T12:08:25Z","ts":"2026-03-20T12:04:18Z"}
{"_id":{"$oid":"69bd3b11b2147717dbde70d5"},"start_ts":"2026-03-20T12:10:58Z","end_ts":"2026-03-20T12:17:38Z","count":4,"temp_air":13.399999999999999,"hum_air":77.55,"generated_at":"2026-03-20T12:18:25Z","inserted_at":"2026-03-20T12:18:25Z","ts":"2026-03-20T12:17:38Z"}
{"_id":{"$oid":"69bd3d69b2147717dbde70d6"},"start_ts":"2026-03-20T12:24:18Z","end_ts":"2026-03-20T12:24:18Z","count":2,"temp_air":14.1,"hum_air":75.6,"generated_at":"2026-03-20T12:28:25Z","inserted_at":"2026-03-20T12:28:25Z","ts":"2026-03-20T12:24:18Z"}
{"_id":{"$oid":"69bd3fc2b2147717dbde70d7"},"start_ts":"2026-03-20T12:30:58Z","end_ts":"2026-03-20T12:37:38Z","count":4,"temp_air":14.95,"hum_air":73.0,"generated_at":"2026-03-20T12:38:26Z","inserted_at":"2026-03-20T12:38:26Z","ts":"2026-03-20T12:37:38Z"}
{"_id":{"$oid":"69bd421ab2147717dbde70d8"},"start_ts":"2026-03-20T12:44:18Z","end_ts":"2026-03-20T12:44:18Z","count":2,"temp_air":18.9,"hum_air":67.9,"generated_at":"2026-03-20T12:48:26Z","inserted_at":"2026-03-20T12:48:26Z","ts":"2026-03-20T12:44:18Z"}
{"_id":{"$oid":"69bd4472b2147717dbde70d9"},"start_ts":"2026-03-20T12:50:58Z","end_ts":"2026-03-20T12:57:38Z","count":4,"temp_air":18.9,"hum_air":67.45,"generated_at":"2026-03-20T12:58:26Z","inserted_at":"2026-03-20T12:58:26Z","ts":"2026-03-20T12:57:38Z"}
{"_id":{"$oid":"69bd46cab2147717dbde70da"},"start_ts":"2026-03-20T13:04:18Z","end_ts":"2026-03-20T13:04:18Z","count":2,"temp_air":22.6,"hum_air":61.6,"generated_at":"2026-03-20T13:08:26Z","inserted_at":"2026-03-20T13:08:26Z","ts":"2026-03-20T13:04:18Z"}
{"_id":{"$oid":"69bd4922b2147717dbde70db"},"start_ts":"2026-03-20T13:10:58Z","end_ts":"2026-03-20T13:17:38Z","count":4,"temp_air":25.05,"hum_air":56.25,"generated_at":"2026-03-20T13:18:26Z","inserted_at":"2026-03-20T13:18:26Z","ts":"2026-03-20T13:17:38Z"}
{"_id":{"$oid":"69bd4b7ab2147717dbde70dc"},"start_ts":"2026-03-20T13:24:18Z","end_ts":"2026-03-20T13:24:18Z","count":2,"temp_air":26.9,"hum_air":53.8,"generated_at":"2026-03-20T13:28:26Z","inserted_at":"2026-03-20T13:28:26Z","ts":"2026-03-20T13:24:18Z"}
{"_id":{"$oid":"69bd4dd2b2147717dbde70dd"},"start_ts":"2026-03-20T13:30:58Z","end_ts":"2026-03-20T13:37:41Z","count":4,"temp_air":26.85,"hum_air":52.05,"generated_at":"2026-03-20T13:38:26Z","inserted_at":"2026-03-20T13:38:26Z","ts":"2026-03-20T13:37:41Z"}
{"_id":{"$oid":"69bd502ab2147717dbde70de"},"start_ts":"2026-03-20T13:44:21Z","end_ts":"2026-03-20T13:44:21Z","count":2,"temp_air":30.0,"hum_air":49.5,"generated_at":"2026-03-20T13:48:26Z","inserted_at":"2026-03-20T13:48:26Z","ts":"2026-03-20T13:44:21Z"}
{"_id":{"$oid":"69bd5283b2147717dbde70df"},"start_ts":"2026-03-20T13:50:58Z","end_ts":"2026-03-20T13:57:38Z","count":4,"temp_air":32.599999999999994,"hum_air":46.25,"generated_at":"2026-03-20T13:58:27Z","inserted_at":"2026-03-20T13:58:27Z","ts":"2026-03-20T13:57:38Z"}
{"_id":{"$oid":"69bd54dbb2147717dbde70e0"},"start_ts":"2026-03-20T14:04:18Z","end_ts":"2026-03-20T14:04:18Z","count":2,"temp_air":34.6,"hum_air":44.8,"generated_at":"2026-03-20T14:08:27Z","inserted_at":"2026-03-20T14:08:27Z","ts":"2026-03-20T14:04:18Z"}
{"_id":{"$oid":"69bd5733b2147717dbde70e1"},"start_ts":"2026-03-20T14:10:58Z","end_ts":"2026-03-20T14:17:38Z","count":4,"temp_air":36.7,"hum_air":41.150000000000006,"generated_at":"2026-03-20T14:18:27Z","inserted_at":"2026-03-20T14:18:27Z","ts":"2026-03-20T14:17:38Z"}
{"_id":{"$oid":"69bd598bb2147717dbde70e2"},"start_ts":"2026-03-20T14:24:18Z","end_ts":"2026-03-20T14:24:18Z","count":2,"temp_air":39.0,"hum_air":39.0,"generated_at":"2026-03-20T14:28:27Z","inserted_at":"2026-03-20T14:28:27Z","ts":"2026-03-20T14:24:18Z"}
{"_id":{"$oid":"69bd5be3b2147717dbde70e3"},"start_ts":"2026-03-20T14:30:58Z","end_ts":"2026-03-20T14:37:38Z","count":4,"temp_air":40.65,"hum_air":35.849999999999994,"generated_at":"2026-03-20T14:38:27Z","inserted_at":"2026-03-20T14:38:27Z","ts":"2026-03-20T14:37:38Z"}
{"_id":{"$oid":"69bd5e3bb2147717dbde70e4"},"start_ts":"2026-03-20T14:44:18Z","end_ts":"2026-03-20T14:44:18Z","count":2,"temp_air":40.6,"hum_air":34.9,"generated_at":"2026-03-20T14:48:27Z","inserted_at":"2026-03-20T14:48:27Z","ts":"2026-03-20T14:44:18Z"}
{"_id":{"$oid":"69bd6093b2147717dbde70e5"},"start_ts":"2026-03-20T14:50:58Z","end_ts":"2026-03-20T14:57:38Z","count":4,"temp_air":41.400000000000006,"hum_air":33.0,"generated_at":"2026-03-20T14:58:27Z","inserted_at":"2026-03-20T14:58:27Z","ts":"2026-03-20T14:57:38Z"}
{"_id":{"$oid":"69bd62ebb2147717dbde70e6"},"start_ts":"2026-03-20T15:04:18Z","end_ts":"2026-03-20T15:04:18Z","count":2,"temp_air":41.2,"hum_air":32.6,"generated_at":"2026-03-20T15:08:27Z","inserted_at":"2026-03-20T15:08:27Z","ts":"2026-03-20T15:04:18Z"}
{"_id":{"$oid":"69bd6543b2147717dbde70e7"},"start_ts":"2026-03-20T15:10:58Z","end_ts":"2026-03-20T15:17:39Z","count":4,"temp_air":41.55,"hum_air":31.25,"generated_at":"2026-03-20T15:18:27Z","inserted_at":"2026-03-20T15:18:27Z","ts":"2026-03-20T15:17:39Z"}
{"_id":{"$oid":"69bd679bb2147717dbde70e8"},"start_ts":"2026-03-20T15:24:19Z","end_ts":"2026-03-20T15:24:19Z","count":2,"temp_air":41.6,"hum_air":31.6,"generated_at":"2026-03-20T15:28:27Z","inserted_at":"2026-03-20T15:28:27Z","ts":"2026-03-20T15:24:19Z"}
{"_id":{"$oid":"69bd69f4b2147717dbde70e9"},"start_ts":"2026-03-20T15:30:59Z","end_ts":"2026-03-20T15:37:39Z","count":4,"temp_air":41.05,"hum_air":30.5,"generated_at":"2026-03-20T15:38:28Z","inserted_at":"2026-03-20T15:38:28Z","ts":"2026-03-20T15:37:39Z"}
{"_id":{"$oid":"69bd6c4cb2147717dbde70ea"},"start_ts":"2026-03-20T15:44:18Z","end_ts":"2026-03-20T15:44:18Z","count":2,"temp_air":40.4,"hum_air":30.1,"generated_at":"2026-03-20T15:48:28Z","inserted_at":"2026-03-20T15:48:28Z","ts":"2026-03-20T15:44:18Z"}
{"_id":{"$oid":"69bd6ea4b2147717dbde70eb"},"start_ts":"2026-03-20T15:50:58Z","end_ts":"2026-03-20T15:57:38Z","count":4,"temp_air":39.3,"hum_air":31.1,"generated_at":"2026-03-20T15:58:28Z","inserted_at":"2026-03-20T15:58:28Z","ts":"2026-03-20T15:57:38Z"}
{"_id":{"$oid":"69bd70fcb2147717dbde70ec"},"start_ts":"2026-03-20T16:04:18Z","end_ts":"2026-03-20T16:04:18Z","count":2,"temp_air":39.6,"hum_air":29.2,"generated_at":"2026-03-20T16:08:28Z","inserted_at":"2026-03-20T16:08:28Z","ts":"2026-03-20T16:04:18Z"}
{"_id":{"$oid":"69bd7354b2147717dbde70ed"},"start_ts":"2026-03-20T16:10:59Z","end_ts":"2026-03-20T16:17:39Z","count":4,"temp_air":38.85,"hum_air":30.9,"generated_at":"2026-03-20T16:18:28Z","inserted_at":"2026-03-20T16:18:28Z","ts":"2026-03-20T16:17:39Z"}
{"_id":{"$oid":"69bd75acb2147717dbde70ee"},"start_ts":"2026-03-20T16:24:19Z","end_ts":"2026-03-20T16:24:19Z","count":2,"temp_air":38.2,"hum_air":31.6,"generated_at":"2026-03-20T16:28:28Z","inserted_at":"2026-03-20T16:28:28Z","ts":"2026-03-20T16:24:19Z"}
{"_id":{"$oid":"69bd7804b2147717dbde70ef"},"start_ts":"2026-03-20T16:30:59Z","end_ts":"2026-03-20T16:37:39Z","count":4,"temp_air":37.55,"hum_air":32.599999999999994,"generated_at":"2026-03-20T16:38:28Z","inserted_at":"2026-03-20T16:38:28Z","ts":"2026-03-20T16:37:39Z"}
{"_id":{"$oid":"69bd7a5cb2147717dbde70f0"},"start_ts":"2026-03-20T16:44:19Z","end_ts":"2026-03-20T16:44:19Z","count":2,"temp_air":35.5,"hum_air":34.3,"generated_at":"2026-03-20T16:48:28Z","inserted_at":"2026-03-20T16:48:28Z","ts":"2026-03-20T16:44:19Z"}
{"_id":{"$oid":"69bd7cb4b2147717dbde70f1"},"start_ts":"2026-03-20T16:50:59Z","end_ts":"2026-03-20T16:57:39Z","count":4,"temp_air":34.75,"hum_air":34.75,"generated_at":"2026-03-20T16:58:28Z","inserted_at":"2026-03-20T16:58:28Z","ts":"2026-03-20T16:57:39Z"}
{"_id":{"$oid":"69bd7f0cb2147717dbde70f2"},"start_ts":"2026-03-20T17:04:19Z","end_ts":"2026-03-20T17:04:19Z","count":2,"temp_air":35.9,"hum_air":36.6,"generated_at":"2026-03-20T17:08:28Z","inserted_at":"2026-03-20T17:08:28Z","ts":"2026-03-20T17:04:19Z"}
{"_id":{"$oid":"69bd8165b2147717dbde70f3"},"start_ts":"2026-03-20T17:10:59Z","end_ts":"2026-03-20T17:17:39Z","count":4,"temp_air":34.1,"hum_air":36.1,"generated_at":"2026-03-20T17:18:29Z","inserted_at":"2026-03-20T17:18:29Z","ts":"2026-03-20T17:17:39Z"}
{"_id":{"$oid":"69bd83bdb2147717dbde70f4"},"start_ts":"2026-03-20T17:24:19Z","end_ts":"2026-03-20T17:24:19Z","count":2,"temp_air":34.5,"hum_air":36.6,"generated_at":"2026-03-20T17:28:29Z","inserted_at":"2026-03-20T17:28:29Z","ts":"2026-03-20T17:24:19Z"}
{"_id":{"$oid":"69bd8615b2147717dbde70f5"},"start_ts":"2026-03-20T17:30:59Z","end_ts":"2026-03-20T17:37:39Z","count":4,"temp_air":33.45,"hum_air":37.9,"generated_at":"2026-03-20T17:38:29Z","inserted_at":"2026-03-20T17:38:29Z","ts":"2026-03-20T17:37:39Z"}
{"_id":{"$oid":"69bd886db2147717dbde70f6"},"start_ts":"2026-03-20T17:44:19Z","end_ts":"2026-03-20T17:44:19Z","count":2,"temp_air":33.7,"hum_air":37.9,"generated_at":"2026-03-20T17:48:29Z","inserted_at":"2026-03-20T17:48:29Z","ts":"2026-03-20T17:44:19Z"}
{"_id":{"$oid":"69bd8ac5b2147717dbde70f7"},"start_ts":"2026-03-20T17:50:59Z","end_ts":"2026-03-20T17:57:39Z","count":4,"temp_air":31.6,"hum_air":38.2,"generated_at":"2026-03-20T17:58:29Z","inserted_at":"2026-03-20T17:58:29Z","ts":"2026-03-20T17:57:39Z"}
{"_id":{"$oid":"69bd8d1db2147717dbde70f8"},"start_ts":"2026-03-20T18:04:19Z","end_ts":"2026-03-20T18:04:19Z","count":2,"temp_air":30.6,"hum_air":38.7,"generated_at":"2026-03-20T18:08:29Z","inserted_at":"2026-03-20T18:08:29Z","ts":"2026-03-20T18:04:19Z"}
{"_id":{"$oid":"69bd8f75b2147717dbde70f9"},"start_ts":"2026-03-20T18:10:59Z","end_ts":"2026-03-20T18:17:39Z","count":4,"temp_air":30.0,"hum_air":39.3,"generated_at":"2026-03-20T18:18:29Z","inserted_at":"2026-03-20T18:18:29Z","ts":"2026-03-20T18:17:39Z"}
{"_id":{"$oid":"69bd91cdb2147717dbde70fa"},"start_ts":"2026-03-20T18:24:19Z","end_ts":"2026-03-20T18:24:19Z","count":2,"temp_air":29.3,"hum_air":40.4,"generated_at":"2026-03-20T18:28:29Z","inserted_at":"2026-03-20T18:28:29Z","ts":"2026-03-20T18:24:19Z"}
{"_id":{"$oid":"69bd9425b2147717dbde70fb"},"start_ts":"2026-03-20T18:30:59Z","end_ts":"2026-03-20T18:37:39Z","count":4,"temp_air":27.35,"hum_air":43.7,"generated_at":"2026-03-20T18:38:29Z","inserted_at":"2026-03-20T18:38:29Z","ts":"2026-03-20T18:37:39Z"}
{"_id":{"$oid":"69bd967eb2147717dbde70fc"},"start_ts":"2026-03-20T18:44:20Z","end_ts":"2026-03-20T18:44:20Z","count":2,"temp_air":28.3,"hum_air":39.8,"generated_at":"2026-03-20T18:48:30Z","inserted_at":"2026-03-20T18:48:30Z","ts":"2026-03-20T18:44:20Z"}
{"_id":{"$oid":"69bd98d6b2147717dbde70fd"},"start_ts":"2026-03-20T18:50:59Z","end_ts":"2026-03-20T18:57:40Z","count":4,"temp_air":26.25,"hum_air":44.3,"generated_at":"2026-03-20T18:58:30Z","inserted_at":"2026-03-20T18:58:30Z","ts":"2026-03-20T18:57:40Z"}
{"_id":{"$oid":"69bd9b2eb2147717dbde70fe"},"start_ts":"2026-03-20T19:04:20Z","end_ts":"2026-03-20T19:04:20Z","count":2,"temp_air":24.7,"hum_air":46.3,"generated_at":"2026-03-20T19:08:30Z","inserted_at":"2026-03-20T19:08:30Z","ts":"2026-03-20T19:04:20Z"}
{"_id":{"$oid":"69bd9d86b2147717dbde70ff"},"start_ts":"2026-03-20T19:11:01Z","end_ts":"2026-03-20T19:17:40Z","count":4,"temp_air":24.15,"hum_air":47.75,"generated_at":"2026-03-20T19:18:30Z","inserted_at":"2026-03-20T19:18:30Z","ts":"2026-03-20T19:17:40Z"}
{"_id":{"$oid":"69bd9fdeb2147717dbde7100"},"start_ts":"2026-03-20T19:24:21Z","end_ts":"2026-03-20T19:24:21Z","count":2,"temp_air":24.4,"hum_air":47.4,"generated_at":"2026-03-20T19:28:30Z","inserted_at":"2026-03-20T19:28:30Z","ts":"2026-03-20T19:24:21Z"}
{"_id":{"$oid":"69bda236b2147717dbde7101"},"start_ts":"2026-03-20T19:31:00Z","end_ts":"2026-03-20T19:37:39Z","count":4,"temp_air":24.8,"hum_air":47.45,"generated_at":"2026-03-20T19:38:30Z","inserted_at":"2026-03-20T19:38:30Z","ts":"2026-03-20T19:37:39Z"}
{"_id":{"$oid":"69bda48eb2147717dbde7102"},"start_ts":"2026-03-20T19:44:19Z","end_ts":"2026-03-20T19:44:19Z","count":2,"temp_air":25.5,"hum_air":48.6,"generated_at":"2026-03-20T19:48:30Z","inserted_at":"2026-03-20T19:48:30Z","ts":"2026-03-20T19:44:19Z"}
{"_id":{"$oid":"69bda6e6b2147717dbde7103"},"start_ts":"2026-03-20T19:51:01Z","end_ts":"2026-03-20T19:57:39Z","count":4,"temp_air":24.6,"hum_air":48.95,"generated_at":"2026-03-20T19:58:30Z","inserted_at":"2026-03-20T19:58:30Z","ts":"2026-03-20T19:57:39Z"}
{"_id":{"$oid":"69bda93eb2147717dbde7104"},"start_ts":"2026-03-20T20:04:19Z","end_ts":"2026-03-20T20:04:19Z","count":2,"temp_air":24.2,"hum_air":49.9,"generated_at":"2026-03-20T20:08:30Z","inserted_at":"2026-03-20T20:08:30Z","ts":"2026-03-20T20:04:19Z"}
{"_id":{"$oid":"69bdab97b2147717dbde7105"},"start_ts":"2026-03-20T20:10:59Z","end_ts":"2026-03-20T20:17:39Z","count":4,"temp_air":23.4,"hum_air":51.9,"generated_at":"2026-03-20T20:18:31Z","inserted_at":"2026-03-20T20:18:31Z","ts":"2026-03-20T20:17:39Z"}
{"_id":{"$oid":"69bdadefb2147717dbde7106"},"start_ts":"2026-03-20T20:24:19Z","end_ts":"2026-03-20T20:24:19Z","count":2,"temp_air":23.0,"hum_air":52.4,"generated_at":"2026-03-20T20:28:31Z","inserted_at":"2026-03-20T20:28:31Z","ts":"2026-03-20T20:24:19Z"}
{"_id":{"$oid":"69bdb047b2147717dbde7107"},"start_ts":"2026-03-20T20:30:59Z","end_ts":"2026-03-20T20:37:39Z","count":4,"temp_air":22.75,"hum_air":52.2,"generated_at":"2026-03-20T20:38:31Z","inserted_at":"2026-03-20T20:38:31Z","ts":"2026-03-20T20:37:39Z"}
{"_id":{"$oid":"69bdb29fb2147717dbde7108"},"start_ts":"2026-03-20T20:44:20Z","end_ts":"2026-03-20T20:44:20Z","count":2,"temp_air":21.7,"hum_air":53.9,"generated_at":"2026-03-20T20:48:31Z","inserted_at":"2026-03-20T20:48:31Z","ts":"2026-03-20T20:44:20Z"}
{"_id":{"$oid":"69bdb4f7b2147717dbde7109"},"start_ts":"2026-03-20T20:50:59Z","end_ts":"2026-03-20T20:57:40Z","count":4,"temp_air":21.95,"hum_air":54.2,"generated_at":"2026-03-20T20:58:31Z","inserted_at":"2026-03-20T20:58:31Z","ts":"2026-03-20T20:57:40Z"}
{"_id":{"$oid":"69bdb74fb2147717dbde710a"},"start_ts":"2026-03-20T21:04:21Z","end_ts":"2026-03-20T21:04:21Z","count":2,"temp_air":21.8,"hum_air":54.9,"generated_at":"2026-03-20T21:08:31Z","inserted_at":"2026-03-20T21:08:31Z","ts":"2026-03-20T21:04:21Z"}
{"_id":{"$oid":"69bdb9a7b2147717dbde710b"},"start_ts":"2026-03-20T21:11:00Z","end_ts":"2026-03-20T21:17:39Z","count":4,"temp_air":21.65,"hum_air":55.8,"generated_at":"2026-03-20T21:18:31Z","inserted_at":"2026-03-20T21:18:31Z","ts":"2026-03-20T21:17:39Z"}
{"_id":{"$oid":"69bdbbffb2147717dbde710c"},"start_ts":"2026-03-20T21:24:20Z","end_ts":"2026-03-20T21:24:20Z","count":2,"temp_air":20.8,"hum_air":57.0,"generated_at":"2026-03-20T21:28:31Z","inserted_at":"2026-03-20T21:28:31Z","ts":"2026-03-20T21:24:20Z"}
{"_id":{"$oid":"69bdbe57b2147717dbde710d"},"start_ts":"2026-03-20T21:31:00Z","end_ts":"2026-03-20T21:37:40Z","count":4,"temp_air":20.4,"hum_air":58.349999999999994,"generated_at":"2026-03-20T21:38:31Z","inserted_at":"2026-03-20T21:38:31Z","ts":"2026-03-20T21:37:40Z"}
{"_id":{"$oid":"69bdc0b0b2147717dbde710e"},"start_ts":"2026-03-20T21:44:20Z","end_ts":"2026-03-20T21:44:20Z","count":2,"temp_air":20.2,"hum_air":59.4,"generated_at":"2026-03-20T21:48:32Z","inserted_at":"2026-03-20T21:48:32Z","ts":"2026-03-20T21:44:20Z"}
{"_id":{"$oid":"69bdc308b2147717dbde710f"},"start_ts":"2026-03-20T21:50:59Z","end_ts":"2026-03-20T21:57:39Z","count":4,"temp_air":19.35,"hum_air":61.099999999999994,"generated_at":"2026-03-20T21:58:32Z","inserted_at":"2026-03-20T21:58:32Z","ts":"2026-03-20T21:57:39Z"}
{"_id":{"$oid":"69bdc560b2147717dbde7110"},"start_ts":"2026-03-20T22:04:19Z","end_ts":"2026-03-20T22:04:19Z","count":2,"temp_air":19.1,"hum_air":62.1,"generated_at":"2026-03-20T22:08:32Z","inserted_at":"2026-03-20T22:08:32Z","ts":"2026-03-20T22:04:19Z"}
{"_id":{"$oid":"69bdc7b8b2147717dbde7111"},"start_ts":"2026-03-20T22:10:59Z","end_ts":"2026-03-20T22:17:39Z","count":4,"temp_air":18.799999999999997,"hum_air":62.95,"generated_at":"2026-03-20T22:18:32Z","inserted_at":"2026-03-20T22:18:32Z","ts":"2026-03-20T22:17:39Z"}
{"_id":{"$oid":"69bdca10b2147717dbde7112"},"start_ts":"2026-03-20T22:24:19Z","end_ts":"2026-03-20T22:24:19Z","count":2,"temp_air":18.7,"hum_air":63.4,"generated_at":"2026-03-20T22:28:32Z","inserted_at":"2026-03-20T22:28:32Z","ts":"2026-03-20T22:24:19Z"}
{"_id":{"$oid":"69bdcc68b2147717dbde7113"},"start_ts":"2026-03-20T22:31:01Z","end_ts":"2026-03-20T22:37:39Z","count":4,"temp_air":19.6,"hum_air":62.0,"generated_at":"2026-03-20T22:38:32Z","inserted_at":"2026-03-20T22:38:32Z","ts":"2026-03-20T22:37:39Z"}
{"_id":{"$oid":"69bdcec0b2147717dbde7114"},"start_ts":"2026-03-20T22:44:20Z","end_ts":"2026-03-20T22:44:20Z","count":2,"temp_air":19.3,"hum_air":62.7,"generated_at":"2026-03-20T22:48:32Z","inserted_at":"2026-03-20T22:48:32Z","ts":"2026-03-20T22:44:20Z"}
{"_id":{"$oid":"69bdd118b2147717dbde7115"},"start_ts":"2026-03-20T22:51:00Z","end_ts":"2026-03-20T22:57:39Z","count":4,"temp_air":18.450000000000003,"hum_air":64.7,"generated_at":"2026-03-20T22:58:32Z","inserted_at":"2026-03-20T22:58:32Z","ts":"2026-03-20T22:57:39Z"}
{"_id":{"$oid":"69bdd370b2147717dbde7116"},"start_ts":"2026-03-20T23:04:21Z","end_ts":"2026-03-20T23:04:21Z","count":2,"temp_air":17.5,"hum_air":67.3,"generated_at":"2026-03-20T23:08:32Z","inserted_at":"2026-03-20T23:08:32Z","ts":"2026-03-20T23:04:21Z"}
{"_id":{"$oid":"69bdd5c8b2147717dbde7117"},"start_ts":"2026-03-20T23:11:00Z","end_ts":"2026-03-20T23:17:41Z","count":4,"temp_air":16.35,"hum_air":70.7,"generated_at":"2026-03-20T23:18:32Z","inserted_at":"2026-03-20T23:18:32Z","ts":"2026-03-20T23:17:41Z"}
{"_id":{"$oid":"69bdd820b2147717dbde7118"},"start_ts":"2026-03-20T23:24:19Z","end_ts":"2026-03-20T23:24:19Z","count":2,"temp_air":15.7,"hum_air":72.7,"generated_at":"2026-03-20T23:28:32Z","inserted_at":"2026-03-20T23:28:32Z","ts":"2026-03-20T23:24:19Z"}
{"_id":{"$oid":"69bdda79b2147717dbde7119"},"start_ts":"2026-03-20T23:30:59Z","end_ts":"2026-03-20T23:37:40Z","count":4,"temp_air":15.25,"hum_air":74.05,"generated_at":"2026-03-20T23:38:33Z","inserted_at":"2026-03-20T23:38:33Z","ts":"2026-03-20T23:37:40Z"}
{"_id":{"$oid":"69bddcd1b2147717dbde711a"},"start_ts":"2026-03-20T23:44:20Z","end_ts":"2026-03-20T23:44:20Z","count":2,"temp_air":15.0,"hum_air":75.9,"generated_at":"2026-03-20T23:48:33Z","inserted_at":"2026-03-20T23:48:33Z","ts":"2026-03-20T23:44:20Z"}
{"_id":{"$oid":"69bddf29b2147717dbde711b"},"start_ts":"2026-03-20T23:51:00Z","end_ts":"2026-03-20T23:57:40Z","count":4,"temp_air":14.75,"hum_air":77.05,"generated_at":"2026-03-20T23:58:33Z","inserted_at":"2026-03-20T23:58:33Z","ts":"2026-03-20T23:57:40Z"}
{"_id":{"$oid":"69bde3d9b2147717dbde711c"},"start_ts":"2026-03-21T00:11:04Z","end_ts":"2026-03-21T00:17:41Z","count":4,"temp_air":14.350000000000001,"hum_air":79.05,"generated_at":"2026-03-21T00:18:33Z","inserted_at":"2026-03-21T00:18:33Z","ts":"2026-03-21T00:17:41Z"}
{"_id":{"$oid":"69bde631b2147717dbde711d"},"start_ts":"2026-03-21T00:24:20Z","end_ts":"2026-03-21T00:24:20Z","count":2,"temp_air":14.1,"hum_air":79.5,"generated_at":"2026-03-21T00:28:33Z","inserted_at":"2026-03-21T00:28:33Z","ts":"2026-03-21T00:24:20Z"}
{"_id":{"$oid":"69bde889b2147717dbde711e"},"start_ts":"2026-03-21T00:31:01Z","end_ts":"2026-03-21T00:37:40Z","count":4,"temp_air":14.05,"hum_air":80.4,"generated_at":"2026-03-21T00:38:33Z","inserted_at":"2026-03-21T00:38:33Z","ts":"2026-03-21T00:37:40Z"}
{"_id":{"$oid":"69bdeae1b2147717dbde711f"},"start_ts":"2026-03-21T00:44:19Z","end_ts":"2026-03-21T00:44:19Z","count":2,"temp_air":14.0,"hum_air":80.8,"generated_at":"2026-03-21T00:48:33Z","inserted_at":"2026-03-21T00:48:33Z","ts":"2026-03-21T00:44:19Z"}
{"_id":{"$oid":"69bded39b2147717dbde7120"},"start_ts":"2026-03-21T00:50:59Z","end_ts":"2026-03-21T00:57:40Z","count":4,"temp_air":13.850000000000001,"hum_air":81.05000000000001,"generated_at":"2026-03-21T00:58:33Z","inserted_at":"2026-03-21T00:58:33Z","ts":"2026-03-21T00:57:40Z"}
{"_id":{"$oid":"69bdef91b2147717dbde7121"},"start_ts":"2026-03-21T01:04:20Z","end_ts":"2026-03-21T01:04:20Z","count":2,"temp_air":13.7,"hum_air":81.1,"generated_at":"2026-03-21T01:08:33Z","inserted_at":"2026-03-21T01:08:33Z","ts":"2026-03-21T01:04:20Z"}
{"_id":{"$oid":"69bdf1eab2147717dbde7122"},"start_ts":"2026-03-21T01:10:59Z","end_ts":"2026-03-21T01:17:41Z","count":4,"temp_air":13.6,"hum_air":81.2,"generated_at":"2026-03-21T01:18:34Z","inserted_at":"2026-03-21T01:18:34Z","ts":"2026-03-21T01:17:41Z"}
{"_id":{"$oid":"69bdf442b2147717dbde7123"},"start_ts":"2026-03-21T01:24:20Z","end_ts":"2026-03-21T01:24:20Z","count":2,"temp_air":13.7,"hum_air":81.2,"generated_at":"2026-03-21T01:28:34Z","inserted_at":"2026-03-21T01:28:34Z","ts":"2026-03-21T01:24:20Z"}
{"_id":{"$oid":"69bdf69ab2147717dbde7124"},"start_ts":"2026-03-21T01:31:01Z","end_ts":"2026-03-21T01:37:40Z","count":4,"temp_air":13.5,"hum_air":80.85,"generated_at":"2026-03-21T01:38:34Z","inserted_at":"2026-03-21T01:38:34Z","ts":"2026-03-21T01:37:40Z"}
{"_id":{"$oid":"69bdf8f2b2147717dbde7125"},"start_ts":"2026-03-21T01:44:20Z","end_ts":"2026-03-21T01:44:20Z","count":2,"temp_air":13.4,"hum_air":81.1,"generated_at":"2026-03-21T01:48:34Z","inserted_at":"2026-03-21T01:48:34Z","ts":"2026-03-21T01:44:20Z"}
{"_id":{"$oid":"69bdfb4ab2147717dbde7126"},"start_ts":"2026-03-21T01:51:01Z","end_ts":"2026-03-21T01:57:40Z","count":4,"temp_air":13.3,"hum_air":80.80000000000001,"generated_at":"2026-03-21T01:58:34Z","inserted_at":"2026-03-21T01:58:34Z","ts":"2026-03-21T01:57:40Z"}
{"_id":{"$oid":"69bdfda2b2147717dbde7127"},"start_ts":"2026-03-21T02:04:21Z","end_ts":"2026-03-21T02:04:21Z","count":2,"temp_air":13.3,"hum_air":81.0,"generated_at":"2026-03-21T02:08:34Z","inserted_at":"2026-03-21T02:08:34Z","ts":"2026-03-21T02:04:21Z"}
{"_id":{"$oid":"69bdfffab2147717dbde7128"},"start_ts":"2026-03-21T02:11:01Z","end_ts":"2026-03-21T02:17:42Z","count":4,"temp_air":13.4,"hum_air":80.95,"generated_at":"2026-03-21T02:18:34Z","inserted_at":"2026-03-21T02:18:34Z","ts":"2026-03-21T02:17:42Z"}
{"_id":{"$oid":"69be0252b2147717dbde7129"},"start_ts":"2026-03-21T02:24:21Z","end_ts":"2026-03-21T02:24:21Z","count":2,"temp_air":13.4,"hum_air":81.1,"generated_at":"2026-03-21T02:28:34Z","inserted_at":"2026-03-21T02:28:34Z","ts":"2026-03-21T02:24:21Z"}
{"_id":{"$oid":"69be04aab2147717dbde712a"},"start_ts":"2026-03-21T02:31:00Z","end_ts":"2026-03-21T02:37:40Z","count":4,"temp_air":13.2,"hum_air":81.05000000000001,"generated_at":"2026-03-21T02:38:34Z","inserted_at":"2026-03-21T02:38:34Z","ts":"2026-03-21T02:37:40Z"}
{"_id":{"$oid":"69be0703b2147717dbde712b"},"start_ts":"2026-03-21T02:44:21Z","end_ts":"2026-03-21T02:44:21Z","count":2,"temp_air":13.2,"hum_air":81.3,"generated_at":"2026-03-21T02:48:35Z","inserted_at":"2026-03-21T02:48:35Z","ts":"2026-03-21T02:44:21Z"}
{"_id":{"$oid":"69be095bb2147717dbde712c"},"start_ts":"2026-03-21T02:51:01Z","end_ts":"2026-03-21T02:57:41Z","count":4,"temp_air":13.1,"hum_air":81.35,"generated_at":"2026-03-21T02:58:35Z","inserted_at":"2026-03-21T02:58:35Z","ts":"2026-03-21T02:57:41Z"}
{"_id":{"$oid":"69be0bb3b2147717dbde712d"},"start_ts":"2026-03-21T03:04:22Z","end_ts":"2026-03-21T03:04:27Z","count":4,"temp_air":13.0,"hum_air":81.4,"generated_at":"2026-03-21T03:08:35Z","inserted_at":"2026-03-21T03:08:35Z","ts":"2026-03-21T03:04:27Z"}
{"_id":{"$oid":"69be0e0bb2147717dbde712e"},"start_ts":"2026-03-21T03:11:00Z","end_ts":"2026-03-21T03:17:40Z","count":4,"temp_air":13.0,"hum_air":81.55,"generated_at":"2026-03-21T03:18:35Z","inserted_at":"2026-03-21T03:18:35Z","ts":"2026-03-21T03:17:40Z"}
{"_id":{"$oid":"69be1063b2147717dbde712f"},"start_ts":"2026-03-21T03:24:22Z","end_ts":"2026-03-21T03:24:22Z","count":2,"temp_air":12.9,"hum_air":81.5,"generated_at":"2026-03-21T03:28:35Z","inserted_at":"2026-03-21T03:28:35Z","ts":"2026-03-21T03:24:22Z"}
{"_id":{"$oid":"69be12bbb2147717dbde7130"},"start_ts":"2026-03-21T03:31:02Z","end_ts":"2026-03-21T03:37:41Z","count":4,"temp_air":12.9,"hum_air":81.15,"generated_at":"2026-03-21T03:38:35Z","inserted_at":"2026-03-21T03:38:35Z","ts":"2026-03-21T03:37:41Z"}
{"_id":{"$oid":"69be1513b2147717dbde7131"},"start_ts":"2026-03-21T03:44:20Z","end_ts":"2026-03-21T03:44:20Z","count":2,"temp_air":12.6,"hum_air":80.8,"generated_at":"2026-03-21T03:48:35Z","inserted_at":"2026-03-21T03:48:35Z","ts":"2026-03-21T03:44:20Z"}
{"_id":{"$oid":"69be176bb2147717dbde7132"},"start_ts":"2026-03-21T03:51:00Z","end_ts":"2026-03-21T03:57:40Z","count":4,"temp_air":12.45,"hum_air":80.65,"generated_at":"2026-03-21T03:58:35Z","inserted_at":"2026-03-21T03:58:35Z","ts":"2026-03-21T03:57:40Z"}
{"_id":{"$oid":"69be19c3b2147717dbde7133"},"start_ts":"2026-03-21T04:04:21Z","end_ts":"2026-03-21T04:04:21Z","count":2,"temp_air":12.2,"hum_air":80.9,"generated_at":"2026-03-21T04:08:35Z","inserted_at":"2026-03-21T04:08:35Z","ts":"2026-03-21T04:04:21Z"}
{"_id":{"$oid":"69be1c1cb2147717dbde7134"},"start_ts":"2026-03-21T04:11:02Z","end_ts":"2026-03-21T04:17:40Z","count":4,"temp_air":12.25,"hum_air":81.05,"generated_at":"2026-03-21T04:18:36Z","inserted_at":"2026-03-21T04:18:36Z","ts":"2026-03-21T04:17:40Z"}
{"_id":{"$oid":"69be1e74b2147717dbde7135"},"start_ts":"2026-03-21T04:24:20Z","end_ts":"2026-03-21T04:24:20Z","count":2,"temp_air":12.1,"hum_air":81.0,"generated_at":"2026-03-21T04:28:36Z","inserted_at":"2026-03-21T04:28:36Z","ts":"2026-03-21T04:24:20Z"}
{"_id":{"$oid":"69be20ccb2147717dbde7136"},"start_ts":"2026-03-21T04:31:00Z","end_ts":"2026-03-21T04:37:40Z","count":4,"temp_air":11.95,"hum_air":80.85,"generated_at":"2026-03-21T04:38:36Z","inserted_at":"2026-03-21T04:38:36Z","ts":"2026-03-21T04:37:40Z"}
{"_id":{"$oid":"69be2324b2147717dbde7137"},"start_ts":"2026-03-21T04:44:20Z","end_ts":"2026-03-21T04:44:20Z","count":2,"temp_air":11.7,"hum_air":81.3,"generated_at":"2026-03-21T04:48:36Z","inserted_at":"2026-03-21T04:48:36Z","ts":"2026-03-21T04:44:20Z"}
{"_id":{"$oid":"69be257cb2147717dbde7138"},"start_ts":"2026-03-21T04:51:00Z","end_ts":"2026-03-21T04:57:40Z","count":4,"temp_air":11.649999999999999,"hum_air":81.65,"generated_at":"2026-03-21T04:58:36Z","inserted_at":"2026-03-21T04:58:36Z","ts":"2026-03-21T04:57:40Z"}
{"_id":{"$oid":"69be27d4b2147717dbde7139"},"start_ts":"2026-03-21T05:04:20Z","end_ts":"2026-03-21T05:04:20Z","count":2,"temp_air":11.7,"hum_air":81.3,"generated_at":"2026-03-21T05:08:36Z","inserted_at":"2026-03-21T05:08:36Z","ts":"2026-03-21T05:04:20Z"}
{"_id":{"$oid":"69be2a2cb2147717dbde713a"},"start_ts":"2026-03-21T05:11:00Z","end_ts":"2026-03-21T05:17:40Z","count":4,"temp_air":11.4,"hum_air":81.1,"generated_at":"2026-03-21T05:18:36Z","inserted_at":"2026-03-21T05:18:36Z","ts":"2026-03-21T05:17:40Z"}
{"_id":{"$oid":"69be2c84b2147717dbde713b"},"start_ts":"2026-03-21T05:24:20Z","end_ts":"2026-03-21T05:24:20Z","count":2,"temp_air":11.1,"hum_air":81.1,"generated_at":"2026-03-21T05:28:36Z","inserted_at":"2026-03-21T05:28:36Z","ts":"2026-03-21T05:24:20Z"}
{"_id":{"$oid":"69be2edcb2147717dbde713c"},"start_ts":"2026-03-21T05:31:00Z","end_ts":"2026-03-21T05:37:40Z","count":4,"temp_air":11.0,"hum_air":81.05000000000001,"generated_at":"2026-03-21T05:38:36Z","inserted_at":"2026-03-21T05:38:36Z","ts":"2026-03-21T05:37:40Z"}
{"_id":{"$oid":"69be3134b2147717dbde713d"},"start_ts":"2026-03-21T05:44:20Z","end_ts":"2026-03-21T05:44:20Z","count":2,"temp_air":10.9,"hum_air":81.3,"generated_at":"2026-03-21T05:48:36Z","inserted_at":"2026-03-21T05:48:36Z","ts":"2026-03-21T05:44:20Z"}
{"_id":{"$oid":"69be338db2147717dbde713e"},"start_ts":"2026-03-21T05:51:00Z","end_ts":"2026-03-21T05:57:40Z","count":4,"temp_air":10.850000000000001,"hum_air":81.30000000000001,"generated_at":"2026-03-21T05:58:37Z","inserted_at":"2026-03-21T05:58:37Z","ts":"2026-03-21T05:57:40Z"}
{"_id":{"$oid":"69be35e5b2147717dbde713f"},"start_ts":"2026-03-21T06:04:20Z","end_ts":"2026-03-21T06:04:20Z","count":2,"temp_air":10.8,"hum_air":81.2,"generated_at":"2026-03-21T06:08:37Z","inserted_at":"2026-03-21T06:08:37Z","ts":"2026-03-21T06:04:20Z"}
{"_id":{"$oid":"69be383db2147717dbde7140"},"start_ts":"2026-03-21T06:11:00Z","end_ts":"2026-03-21T06:17:40Z","count":4,"temp_air":10.8,"hum_air":81.55000000000001,"generated_at":"2026-03-21T06:18:37Z","inserted_at":"2026-03-21T06:18:37Z","ts":"2026-03-21T06:17:40Z"}
{"_id":{"$oid":"69be3a95b2147717dbde7141"},"start_ts":"2026-03-21T06:24:20Z","end_ts":"2026-03-21T06:24:20Z","count":2,"temp_air":10.8,"hum_air":81.4,"generated_at":"2026-03-21T06:28:37Z","inserted_at":"2026-03-21T06:28:37Z","ts":"2026-03-21T06:24:20Z"}
{"_id":{"$oid":"69be3cedb2147717dbde7142"},"start_ts":"2026-03-21T06:31:00Z","end_ts":"2026-03-21T06:37:40Z","count":4,"temp_air":10.8,"hum_air":81.30000000000001,"generated_at":"2026-03-21T06:38:37Z","inserted_at":"2026-03-21T06:38:37Z","ts":"2026-03-21T06:37:40Z"}
{"_id":{"$oid":"69be3f45b2147717dbde7143"},"start_ts":"2026-03-21T06:44:20Z","end_ts":"2026-03-21T06:44:20Z","count":2,"temp_air":10.8,"hum_air":81.4,"generated_at":"2026-03-21T06:48:37Z","inserted_at":"2026-03-21T06:48:37Z","ts":"2026-03-21T06:44:20Z"}
{"_id":{"$oid":"69be419db2147717dbde7144"},"start_ts":"2026-03-21T06:51:00Z","end_ts":"2026-03-21T06:57:40Z","count":4,"temp_air":10.75,"hum_air":81.35,"generated_at":"2026-03-21T06:58:37Z","inserted_at":"2026-03-21T06:58:37Z","ts":"2026-03-21T06:57:40Z"}
{"_id":{"$oid":"69be43f5b2147717dbde7145"},"start_ts":"2026-03-21T07:04:20Z","end_ts":"2026-03-21T07:04:20Z","count":2,"temp_air":10.7,"hum_air":81.3,"generated_at":"2026-03-21T07:08:37Z","inserted_at":"2026-03-21T07:08:37Z","ts":"2026-03-21T07:04:20Z"}
{"_id":{"$oid":"69be464db2147717dbde7146"},"start_ts":"2026-03-21T07:11:00Z","end_ts":"2026-03-21T07:17:40Z","count":4,"temp_air":10.850000000000001,"hum_air":81.35,"generated_at":"2026-03-21T07:18:37Z","inserted_at":"2026-03-21T07:18:37Z","ts":"2026-03-21T07:17:40Z"}
{"_id":{"$oid":"69be48a5b2147717dbde7147"},"start_ts":"2026-03-21T07:24:20Z","end_ts":"2026-03-21T07:24:20Z","count":2,"temp_air":11.0,"hum_air":81.3,"generated_at":"2026-03-21T07:28:37Z","inserted_at":"2026-03-21T07:28:37Z","ts":"2026-03-21T07:24:20Z"}
{"_id":{"$oid":"69be4afeb2147717dbde7148"},"start_ts":"2026-03-21T07:31:00Z","end_ts":"2026-03-21T07:37:40Z","count":4,"temp_air":11.149999999999999,"hum_air":81.25,"generated_at":"2026-03-21T07:38:38Z","inserted_at":"2026-03-21T07:38:38Z","ts":"2026-03-21T07:37:40Z"}
{"_id":{"$oid":"69be4d56b2147717dbde7149"},"start_ts":"2026-03-21T07:44:20Z","end_ts":"2026-03-21T07:44:20Z","count":2,"temp_air":11.1,"hum_air":81.1,"generated_at":"2026-03-21T07:48:38Z","inserted_at":"2026-03-21T07:48:38Z","ts":"2026-03-21T07:44:20Z"}
{"_id":{"$oid":"69be4faeb2147717dbde714a"},"start_ts":"2026-03-21T07:51:00Z","end_ts":"2026-03-21T07:57:40Z","count":4,"temp_air":10.899999999999999,"hum_air":81.05000000000001,"generated_at":"2026-03-21T07:58:38Z","inserted_at":"2026-03-21T07:58:38Z","ts":"2026-03-21T07:57:40Z"}
{"_id":{"$oid":"69be5206b2147717dbde714b"},"start_ts":"2026-03-21T08:04:20Z","end_ts":"2026-03-21T08:04:20Z","count":2,"temp_air":10.8,"hum_air":80.9,"generated_at":"2026-03-21T08:08:38Z","inserted_at":"2026-03-21T08:08:38Z","ts":"2026-03-21T08:04:20Z"}
{"_id":{"$oid":"69be545eb2147717dbde714c"},"start_ts":"2026-03-21T08:11:00Z","end_ts":"2026-03-21T08:17:40Z","count":4,"temp_air":10.55,"hum_air":81.4,"generated_at":"2026-03-21T08:18:38Z","inserted_at":"2026-03-21T08:18:38Z","ts":"2026-03-21T08:17:40Z"}
{"_id":{"$oid":"69be56b6b2147717dbde714d"},"start_ts":"2026-03-21T08:24:20Z","end_ts":"2026-03-21T08:24:20Z","count":2,"temp_air":10.4,"hum_air":81.4,"generated_at":"2026-03-21T08:28:38Z","inserted_at":"2026-03-21T08:28:38Z","ts":"2026-03-21T08:24:20Z"}
{"_id":{"$oid":"69be590eb2147717dbde714e"},"start_ts":"2026-03-21T08:31:00Z","end_ts":"2026-03-21T08:37:40Z","count":4,"temp_air":10.45,"hum_air":81.4,"generated_at":"2026-03-21T08:38:38Z","inserted_at":"2026-03-21T08:38:38Z","ts":"2026-03-21T08:37:40Z"}
{"_id":{"$oid":"69be5b66b2147717dbde714f"},"start_ts":"2026-03-21T08:44:20Z","end_ts":"2026-03-21T08:44:20Z","count":2,"temp_air":10.3,"hum_air":81.6,"generated_at":"2026-03-21T08:48:38Z","inserted_at":"2026-03-21T08:48:38Z","ts":"2026-03-21T08:44:20Z"}
{"_id":{"$oid":"69be5dbeb2147717dbde7150"},"start_ts":"2026-03-21T08:51:00Z","end_ts":"2026-03-21T08:57:40Z","count":4,"temp_air":10.4,"hum_air":81.6,"generated_at":"2026-03-21T08:58:38Z","inserted_at":"2026-03-21T08:58:38Z","ts":"2026-03-21T08:57:40Z"}
{"_id":{"$oid":"69be6016b2147717dbde7151"},"start_ts":"2026-03-21T09:04:20Z","end_ts":"2026-03-21T09:04:20Z","count":2,"temp_air":10.5,"hum_air":81.9,"generated_at":"2026-03-21T09:08:38Z","inserted_at":"2026-03-21T09:08:38Z","ts":"2026-03-21T09:04:20Z"}
{"_id":{"$oid":"69be626eb2147717dbde7152"},"start_ts":"2026-03-21T09:11:00Z","end_ts":"2026-03-21T09:17:40Z","count":4,"temp_air":10.350000000000001,"hum_air":81.69999999999999,"generated_at":"2026-03-21T09:18:38Z","inserted_at":"2026-03-21T09:18:38Z","ts":"2026-03-21T09:17:40Z"}
{"_id":{"$oid":"69be64c7b2147717dbde7153"},"start_ts":"2026-03-21T09:24:20Z","end_ts":"2026-03-21T09:24:20Z","count":2,"temp_air":10.4,"hum_air":81.6,"generated_at":"2026-03-21T09:28:39Z","inserted_at":"2026-03-21T09:28:39Z","ts":"2026-03-21T09:24:20Z"}
{"_id":{"$oid":"69be671fb2147717dbde7154"},"start_ts":"2026-03-21T09:31:00Z","end_ts":"2026-03-21T09:37:40Z","count":4,"temp_air":10.05,"hum_air":81.1,"generated_at":"2026-03-21T09:38:39Z","inserted_at":"2026-03-21T09:38:39Z","ts":"2026-03-21T09:37:40Z"}
{"_id":{"$oid":"69be6977b2147717dbde7155"},"start_ts":"2026-03-21T09:44:20Z","end_ts":"2026-03-21T09:44:20Z","count":2,"temp_air":9.8,"hum_air":81.0,"generated_at":"2026-03-21T09:48:39Z","inserted_at":"2026-03-21T09:48:39Z","ts":"2026-03-21T09:44:20Z"}
{"_id":{"$oid":"69be6bcfb2147717dbde7156"},"start_ts":"2026-03-21T09:51:00Z","end_ts":"2026-03-21T09:57:40Z","count":4,"temp_air":9.45,"hum_air":81.0,"generated_at":"2026-03-21T09:58:39Z","inserted_at":"2026-03-21T09:58:39Z","ts":"2026-03-21T09:57:40Z"}
{"_id":{"$oid":"69be6e27b2147717dbde7157"},"start_ts":"2026-03-21T10:04:20Z","end_ts":"2026-03-21T10:04:20Z","count":2,"temp_air":9.2,"hum_air":81.2,"generated_at":"2026-03-21T10:08:39Z","inserted_at":"2026-03-21T10:08:39Z","ts":"2026-03-21T10:04:20Z"}
{"_id":{"$oid":"69be707fb2147717dbde7158"},"start_ts":"2026-03-21T10:11:00Z","end_ts":"2026-03-21T10:17:40Z","count":4,"temp_air":8.95,"hum_air":81.55,"generated_at":"2026-03-21T10:18:39Z","inserted_at":"2026-03-21T10:18:39Z","ts":"2026-03-21T10:17:40Z"}
{"_id":{"$oid":"69be72d7b2147717dbde7159"},"start_ts":"2026-03-21T10:24:20Z","end_ts":"2026-03-21T10:24:20Z","count":2,"temp_air":8.9,"hum_air":81.6,"generated_at":"2026-03-21T10:28:39Z","inserted_at":"2026-03-21T10:28:39Z","ts":"2026-03-21T10:24:20Z"}
{"_id":{"$oid":"69be752fb2147717dbde715a"},"start_ts":"2026-03-21T10:31:00Z","end_ts":"2026-03-21T10:37:40Z","count":4,"temp_air":9.0,"hum_air":81.45,"generated_at":"2026-03-21T10:38:39Z","inserted_at":"2026-03-21T10:38:39Z","ts":"2026-03-21T10:37:40Z"}
{"_id":{"$oid":"69be7787b2147717dbde715b"},"start_ts":"2026-03-21T10:44:20Z","end_ts":"2026-03-21T10:44:20Z","count":2,"temp_air":8.9,"hum_air":81.1,"generated_at":"2026-03-21T10:48:39Z","inserted_at":"2026-03-21T10:48:39Z","ts":"2026-03-21T10:44:20Z"}
{"_id":{"$oid":"69be79dfb2147717dbde715c"},"start_ts":"2026-03-21T10:51:00Z","end_ts":"2026-03-21T10:57:40Z","count":4,"temp_air":8.6,"hum_air":81.3,"generated_at":"2026-03-21T10:58:39Z","inserted_at":"2026-03-21T10:58:39Z","ts":"2026-03-21T10:57:40Z"}
{"_id":{"$oid":"69be7c38b2147717dbde715d"},"start_ts":"2026-03-21T11:04:20Z","end_ts":"2026-03-21T11:04:20Z","count":2,"temp_air":8.3,"hum_air":81.2,"generated_at":"2026-03-21T11:08:40Z","inserted_at":"2026-03-21T11:08:40Z","ts":"2026-03-21T11:04:20Z"}
{"_id":{"$oid":"69be7e90b2147717dbde715e"},"start_ts":"2026-03-21T11:11:00Z","end_ts":"2026-03-21T11:17:40Z","count":4,"temp_air":8.2,"hum_air":81.35,"generated_at":"2026-03-21T11:18:40Z","inserted_at":"2026-03-21T11:18:40Z","ts":"2026-03-21T11:17:40Z"}
{"_id":{"$oid":"69be80e8b2147717dbde715f"},"start_ts":"2026-03-21T11:24:20Z","end_ts":"2026-03-21T11:24:20Z","count":2,"temp_air":8.2,"hum_air":81.1,"generated_at":"2026-03-21T11:28:40Z","inserted_at":"2026-03-21T11:28:40Z","ts":"2026-03-21T11:24:20Z"}
{"_id":{"$oid":"69be8340b2147717dbde7160"},"start_ts":"2026-03-21T11:31:00Z","end_ts":"2026-03-21T11:37:40Z","count":4,"temp_air":8.3,"hum_air":80.94999999999999,"generated_at":"2026-03-21T11:38:40Z","inserted_at":"2026-03-21T11:38:40Z","ts":"2026-03-21T11:37:40Z"}
{"_id":{"$oid":"69be8598b2147717dbde7161"},"start_ts":"2026-03-21T11:44:20Z","end_ts":"2026-03-21T11:44:20Z","count":2,"temp_air":8.7,"hum_air":81.1,"generated_at":"2026-03-21T11:48:40Z","inserted_at":"2026-03-21T11:48:40Z","ts":"2026-03-21T11:44:20Z"}
{"_id":{"$oid":"69be87f0b2147717dbde7162"},"start_ts":"2026-03-21T11:51:01Z","end_ts":"2026-03-21T11:57:40Z","count":4,"temp_air":9.2,"hum_air":80.5,"generated_at":"2026-03-21T11:58:40Z","inserted_at":"2026-03-21T11:58:40Z","ts":"2026-03-21T11:57:40Z"}
{"_id":{"$oid":"69be8a48b2147717dbde7163"},"start_ts":"2026-03-21T12:04:20Z","end_ts":"2026-03-21T12:04:20Z","count":2,"temp_air":9.5,"hum_air":80.5,"generated_at":"2026-03-21T12:08:40Z","inserted_at":"2026-03-21T12:08:40Z","ts":"2026-03-21T12:04:20Z"}
{"_id":{"$oid":"69be8ca0b2147717dbde7164"},"start_ts":"2026-03-21T12:11:00Z","end_ts":"2026-03-21T12:17:40Z","count":4,"temp_air":11.3,"hum_air":77.7,"generated_at":"2026-03-21T12:18:40Z","inserted_at":"2026-03-21T12:18:40Z","ts":"2026-03-21T12:17:40Z"}
{"_id":{"$oid":"69be8ef8b2147717dbde7165"},"start_ts":"2026-03-21T12:24:20Z","end_ts":"2026-03-21T12:24:20Z","count":2,"temp_air":16.7,"hum_air":63.9,"generated_at":"2026-03-21T12:28:40Z","inserted_at":"2026-03-21T12:28:40Z","ts":"2026-03-21T12:24:20Z"}
{"_id":{"$oid":"69be9150b2147717dbde7166"},"start_ts":"2026-03-21T12:31:01Z","end_ts":"2026-03-21T12:37:40Z","count":4,"temp_air":19.5,"hum_air":58.75,"generated_at":"2026-03-21T12:38:40Z","inserted_at":"2026-03-21T12:38:40Z","ts":"2026-03-21T12:37:40Z"}
{"_id":{"$oid":"69be93a9b2147717dbde7167"},"start_ts":"2026-03-21T12:44:20Z","end_ts":"2026-03-21T12:44:20Z","count":2,"temp_air":21.1,"hum_air":54.8,"generated_at":"2026-03-21T12:48:41Z","inserted_at":"2026-03-21T12:48:41Z","ts":"2026-03-21T12:44:20Z"}
{"_id":{"$oid":"69be9601b2147717dbde7168"},"start_ts":"2026-03-21T12:51:00Z","end_ts":"2026-03-21T12:57:40Z","count":4,"temp_air":22.0,"hum_air":55.400000000000006,"generated_at":"2026-03-21T12:58:41Z","inserted_at":"2026-03-21T12:58:41Z","ts":"2026-03-21T12:57:40Z"}
{"_id":{"$oid":"69be9859b2147717dbde7169"},"start_ts":"2026-03-21T13:04:20Z","end_ts":"2026-03-21T13:04:20Z","count":2,"temp_air":22.9,"hum_air":54.9,"generated_at":"2026-03-21T13:08:41Z","inserted_at":"2026-03-21T13:08:41Z","ts":"2026-03-21T13:04:20Z"}
{"_id":{"$oid":"69be9ab1b2147717dbde716a"},"start_ts":"2026-03-21T13:11:01Z","end_ts":"2026-03-21T13:17:41Z","count":4,"temp_air":24.45,"hum_air":53.400000000000006,"generated_at":"2026-03-21T13:18:41Z","inserted_at":"2026-03-21T13:18:41Z","ts":"2026-03-21T13:17:41Z"}
{"_id":{"$oid":"69be9d09b2147717dbde716b"},"start_ts":"2026-03-21T13:24:20Z","end_ts":"2026-03-21T13:24:20Z","count":2,"temp_air":26.0,"hum_air":52.4,"generated_at":"2026-03-21T13:28:41Z","inserted_at":"2026-03-21T13:28:41Z","ts":"2026-03-21T13:24:20Z"}
{"_id":{"$oid":"69be9f61b2147717dbde716c"},"start_ts":"2026-03-21T13:31:00Z","end_ts":"2026-03-21T13:37:41Z","count":4,"temp_air":27.65,"hum_air":47.2,"generated_at":"2026-03-21T13:38:41Z","inserted_at":"2026-03-21T13:38:41Z","ts":"2026-03-21T13:37:41Z"}
{"_id":{"$oid":"69bea1b9b2147717dbde716d"},"start_ts":"2026-03-21T13:44:21Z","end_ts":"2026-03-21T13:44:21Z","count":2,"temp_air":29.0,"hum_air":47.1,"generated_at":"2026-03-21T13:48:41Z","inserted_at":"2026-03-21T13:48:41Z","ts":"2026-03-21T13:44:21Z"}
{"_id":{"$oid":"69bea411b2147717dbde716e"},"start_ts":"2026-03-21T13:51:01Z","end_ts":"2026-03-21T13:57:41Z","count":4,"temp_air":31.25,"hum_air":43.9,"generated_at":"2026-03-21T13:58:41Z","inserted_at":"2026-03-21T13:58:41Z","ts":"2026-03-21T13:57:41Z"}
{"_id":{"$oid":"69bea669b2147717dbde716f"},"start_ts":"2026-03-21T14:04:21Z","end_ts":"2026-03-21T14:04:21Z","count":2,"temp_air":33.0,"hum_air":41.8,"generated_at":"2026-03-21T14:08:41Z","inserted_at":"2026-03-21T14:08:41Z","ts":"2026-03-21T14:04:21Z"}
{"_id":{"$oid":"69bea8c1b2147717dbde7170"},"start_ts":"2026-03-21T14:11:01Z","end_ts":"2026-03-21T14:17:41Z","count":4,"temp_air":34.6,"hum_air":40.25,"generated_at":"2026-03-21T14:18:41Z","inserted_at":"2026-03-21T14:18:41Z","ts":"2026-03-21T14:17:41Z"}
{"_id":{"$oid":"69beab1ab2147717dbde7171"},"start_ts":"2026-03-21T14:24:21Z","end_ts":"2026-03-21T14:24:21Z","count":2,"temp_air":36.6,"hum_air":39.6,"generated_at":"2026-03-21T14:28:42Z","inserted_at":"2026-03-21T14:28:42Z","ts":"2026-03-21T14:24:21Z"}
{"_id":{"$oid":"69bead72b2147717dbde7172"},"start_ts":"2026-03-21T14:31:01Z","end_ts":"2026-03-21T14:37:41Z","count":4,"temp_air":38.6,"hum_air":37.4,"generated_at":"2026-03-21T14:38:42Z","inserted_at":"2026-03-21T14:38:42Z","ts":"2026-03-21T14:37:41Z"}
{"_id":{"$oid":"69beafcab2147717dbde7173"},"start_ts":"2026-03-21T14:44:22Z","end_ts":"2026-03-21T14:44:22Z","count":2,"temp_air":38.3,"hum_air":36.3,"generated_at":"2026-03-21T14:48:42Z","inserted_at":"2026-03-21T14:48:42Z","ts":"2026-03-21T14:44:22Z"}
{"_id":{"$oid":"69beb222b2147717dbde7174"},"start_ts":"2026-03-21T14:51:02Z","end_ts":"2026-03-21T14:57:41Z","count":4,"temp_air":40.45,"hum_air":33.75,"generated_at":"2026-03-21T14:58:42Z","inserted_at":"2026-03-21T14:58:42Z","ts":"2026-03-21T14:57:41Z"}
{"_id":{"$oid":"69beb47ab2147717dbde7175"},"start_ts":"2026-03-21T15:04:21Z","end_ts":"2026-03-21T15:04:21Z","count":2,"temp_air":40.1,"hum_air":32.4,"generated_at":"2026-03-21T15:08:42Z","inserted_at":"2026-03-21T15:08:42Z","ts":"2026-03-21T15:04:21Z"}
{"_id":{"$oid":"69beb6d2b2147717dbde7176"},"start_ts":"2026-03-21T15:11:01Z","end_ts":"2026-03-21T15:17:41Z","count":4,"temp_air":39.599999999999994,"hum_air":31.4,"generated_at":"2026-03-21T15:18:42Z","inserted_at":"2026-03-21T15:18:42Z","ts":"2026-03-21T15:17:41Z"}
{"_id":{"$oid":"69beb92ab2147717dbde7177"},"start_ts":"2026-03-21T15:24:21Z","end_ts":"2026-03-21T15:24:21Z","count":2,"temp_air":40.2,"hum_air":29.9,"generated_at":"2026-03-21T15:28:42Z","inserted_at":"2026-03-21T15:28:42Z","ts":"2026-03-21T15:24:21Z"}
{"_id":{"$oid":"69bebb82b2147717dbde7178"},"start_ts":"2026-03-21T15:31:01Z","end_ts":"2026-03-21T15:37:41Z","count":4,"temp_air":38.75,"hum_air":31.6,"generated_at":"2026-03-21T15:38:42Z","inserted_at":"2026-03-21T15:38:42Z","ts":"2026-03-21T15:37:41Z"}
{"_id":{"$oid":"69bebddab2147717dbde7179"},"start_ts":"2026-03-21T15:44:21Z","end_ts":"2026-03-21T15:44:21Z","count":2,"temp_air":35.2,"hum_air":34.3,"generated_at":"2026-03-21T15:48:42Z","inserted_at":"2026-03-21T15:48:42Z","ts":"2026-03-21T15:44:21Z"}
{"_id":{"$oid":"69bec032b2147717dbde717a"},"start_ts":"2026-03-21T15:51:01Z","end_ts":"2026-03-21T15:57:41Z","count":4,"temp_air":37.85,"hum_air":32.599999999999994,"generated_at":"2026-03-21T15:58:42Z","inserted_at":"2026-03-21T15:58:42Z","ts":"2026-03-21T15:57:41Z"}
{"_id":{"$oid":"69bec28ab2147717dbde717b"},"start_ts":"2026-03-21T16:04:21Z","end_ts":"2026-03-21T16:04:21Z","count":2,"temp_air":37.9,"hum_air":31.2,"generated_at":"2026-03-21T16:08:42Z","inserted_at":"2026-03-21T16:08:42Z","ts":"2026-03-21T16:04:21Z"}
{"_id":{"$oid":"69bec4e3b2147717dbde717c"},"start_ts":"2026-03-21T16:11:01Z","end_ts":"2026-03-21T16:17:41Z","count":4,"temp_air":39.349999999999994,"hum_air":32.1,"generated_at":"2026-03-21T16:18:43Z","inserted_at":"2026-03-21T16:18:43Z","ts":"2026-03-21T16:17:41Z"}
{"_id":{"$oid":"69bec73bb2147717dbde717d"},"start_ts":"2026-03-21T16:24:21Z","end_ts":"2026-03-21T16:24:21Z","count":2,"temp_air":38.5,"hum_air":33.7,"generated_at":"2026-03-21T16:28:43Z","inserted_at":"2026-03-21T16:28:43Z","ts":"2026-03-21T16:24:21Z"}
{"_id":{"$oid":"69bec993b2147717dbde717e"},"start_ts":"2026-03-21T16:31:01Z","end_ts":"2026-03-21T16:37:41Z","count":4,"temp_air":37.75,"hum_air":33.2,"generated_at":"2026-03-21T16:38:43Z","inserted_at":"2026-03-21T16:38:43Z","ts":"2026-03-21T16:37:41Z"}
{"_id":{"$oid":"69becbebb2147717dbde717f"},"start_ts":"2026-03-21T16:44:21Z","end_ts":"2026-03-21T16:44:21Z","count":2,"temp_air":37.6,"hum_air":33.9,"generated_at":"2026-03-21T16:48:43Z","inserted_at":"2026-03-21T16:48:43Z","ts":"2026-03-21T16:44:21Z"}
{"_id":{"$oid":"69bece43b2147717dbde7180"},"start_ts":"2026-03-21T16:51:01Z","end_ts":"2026-03-21T16:57:41Z","count":4,"temp_air":34.1,"hum_air":36.7,"generated_at":"2026-03-21T16:58:43Z","inserted_at":"2026-03-21T16:58:43Z","ts":"2026-03-21T16:57:41Z"}
{"_id":{"$oid":"69bed09bb2147717dbde7181"},"start_ts":"2026-03-21T17:04:21Z","end_ts":"2026-03-21T17:04:21Z","count":2,"temp_air":34.8,"hum_air":35.6,"generated_at":"2026-03-21T17:08:43Z","inserted_at":"2026-03-21T17:08:43Z","ts":"2026-03-21T17:04:21Z"}
{"_id":{"$oid":"69bed2f3b2147717dbde7182"},"start_ts":"2026-03-21T17:11:01Z","end_ts":"2026-03-21T17:17:41Z","count":4,"temp_air":33.400000000000006,"hum_air":38.05,"generated_at":"2026-03-21T17:18:43Z","inserted_at":"2026-03-21T17:18:43Z","ts":"2026-03-21T17:17:41Z"}
{"_id":{"$oid":"69bed54bb2147717dbde7183"},"start_ts":"2026-03-21T17:24:21Z","end_ts":"2026-03-21T17:24:21Z","count":2,"temp_air":33.7,"hum_air":37.3,"generated_at":"2026-03-21T17:28:43Z","inserted_at":"2026-03-21T17:28:43Z","ts":"2026-03-21T17:24:21Z"}
{"_id":{"$oid":"69bed7a3b2147717dbde7184"},"start_ts":"2026-03-21T17:31:01Z","end_ts":"2026-03-21T17:37:41Z","count":4,"temp_air":32.85,"hum_air":38.25,"generated_at":"2026-03-21T17:38:43Z","inserted_at":"2026-03-21T17:38:43Z","ts":"2026-03-21T17:37:41Z"}
{"_id":{"$oid":"69bed9fcb2147717dbde7185"},"start_ts":"2026-03-21T17:44:21Z","end_ts":"2026-03-21T17:44:21Z","count":2,"temp_air":33.1,"hum_air":37.5,"generated_at":"2026-03-21T17:48:44Z","inserted_at":"2026-03-21T17:48:44Z","ts":"2026-03-21T17:44:21Z"}
{"_id":{"$oid":"69bedc54b2147717dbde7186"},"start_ts":"2026-03-21T17:51:01Z","end_ts":"2026-03-21T17:57:41Z","count":4,"temp_air":29.9,"hum_air":42.599999999999994,"generated_at":"2026-03-21T17:58:44Z","inserted_at":"2026-03-21T17:58:44Z","ts":"2026-03-21T17:57:41Z"}
{"_id":{"$oid":"69bedeacb2147717dbde7187"},"start_ts":"2026-03-21T18:04:21Z","end_ts":"2026-03-21T18:04:21Z","count":2,"temp_air":29.2,"hum_air":44.0,"generated_at":"2026-03-21T18:08:44Z","inserted_at":"2026-03-21T18:08:44Z","ts":"2026-03-21T18:04:21Z"}
{"_id":{"$oid":"69bee104b2147717dbde7188"},"start_ts":"2026-03-21T18:11:03Z","end_ts":"2026-03-21T18:17:41Z","count":4,"temp_air":27.35,"hum_air":45.7,"generated_at":"2026-03-21T18:18:44Z","inserted_at":"2026-03-21T18:18:44Z","ts":"2026-03-21T18:17:41Z"}
{"_id":{"$oid":"69bee35cb2147717dbde7189"},"start_ts":"2026-03-21T18:24:21Z","end_ts":"2026-03-21T18:24:21Z","count":2,"temp_air":25.8,"hum_air":47.4,"generated_at":"2026-03-21T18:28:44Z","inserted_at":"2026-03-21T18:28:44Z","ts":"2026-03-21T18:24:21Z"}
{"_id":{"$oid":"69bee5b4b2147717dbde718a"},"start_ts":"2026-03-21T18:31:01Z","end_ts":"2026-03-21T18:37:41Z","count":4,"temp_air":24.85,"hum_air":49.8,"generated_at":"2026-03-21T18:38:44Z","inserted_at":"2026-03-21T18:38:44Z","ts":"2026-03-21T18:37:41Z"}
{"_id":{"$oid":"69bee80cb2147717dbde718b"},"start_ts":"2026-03-21T18:44:21Z","end_ts":"2026-03-21T18:44:21Z","count":2,"temp_air":24.2,"hum_air":51.1,"generated_at":"2026-03-21T18:48:44Z","inserted_at":"2026-03-21T18:48:44Z","ts":"2026-03-21T18:44:21Z"}
{"_id":{"$oid":"69beea64b2147717dbde718c"},"start_ts":"2026-03-21T18:51:01Z","end_ts":"2026-03-21T18:57:41Z","count":4,"temp_air":23.95,"hum_air":52.8,"generated_at":"2026-03-21T18:58:44Z","inserted_at":"2026-03-21T18:58:44Z","ts":"2026-03-21T18:57:41Z"}
{"_id":{"$oid":"69beecbcb2147717dbde718d"},"start_ts":"2026-03-21T19:04:21Z","end_ts":"2026-03-21T19:04:21Z","count":2,"temp_air":23.8,"hum_air":51.8,"generated_at":"2026-03-21T19:08:44Z","inserted_at":"2026-03-21T19:08:44Z","ts":"2026-03-21T19:04:21Z"}
{"_id":{"$oid":"69beef14b2147717dbde718e"},"start_ts":"2026-03-21T19:11:01Z","end_ts":"2026-03-21T19:17:42Z","count":4,"temp_air":23.4,"hum_air":52.75,"generated_at":"2026-03-21T19:18:44Z","inserted_at":"2026-03-21T19:18:44Z","ts":"2026-03-21T19:17:42Z"}
{"_id":{"$oid":"69bef16db2147717dbde718f"},"start_ts":"2026-03-21T19:24:21Z","end_ts":"2026-03-21T19:24:21Z","count":2,"temp_air":23.9,"hum_air":52.5,"generated_at":"2026-03-21T19:28:45Z","inserted_at":"2026-03-21T19:28:45Z","ts":"2026-03-21T19:24:21Z"}
{"_id":{"$oid":"69bef3c5b2147717dbde7190"},"start_ts":"2026-03-21T19:31:02Z","end_ts":"2026-03-21T19:37:41Z","count":4,"temp_air":24.45,"hum_air":51.55,"generated_at":"2026-03-21T19:38:45Z","inserted_at":"2026-03-21T19:38:45Z","ts":"2026-03-21T19:37:41Z"}
{"_id":{"$oid":"69bef61db2147717dbde7191"},"start_ts":"2026-03-21T19:44:22Z","end_ts":"2026-03-21T19:44:22Z","count":2,"temp_air":23.6,"hum_air":52.2,"generated_at":"2026-03-21T19:48:45Z","inserted_at":"2026-03-21T19:48:45Z","ts":"2026-03-21T19:44:22Z"}
{"_id":{"$oid":"69bef875b2147717dbde7192"},"start_ts":"2026-03-21T19:51:01Z","end_ts":"2026-03-21T19:57:43Z","count":4,"temp_air":22.75,"hum_air":54.7,"generated_at":"2026-03-21T19:58:45Z","inserted_at":"2026-03-21T19:58:45Z","ts":"2026-03-21T19:57:43Z"}
{"_id":{"$oid":"69befacdb2147717dbde7193"},"start_ts":"2026-03-21T20:04:23Z","end_ts":"2026-03-21T20:04:23Z","count":2,"temp_air":22.2,"hum_air":55.1,"generated_at":"2026-03-21T20:08:45Z","inserted_at":"2026-03-21T20:08:45Z","ts":"2026-03-21T20:04:23Z"}
{"_id":{"$oid":"69befd25b2147717dbde7194"},"start_ts":"2026-03-21T20:11:01Z","end_ts":"2026-03-21T20:17:42Z","count":4,"temp_air":23.3,"hum_air":54.15,"generated_at":"2026-03-21T20:18:45Z","inserted_at":"2026-03-21T20:18:45Z","ts":"2026-03-21T20:17:42Z"}
{"_id":{"$oid":"69beff7db2147717dbde7195"},"start_ts":"2026-03-21T20:24:22Z","end_ts":"2026-03-21T20:24:22Z","count":2,"temp_air":21.6,"hum_air":57.2,"generated_at":"2026-03-21T20:28:45Z","inserted_at":"2026-03-21T20:28:45Z","ts":"2026-03-21T20:24:22Z"}
{"_id":{"$oid":"69bf01d5b2147717dbde7196"},"start_ts":"2026-03-21T20:31:03Z","end_ts":"2026-03-21T20:37:50Z","count":6,"temp_air":22.400000000000002,"hum_air":55.733333333333334,"generated_at":"2026-03-21T20:38:45Z","inserted_at":"2026-03-21T20:38:45Z","ts":"2026-03-21T20:37:50Z"}
{"_id":{"$oid":"69bf042db2147717dbde7197"},"start_ts":"2026-03-21T20:44:26Z","end_ts":"2026-03-21T20:44:26Z","count":2,"temp_air":22.1,"hum_air":55.8,"generated_at":"2026-03-21T20:48:45Z","inserted_at":"2026-03-21T20:48:45Z","ts":"2026-03-21T20:44:26Z"}
{"_id":{"$oid":"69bf0685b2147717dbde7198"},"start_ts":"2026-03-21T20:51:03Z","end_ts":"2026-03-21T20:57:43Z","count":4,"temp_air":20.95,"hum_air":58.8,"generated_at":"2026-03-21T20:58:45Z","inserted_at":"2026-03-21T20:58:45Z","ts":"2026-03-21T20:57:43Z"}
{"_id":{"$oid":"69bf08deb2147717dbde7199"},"start_ts":"2026-03-21T21:04:22Z","end_ts":"2026-03-21T21:04:22Z","count":2,"temp_air":19.9,"hum_air":61.4,"generated_at":"2026-03-21T21:08:46Z","inserted_at":"2026-03-21T21:08:46Z","ts":"2026-03-21T21:04:22Z"}
{"_id":{"$oid":"69bf0b36b2147717dbde719a"},"start_ts":"2026-03-21T21:11:03Z","end_ts":"2026-03-21T21:17:43Z","count":4,"temp_air":19.549999999999997,"hum_air":61.95,"generated_at":"2026-03-21T21:18:46Z","inserted_at":"2026-03-21T21:18:46Z","ts":"2026-03-21T21:17:43Z"}
{"_id":{"$oid":"69bf0d8eb2147717dbde719b"},"start_ts":"2026-03-21T21:24:22Z","end_ts":"2026-03-21T21:24:22Z","count":2,"temp_air":20.4,"hum_air":60.7,"generated_at":"2026-03-21T21:28:46Z","inserted_at":"2026-03-21T21:28:46Z","ts":"2026-03-21T21:24:22Z"}
{"_id":{"$oid":"69bf0fe6b2147717dbde719c"},"start_ts":"2026-03-21T21:31:02Z","end_ts":"2026-03-21T21:37:43Z","count":4,"temp_air":20.85,"hum_air":59.9,"generated_at":"2026-03-21T21:38:46Z","inserted_at":"2026-03-21T21:38:46Z","ts":"2026-03-21T21:37:43Z"}
{"_id":{"$oid":"69bf123eb2147717dbde719d"},"start_ts":"2026-03-21T21:44:22Z","end_ts":"2026-03-21T21:44:22Z","count":2,"temp_air":22.4,"hum_air":60.0,"generated_at":"2026-03-21T21:48:46Z","inserted_at":"2026-03-21T21:48:46Z","ts":"2026-03-21T21:44:22Z"}
{"_id":{"$oid":"69bf1496b2147717dbde719e"},"start_ts":"2026-03-21T21:51:02Z","end_ts":"2026-03-21T21:57:43Z","count":4,"temp_air":23.2,"hum_air":59.3,"generated_at":"2026-03-21T21:58:46Z","inserted_at":"2026-03-21T21:58:46Z","ts":"2026-03-21T21:57:43Z"}
{"_id":{"$oid":"69bf16eeb2147717dbde719f"},"start_ts":"2026-03-21T22:04:22Z","end_ts":"2026-03-21T22:04:22Z","count":2,"temp_air":23.8,"hum_air":56.7,"generated_at":"2026-03-21T22:08:46Z","inserted_at":"2026-03-21T22:08:46Z","ts":"2026-03-21T22:04:22Z"}
{"_id":{"$oid":"69bf1946b2147717dbde71a0"},"start_ts":"2026-03-21T22:11:03Z","end_ts":"2026-03-21T22:17:41Z","count":4,"temp_air":21.4,"hum_air":60.2,"generated_at":"2026-03-21T22:18:46Z","inserted_at":"2026-03-21T22:18:46Z","ts":"2026-03-21T22:17:41Z"}
{"_id":{"$oid":"69bf1b9eb2147717dbde71a1"},"start_ts":"2026-03-21T22:24:22Z","end_ts":"2026-03-21T22:24:22Z","count":2,"temp_air":19.2,"hum_air":63.8,"generated_at":"2026-03-21T22:28:46Z","inserted_at":"2026-03-21T22:28:46Z","ts":"2026-03-21T22:24:22Z"}
{"_id":{"$oid":"69bf1df6b2147717dbde71a2"},"start_ts":"2026-03-21T22:31:02Z","end_ts":"2026-03-21T22:37:42Z","count":4,"temp_air":18.15,"hum_air":66.69999999999999,"generated_at":"2026-03-21T22:38:46Z","inserted_at":"2026-03-21T22:38:46Z","ts":"2026-03-21T22:37:42Z"}
{"_id":{"$oid":"69bf204fb2147717dbde71a3"},"start_ts":"2026-03-21T22:44:22Z","end_ts":"2026-03-21T22:44:22Z","count":2,"temp_air":17.8,"hum_air":68.2,"generated_at":"2026-03-21T22:48:47Z","inserted_at":"2026-03-21T22:48:47Z","ts":"2026-03-21T22:44:22Z"}
{"_id":{"$oid":"69bf22a7b2147717dbde71a4"},"start_ts":"2026-03-21T22:51:02Z","end_ts":"2026-03-21T22:57:42Z","count":4,"temp_air":17.6,"hum_air":69.15,"generated_at":"2026-03-21T22:58:47Z","inserted_at":"2026-03-21T22:58:47Z","ts":"2026-03-21T22:57:42Z"}
{"_id":{"$oid":"69bf24ffb2147717dbde71a5"},"start_ts":"2026-03-21T23:04:22Z","end_ts":"2026-03-21T23:04:22Z","count":2,"temp_air":16.9,"hum_air":70.8,"generated_at":"2026-03-21T23:08:47Z","inserted_at":"2026-03-21T23:08:47Z","ts":"2026-03-21T23:04:22Z"}
{"_id":{"$oid":"69bf2757b2147717dbde71a6"},"start_ts":"2026-03-21T23:11:02Z","end_ts":"2026-03-21T23:17:42Z","count":4,"temp_air":16.2,"hum_air":73.19999999999999,"generated_at":"2026-03-21T23:18:47Z","inserted_at":"2026-03-21T23:18:47Z","ts":"2026-03-21T23:17:42Z"}
{"_id":{"$oid":"69bf29afb2147717dbde71a7"},"start_ts":"2026-03-21T23:24:22Z","end_ts":"2026-03-21T23:24:22Z","count":2,"temp_air":15.7,"hum_air":74.8,"generated_at":"2026-03-21T23:28:47Z","inserted_at":"2026-03-21T23:28:47Z","ts":"2026-03-21T23:24:22Z"}
{"_id":{"$oid":"69bf2c07b2147717dbde71a8"},"start_ts":"2026-03-21T23:31:02Z","end_ts":"2026-03-21T23:37:44Z","count":4,"temp_air":15.3,"hum_air":77.45,"generated_at":"2026-03-21T23:38:47Z","inserted_at":"2026-03-21T23:38:47Z","ts":"2026-03-21T23:37:44Z"}
{"_id":{"$oid":"69bf2e5fb2147717dbde71a9"},"start_ts":"2026-03-21T23:44:23Z","end_ts":"2026-03-21T23:44:23Z","count":2,"temp_air":15.0,"hum_air":78.4,"generated_at":"2026-03-21T23:48:47Z","inserted_at":"2026-03-21T23:48:47Z","ts":"2026-03-21T23:44:23Z"}
{"_id":{"$oid":"69bf30b7b2147717dbde71aa"},"start_ts":"2026-03-21T23:51:02Z","end_ts":"2026-03-21T23:57:43Z","count":4,"temp_air":14.7,"hum_air":79.15,"generated_at":"2026-03-21T23:58:47Z","inserted_at":"2026-03-21T23:58:47Z","ts":"2026-03-21T23:57:43Z"}
{"_id":{"$oid":"69bf3310b2147717dbde71ab"},"start_ts":"2026-03-22T00:04:24Z","end_ts":"2026-03-22T00:04:29Z","count":4,"temp_air":14.6,"hum_air":79.3,"generated_at":"2026-03-22T00:08:48Z","inserted_at":"2026-03-22T00:08:48Z","ts":"2026-03-22T00:04:29Z"}
{"_id":{"$oid":"69bf3568b2147717dbde71ac"},"start_ts":"2026-03-22T00:11:06Z","end_ts":"2026-03-22T00:17:44Z","count":4,"temp_air":14.55,"hum_air":80.2,"generated_at":"2026-03-22T00:18:48Z","inserted_at":"2026-03-22T00:18:48Z","ts":"2026-03-22T00:17:44Z"}
{"_id":{"$oid":"69bf37c0b2147717dbde71ad"},"start_ts":"2026-03-22T00:24:24Z","end_ts":"2026-03-22T00:24:24Z","count":2,"temp_air":14.5,"hum_air":81.3,"generated_at":"2026-03-22T00:28:48Z","inserted_at":"2026-03-22T00:28:48Z","ts":"2026-03-22T00:24:24Z"}
{"_id":{"$oid":"69bf3a18b2147717dbde71ae"},"start_ts":"2026-03-22T00:31:04Z","end_ts":"2026-03-22T00:37:44Z","count":4,"temp_air":14.45,"hum_air":81.35,"generated_at":"2026-03-22T00:38:48Z","inserted_at":"2026-03-22T00:38:48Z","ts":"2026-03-22T00:37:44Z"}
{"_id":{"$oid":"69bf3c70b2147717dbde71af"},"start_ts":"2026-03-22T00:44:24Z","end_ts":"2026-03-22T00:44:24Z","count":2,"temp_air":14.4,"hum_air":82.1,"generated_at":"2026-03-22T00:48:48Z","inserted_at":"2026-03-22T00:48:48Z","ts":"2026-03-22T00:44:24Z"}
{"_id":{"$oid":"69bf3ec8b2147717dbde71b0"},"start_ts":"2026-03-22T00:51:03Z","end_ts":"2026-03-22T00:57:43Z","count":4,"temp_air":14.3,"hum_air":81.9,"generated_at":"2026-03-22T00:58:48Z","inserted_at":"2026-03-22T00:58:48Z","ts":"2026-03-22T00:57:43Z"}
{"_id":{"$oid":"69bf4120b2147717dbde71b1"},"start_ts":"2026-03-22T01:04:24Z","end_ts":"2026-03-22T01:04:24Z","count":2,"temp_air":14.2,"hum_air":82.2,"generated_at":"2026-03-22T01:08:48Z","inserted_at":"2026-03-22T01:08:48Z","ts":"2026-03-22T01:04:24Z"}
{"_id":{"$oid":"69bf4378b2147717dbde71b2"},"start_ts":"2026-03-22T01:11:04Z","end_ts":"2026-03-22T01:17:44Z","count":4,"temp_air":14.3,"hum_air":81.94999999999999,"generated_at":"2026-03-22T01:18:48Z","inserted_at":"2026-03-22T01:18:48Z","ts":"2026-03-22T01:17:44Z"}
{"_id":{"$oid":"69bf45d0b2147717dbde71b3"},"start_ts":"2026-03-22T01:24:24Z","end_ts":"2026-03-22T01:24:24Z","count":2,"temp_air":14.3,"hum_air":81.4,"generated_at":"2026-03-22T01:28:48Z","inserted_at":"2026-03-22T01:28:48Z","ts":"2026-03-22T01:24:24Z"}
{"_id":{"$oid":"69bf4828b2147717dbde71b4"},"start_ts":"2026-03-22T01:31:04Z","end_ts":"2026-03-22T01:37:44Z","count":6,"temp_air":14.266666666666667,"hum_air":82.0,"generated_at":"2026-03-22T01:38:48Z","inserted_at":"2026-03-22T01:38:48Z","ts":"2026-03-22T01:37:44Z"}
{"_id":{"$oid":"69bf4a81b2147717dbde71b5"},"start_ts":"2026-03-22T01:44:24Z","end_ts":"2026-03-22T01:44:24Z","count":2,"temp_air":14.2,"hum_air":81.8,"generated_at":"2026-03-22T01:48:49Z","inserted_at":"2026-03-22T01:48:49Z","ts":"2026-03-22T01:44:24Z"}
{"_id":{"$oid":"69bf4cd9b2147717dbde71b6"},"start_ts":"2026-03-22T01:51:04Z","end_ts":"2026-03-22T01:57:44Z","count":4,"temp_air":14.05,"hum_air":82.05,"generated_at":"2026-03-22T01:58:49Z","inserted_at":"2026-03-22T01:58:49Z","ts":"2026-03-22T01:57:44Z"}
{"_id":{"$oid":"69bf4f31b2147717dbde71b7"},"start_ts":"2026-03-22T02:04:24Z","end_ts":"2026-03-22T02:04:24Z","count":2,"temp_air":14.0,"hum_air":81.5,"generated_at":"2026-03-22T02:08:49Z","inserted_at":"2026-03-22T02:08:49Z","ts":"2026-03-22T02:04:24Z"}
{"_id":{"$oid":"69bf5189b2147717dbde71b8"},"start_ts":"2026-03-22T02:11:04Z","end_ts":"2026-03-22T02:17:44Z","count":6,"temp_air":13.766666666666667,"hum_air":81.10000000000001,"generated_at":"2026-03-22T02:18:49Z","inserted_at":"2026-03-22T02:18:49Z","ts":"2026-03-22T02:17:44Z"}
{"_id":{"$oid":"69bf53e1b2147717dbde71b9"},"start_ts":"2026-03-22T02:24:24Z","end_ts":"2026-03-22T02:24:24Z","count":2,"temp_air":13.6,"hum_air":80.9,"generated_at":"2026-03-22T02:28:49Z","inserted_at":"2026-03-22T02:28:49Z","ts":"2026-03-22T02:24:24Z"}
{"_id":{"$oid":"69bf5639b2147717dbde71ba"},"start_ts":"2026-03-22T02:31:03Z","end_ts":"2026-03-22T02:37:44Z","count":6,"temp_air":13.366666666666667,"hum_air":80.8,"generated_at":"2026-03-22T02:38:49Z","inserted_at":"2026-03-22T02:38:49Z","ts":"2026-03-22T02:37:44Z"}
{"_id":{"$oid":"69bf5891b2147717dbde71bb"},"start_ts":"2026-03-22T02:44:23Z","end_ts":"2026-03-22T02:44:23Z","count":2,"temp_air":13.1,"hum_air":81.1,"generated_at":"2026-03-22T02:48:49Z","inserted_at":"2026-03-22T02:48:49Z","ts":"2026-03-22T02:44:23Z"}
{"_id":{"$oid":"69bf5ae9b2147717dbde71bc"},"start_ts":"2026-03-22T02:51:03Z","end_ts":"2026-03-22T02:57:43Z","count":4,"temp_air":12.95,"hum_air":81.25,"generated_at":"2026-03-22T02:58:49Z","inserted_at":"2026-03-22T02:58:49Z","ts":"2026-03-22T02:57:43Z"}
{"_id":{"$oid":"69bf5d41b2147717dbde71bd"},"start_ts":"2026-03-22T03:04:23Z","end_ts":"2026-03-22T03:04:23Z","count":2,"temp_air":13.0,"hum_air":81.5,"generated_at":"2026-03-22T03:08:49Z","inserted_at":"2026-03-22T03:08:49Z","ts":"2026-03-22T03:04:23Z"}
{"_id":{"$oid":"69bf5f9ab2147717dbde71be"},"start_ts":"2026-03-22T03:11:02Z","end_ts":"2026-03-22T03:17:44Z","count":4,"temp_air":13.2,"hum_air":81.45,"generated_at":"2026-03-22T03:18:50Z","inserted_at":"2026-03-22T03:18:50Z","ts":"2026-03-22T03:17:44Z"}
{"_id":{"$oid":"69bf61f2b2147717dbde71bf"},"start_ts":"2026-03-22T03:24:22Z","end_ts":"2026-03-22T03:24:22Z","count":2,"temp_air":13.3,"hum_air":81.2,"generated_at":"2026-03-22T03:28:50Z","inserted_at":"2026-03-22T03:28:50Z","ts":"2026-03-22T03:24:22Z"}
{"_id":{"$oid":"69bf644ab2147717dbde71c0"},"start_ts":"2026-03-22T03:31:04Z","end_ts":"2026-03-22T03:37:43Z","count":4,"temp_air":13.25,"hum_air":81.5,"generated_at":"2026-03-22T03:38:50Z","inserted_at":"2026-03-22T03:38:50Z","ts":"2026-03-22T03:37:43Z"}
{"_id":{"$oid":"69bf66a2b2147717dbde71c1"},"start_ts":"2026-03-22T03:44:25Z","end_ts":"2026-03-22T03:44:25Z","count":2,"temp_air":13.1,"hum_air":81.2,"generated_at":"2026-03-22T03:48:50Z","inserted_at":"2026-03-22T03:48:50Z","ts":"2026-03-22T03:44:25Z"}
{"_id":{"$oid":"69bf68fab2147717dbde71c2"},"start_ts":"2026-03-22T03:51:03Z","end_ts":"2026-03-22T03:57:43Z","count":4,"temp_air":13.25,"hum_air":79.9,"generated_at":"2026-03-22T03:58:50Z","inserted_at":"2026-03-22T03:58:50Z","ts":"2026-03-22T03:57:43Z"}
{"_id":{"$oid":"69bf6b52b2147717dbde71c3"},"start_ts":"2026-03-22T04:04:22Z","end_ts":"2026-03-22T04:04:22Z","count":2,"temp_air":12.9,"hum_air":79.7,"generated_at":"2026-03-22T04:08:50Z","inserted_at":"2026-03-22T04:08:50Z","ts":"2026-03-22T04:04:22Z"}
{"_id":{"$oid":"69bf6daab2147717dbde71c4"},"start_ts":"2026-03-22T04:11:02Z","end_ts":"2026-03-22T04:17:43Z","count":4,"temp_air":12.55,"hum_air":80.4,"generated_at":"2026-03-22T04:18:50Z","inserted_at":"2026-03-22T04:18:50Z","ts":"2026-03-22T04:17:43Z"}
{"_id":{"$oid":"69bf7002b2147717dbde71c5"},"start_ts":"2026-03-22T04:24:22Z","end_ts":"2026-03-22T04:24:22Z","count":2,"temp_air":12.3,"hum_air":80.2,"generated_at":"2026-03-22T04:28:50Z","inserted_at":"2026-03-22T04:28:50Z","ts":"2026-03-22T04:24:22Z"}
{"_id":{"$oid":"69bf725ab2147717dbde71c6"},"start_ts":"2026-03-22T04:31:02Z","end_ts":"2026-03-22T04:37:42Z","count":4,"temp_air":12.05,"hum_air":80.55000000000001,"generated_at":"2026-03-22T04:38:50Z","inserted_at":"2026-03-22T04:38:50Z","ts":"2026-03-22T04:37:42Z"}
{"_id":{"$oid":"69bf74b2b2147717dbde71c7"},"start_ts":"2026-03-22T04:44:22Z","end_ts":"2026-03-22T04:44:22Z","count":2,"temp_air":11.9,"hum_air":81.1,"generated_at":"2026-03-22T04:48:50Z","inserted_at":"2026-03-22T04:48:50Z","ts":"2026-03-22T04:44:22Z"}
{"_id":{"$oid":"69bf770ab2147717dbde71c8"},"start_ts":"2026-03-22T04:51:02Z","end_ts":"2026-03-22T04:57:42Z","count":4,"temp_air":11.7,"hum_air":81.95,"generated_at":"2026-03-22T04:58:50Z","inserted_at":"2026-03-22T04:58:50Z","ts":"2026-03-22T04:57:42Z"}
{"_id":{"$oid":"69bf7963b2147717dbde71c9"},"start_ts":"2026-03-22T05:04:22Z","end_ts":"2026-03-22T05:04:22Z","count":2,"temp_air":11.8,"hum_air":81.6,"generated_at":"2026-03-22T05:08:51Z","inserted_at":"2026-03-22T05:08:51Z","ts":"2026-03-22T05:04:22Z"}
{"_id":{"$oid":"69bf7bbbb2147717dbde71ca"},"start_ts":"2026-03-22T05:11:02Z","end_ts":"2026-03-22T05:17:42Z","count":4,"temp_air":11.7,"hum_air":81.0,"generated_at":"2026-03-22T05:18:51Z","inserted_at":"2026-03-22T05:18:51Z","ts":"2026-03-22T05:17:42Z"}
{"_id":{"$oid":"69bf7e13b2147717dbde71cb"},"start_ts":"2026-03-22T05:24:22Z","end_ts":"2026-03-22T05:24:22Z","count":2,"temp_air":11.5,"hum_air":81.5,"generated_at":"2026-03-22T05:28:51Z","inserted_at":"2026-03-22T05:28:51Z","ts":"2026-03-22T05:24:22Z"}
{"_id":{"$oid":"69bf806bb2147717dbde71cc"},"start_ts":"2026-03-22T05:31:02Z","end_ts":"2026-03-22T05:37:42Z","count":4,"temp_air":11.7,"hum_air":80.9,"generated_at":"2026-03-22T05:38:51Z","inserted_at":"2026-03-22T05:38:51Z","ts":"2026-03-22T05:37:42Z"}
{"_id":{"$oid":"69bf82c3b2147717dbde71cd"},"start_ts":"2026-03-22T05:44:22Z","end_ts":"2026-03-22T05:44:22Z","count":2,"temp_air":11.6,"hum_air":80.7,"generated_at":"2026-03-22T05:48:51Z","inserted_at":"2026-03-22T05:48:51Z","ts":"2026-03-22T05:44:22Z"}
{"_id":{"$oid":"69bf851bb2147717dbde71ce"},"start_ts":"2026-03-22T05:51:02Z","end_ts":"2026-03-22T05:57:42Z","count":4,"temp_air":11.55,"hum_air":81.05000000000001,"generated_at":"2026-03-22T05:58:51Z","inserted_at":"2026-03-22T05:58:51Z","ts":"2026-03-22T05:57:42Z"}
{"_id":{"$oid":"69bf8773b2147717dbde71cf"},"start_ts":"2026-03-22T06:04:22Z","end_ts":"2026-03-22T06:04:22Z","count":2,"temp_air":12.1,"hum_air":81.9,"generated_at":"2026-03-22T06:08:51Z","inserted_at":"2026-03-22T06:08:51Z","ts":"2026-03-22T06:04:22Z"}
{"_id":{"$oid":"69bf89cbb2147717dbde71d0"},"start_ts":"2026-03-22T06:11:02Z","end_ts":"2026-03-22T06:17:42Z","count":4,"temp_air":12.350000000000001,"hum_air":81.65,"generated_at":"2026-03-22T06:18:51Z","inserted_at":"2026-03-22T06:18:51Z","ts":"2026-03-22T06:17:42Z"}
{"_id":{"$oid":"69bf8c23b2147717dbde71d1"},"start_ts":"2026-03-22T06:24:22Z","end_ts":"2026-03-22T06:24:22Z","count":2,"temp_air":12.5,"hum_air":81.6,"generated_at":"2026-03-22T06:28:51Z","inserted_at":"2026-03-22T06:28:51Z","ts":"2026-03-22T06:24:22Z"}
{"_id":{"$oid":"69bf8e7cb2147717dbde71d2"},"start_ts":"2026-03-22T06:31:02Z","end_ts":"2026-03-22T06:37:42Z","count":4,"temp_air":12.75,"hum_air":81.3,"generated_at":"2026-03-22T06:38:52Z","inserted_at":"2026-03-22T06:38:52Z","ts":"2026-03-22T06:37:42Z"}
{"_id":{"$oid":"69bf90d4b2147717dbde71d3"},"start_ts":"2026-03-22T06:44:22Z","end_ts":"2026-03-22T06:44:22Z","count":2,"temp_air":12.8,"hum_air":81.2,"generated_at":"2026-03-22T06:48:52Z","inserted_at":"2026-03-22T06:48:52Z","ts":"2026-03-22T06:44:22Z"}
{"_id":{"$oid":"69bf932cb2147717dbde71d4"},"start_ts":"2026-03-22T06:51:02Z","end_ts":"2026-03-22T06:57:42Z","count":4,"temp_air":12.8,"hum_air":80.7,"generated_at":"2026-03-22T06:58:52Z","inserted_at":"2026-03-22T06:58:52Z","ts":"2026-03-22T06:57:42Z"}
{"_id":{"$oid":"69bf9584b2147717dbde71d5"},"start_ts":"2026-03-22T07:04:22Z","end_ts":"2026-03-22T07:04:22Z","count":2,"temp_air":12.8,"hum_air":80.8,"generated_at":"2026-03-22T07:08:52Z","inserted_at":"2026-03-22T07:08:52Z","ts":"2026-03-22T07:04:22Z"}
{"_id":{"$oid":"69bf97dcb2147717dbde71d6"},"start_ts":"2026-03-22T07:11:02Z","end_ts":"2026-03-22T07:17:42Z","count":4,"temp_air":12.7,"hum_air":80.65,"generated_at":"2026-03-22T07:18:52Z","inserted_at":"2026-03-22T07:18:52Z","ts":"2026-03-22T07:17:42Z"}
{"_id":{"$oid":"69bf9a34b2147717dbde71d7"},"start_ts":"2026-03-22T07:24:22Z","end_ts":"2026-03-22T07:24:22Z","count":2,"temp_air":12.6,"hum_air":80.7,"generated_at":"2026-03-22T07:28:52Z","inserted_at":"2026-03-22T07:28:52Z","ts":"2026-03-22T07:24:22Z"}
{"_id":{"$oid":"69bf9c8cb2147717dbde71d8"},"start_ts":"2026-03-22T07:31:02Z","end_ts":"2026-03-22T07:37:42Z","count":4,"temp_air":12.55,"hum_air":80.05,"generated_at":"2026-03-22T07:38:52Z","inserted_at":"2026-03-22T07:38:52Z","ts":"2026-03-22T07:37:42Z"}
{"_id":{"$oid":"69bf9ee4b2147717dbde71d9"},"start_ts":"2026-03-22T07:44:22Z","end_ts":"2026-03-22T07:44:22Z","count":2,"temp_air":12.3,"hum_air":80.5,"generated_at":"2026-03-22T07:48:52Z","inserted_at":"2026-03-22T07:48:52Z","ts":"2026-03-22T07:44:22Z"}
{"_id":{"$oid":"69bfa13cb2147717dbde71da"},"start_ts":"2026-03-22T07:51:02Z","end_ts":"2026-03-22T07:57:42Z","count":4,"temp_air":12.3,"hum_air":80.69999999999999,"generated_at":"2026-03-22T07:58:52Z","inserted_at":"2026-03-22T07:58:52Z","ts":"2026-03-22T07:57:42Z"}
{"_id":{"$oid":"69bfa395b2147717dbde71db"},"start_ts":"2026-03-22T08:04:22Z","end_ts":"2026-03-22T08:04:22Z","count":2,"temp_air":12.4,"hum_air":81.1,"generated_at":"2026-03-22T08:08:53Z","inserted_at":"2026-03-22T08:08:53Z","ts":"2026-03-22T08:04:22Z"}
{"_id":{"$oid":"69bfa5edb2147717dbde71dc"},"start_ts":"2026-03-22T08:11:02Z","end_ts":"2026-03-22T08:17:42Z","count":4,"temp_air":12.45,"hum_air":81.05,"generated_at":"2026-03-22T08:18:53Z","inserted_at":"2026-03-22T08:18:53Z","ts":"2026-03-22T08:17:42Z"}
{"_id":{"$oid":"69bfa845b2147717dbde71dd"},"start_ts":"2026-03-22T08:24:22Z","end_ts":"2026-03-22T08:24:22Z","count":2,"temp_air":12.5,"hum_air":81.3,"generated_at":"2026-03-22T08:28:53Z","inserted_at":"2026-03-22T08:28:53Z","ts":"2026-03-22T08:24:22Z"}
{"_id":{"$oid":"69bfaa9db2147717dbde71de"},"start_ts":"2026-03-22T08:31:02Z","end_ts":"2026-03-22T08:37:42Z","count":4,"temp_air":12.5,"hum_air":80.8,"generated_at":"2026-03-22T08:38:53Z","inserted_at":"2026-03-22T08:38:53Z","ts":"2026-03-22T08:37:42Z"}
{"_id":{"$oid":"69bfacf5b2147717dbde71df"},"start_ts":"2026-03-22T08:44:22Z","end_ts":"2026-03-22T08:44:22Z","count":2,"temp_air":12.5,"hum_air":80.9,"generated_at":"2026-03-22T08:48:53Z","inserted_at":"2026-03-22T08:48:53Z","ts":"2026-03-22T08:44:22Z"}
{"_id":{"$oid":"69bfaf4db2147717dbde71e0"},"start_ts":"2026-03-22T08:51:02Z","end_ts":"2026-03-22T08:57:42Z","count":4,"temp_air":12.55,"hum_air":80.85,"generated_at":"2026-03-22T08:58:53Z","inserted_at":"2026-03-22T08:58:53Z","ts":"2026-03-22T08:57:42Z"}
{"_id":{"$oid":"69bfb1a5b2147717dbde71e1"},"start_ts":"2026-03-22T09:04:22Z","end_ts":"2026-03-22T09:04:22Z","count":2,"temp_air":12.5,"hum_air":80.8,"generated_at":"2026-03-22T09:08:53Z","inserted_at":"2026-03-22T09:08:53Z","ts":"2026-03-22T09:04:22Z"}
{"_id":{"$oid":"69bfb3fdb2147717dbde71e2"},"start_ts":"2026-03-22T09:11:03Z","end_ts":"2026-03-22T09:17:43Z","count":4,"temp_air":12.55,"hum_air":80.9,"generated_at":"2026-03-22T09:18:53Z","inserted_at":"2026-03-22T09:18:53Z","ts":"2026-03-22T09:17:43Z"}
{"_id":{"$oid":"69bfb655b2147717dbde71e3"},"start_ts":"2026-03-22T09:24:23Z","end_ts":"2026-03-22T09:24:23Z","count":2,"temp_air":12.5,"hum_air":80.8,"generated_at":"2026-03-22T09:28:53Z","inserted_at":"2026-03-22T09:28:53Z","ts":"2026-03-22T09:24:23Z"}
{"_id":{"$oid":"69bfb8adb2147717dbde71e4"},"start_ts":"2026-03-22T09:31:03Z","end_ts":"2026-03-22T09:37:43Z","count":4,"temp_air":12.6,"hum_air":80.94999999999999,"generated_at":"2026-03-22T09:38:53Z","inserted_at":"2026-03-22T09:38:53Z","ts":"2026-03-22T09:37:43Z"}
{"_id":{"$oid":"69bfbb05b2147717dbde71e5"},"start_ts":"2026-03-22T09:44:23Z","end_ts":"2026-03-22T09:44:23Z","count":2,"temp_air":12.6,"hum_air":80.7,"generated_at":"2026-03-22T09:48:53Z","inserted_at":"2026-03-22T09:48:53Z","ts":"2026-03-22T09:44:23Z"}
{"_id":{"$oid":"69bfbd5eb2147717dbde71e6"},"start_ts":"2026-03-22T09:51:03Z","end_ts":"2026-03-22T09:57:43Z","count":4,"temp_air":12.649999999999999,"hum_air":80.5,"generated_at":"2026-03-22T09:58:54Z","inserted_at":"2026-03-22T09:58:54Z","ts":"2026-03-22T09:57:43Z"}
{"_id":{"$oid":"69bfbfb6b2147717dbde71e7"},"start_ts":"2026-03-22T10:04:24Z","end_ts":"2026-03-22T10:04:24Z","count":2,"temp_air":12.6,"hum_air":80.3,"generated_at":"2026-03-22T10:08:54Z","inserted_at":"2026-03-22T10:08:54Z","ts":"2026-03-22T10:04:24Z"}
{"_id":{"$oid":"69bfc20eb2147717dbde71e8"},"start_ts":"2026-03-22T10:11:03Z","end_ts":"2026-03-22T10:17:43Z","count":4,"temp_air":12.5,"hum_air":79.75,"generated_at":"2026-03-22T10:18:54Z","inserted_at":"2026-03-22T10:18:54Z","ts":"2026-03-22T10:17:43Z"}
{"_id":{"$oid":"69bfc466b2147717dbde71e9"},"start_ts":"2026-03-22T10:24:23Z","end_ts":"2026-03-22T10:24:23Z","count":2,"temp_air":12.3,"hum_air":79.9,"generated_at":"2026-03-22T10:28:54Z","inserted_at":"2026-03-22T10:28:54Z","ts":"2026-03-22T10:24:23Z"}
{"_id":{"$oid":"69bfc6beb2147717dbde71ea"},"start_ts":"2026-03-22T10:31:03Z","end_ts":"2026-03-22T10:37:43Z","count":4,"temp_air":12.2,"hum_air":80.05000000000001,"generated_at":"2026-03-22T10:38:54Z","inserted_at":"2026-03-22T10:38:54Z","ts":"2026-03-22T10:37:43Z"}
{"_id":{"$oid":"69bfc916b2147717dbde71eb"},"start_ts":"2026-03-22T10:44:23Z","end_ts":"2026-03-22T10:44:23Z","count":2,"temp_air":12.2,"hum_air":79.5,"generated_at":"2026-03-22T10:48:54Z","inserted_at":"2026-03-22T10:48:54Z","ts":"2026-03-22T10:44:23Z"}
{"_id":{"$oid":"69bfcb6eb2147717dbde71ec"},"start_ts":"2026-03-22T10:51:03Z","end_ts":"2026-03-22T10:57:43Z","count":4,"temp_air":12.1,"hum_air":79.9,"generated_at":"2026-03-22T10:58:54Z","inserted_at":"2026-03-22T10:58:54Z","ts":"2026-03-22T10:57:43Z"}
{"_id":{"$oid":"69bfcdc6b2147717dbde71ed"},"start_ts":"2026-03-22T11:04:24Z","end_ts":"2026-03-22T11:04:24Z","count":2,"temp_air":12.0,"hum_air":79.8,"generated_at":"2026-03-22T11:08:54Z","inserted_at":"2026-03-22T11:08:54Z","ts":"2026-03-22T11:04:24Z"}
{"_id":{"$oid":"69bfd01eb2147717dbde71ee"},"start_ts":"2026-03-22T11:11:03Z","end_ts":"2026-03-22T11:17:43Z","count":4,"temp_air":11.85,"hum_air":79.69999999999999,"generated_at":"2026-03-22T11:18:54Z","inserted_at":"2026-03-22T11:18:54Z","ts":"2026-03-22T11:17:43Z"}
{"_id":{"$oid":"69bfd276b2147717dbde71ef"},"start_ts":"2026-03-22T11:24:23Z","end_ts":"2026-03-22T11:24:23Z","count":2,"temp_air":11.7,"hum_air":79.7,"generated_at":"2026-03-22T11:28:54Z","inserted_at":"2026-03-22T11:28:54Z","ts":"2026-03-22T11:24:23Z"}
{"_id":{"$oid":"69bfd4cfb2147717dbde71f0"},"start_ts":"2026-03-22T11:31:03Z","end_ts":"2026-03-22T11:37:43Z","count":4,"temp_air":12.05,"hum_air":79.7,"generated_at":"2026-03-22T11:38:55Z","inserted_at":"2026-03-22T11:38:55Z","ts":"2026-03-22T11:37:43Z"}
{"_id":{"$oid":"69bfd727b2147717dbde71f1"},"start_ts":"2026-03-22T11:44:23Z","end_ts":"2026-03-22T11:44:23Z","count":2,"temp_air":12.2,"hum_air":78.9,"generated_at":"2026-03-22T11:48:55Z","inserted_at":"2026-03-22T11:48:55Z","ts":"2026-03-22T11:44:23Z"}
{"_id":{"$oid":"69bfd97fb2147717dbde71f2"},"start_ts":"2026-03-22T11:51:04Z","end_ts":"2026-03-22T11:57:45Z","count":4,"temp_air":12.4,"hum_air":78.44999999999999,"generated_at":"2026-03-22T11:58:55Z","inserted_at":"2026-03-22T11:58:55Z","ts":"2026-03-22T11:57:45Z"}
{"_id":{"$oid":"69bfdbd7b2147717dbde71f3"},"start_ts":"2026-03-22T12:04:25Z","end_ts":"2026-03-22T12:04:25Z","count":2,"temp_air":12.9,"hum_air":78.6,"generated_at":"2026-03-22T12:08:55Z","inserted_at":"2026-03-22T12:08:55Z","ts":"2026-03-22T12:04:25Z"}
{"_id":{"$oid":"69bfde2fb2147717dbde71f4"},"start_ts":"2026-03-22T12:11:04Z","end_ts":"2026-03-22T12:17:44Z","count":4,"temp_air":13.3,"hum_air":77.80000000000001,"generated_at":"2026-03-22T12:18:55Z","inserted_at":"2026-03-22T12:18:55Z","ts":"2026-03-22T12:17:44Z"}
{"_id":{"$oid":"69bfe087b2147717dbde71f5"},"start_ts":"2026-03-22T12:24:23Z","end_ts":"2026-03-22T12:24:23Z","count":2,"temp_air":13.9,"hum_air":77.3,"generated_at":"2026-03-22T12:28:55Z","inserted_at":"2026-03-22T12:28:55Z","ts":"2026-03-22T12:24:23Z"}
{"_id":{"$oid":"69bfe2dfb2147717dbde71f6"},"start_ts":"2026-03-22T12:31:04Z","end_ts":"2026-03-22T12:37:44Z","count":4,"temp_air":14.5,"hum_air":75.45,"generated_at":"2026-03-22T12:38:55Z","inserted_at":"2026-03-22T12:38:55Z","ts":"2026-03-22T12:37:44Z"}
{"_id":{"$oid":"69bfe537b2147717dbde71f7"},"start_ts":"2026-03-22T12:44:23Z","end_ts":"2026-03-22T12:44:23Z","count":2,"temp_air":15.0,"hum_air":74.4,"generated_at":"2026-03-22T12:48:55Z","inserted_at":"2026-03-22T12:48:55Z","ts":"2026-03-22T12:44:23Z"}
{"_id":{"$oid":"69bfe78fb2147717dbde71f8"},"start_ts":"2026-03-22T12:51:03Z","end_ts":"2026-03-22T12:57:44Z","count":4,"temp_air":15.75,"hum_air":73.30000000000001,"generated_at":"2026-03-22T12:58:55Z","inserted_at":"2026-03-22T12:58:55Z","ts":"2026-03-22T12:57:44Z"}
{"_id":{"$oid":"69bfe9e7b2147717dbde71f9"},"start_ts":"2026-03-22T13:04:25Z","end_ts":"2026-03-22T13:04:25Z","count":2,"temp_air":16.7,"hum_air":71.4,"generated_at":"2026-03-22T13:08:55Z","inserted_at":"2026-03-22T13:08:55Z","ts":"2026-03-22T13:04:25Z"}
{"_id":{"$oid":"69bfec40b2147717dbde71fa"},"start_ts":"2026-03-22T13:11:05Z","end_ts":"2026-03-22T13:17:44Z","count":4,"temp_air":17.950000000000003,"hum_air":68.35,"generated_at":"2026-03-22T13:18:56Z","inserted_at":"2026-03-22T13:18:56Z","ts":"2026-03-22T13:17:44Z"}
{"_id":{"$oid":"69bfee98b2147717dbde71fb"},"start_ts":"2026-03-22T13:24:24Z","end_ts":"2026-03-22T13:24:24Z","count":2,"temp_air":18.5,"hum_air":68.0,"generated_at":"2026-03-22T13:28:56Z","inserted_at":"2026-03-22T13:28:56Z","ts":"2026-03-22T13:24:24Z"}
{"_id":{"$oid":"69bff0f0b2147717dbde71fc"},"start_ts":"2026-03-22T13:31:05Z","end_ts":"2026-03-22T13:37:44Z","count":4,"temp_air":19.75,"hum_air":65.25,"generated_at":"2026-03-22T13:38:56Z","inserted_at":"2026-03-22T13:38:56Z","ts":"2026-03-22T13:37:44Z"}
{"_id":{"$oid":"69bff348b2147717dbde71fd"},"start_ts":"2026-03-22T13:44:26Z","end_ts":"2026-03-22T13:44:26Z","count":2,"temp_air":24.3,"hum_air":57.2,"generated_at":"2026-03-22T13:48:56Z","inserted_at":"2026-03-22T13:48:56Z","ts":"2026-03-22T13:44:26Z"}
{"_id":{"$oid":"69bff5a0b2147717dbde71fe"},"start_ts":"2026-03-22T13:51:05Z","end_ts":"2026-03-22T13:57:44Z","count":4,"temp_air":30.75,"hum_air":47.2,"generated_at":"2026-03-22T13:58:56Z","inserted_at":"2026-03-22T13:58:56Z","ts":"2026-03-22T13:57:44Z"}
{"_id":{"$oid":"69bff7f8b2147717dbde71ff"},"start_ts":"2026-03-22T14:04:24Z","end_ts":"2026-03-22T14:04:24Z","count":2,"temp_air":33.6,"hum_air":42.3,"generated_at":"2026-03-22T14:08:56Z","inserted_at":"2026-03-22T14:08:56Z","ts":"2026-03-22T14:04:24Z"}
{"_id":{"$oid":"69bffa50b2147717dbde7200"},"start_ts":"2026-03-22T14:11:03Z","end_ts":"2026-03-22T14:17:43Z","count":4,"temp_air":36.150000000000006,"hum_air":40.75,"generated_at":"2026-03-22T14:18:56Z","inserted_at":"2026-03-22T14:18:56Z","ts":"2026-03-22T14:17:43Z"}
{"_id":{"$oid":"69bffca8b2147717dbde7201"},"start_ts":"2026-03-22T14:24:23Z","end_ts":"2026-03-22T14:24:23Z","count":2,"temp_air":37.9,"hum_air":37.3,"generated_at":"2026-03-22T14:28:56Z","inserted_at":"2026-03-22T14:28:56Z","ts":"2026-03-22T14:24:23Z"}
{"_id":{"$oid":"69bfff00b2147717dbde7202"},"start_ts":"2026-03-22T14:31:03Z","end_ts":"2026-03-22T14:37:43Z","count":4,"temp_air":39.8,"hum_air":36.0,"generated_at":"2026-03-22T14:38:56Z","inserted_at":"2026-03-22T14:38:56Z","ts":"2026-03-22T14:37:43Z"}
{"_id":{"$oid":"69c00158b2147717dbde7203"},"start_ts":"2026-03-22T14:44:23Z","end_ts":"2026-03-22T14:44:23Z","count":2,"temp_air":41.4,"hum_air":34.5,"generated_at":"2026-03-22T14:48:56Z","inserted_at":"2026-03-22T14:48:56Z","ts":"2026-03-22T14:44:23Z"}
{"_id":{"$oid":"69c003b1b2147717dbde7204"},"start_ts":"2026-03-22T14:51:04Z","end_ts":"2026-03-22T14:57:43Z","count":4,"temp_air":42.7,"hum_air":33.45,"generated_at":"2026-03-22T14:58:57Z","inserted_at":"2026-03-22T14:58:57Z","ts":"2026-03-22T14:57:43Z"}
{"_id":{"$oid":"69c00609b2147717dbde7205"},"start_ts":"2026-03-22T15:04:23Z","end_ts":"2026-03-22T15:04:23Z","count":2,"temp_air":43.6,"hum_air":33.2,"generated_at":"2026-03-22T15:08:57Z","inserted_at":"2026-03-22T15:08:57Z","ts":"2026-03-22T15:04:23Z"}
{"_id":{"$oid":"69c00861b2147717dbde7206"},"start_ts":"2026-03-22T15:11:04Z","end_ts":"2026-03-22T15:17:43Z","count":4,"temp_air":44.55,"hum_air":31.55,"generated_at":"2026-03-22T15:18:57Z","inserted_at":"2026-03-22T15:18:57Z","ts":"2026-03-22T15:17:43Z"}
{"_id":{"$oid":"69c00ab9b2147717dbde7207"},"start_ts":"2026-03-22T15:24:23Z","end_ts":"2026-03-22T15:24:23Z","count":2,"temp_air":44.9,"hum_air":30.7,"generated_at":"2026-03-22T15:28:57Z","inserted_at":"2026-03-22T15:28:57Z","ts":"2026-03-22T15:24:23Z"}
{"_id":{"$oid":"69c00d11b2147717dbde7208"},"start_ts":"2026-03-22T15:31:04Z","end_ts":"2026-03-22T15:37:43Z","count":4,"temp_air":44.25,"hum_air":31.0,"generated_at":"2026-03-22T15:38:57Z","inserted_at":"2026-03-22T15:38:57Z","ts":"2026-03-22T15:37:43Z"}
{"_id":{"$oid":"69c00f69b2147717dbde7209"},"start_ts":"2026-03-22T15:44:23Z","end_ts":"2026-03-22T15:44:23Z","count":2,"temp_air":41.4,"hum_air":29.1,"generated_at":"2026-03-22T15:48:57Z","inserted_at":"2026-03-22T15:48:57Z","ts":"2026-03-22T15:44:23Z"}
{"_id":{"$oid":"69c011c1b2147717dbde720a"},"start_ts":"2026-03-22T15:51:03Z","end_ts":"2026-03-22T15:57:43Z","count":4,"temp_air":42.650000000000006,"hum_air":31.299999999999997,"generated_at":"2026-03-22T15:58:57Z","inserted_at":"2026-03-22T15:58:57Z","ts":"2026-03-22T15:57:43Z"}
{"_id":{"$oid":"69c01419b2147717dbde720b"},"start_ts":"2026-03-22T16:04:23Z","end_ts":"2026-03-22T16:04:23Z","count":2,"temp_air":42.3,"hum_air":30.1,"generated_at":"2026-03-22T16:08:57Z","inserted_at":"2026-03-22T16:08:57Z","ts":"2026-03-22T16:04:23Z"}
{"_id":{"$oid":"69c01671b2147717dbde720c"},"start_ts":"2026-03-22T16:11:04Z","end_ts":"2026-03-22T16:17:43Z","count":4,"temp_air":41.3,"hum_air":30.5,"generated_at":"2026-03-22T16:18:57Z","inserted_at":"2026-03-22T16:18:57Z","ts":"2026-03-22T16:17:43Z"}
{"_id":{"$oid":"69c018c9b2147717dbde720d"},"start_ts":"2026-03-22T16:24:23Z","end_ts":"2026-03-22T16:24:23Z","count":2,"temp_air":39.9,"hum_air":29.8,"generated_at":"2026-03-22T16:28:57Z","inserted_at":"2026-03-22T16:28:57Z","ts":"2026-03-22T16:24:23Z"}
{"_id":{"$oid":"69c01b22b2147717dbde720e"},"start_ts":"2026-03-22T16:31:03Z","end_ts":"2026-03-22T16:37:43Z","count":4,"temp_air":38.8,"hum_air":31.9,"generated_at":"2026-03-22T16:38:58Z","inserted_at":"2026-03-22T16:38:58Z","ts":"2026-03-22T16:37:43Z"}
{"_id":{"$oid":"69c01d7ab2147717dbde720f"},"start_ts":"2026-03-22T16:44:23Z","end_ts":"2026-03-22T16:44:23Z","count":2,"temp_air":39.8,"hum_air":31.4,"generated_at":"2026-03-22T16:48:58Z","inserted_at":"2026-03-22T16:48:58Z","ts":"2026-03-22T16:44:23Z"}
{"_id":{"$oid":"69c01fd2b2147717dbde7210"},"start_ts":"2026-03-22T16:51:03Z","end_ts":"2026-03-22T16:57:43Z","count":4,"temp_air":38.15,"hum_air":31.1,"generated_at":"2026-03-22T16:58:58Z","inserted_at":"2026-03-22T16:58:58Z","ts":"2026-03-22T16:57:43Z"}
{"_id":{"$oid":"69c0222ab2147717dbde7211"},"start_ts":"2026-03-22T17:04:23Z","end_ts":"2026-03-22T17:04:23Z","count":2,"temp_air":37.3,"hum_air":31.9,"generated_at":"2026-03-22T17:08:58Z","inserted_at":"2026-03-22T17:08:58Z","ts":"2026-03-22T17:04:23Z"}
{"_id":{"$oid":"69c02482b2147717dbde7212"},"start_ts":"2026-03-22T17:11:04Z","end_ts":"2026-03-22T17:17:43Z","count":4,"temp_air":37.5,"hum_air":32.05,"generated_at":"2026-03-22T17:18:58Z","inserted_at":"2026-03-22T17:18:58Z","ts":"2026-03-22T17:17:43Z"}
{"_id":{"$oid":"69c026dab2147717dbde7213"},"start_ts":"2026-03-22T17:24:24Z","end_ts":"2026-03-22T17:24:24Z","count":2,"temp_air":35.7,"hum_air":31.9,"generated_at":"2026-03-22T17:28:58Z","inserted_at":"2026-03-22T17:28:58Z","ts":"2026-03-22T17:24:24Z"}
{"_id":{"$oid":"69c02932b2147717dbde7214"},"start_ts":"2026-03-22T17:31:03Z","end_ts":"2026-03-22T17:37:43Z","count":4,"temp_air":35.5,"hum_air":34.55,"generated_at":"2026-03-22T17:38:58Z","inserted_at":"2026-03-22T17:38:58Z","ts":"2026-03-22T17:37:43Z"}
{"_id":{"$oid":"69c02b8ab2147717dbde7215"},"start_ts":"2026-03-22T17:44:24Z","end_ts":"2026-03-22T17:44:24Z","count":2,"temp_air":34.7,"hum_air":33.3,"generated_at":"2026-03-22T17:48:58Z","inserted_at":"2026-03-22T17:48:58Z","ts":"2026-03-22T17:44:24Z"}
{"_id":{"$oid":"69c02de3b2147717dbde7216"},"start_ts":"2026-03-22T17:51:03Z","end_ts":"2026-03-22T17:57:45Z","count":4,"temp_air":33.650000000000006,"hum_air":36.0,"generated_at":"2026-03-22T17:58:59Z","inserted_at":"2026-03-22T17:58:59Z","ts":"2026-03-22T17:57:45Z"}
{"_id":{"$oid":"69c0303bb2147717dbde7217"},"start_ts":"2026-03-22T18:04:24Z","end_ts":"2026-03-22T18:04:24Z","count":2,"temp_air":32.6,"hum_air":35.7,"generated_at":"2026-03-22T18:08:59Z","inserted_at":"2026-03-22T18:08:59Z","ts":"2026-03-22T18:04:24Z"}
{"_id":{"$oid":"69c03293b2147717dbde7218"},"start_ts":"2026-03-22T18:11:05Z","end_ts":"2026-03-22T18:17:44Z","count":4,"temp_air":32.599999999999994,"hum_air":37.25,"generated_at":"2026-03-22T18:18:59Z","inserted_at":"2026-03-22T18:18:59Z","ts":"2026-03-22T18:17:44Z"}
{"_id":{"$oid":"69c034ebb2147717dbde7219"},"start_ts":"2026-03-22T18:24:25Z","end_ts":"2026-03-22T18:24:25Z","count":2,"temp_air":31.8,"hum_air":36.4,"generated_at":"2026-03-22T18:28:59Z","inserted_at":"2026-03-22T18:28:59Z","ts":"2026-03-22T18:24:25Z"}
{"_id":{"$oid":"69c03743b2147717dbde721a"},"start_ts":"2026-03-22T18:31:04Z","end_ts":"2026-03-22T18:37:44Z","count":4,"temp_air":32.1,"hum_air":36.75,"generated_at":"2026-03-22T18:38:59Z","inserted_at":"2026-03-22T18:38:59Z","ts":"2026-03-22T18:37:44Z"}
{"_id":{"$oid":"69c0399bb2147717dbde721b"},"start_ts":"2026-03-22T18:44:24Z","end_ts":"2026-03-22T18:44:24Z","count":2,"temp_air":29.9,"hum_air":35.3,"generated_at":"2026-03-22T18:48:59Z","inserted_at":"2026-03-22T18:48:59Z","ts":"2026-03-22T18:44:24Z"}
{"_id":{"$oid":"69c03bf3b2147717dbde721c"},"start_ts":"2026-03-22T18:51:05Z","end_ts":"2026-03-22T18:57:44Z","count":4,"temp_air":30.799999999999997,"hum_air":35.5,"generated_at":"2026-03-22T18:58:59Z","inserted_at":"2026-03-22T18:58:59Z","ts":"2026-03-22T18:57:44Z"}
{"_id":{"$oid":"69c03e4bb2147717dbde721d"},"start_ts":"2026-03-22T19:04:24Z","end_ts":"2026-03-22T19:04:24Z","count":2,"temp_air":29.3,"hum_air":37.7,"generated_at":"2026-03-22T19:08:59Z","inserted_at":"2026-03-22T19:08:59Z","ts":"2026-03-22T19:04:24Z"}
{"_id":{"$oid":"69c040a3b2147717dbde721e"},"start_ts":"2026-03-22T19:11:04Z","end_ts":"2026-03-22T19:17:45Z","count":4,"temp_air":27.6,"hum_air":38.7,"generated_at":"2026-03-22T19:18:59Z","inserted_at":"2026-03-22T19:18:59Z","ts":"2026-03-22T19:17:45Z"}
{"_id":{"$oid":"69c042fbb2147717dbde721f"},"start_ts":"2026-03-22T19:24:25Z","end_ts":"2026-03-22T19:24:25Z","count":2,"temp_air":29.2,"hum_air":37.6,"generated_at":"2026-03-22T19:28:59Z","inserted_at":"2026-03-22T19:28:59Z","ts":"2026-03-22T19:24:25Z"}
{"_id":{"$oid":"69c04554b2147717dbde7220"},"start_ts":"2026-03-22T19:31:06Z","end_ts":"2026-03-22T19:37:44Z","count":4,"temp_air":30.2,"hum_air":37.15,"generated_at":"2026-03-22T19:39:00Z","inserted_at":"2026-03-22T19:39:00Z","ts":"2026-03-22T19:37:44Z"}
{"_id":{"$oid":"69c047acb2147717dbde7221"},"start_ts":"2026-03-22T19:44:24Z","end_ts":"2026-03-22T19:44:24Z","count":2,"temp_air":28.9,"hum_air":38.8,"generated_at":"2026-03-22T19:49:00Z","inserted_at":"2026-03-22T19:49:00Z","ts":"2026-03-22T19:44:24Z"}
{"_id":{"$oid":"69c04a04b2147717dbde7222"},"start_ts":"2026-03-22T19:51:04Z","end_ts":"2026-03-22T19:57:45Z","count":4,"temp_air":28.4,"hum_air":39.5,"generated_at":"2026-03-22T19:59:00Z","inserted_at":"2026-03-22T19:59:00Z","ts":"2026-03-22T19:57:45Z"}
{"_id":{"$oid":"69c04c5cb2147717dbde7223"},"start_ts":"2026-03-22T20:04:24Z","end_ts":"2026-03-22T20:04:24Z","count":2,"temp_air":27.6,"hum_air":40.0,"generated_at":"2026-03-22T20:09:00Z","inserted_at":"2026-03-22T20:09:00Z","ts":"2026-03-22T20:04:24Z"}
{"_id":{"$oid":"69c04eb4b2147717dbde7224"},"start_ts":"2026-03-22T20:11:04Z","end_ts":"2026-03-22T20:17:44Z","count":4,"temp_air":25.9,"hum_air":42.8,"generated_at":"2026-03-22T20:19:00Z","inserted_at":"2026-03-22T20:19:00Z","ts":"2026-03-22T20:17:44Z"}
{"_id":{"$oid":"69c0510cb2147717dbde7225"},"start_ts":"2026-03-22T20:24:24Z","end_ts":"2026-03-22T20:24:24Z","count":2,"temp_air":25.1,"hum_air":43.8,"generated_at":"2026-03-22T20:29:00Z","inserted_at":"2026-03-22T20:29:00Z","ts":"2026-03-22T20:24:24Z"}
{"_id":{"$oid":"69c05364b2147717dbde7226"},"start_ts":"2026-03-22T20:31:04Z","end_ts":"2026-03-22T20:37:44Z","count":4,"temp_air":25.35,"hum_air":45.25,"generated_at":"2026-03-22T20:39:00Z","inserted_at":"2026-03-22T20:39:00Z","ts":"2026-03-22T20:37:44Z"}
{"_id":{"$oid":"69c055bcb2147717dbde7227"},"start_ts":"2026-03-22T20:44:24Z","end_ts":"2026-03-22T20:44:24Z","count":2,"temp_air":24.7,"hum_air":44.5,"generated_at":"2026-03-22T20:49:00Z","inserted_at":"2026-03-22T20:49:00Z","ts":"2026-03-22T20:44:24Z"}
{"_id":{"$oid":"69c05814b2147717dbde7228"},"start_ts":"2026-03-22T20:51:04Z","end_ts":"2026-03-22T20:57:44Z","count":4,"temp_air":24.95,"hum_air":45.75,"generated_at":"2026-03-22T20:59:00Z","inserted_at":"2026-03-22T20:59:00Z","ts":"2026-03-22T20:57:44Z"}
{"_id":{"$oid":"69c05a6db2147717dbde7229"},"start_ts":"2026-03-22T21:04:25Z","end_ts":"2026-03-22T21:04:25Z","count":2,"temp_air":24.8,"hum_air":46.6,"generated_at":"2026-03-22T21:09:01Z","inserted_at":"2026-03-22T21:09:01Z","ts":"2026-03-22T21:04:25Z"}
{"_id":{"$oid":"69c05cc5b2147717dbde722a"},"start_ts":"2026-03-22T21:11:04Z","end_ts":"2026-03-22T21:17:44Z","count":4,"temp_air":24.3,"hum_air":47.95,"generated_at":"2026-03-22T21:19:01Z","inserted_at":"2026-03-22T21:19:01Z","ts":"2026-03-22T21:17:44Z"}
{"_id":{"$oid":"69c05f1db2147717dbde722b"},"start_ts":"2026-03-22T21:24:24Z","end_ts":"2026-03-22T21:24:24Z","count":2,"temp_air":24.0,"hum_air":48.0,"generated_at":"2026-03-22T21:29:01Z","inserted_at":"2026-03-22T21:29:01Z","ts":"2026-03-22T21:24:24Z"}
{"_id":{"$oid":"69c06175b2147717dbde722c"},"start_ts":"2026-03-22T21:31:04Z","end_ts":"2026-03-22T21:37:44Z","count":4,"temp_air":23.8,"hum_air":49.05,"generated_at":"2026-03-22T21:39:01Z","inserted_at":"2026-03-22T21:39:01Z","ts":"2026-03-22T21:37:44Z"}
{"_id":{"$oid":"69c063cdb2147717dbde722d"},"start_ts":"2026-03-22T21:44:24Z","end_ts":"2026-03-22T21:44:24Z","count":2,"temp_air":23.3,"hum_air":51.5,"generated_at":"2026-03-22T21:49:01Z","inserted_at":"2026-03-22T21:49:01Z","ts":"2026-03-22T21:44:24Z"}
{"_id":{"$oid":"69c06625b2147717dbde722e"},"start_ts":"2026-03-22T21:51:04Z","end_ts":"2026-03-22T21:57:44Z","count":4,"temp_air":23.1,"hum_air":54.900000000000006,"generated_at":"2026-03-22T21:59:01Z","inserted_at":"2026-03-22T21:59:01Z","ts":"2026-03-22T21:57:44Z"}
{"_id":{"$oid":"69c0687db2147717dbde722f"},"start_ts":"2026-03-22T22:04:25Z","end_ts":"2026-03-22T22:04:25Z","count":2,"temp_air":24.2,"hum_air":56.6,"generated_at":"2026-03-22T22:09:01Z","inserted_at":"2026-03-22T22:09:01Z","ts":"2026-03-22T22:04:25Z"}
{"_id":{"$oid":"69c06ad5b2147717dbde7230"},"start_ts":"2026-03-22T22:11:04Z","end_ts":"2026-03-22T22:17:44Z","count":4,"temp_air":24.5,"hum_air":57.599999999999994,"generated_at":"2026-03-22T22:19:01Z","inserted_at":"2026-03-22T22:19:01Z","ts":"2026-03-22T22:17:44Z"}
{"_id":{"$oid":"69c06d2db2147717dbde7231"},"start_ts":"2026-03-22T22:24:24Z","end_ts":"2026-03-22T22:24:24Z","count":2,"temp_air":23.9,"hum_air":57.3,"generated_at":"2026-03-22T22:29:01Z","inserted_at":"2026-03-22T22:29:01Z","ts":"2026-03-22T22:24:24Z"}
{"_id":{"$oid":"69c06f85b2147717dbde7232"},"start_ts":"2026-03-22T22:31:04Z","end_ts":"2026-03-22T22:37:44Z","count":4,"temp_air":22.9,"hum_air":58.75,"generated_at":"2026-03-22T22:39:01Z","inserted_at":"2026-03-22T22:39:01Z","ts":"2026-03-22T22:37:44Z"}
{"_id":{"$oid":"69c071ddb2147717dbde7233"},"start_ts":"2026-03-22T22:44:24Z","end_ts":"2026-03-22T22:44:24Z","count":2,"temp_air":22.2,"hum_air":60.6,"generated_at":"2026-03-22T22:49:01Z","inserted_at":"2026-03-22T22:49:01Z","ts":"2026-03-22T22:44:24Z"}
{"_id":{"$oid":"69c07435b2147717dbde7234"},"start_ts":"2026-03-22T22:51:06Z","end_ts":"2026-03-22T22:57:44Z","count":4,"temp_air":21.35,"hum_air":62.5,"generated_at":"2026-03-22T22:59:01Z","inserted_at":"2026-03-22T22:59:01Z","ts":"2026-03-22T22:57:44Z"}
{"_id":{"$oid":"69c0768eb2147717dbde7235"},"start_ts":"2026-03-22T23:04:24Z","end_ts":"2026-03-22T23:04:24Z","count":2,"temp_air":20.6,"hum_air":65.3,"generated_at":"2026-03-22T23:09:02Z","inserted_at":"2026-03-22T23:09:02Z","ts":"2026-03-22T23:04:24Z"}
{"_id":{"$oid":"69c078e6b2147717dbde7236"},"start_ts":"2026-03-22T23:11:04Z","end_ts":"2026-03-22T23:17:44Z","count":4,"temp_air":19.450000000000003,"hum_air":68.05,"generated_at":"2026-03-22T23:19:02Z","inserted_at":"2026-03-22T23:19:02Z","ts":"2026-03-22T23:17:44Z"}
{"_id":{"$oid":"69c07b3eb2147717dbde7237"},"start_ts":"2026-03-22T23:24:24Z","end_ts":"2026-03-22T23:24:24Z","count":2,"temp_air":18.4,"hum_air":71.0,"generated_at":"2026-03-22T23:29:02Z","inserted_at":"2026-03-22T23:29:02Z","ts":"2026-03-22T23:24:24Z"}
{"_id":{"$oid":"69c07d96b2147717dbde7238"},"start_ts":"2026-03-22T23:31:04Z","end_ts":"2026-03-22T23:37:44Z","count":4,"temp_air":17.55,"hum_air":73.5,"generated_at":"2026-03-22T23:39:02Z","inserted_at":"2026-03-22T23:39:02Z","ts":"2026-03-22T23:37:44Z"}
{"_id":{"$oid":"69c07feeb2147717dbde7239"},"start_ts":"2026-03-22T23:44:24Z","end_ts":"2026-03-22T23:44:24Z","count":2,"temp_air":16.9,"hum_air":75.0,"generated_at":"2026-03-22T23:49:02Z","inserted_at":"2026-03-22T23:49:02Z","ts":"2026-03-22T23:44:24Z"}
{"_id":{"$oid":"69c08246b2147717dbde723a"},"start_ts":"2026-03-22T23:51:04Z","end_ts":"2026-03-22T23:57:45Z","count":4,"temp_air":16.450000000000003,"hum_air":76.4,"generated_at":"2026-03-22T23:59:02Z","inserted_at":"2026-03-22T23:59:02Z","ts":"2026-03-22T23:57:45Z"}
{"_id":{"$oid":"69c0849eb2147717dbde723b"},"start_ts":"2026-03-23T00:04:24Z","end_ts":"2026-03-23T00:04:24Z","count":2,"temp_air":16.3,"hum_air":77.7,"generated_at":"2026-03-23T00:09:02Z","inserted_at":"2026-03-23T00:09:02Z","ts":"2026-03-23T00:04:24Z"}
{"_id":{"$oid":"69c086f6b2147717dbde723c"},"start_ts":"2026-03-23T00:11:05Z","end_ts":"2026-03-23T00:17:46Z","count":4,"temp_air":16.1,"hum_air":78.15,"generated_at":"2026-03-23T00:19:02Z","inserted_at":"2026-03-23T00:19:02Z","ts":"2026-03-23T00:17:46Z"}
{"_id":{"$oid":"69c0894eb2147717dbde723d"},"start_ts":"2026-03-23T00:24:24Z","end_ts":"2026-03-23T00:24:24Z","count":2,"temp_air":16.0,"hum_air":78.7,"generated_at":"2026-03-23T00:29:02Z","inserted_at":"2026-03-23T00:29:02Z","ts":"2026-03-23T00:24:24Z"}
{"_id":{"$oid":"69c08ba6b2147717dbde723e"},"start_ts":"2026-03-23T00:31:04Z","end_ts":"2026-03-23T00:37:45Z","count":4,"temp_air":15.850000000000001,"hum_air":79.05000000000001,"generated_at":"2026-03-23T00:39:02Z","inserted_at":"2026-03-23T00:39:02Z","ts":"2026-03-23T00:37:45Z"}
{"_id":{"$oid":"69c08dffb2147717dbde723f"},"start_ts":"2026-03-23T00:44:24Z","end_ts":"2026-03-23T00:44:24Z","count":2,"temp_air":15.7,"hum_air":79.4,"generated_at":"2026-03-23T00:49:03Z","inserted_at":"2026-03-23T00:49:03Z","ts":"2026-03-23T00:44:24Z"}
{"_id":{"$oid":"69c09057b2147717dbde7240"},"start_ts":"2026-03-23T00:51:04Z","end_ts":"2026-03-23T00:57:44Z","count":4,"temp_air":15.649999999999999,"hum_air":80.05,"generated_at":"2026-03-23T00:59:03Z","inserted_at":"2026-03-23T00:59:03Z","ts":"2026-03-23T00:57:44Z"}
{"_id":{"$oid":"69c092afb2147717dbde7241"},"start_ts":"2026-03-23T01:04:24Z","end_ts":"2026-03-23T01:04:24Z","count":2,"temp_air":15.7,"hum_air":80.2,"generated_at":"2026-03-23T01:09:03Z","inserted_at":"2026-03-23T01:09:03Z","ts":"2026-03-23T01:04:24Z"}
{"_id":{"$oid":"69c09507b2147717dbde7242"},"start_ts":"2026-03-23T01:11:04Z","end_ts":"2026-03-23T01:17:45Z","count":4,"temp_air":15.7,"hum_air":80.35,"generated_at":"2026-03-23T01:19:03Z","inserted_at":"2026-03-23T01:19:03Z","ts":"2026-03-23T01:17:45Z"}
{"_id":{"$oid":"69c0975fb2147717dbde7243"},"start_ts":"2026-03-23T01:24:27Z","end_ts":"2026-03-23T01:24:27Z","count":2,"temp_air":15.6,"hum_air":80.3,"generated_at":"2026-03-23T01:29:03Z","inserted_at":"2026-03-23T01:29:03Z","ts":"2026-03-23T01:24:27Z"}
{"_id":{"$oid":"69c099b7b2147717dbde7244"},"start_ts":"2026-03-23T01:31:06Z","end_ts":"2026-03-23T01:37:46Z","count":4,"temp_air":15.7,"hum_air":79.95,"generated_at":"2026-03-23T01:39:03Z","inserted_at":"2026-03-23T01:39:03Z","ts":"2026-03-23T01:37:46Z"}
{"_id":{"$oid":"69c09c0fb2147717dbde7245"},"start_ts":"2026-03-23T01:44:25Z","end_ts":"2026-03-23T01:44:25Z","count":2,"temp_air":15.6,"hum_air":79.7,"generated_at":"2026-03-23T01:49:03Z","inserted_at":"2026-03-23T01:49:03Z","ts":"2026-03-23T01:44:25Z"}
{"_id":{"$oid":"69c09e67b2147717dbde7246"},"start_ts":"2026-03-23T01:51:04Z","end_ts":"2026-03-23T01:57:46Z","count":4,"temp_air":15.55,"hum_air":80.35,"generated_at":"2026-03-23T01:59:03Z","inserted_at":"2026-03-23T01:59:03Z","ts":"2026-03-23T01:57:46Z"}
{"_id":{"$oid":"69c0a0bfb2147717dbde7247"},"start_ts":"2026-03-23T02:04:25Z","end_ts":"2026-03-23T02:04:25Z","count":2,"temp_air":15.6,"hum_air":80.4,"generated_at":"2026-03-23T02:09:03Z","inserted_at":"2026-03-23T02:09:03Z","ts":"2026-03-23T02:04:25Z"}
{"_id":{"$oid":"69c0a317b2147717dbde7248"},"start_ts":"2026-03-23T02:11:06Z","end_ts":"2026-03-23T02:17:45Z","count":4,"temp_air":15.9,"hum_air":80.5,"generated_at":"2026-03-23T02:19:03Z","inserted_at":"2026-03-23T02:19:03Z","ts":"2026-03-23T02:17:45Z"}
{"_id":{"$oid":"69c0a56fb2147717dbde7249"},"start_ts":"2026-03-23T02:24:27Z","end_ts":"2026-03-23T02:24:27Z","count":2,"temp_air":15.9,"hum_air":81.1,"generated_at":"2026-03-23T02:29:03Z","inserted_at":"2026-03-23T02:29:03Z","ts":"2026-03-23T02:24:27Z"}
{"_id":{"$oid":"69c0a7c8b2147717dbde724a"},"start_ts":"2026-03-23T02:31:06Z","end_ts":"2026-03-23T02:37:45Z","count":4,"temp_air":15.8,"hum_air":80.9,"generated_at":"2026-03-23T02:39:04Z","inserted_at":"2026-03-23T02:39:04Z","ts":"2026-03-23T02:37:45Z"}
{"_id":{"$oid":"69c0aa20b2147717dbde724b"},"start_ts":"2026-03-23T02:44:25Z","end_ts":"2026-03-23T02:44:25Z","count":2,"temp_air":15.7,"hum_air":80.6,"generated_at":"2026-03-23T02:49:04Z","inserted_at":"2026-03-23T02:49:04Z","ts":"2026-03-23T02:44:25Z"}
{"_id":{"$oid":"69c0ac78b2147717dbde724c"},"start_ts":"2026-03-23T02:51:04Z","end_ts":"2026-03-23T02:57:45Z","count":4,"temp_air":15.45,"hum_air":80.35,"generated_at":"2026-03-23T02:59:04Z","inserted_at":"2026-03-23T02:59:04Z","ts":"2026-03-23T02:57:45Z"}
{"_id":{"$oid":"69c0aed0b2147717dbde724d"},"start_ts":"2026-03-23T03:04:25Z","end_ts":"2026-03-23T03:04:25Z","count":2,"temp_air":15.2,"hum_air":80.6,"generated_at":"2026-03-23T03:09:04Z","inserted_at":"2026-03-23T03:09:04Z","ts":"2026-03-23T03:04:25Z"}
{"_id":{"$oid":"69c0b128b2147717dbde724e"},"start_ts":"2026-03-23T03:11:05Z","end_ts":"2026-03-23T03:17:46Z","count":4,"temp_air":15.1,"hum_air":80.55,"generated_at":"2026-03-23T03:19:04Z","inserted_at":"2026-03-23T03:19:04Z","ts":"2026-03-23T03:17:46Z"}
{"_id":{"$oid":"69c0b380b2147717dbde724f"},"start_ts":"2026-03-23T03:24:26Z","end_ts":"2026-03-23T03:24:26Z","count":2,"temp_air":15.0,"hum_air":80.9,"generated_at":"2026-03-23T03:29:04Z","inserted_at":"2026-03-23T03:29:04Z","ts":"2026-03-23T03:24:26Z"}
{"_id":{"$oid":"69c0b5d8b2147717dbde7250"},"start_ts":"2026-03-23T03:31:06Z","end_ts":"2026-03-23T03:37:45Z","count":4,"temp_air":15.0,"hum_air":80.94999999999999,"generated_at":"2026-03-23T03:39:04Z","inserted_at":"2026-03-23T03:39:04Z","ts":"2026-03-23T03:37:45Z"}
{"_id":{"$oid":"69c0b830b2147717dbde7251"},"start_ts":"2026-03-23T03:44:25Z","end_ts":"2026-03-23T03:44:25Z","count":2,"temp_air":15.1,"hum_air":81.1,"generated_at":"2026-03-23T03:49:04Z","inserted_at":"2026-03-23T03:49:04Z","ts":"2026-03-23T03:44:25Z"}
{"_id":{"$oid":"69c0ba88b2147717dbde7252"},"start_ts":"2026-03-23T03:51:05Z","end_ts":"2026-03-23T03:57:45Z","count":4,"temp_air":15.2,"hum_air":81.85,"generated_at":"2026-03-23T03:59:04Z","inserted_at":"2026-03-23T03:59:04Z","ts":"2026-03-23T03:57:45Z"}
{"_id":{"$oid":"69c0bce0b2147717dbde7253"},"start_ts":"2026-03-23T04:04:27Z","end_ts":"2026-03-23T04:04:27Z","count":2,"temp_air":15.1,"hum_air":82.4,"generated_at":"2026-03-23T04:09:04Z","inserted_at":"2026-03-23T04:09:04Z","ts":"2026-03-23T04:04:27Z"}
{"_id":{"$oid":"69c0bf39b2147717dbde7254"},"start_ts":"2026-03-23T04:11:05Z","end_ts":"2026-03-23T04:17:45Z","count":4,"temp_air":15.2,"hum_air":82.0,"generated_at":"2026-03-23T04:19:05Z","inserted_at":"2026-03-23T04:19:05Z","ts":"2026-03-23T04:17:45Z"}
{"_id":{"$oid":"69c0c191b2147717dbde7255"},"start_ts":"2026-03-23T04:24:25Z","end_ts":"2026-03-23T04:24:25Z","count":2,"temp_air":15.2,"hum_air":81.3,"generated_at":"2026-03-23T04:29:05Z","inserted_at":"2026-03-23T04:29:05Z","ts":"2026-03-23T04:24:25Z"}
{"_id":{"$oid":"69c0c3e9b2147717dbde7256"},"start_ts":"2026-03-23T04:31:05Z","end_ts":"2026-03-23T04:37:45Z","count":4,"temp_air":14.9,"hum_air":81.35,"generated_at":"2026-03-23T04:39:05Z","inserted_at":"2026-03-23T04:39:05Z","ts":"2026-03-23T04:37:45Z"}
{"_id":{"$oid":"69c0c641b2147717dbde7257"},"start_ts":"2026-03-23T04:44:25Z","end_ts":"2026-03-23T04:44:25Z","count":2,"temp_air":14.7,"hum_air":81.4,"generated_at":"2026-03-23T04:49:05Z","inserted_at":"2026-03-23T04:49:05Z","ts":"2026-03-23T04:44:25Z"}
{"_id":{"$oid":"69c0c899b2147717dbde7258"},"start_ts":"2026-03-23T04:51:05Z","end_ts":"2026-03-23T04:57:45Z","count":4,"temp_air":14.649999999999999,"hum_air":81.2,"generated_at":"2026-03-23T04:59:05Z","inserted_at":"2026-03-23T04:59:05Z","ts":"2026-03-23T04:57:45Z"}
{"_id":{"$oid":"69c0caf1b2147717dbde7259"},"start_ts":"2026-03-23T05:04:25Z","end_ts":"2026-03-23T05:04:25Z","count":2,"temp_air":14.5,"hum_air":81.5,"generated_at":"2026-03-23T05:09:05Z","inserted_at":"2026-03-23T05:09:05Z","ts":"2026-03-23T05:04:25Z"}
{"_id":{"$oid":"69c0cd49b2147717dbde725a"},"start_ts":"2026-03-23T05:11:05Z","end_ts":"2026-03-23T05:17:45Z","count":4,"temp_air":14.45,"hum_air":81.75,"generated_at":"2026-03-23T05:19:05Z","inserted_at":"2026-03-23T05:19:05Z","ts":"2026-03-23T05:17:45Z"}
{"_id":{"$oid":"69c0cfa1b2147717dbde725b"},"start_ts":"2026-03-23T05:24:26Z","end_ts":"2026-03-23T05:24:26Z","count":2,"temp_air":14.4,"hum_air":81.8,"generated_at":"2026-03-23T05:29:05Z","inserted_at":"2026-03-23T05:29:05Z","ts":"2026-03-23T05:24:26Z"}
{"_id":{"$oid":"69c0d1f9b2147717dbde725c"},"start_ts":"2026-03-23T05:31:05Z","end_ts":"2026-03-23T05:37:45Z","count":4,"temp_air":14.350000000000001,"hum_air":81.7,"generated_at":"2026-03-23T05:39:05Z","inserted_at":"2026-03-23T05:39:05Z","ts":"2026-03-23T05:37:45Z"}
{"_id":{"$oid":"69c0d451b2147717dbde725d"},"start_ts":"2026-03-23T05:44:25Z","end_ts":"2026-03-23T05:44:25Z","count":2,"temp_air":14.3,"hum_air":81.5,"generated_at":"2026-03-23T05:49:05Z","inserted_at":"2026-03-23T05:49:05Z","ts":"2026-03-23T05:44:25Z"}
{"_id":{"$oid":"69c0d6a9b2147717dbde725e"},"start_ts":"2026-03-23T05:51:05Z","end_ts":"2026-03-23T05:57:45Z","count":4,"temp_air":14.25,"hum_air":81.65,"generated_at":"2026-03-23T05:59:05Z","inserted_at":"2026-03-23T05:59:05Z","ts":"2026-03-23T05:57:45Z"}
{"_id":{"$oid":"69c0d902b2147717dbde725f"},"start_ts":"2026-03-23T06:04:25Z","end_ts":"2026-03-23T06:04:25Z","count":2,"temp_air":14.1,"hum_air":81.4,"generated_at":"2026-03-23T06:09:06Z","inserted_at":"2026-03-23T06:09:06Z","ts":"2026-03-23T06:04:25Z"}
{"_id":{"$oid":"69c0db5ab2147717dbde7260"},"start_ts":"2026-03-23T06:11:05Z","end_ts":"2026-03-23T06:17:45Z","count":4,"temp_air":14.0,"hum_air":81.4,"generated_at":"2026-03-23T06:19:06Z","inserted_at":"2026-03-23T06:19:06Z","ts":"2026-03-23T06:17:45Z"}
{"_id":{"$oid":"69c0ddb2b2147717dbde7261"},"start_ts":"2026-03-23T06:24:25Z","end_ts":"2026-03-23T06:24:25Z","count":2,"temp_air":13.9,"hum_air":81.4,"generated_at":"2026-03-23T06:29:06Z","inserted_at":"2026-03-23T06:29:06Z","ts":"2026-03-23T06:24:25Z"}
{"_id":{"$oid":"69c0e00ab2147717dbde7262"},"start_ts":"2026-03-23T06:31:05Z","end_ts":"2026-03-23T06:37:45Z","count":4,"temp_air":13.75,"hum_air":81.5,"generated_at":"2026-03-23T06:39:06Z","inserted_at":"2026-03-23T06:39:06Z","ts":"2026-03-23T06:37:45Z"}
{"_id":{"$oid":"69c0e262b2147717dbde7263"},"start_ts":"2026-03-23T06:44:25Z","end_ts":"2026-03-23T06:44:25Z","count":2,"temp_air":13.7,"hum_air":81.9,"generated_at":"2026-03-23T06:49:06Z","inserted_at":"2026-03-23T06:49:06Z","ts":"2026-03-23T06:44:25Z"}
{"_id":{"$oid":"69c0e4bab2147717dbde7264"},"start_ts":"2026-03-23T06:51:05Z","end_ts":"2026-03-23T06:57:45Z","count":4,"temp_air":13.6,"hum_air":82.2,"generated_at":"2026-03-23T06:59:06Z","inserted_at":"2026-03-23T06:59:06Z","ts":"2026-03-23T06:57:45Z"}
{"_id":{"$oid":"69c0e712b2147717dbde7265"},"start_ts":"2026-03-23T07:04:25Z","end_ts":"2026-03-23T07:04:25Z","count":2,"temp_air":13.6,"hum_air":82.1,"generated_at":"2026-03-23T07:09:06Z","inserted_at":"2026-03-23T07:09:06Z","ts":"2026-03-23T07:04:25Z"}
{"_id":{"$oid":"69c0e96ab2147717dbde7266"},"start_ts":"2026-03-23T07:11:05Z","end_ts":"2026-03-23T07:17:45Z","count":4,"temp_air":13.45,"hum_air":81.9,"generated_at":"2026-03-23T07:19:06Z","inserted_at":"2026-03-23T07:19:06Z","ts":"2026-03-23T07:17:45Z"}
{"_id":{"$oid":"69c0ebc2b2147717dbde7267"},"start_ts":"2026-03-23T07:24:25Z","end_ts":"2026-03-23T07:24:25Z","count":2,"temp_air":13.4,"hum_air":81.7,"generated_at":"2026-03-23T07:29:06Z","inserted_at":"2026-03-23T07:29:06Z","ts":"2026-03-23T07:24:25Z"}
{"_id":{"$oid":"69c0ee1bb2147717dbde7268"},"start_ts":"2026-03-23T07:31:05Z","end_ts":"2026-03-23T07:37:45Z","count":4,"temp_air":13.3,"hum_air":82.15,"generated_at":"2026-03-23T07:39:07Z","inserted_at":"2026-03-23T07:39:07Z","ts":"2026-03-23T07:37:45Z"}
{"_id":{"$oid":"69c0f073b2147717dbde7269"},"start_ts":"2026-03-23T07:44:25Z","end_ts":"2026-03-23T07:44:25Z","count":2,"temp_air":13.2,"hum_air":82.4,"generated_at":"2026-03-23T07:49:07Z","inserted_at":"2026-03-23T07:49:07Z","ts":"2026-03-23T07:44:25Z"}
{"_id":{"$oid":"69c0f2cbb2147717dbde726a"},"start_ts":"2026-03-23T07:51:05Z","end_ts":"2026-03-23T07:57:45Z","count":4,"temp_air":13.05,"hum_air":81.95,"generated_at":"2026-03-23T07:59:07Z","inserted_at":"2026-03-23T07:59:07Z","ts":"2026-03-23T07:57:45Z"}
{"_id":{"$oid":"69c0f523b2147717dbde726b"},"start_ts":"2026-03-23T08:04:25Z","end_ts":"2026-03-23T08:04:25Z","count":2,"temp_air":12.9,"hum_air":81.7,"generated_at":"2026-03-23T08:09:07Z","inserted_at":"2026-03-23T08:09:07Z","ts":"2026-03-23T08:04:25Z"}
{"_id":{"$oid":"69c0f77bb2147717dbde726c"},"start_ts":"2026-03-23T08:11:05Z","end_ts":"2026-03-23T08:17:45Z","count":4,"temp_air":12.850000000000001,"hum_air":81.65,"generated_at":"2026-03-23T08:19:07Z","inserted_at":"2026-03-23T08:19:07Z","ts":"2026-03-23T08:17:45Z"}
{"_id":{"$oid":"69c0f9d3b2147717dbde726d"},"start_ts":"2026-03-23T08:24:25Z","end_ts":"2026-03-23T08:24:25Z","count":2,"temp_air":12.8,"hum_air":81.5,"generated_at":"2026-03-23T08:29:07Z","inserted_at":"2026-03-23T08:29:07Z","ts":"2026-03-23T08:24:25Z"}
{"_id":{"$oid":"69c0fc2bb2147717dbde726e"},"start_ts":"2026-03-23T08:31:05Z","end_ts":"2026-03-23T08:37:45Z","count":4,"temp_air":12.7,"hum_air":81.75,"generated_at":"2026-03-23T08:39:07Z","inserted_at":"2026-03-23T08:39:07Z","ts":"2026-03-23T08:37:45Z"}
{"_id":{"$oid":"69c0fe83b2147717dbde726f"},"start_ts":"2026-03-23T08:44:25Z","end_ts":"2026-03-23T08:44:25Z","count":2,"temp_air":12.6,"hum_air":81.9,"generated_at":"2026-03-23T08:49:07Z","inserted_at":"2026-03-23T08:49:07Z","ts":"2026-03-23T08:44:25Z"}
{"_id":{"$oid":"69c100dbb2147717dbde7270"},"start_ts":"2026-03-23T08:51:05Z","end_ts":"2026-03-23T08:57:45Z","count":4,"temp_air":12.6,"hum_air":81.75,"generated_at":"2026-03-23T08:59:07Z","inserted_at":"2026-03-23T08:59:07Z","ts":"2026-03-23T08:57:45Z"}
{"_id":{"$oid":"69c10334b2147717dbde7271"},"start_ts":"2026-03-23T09:04:25Z","end_ts":"2026-03-23T09:04:25Z","count":2,"temp_air":12.5,"hum_air":81.6,"generated_at":"2026-03-23T09:09:08Z","inserted_at":"2026-03-23T09:09:08Z","ts":"2026-03-23T09:04:25Z"}
{"_id":{"$oid":"69c1058cb2147717dbde7272"},"start_ts":"2026-03-23T09:11:05Z","end_ts":"2026-03-23T09:17:45Z","count":4,"temp_air":12.5,"hum_air":81.85,"generated_at":"2026-03-23T09:19:08Z","inserted_at":"2026-03-23T09:19:08Z","ts":"2026-03-23T09:17:45Z"}
{"_id":{"$oid":"69c107e4b2147717dbde7273"},"start_ts":"2026-03-23T09:24:25Z","end_ts":"2026-03-23T09:24:25Z","count":2,"temp_air":12.4,"hum_air":81.6,"generated_at":"2026-03-23T09:29:08Z","inserted_at":"2026-03-23T09:29:08Z","ts":"2026-03-23T09:24:25Z"}
{"_id":{"$oid":"69c10a3cb2147717dbde7274"},"start_ts":"2026-03-23T09:31:05Z","end_ts":"2026-03-23T09:37:45Z","count":4,"temp_air":12.4,"hum_air":81.9,"generated_at":"2026-03-23T09:39:08Z","inserted_at":"2026-03-23T09:39:08Z","ts":"2026-03-23T09:37:45Z"}
{"_id":{"$oid":"69c10c94b2147717dbde7275"},"start_ts":"2026-03-23T09:44:25Z","end_ts":"2026-03-23T09:44:25Z","count":2,"temp_air":12.3,"hum_air":81.9,"generated_at":"2026-03-23T09:49:08Z","inserted_at":"2026-03-23T09:49:08Z","ts":"2026-03-23T09:44:25Z"}
{"_id":{"$oid":"69c10eecb2147717dbde7276"},"start_ts":"2026-03-23T09:51:05Z","end_ts":"2026-03-23T09:57:45Z","count":4,"temp_air":12.3,"hum_air":81.69999999999999,"generated_at":"2026-03-23T09:59:08Z","inserted_at":"2026-03-23T09:59:08Z","ts":"2026-03-23T09:57:45Z"}
{"_id":{"$oid":"69c11144b2147717dbde7277"},"start_ts":"2026-03-23T10:04:25Z","end_ts":"2026-03-23T10:04:25Z","count":2,"temp_air":12.2,"hum_air":82.0,"generated_at":"2026-03-23T10:09:08Z","inserted_at":"2026-03-23T10:09:08Z","ts":"2026-03-23T10:04:25Z"}
{"_id":{"$oid":"69c1139cb2147717dbde7278"},"start_ts":"2026-03-23T10:11:05Z","end_ts":"2026-03-23T10:17:45Z","count":4,"temp_air":12.149999999999999,"hum_air":82.25,"generated_at":"2026-03-23T10:19:08Z","inserted_at":"2026-03-23T10:19:08Z","ts":"2026-03-23T10:17:45Z"}
{"_id":{"$oid":"69c115f4b2147717dbde7279"},"start_ts":"2026-03-23T10:24:25Z","end_ts":"2026-03-23T10:24:25Z","count":2,"temp_air":12.3,"hum_air":82.2,"generated_at":"2026-03-23T10:29:08Z","inserted_at":"2026-03-23T10:29:08Z","ts":"2026-03-23T10:24:25Z"}
{"_id":{"$oid":"69c1184db2147717dbde727a"},"start_ts":"2026-03-23T10:31:05Z","end_ts":"2026-03-23T10:37:45Z","count":4,"temp_air":12.25,"hum_air":82.05000000000001,"generated_at":"2026-03-23T10:39:09Z","inserted_at":"2026-03-23T10:39:09Z","ts":"2026-03-23T10:37:45Z"}
{"_id":{"$oid":"69c11aa5b2147717dbde727b"},"start_ts":"2026-03-23T10:44:25Z","end_ts":"2026-03-23T10:44:25Z","count":2,"temp_air":12.1,"hum_air":81.7,"generated_at":"2026-03-23T10:49:09Z","inserted_at":"2026-03-23T10:49:09Z","ts":"2026-03-23T10:44:25Z"}
{"_id":{"$oid":"69c11cfdb2147717dbde727c"},"start_ts":"2026-03-23T10:51:05Z","end_ts":"2026-03-23T10:57:45Z","count":4,"temp_air":11.95,"hum_air":81.69999999999999,"generated_at":"2026-03-23T10:59:09Z","inserted_at":"2026-03-23T10:59:09Z","ts":"2026-03-23T10:57:45Z"}
{"_id":{"$oid":"69c11f55b2147717dbde727d"},"start_ts":"2026-03-23T11:04:25Z","end_ts":"2026-03-23T11:04:25Z","count":2,"temp_air":11.9,"hum_air":81.7,"generated_at":"2026-03-23T11:09:09Z","inserted_at":"2026-03-23T11:09:09Z","ts":"2026-03-23T11:04:25Z"}
{"_id":{"$oid":"69c121adb2147717dbde727e"},"start_ts":"2026-03-23T11:11:05Z","end_ts":"2026-03-23T11:17:45Z","count":4,"temp_air":11.850000000000001,"hum_air":81.7,"generated_at":"2026-03-23T11:19:09Z","inserted_at":"2026-03-23T11:19:09Z","ts":"2026-03-23T11:17:45Z"}
{"_id":{"$oid":"69c12405b2147717dbde727f"},"start_ts":"2026-03-23T11:24:25Z","end_ts":"2026-03-23T11:24:25Z","count":2,"temp_air":11.8,"hum_air":81.3,"generated_at":"2026-03-23T11:29:09Z","inserted_at":"2026-03-23T11:29:09Z","ts":"2026-03-23T11:24:25Z"}
{"_id":{"$oid":"69c1265db2147717dbde7280"},"start_ts":"2026-03-23T11:31:05Z","end_ts":"2026-03-23T11:37:45Z","count":4,"temp_air":12.2,"hum_air":81.35,"generated_at":"2026-03-23T11:39:09Z","inserted_at":"2026-03-23T11:39:09Z","ts":"2026-03-23T11:37:45Z"}
{"_id":{"$oid":"69c128b5b2147717dbde7281"},"start_ts":"2026-03-23T11:44:25Z","end_ts":"2026-03-23T11:44:25Z","count":2,"temp_air":12.5,"hum_air":80.7,"generated_at":"2026-03-23T11:49:09Z","inserted_at":"2026-03-23T11:49:09Z","ts":"2026-03-23T11:44:25Z"}
{"_id":{"$oid":"69c12b0db2147717dbde7282"},"start_ts":"2026-03-23T11:51:05Z","end_ts":"2026-03-23T11:57:45Z","count":4,"temp_air":13.25,"hum_air":79.44999999999999,"generated_at":"2026-03-23T11:59:09Z","inserted_at":"2026-03-23T11:59:09Z","ts":"2026-03-23T11:57:45Z"}
{"_id":{"$oid":"69c12d65b2147717dbde7283"},"start_ts":"2026-03-23T12:04:25Z","end_ts":"2026-03-23T12:04:25Z","count":2,"temp_air":14.1,"hum_air":78.4,"generated_at":"2026-03-23T12:09:09Z","inserted_at":"2026-03-23T12:09:09Z","ts":"2026-03-23T12:04:25Z"}
{"_id":{"$oid":"69c12fbdb2147717dbde7284"},"start_ts":"2026-03-23T12:11:05Z","end_ts":"2026-03-23T12:17:45Z","count":4,"temp_air":15.0,"hum_air":77.8,"generated_at":"2026-03-23T12:19:09Z","inserted_at":"2026-03-23T12:19:09Z","ts":"2026-03-23T12:17:45Z"}
{"_id":{"$oid":"69c13215b2147717dbde7285"},"start_ts":"2026-03-23T12:24:26Z","end_ts":"2026-03-23T12:24:26Z","count":2,"temp_air":15.8,"hum_air":75.8,"generated_at":"2026-03-23T12:29:09Z","inserted_at":"2026-03-23T12:29:09Z","ts":"2026-03-23T12:24:26Z"}
{"_id":{"$oid":"69c1346eb2147717dbde7286"},"start_ts":"2026-03-23T12:31:06Z","end_ts":"2026-03-23T12:37:46Z","count":4,"temp_air":16.549999999999997,"hum_air":73.85,"generated_at":"2026-03-23T12:39:10Z","inserted_at":"2026-03-23T12:39:10Z","ts":"2026-03-23T12:37:46Z"}
{"_id":{"$oid":"69c136c6b2147717dbde7287"},"start_ts":"2026-03-23T12:44:28Z","end_ts":"2026-03-23T12:44:28Z","count":2,"temp_air":17.8,"hum_air":72.7,"generated_at":"2026-03-23T12:49:10Z","inserted_at":"2026-03-23T12:49:10Z","ts":"2026-03-23T12:44:28Z"}
{"_id":{"$oid":"69c1391eb2147717dbde7288"},"start_ts":"2026-03-23T12:51:06Z","end_ts":"2026-03-23T12:57:47Z","count":4,"temp_air":21.65,"hum_air":67.0,"generated_at":"2026-03-23T12:59:10Z","inserted_at":"2026-03-23T12:59:10Z","ts":"2026-03-23T12:57:47Z"}
{"_id":{"$oid":"69c13b76b2147717dbde7289"},"start_ts":"2026-03-23T13:04:27Z","end_ts":"2026-03-23T13:04:27Z","count":2,"temp_air":24.1,"hum_air":60.6,"generated_at":"2026-03-23T13:09:10Z","inserted_at":"2026-03-23T13:09:10Z","ts":"2026-03-23T13:04:27Z"}
{"_id":{"$oid":"69c13dceb2147717dbde728a"},"start_ts":"2026-03-23T13:13:21Z","end_ts":"2026-03-23T13:13:21Z","count":2,"temp_air":24.9,"hum_air":57.7,"generated_at":"2026-03-23T13:19:10Z","inserted_at":"2026-03-23T13:19:10Z","ts":"2026-03-23T13:13:21Z"}
{"_id":{"$oid":"69c14026b2147717dbde728b"},"start_ts":"2026-03-23T13:20:02Z","end_ts":"2026-03-23T13:26:42Z","count":4,"temp_air":26.8,"hum_air":55.15,"generated_at":"2026-03-23T13:29:10Z","inserted_at":"2026-03-23T13:29:10Z","ts":"2026-03-23T13:26:42Z"}
{"_id":{"$oid":"69c1427eb2147717dbde728c"},"start_ts":"2026-03-23T13:33:23Z","end_ts":"2026-03-23T13:33:23Z","count":2,"temp_air":28.7,"hum_air":48.9,"generated_at":"2026-03-23T13:39:10Z","inserted_at":"2026-03-23T13:39:10Z","ts":"2026-03-23T13:33:23Z"}
{"_id":{"$oid":"69c144d6b2147717dbde728d"},"start_ts":"2026-03-23T13:40:03Z","end_ts":"2026-03-23T13:46:41Z","count":4,"temp_air":30.3,"hum_air":50.25,"generated_at":"2026-03-23T13:49:10Z","inserted_at":"2026-03-23T13:49:10Z","ts":"2026-03-23T13:46:41Z"}
{"_id":{"$oid":"69c1472eb2147717dbde728e"},"start_ts":"2026-03-23T13:53:22Z","end_ts":"2026-03-23T13:53:22Z","count":2,"temp_air":33.0,"hum_air":47.5,"generated_at":"2026-03-23T13:59:10Z","inserted_at":"2026-03-23T13:59:10Z","ts":"2026-03-23T13:53:22Z"}
{"_id":{"$oid":"69c14987b2147717dbde728f"},"start_ts":"2026-03-23T14:00:03Z","end_ts":"2026-03-23T14:06:43Z","count":4,"temp_air":36.05,"hum_air":42.5,"generated_at":"2026-03-23T14:09:11Z","inserted_at":"2026-03-23T14:09:11Z","ts":"2026-03-23T14:06:43Z"}
{"_id":{"$oid":"69c14bdfb2147717dbde7290"},"start_ts":"2026-03-23T14:13:22Z","end_ts":"2026-03-23T14:13:22Z","count":2,"temp_air":38.0,"hum_air":41.3,"generated_at":"2026-03-23T14:19:11Z","inserted_at":"2026-03-23T14:19:11Z","ts":"2026-03-23T14:13:22Z"}
{"_id":{"$oid":"69c14e37b2147717dbde7291"},"start_ts":"2026-03-23T14:20:03Z","end_ts":"2026-03-23T14:26:43Z","count":4,"temp_air":40.15,"hum_air":39.4,"generated_at":"2026-03-23T14:29:11Z","inserted_at":"2026-03-23T14:29:11Z","ts":"2026-03-23T14:26:43Z"}
{"_id":{"$oid":"69c1508fb2147717dbde7292"},"start_ts":"2026-03-23T14:33:23Z","end_ts":"2026-03-23T14:33:23Z","count":2,"temp_air":42.1,"hum_air":35.5,"generated_at":"2026-03-23T14:39:11Z","inserted_at":"2026-03-23T14:39:11Z","ts":"2026-03-23T14:33:23Z"}
{"_id":{"$oid":"69c152e7b2147717dbde7293"},"start_ts":"2026-03-23T14:40:03Z","end_ts":"2026-03-23T14:46:44Z","count":4,"temp_air":43.7,"hum_air":35.85,"generated_at":"2026-03-23T14:49:11Z","inserted_at":"2026-03-23T14:49:11Z","ts":"2026-03-23T14:46:44Z"}
{"_id":{"$oid":"69c1553fb2147717dbde7294"},"start_ts":"2026-03-23T14:53:24Z","end_ts":"2026-03-23T14:53:24Z","count":2,"temp_air":44.5,"hum_air":33.9,"generated_at":"2026-03-23T14:59:11Z","inserted_at":"2026-03-23T14:59:11Z","ts":"2026-03-23T14:53:24Z"}
{"_id":{"$oid":"69c15797b2147717dbde7295"},"start_ts":"2026-03-23T15:00:02Z","end_ts":"2026-03-23T15:06:42Z","count":4,"temp_air":45.4,"hum_air":33.0,"generated_at":"2026-03-23T15:09:11Z","inserted_at":"2026-03-23T15:09:11Z","ts":"2026-03-23T15:06:42Z"}
{"_id":{"$oid":"69c159efb2147717dbde7296"},"start_ts":"2026-03-23T15:13:22Z","end_ts":"2026-03-23T15:13:22Z","count":2,"temp_air":46.3,"hum_air":30.8,"generated_at":"2026-03-23T15:19:11Z","inserted_at":"2026-03-23T15:19:11Z","ts":"2026-03-23T15:13:22Z"}
{"_id":{"$oid":"69c15c47b2147717dbde7297"},"start_ts":"2026-03-23T15:20:02Z","end_ts":"2026-03-23T15:26:42Z","count":4,"temp_air":46.2,"hum_air":31.65,"generated_at":"2026-03-23T15:29:11Z","inserted_at":"2026-03-23T15:29:11Z","ts":"2026-03-23T15:26:42Z"}
{"_id":{"$oid":"69c15ea0b2147717dbde7298"},"start_ts":"2026-03-23T15:33:22Z","end_ts":"2026-03-23T15:33:22Z","count":2,"temp_air":46.7,"hum_air":32.4,"generated_at":"2026-03-23T15:39:12Z","inserted_at":"2026-03-23T15:39:12Z","ts":"2026-03-23T15:33:22Z"}
{"_id":{"$oid":"69c160f8b2147717dbde7299"},"start_ts":"2026-03-23T15:40:02Z","end_ts":"2026-03-23T15:46:42Z","count":4,"temp_air":47.5,"hum_air":30.5,"generated_at":"2026-03-23T15:49:12Z","inserted_at":"2026-03-23T15:49:12Z","ts":"2026-03-23T15:46:42Z"}
{"_id":{"$oid":"69c16350b2147717dbde729a"},"start_ts":"2026-03-23T15:53:21Z","end_ts":"2026-03-23T15:53:21Z","count":2,"temp_air":47.3,"hum_air":28.0,"generated_at":"2026-03-23T15:59:12Z","inserted_at":"2026-03-23T15:59:12Z","ts":"2026-03-23T15:53:21Z"}
{"_id":{"$oid":"69c165a8b2147717dbde729b"},"start_ts":"2026-03-23T16:00:02Z","end_ts":"2026-03-23T16:06:42Z","count":4,"temp_air":46.55,"hum_air":28.450000000000003,"generated_at":"2026-03-23T16:09:12Z","inserted_at":"2026-03-23T16:09:12Z","ts":"2026-03-23T16:06:42Z"}
{"_id":{"$oid":"69c16800b2147717dbde729c"},"start_ts":"2026-03-23T16:13:22Z","end_ts":"2026-03-23T16:13:22Z","count":2,"temp_air":45.9,"hum_air":29.5,"generated_at":"2026-03-23T16:19:12Z","inserted_at":"2026-03-23T16:19:12Z","ts":"2026-03-23T16:13:22Z"}
{"_id":{"$oid":"69c16a58b2147717dbde729d"},"start_ts":"2026-03-23T16:20:02Z","end_ts":"2026-03-23T16:26:42Z","count":4,"temp_air":44.95,"hum_air":29.5,"generated_at":"2026-03-23T16:29:12Z","inserted_at":"2026-03-23T16:29:12Z","ts":"2026-03-23T16:26:42Z"}
{"_id":{"$oid":"69c16cb0b2147717dbde729e"},"start_ts":"2026-03-23T16:33:22Z","end_ts":"2026-03-23T16:33:22Z","count":2,"temp_air":44.3,"hum_air":28.8,"generated_at":"2026-03-23T16:39:12Z","inserted_at":"2026-03-23T16:39:12Z","ts":"2026-03-23T16:33:22Z"}
{"_id":{"$oid":"69c16f08b2147717dbde729f"},"start_ts":"2026-03-23T16:40:02Z","end_ts":"2026-03-23T16:46:42Z","count":4,"temp_air":44.5,"hum_air":30.6,"generated_at":"2026-03-23T16:49:12Z","inserted_at":"2026-03-23T16:49:12Z","ts":"2026-03-23T16:46:42Z"}
{"_id":{"$oid":"69c17160b2147717dbde72a0"},"start_ts":"2026-03-23T16:53:22Z","end_ts":"2026-03-23T16:53:22Z","count":2,"temp_air":43.3,"hum_air":31.3,"generated_at":"2026-03-23T16:59:12Z","inserted_at":"2026-03-23T16:59:12Z","ts":"2026-03-23T16:53:22Z"}
{"_id":{"$oid":"69c173b8b2147717dbde72a1"},"start_ts":"2026-03-23T17:00:02Z","end_ts":"2026-03-23T17:06:42Z","count":4,"temp_air":43.5,"hum_air":30.7,"generated_at":"2026-03-23T17:09:12Z","inserted_at":"2026-03-23T17:09:12Z","ts":"2026-03-23T17:06:42Z"}
{"_id":{"$oid":"69c17611b2147717dbde72a2"},"start_ts":"2026-03-23T17:13:22Z","end_ts":"2026-03-23T17:13:22Z","count":2,"temp_air":42.5,"hum_air":31.7,"generated_at":"2026-03-23T17:19:13Z","inserted_at":"2026-03-23T17:19:13Z","ts":"2026-03-23T17:13:22Z"}
{"_id":{"$oid":"69c17869b2147717dbde72a3"},"start_ts":"2026-03-23T17:20:03Z","end_ts":"2026-03-23T17:26:42Z","count":4,"temp_air":40.05,"hum_air":32.7,"generated_at":"2026-03-23T17:29:13Z","inserted_at":"2026-03-23T17:29:13Z","ts":"2026-03-23T17:26:42Z"}
{"_id":{"$oid":"69c17ac1b2147717dbde72a4"},"start_ts":"2026-03-23T17:33:22Z","end_ts":"2026-03-23T17:33:22Z","count":2,"temp_air":38.3,"hum_air":34.4,"generated_at":"2026-03-23T17:39:13Z","inserted_at":"2026-03-23T17:39:13Z","ts":"2026-03-23T17:33:22Z"}
{"_id":{"$oid":"69c17d19b2147717dbde72a5"},"start_ts":"2026-03-23T17:40:02Z","end_ts":"2026-03-23T17:46:42Z","count":4,"temp_air":34.599999999999994,"hum_air":36.5,"generated_at":"2026-03-23T17:49:13Z","inserted_at":"2026-03-23T17:49:13Z","ts":"2026-03-23T17:46:42Z"}
{"_id":{"$oid":"69c17f71b2147717dbde72a6"},"start_ts":"2026-03-23T17:53:23Z","end_ts":"2026-03-23T17:53:23Z","count":2,"temp_air":30.9,"hum_air":41.5,"generated_at":"2026-03-23T17:59:13Z","inserted_at":"2026-03-23T17:59:13Z","ts":"2026-03-23T17:53:23Z"}
{"_id":{"$oid":"69c181c9b2147717dbde72a7"},"start_ts":"2026-03-23T18:00:02Z","end_ts":"2026-03-23T18:06:42Z","count":4,"temp_air":29.25,"hum_air":43.95,"generated_at":"2026-03-23T18:09:13Z","inserted_at":"2026-03-23T18:09:13Z","ts":"2026-03-23T18:06:42Z"}
{"_id":{"$oid":"69c18421b2147717dbde72a8"},"start_ts":"2026-03-23T18:13:22Z","end_ts":"2026-03-23T18:13:22Z","count":2,"temp_air":28.2,"hum_air":45.2,"generated_at":"2026-03-23T18:19:13Z","inserted_at":"2026-03-23T18:19:13Z","ts":"2026-03-23T18:13:22Z"}
{"_id":{"$oid":"69c18679b2147717dbde72a9"},"start_ts":"2026-03-23T18:20:02Z","end_ts":"2026-03-23T18:26:42Z","count":4,"temp_air":26.799999999999997,"hum_air":46.75,"generated_at":"2026-03-23T18:29:13Z","inserted_at":"2026-03-23T18:29:13Z","ts":"2026-03-23T18:26:42Z"}
{"_id":{"$oid":"69c188d1b2147717dbde72aa"},"start_ts":"2026-03-23T18:33:22Z","end_ts":"2026-03-23T18:33:22Z","count":2,"temp_air":26.7,"hum_air":46.8,"generated_at":"2026-03-23T18:39:13Z","inserted_at":"2026-03-23T18:39:13Z","ts":"2026-03-23T18:33:22Z"}
{"_id":{"$oid":"69c18b29b2147717dbde72ab"},"start_ts":"2026-03-23T18:40:02Z","end_ts":"2026-03-23T18:46:42Z","count":4,"temp_air":25.7,"hum_air":48.3,"generated_at":"2026-03-23T18:49:13Z","inserted_at":"2026-03-23T18:49:13Z","ts":"2026-03-23T18:46:42Z"}
{"_id":{"$oid":"69c18d81b2147717dbde72ac"},"start_ts":"2026-03-23T18:53:22Z","end_ts":"2026-03-23T18:53:22Z","count":2,"temp_air":25.3,"hum_air":49.6,"generated_at":"2026-03-23T18:59:13Z","inserted_at":"2026-03-23T18:59:13Z","ts":"2026-03-23T18:53:22Z"}
{"_id":{"$oid":"69c18fd9b2147717dbde72ad"},"start_ts":"2026-03-23T19:00:02Z","end_ts":"2026-03-23T19:06:42Z","count":4,"temp_air":25.049999999999997,"hum_air":50.9,"generated_at":"2026-03-23T19:09:13Z","inserted_at":"2026-03-23T19:09:13Z","ts":"2026-03-23T19:06:42Z"}
{"_id":{"$oid":"69c19232b2147717dbde72ae"},"start_ts":"2026-03-23T19:13:22Z","end_ts":"2026-03-23T19:13:22Z","count":2,"temp_air":24.6,"hum_air":53.3,"generated_at":"2026-03-23T19:19:14Z","inserted_at":"2026-03-23T19:19:14Z","ts":"2026-03-23T19:13:22Z"}
{"_id":{"$oid":"69c1948ab2147717dbde72af"},"start_ts":"2026-03-23T19:20:03Z","end_ts":"2026-03-23T19:26:42Z","count":4,"temp_air":25.35,"hum_air":52.2,"generated_at":"2026-03-23T19:29:14Z","inserted_at":"2026-03-23T19:29:14Z","ts":"2026-03-23T19:26:42Z"}
{"_id":{"$oid":"69c196e2b2147717dbde72b0"},"start_ts":"2026-03-23T19:33:22Z","end_ts":"2026-03-23T19:33:22Z","count":2,"temp_air":26.2,"hum_air":51.1,"generated_at":"2026-03-23T19:39:14Z","inserted_at":"2026-03-23T19:39:14Z","ts":"2026-03-23T19:33:22Z"}
{"_id":{"$oid":"69c1993ab2147717dbde72b1"},"start_ts":"2026-03-23T19:40:02Z","end_ts":"2026-03-23T19:46:43Z","count":4,"temp_air":25.95,"hum_air":51.8,"generated_at":"2026-03-23T19:49:14Z","inserted_at":"2026-03-23T19:49:14Z","ts":"2026-03-23T19:46:43Z"}
{"_id":{"$oid":"69c19b92b2147717dbde72b2"},"start_ts":"2026-03-23T19:53:22Z","end_ts":"2026-03-23T19:53:22Z","count":2,"temp_air":26.2,"hum_air":51.8,"generated_at":"2026-03-23T19:59:14Z","inserted_at":"2026-03-23T19:59:14Z","ts":"2026-03-23T19:53:22Z"}
{"_id":{"$oid":"69c19deab2147717dbde72b3"},"start_ts":"2026-03-23T20:00:02Z","end_ts":"2026-03-23T20:06:42Z","count":4,"temp_air":25.05,"hum_air":53.9,"generated_at":"2026-03-23T20:09:14Z","inserted_at":"2026-03-23T20:09:14Z","ts":"2026-03-23T20:06:42Z"}
{"_id":{"$oid":"69c1a042b2147717dbde72b4"},"start_ts":"2026-03-23T20:13:22Z","end_ts":"2026-03-23T20:13:22Z","count":2,"temp_air":24.3,"hum_air":55.3,"generated_at":"2026-03-23T20:19:14Z","inserted_at":"2026-03-23T20:19:14Z","ts":"2026-03-23T20:13:22Z"}
{"_id":{"$oid":"69c1a29ab2147717dbde72b5"},"start_ts":"2026-03-23T20:20:02Z","end_ts":"2026-03-23T20:26:42Z","count":4,"temp_air":23.35,"hum_air":57.7,"generated_at":"2026-03-23T20:29:14Z","inserted_at":"2026-03-23T20:29:14Z","ts":"2026-03-23T20:26:42Z"}
{"_id":{"$oid":"69c1a4f2b2147717dbde72b6"},"start_ts":"2026-03-23T20:33:22Z","end_ts":"2026-03-23T20:33:22Z","count":2,"temp_air":22.1,"hum_air":60.5,"generated_at":"2026-03-23T20:39:14Z","inserted_at":"2026-03-23T20:39:14Z","ts":"2026-03-23T20:33:22Z"}
{"_id":{"$oid":"69c1a74ab2147717dbde72b7"},"start_ts":"2026-03-23T20:40:02Z","end_ts":"2026-03-23T20:46:42Z","count":4,"temp_air":21.15,"hum_air":63.35,"generated_at":"2026-03-23T20:49:14Z","inserted_at":"2026-03-23T20:49:14Z","ts":"2026-03-23T20:46:42Z"}
{"_id":{"$oid":"69c1a9a3b2147717dbde72b8"},"start_ts":"2026-03-23T20:53:22Z","end_ts":"2026-03-23T20:53:22Z","count":2,"temp_air":20.9,"hum_air":66.4,"generated_at":"2026-03-23T20:59:15Z","inserted_at":"2026-03-23T20:59:15Z","ts":"2026-03-23T20:53:22Z"}
{"_id":{"$oid":"69c1abfbb2147717dbde72b9"},"start_ts":"2026-03-23T21:00:02Z","end_ts":"2026-03-23T21:06:42Z","count":4,"temp_air":20.0,"hum_air":70.5,"generated_at":"2026-03-23T21:09:15Z","inserted_at":"2026-03-23T21:09:15Z","ts":"2026-03-23T21:06:42Z"}
{"_id":{"$oid":"69c1ae53b2147717dbde72ba"},"start_ts":"2026-03-23T21:13:22Z","end_ts":"2026-03-23T21:13:22Z","count":2,"temp_air":19.4,"hum_air":72.8,"generated_at":"2026-03-23T21:19:15Z","inserted_at":"2026-03-23T21:19:15Z","ts":"2026-03-23T21:13:22Z"}
{"_id":{"$oid":"69c1b0abb2147717dbde72bb"},"start_ts":"2026-03-23T21:20:03Z","end_ts":"2026-03-23T21:26:42Z","count":4,"temp_air":18.35,"hum_air":76.2,"generated_at":"2026-03-23T21:29:15Z","inserted_at":"2026-03-23T21:29:15Z","ts":"2026-03-23T21:26:42Z"}
{"_id":{"$oid":"69c1b303b2147717dbde72bc"},"start_ts":"2026-03-23T21:33:23Z","end_ts":"2026-03-23T21:33:23Z","count":2,"temp_air":18.5,"hum_air":76.5,"generated_at":"2026-03-23T21:39:15Z","inserted_at":"2026-03-23T21:39:15Z","ts":"2026-03-23T21:33:23Z"}
{"_id":{"$oid":"69c1b55bb2147717dbde72bd"},"start_ts":"2026-03-23T21:40:03Z","end_ts":"2026-03-23T21:46:42Z","count":4,"temp_air":18.65,"hum_air":76.55,"generated_at":"2026-03-23T21:49:15Z","inserted_at":"2026-03-23T21:49:15Z","ts":"2026-03-23T21:46:42Z"}
{"_id":{"$oid":"69c1b7b3b2147717dbde72be"},"start_ts":"2026-03-23T21:53:24Z","end_ts":"2026-03-23T21:53:24Z","count":2,"temp_air":18.7,"hum_air":76.1,"generated_at":"2026-03-23T21:59:15Z","inserted_at":"2026-03-23T21:59:15Z","ts":"2026-03-23T21:53:24Z"}
{"_id":{"$oid":"69c1ba0bb2147717dbde72bf"},"start_ts":"2026-03-23T22:00:02Z","end_ts":"2026-03-23T22:06:44Z","count":4,"temp_air":18.95,"hum_air":75.85,"generated_at":"2026-03-23T22:09:15Z","inserted_at":"2026-03-23T22:09:15Z","ts":"2026-03-23T22:06:44Z"}
{"_id":{"$oid":"69c1bc63b2147717dbde72c0"},"start_ts":"2026-03-23T22:13:22Z","end_ts":"2026-03-23T22:13:22Z","count":2,"temp_air":19.0,"hum_air":76.1,"generated_at":"2026-03-23T22:19:15Z","inserted_at":"2026-03-23T22:19:15Z","ts":"2026-03-23T22:13:22Z"}
{"_id":{"$oid":"69c1bebcb2147717dbde72c1"},"start_ts":"2026-03-23T22:20:03Z","end_ts":"2026-03-23T22:26:43Z","count":4,"temp_air":18.85,"hum_air":76.1,"generated_at":"2026-03-23T22:29:16Z","inserted_at":"2026-03-23T22:29:16Z","ts":"2026-03-23T22:26:43Z"}
{"_id":{"$oid":"69c1c114b2147717dbde72c2"},"start_ts":"2026-03-23T22:33:23Z","end_ts":"2026-03-23T22:33:23Z","count":2,"temp_air":18.7,"hum_air":77.0,"generated_at":"2026-03-23T22:39:16Z","inserted_at":"2026-03-23T22:39:16Z","ts":"2026-03-23T22:33:23Z"}
{"_id":{"$oid":"69c1c36cb2147717dbde72c3"},"start_ts":"2026-03-23T22:46:43Z","end_ts":"2026-03-23T22:46:43Z","count":2,"temp_air":18.3,"hum_air":78.2,"generated_at":"2026-03-23T22:49:16Z","inserted_at":"2026-03-23T22:49:16Z","ts":"2026-03-23T22:46:43Z"}
{"_id":{"$oid":"69c1c5c4b2147717dbde72c4"},"start_ts":"2026-03-23T22:53:24Z","end_ts":"2026-03-23T22:53:24Z","count":2,"temp_air":18.2,"hum_air":78.1,"generated_at":"2026-03-23T22:59:16Z","inserted_at":"2026-03-23T22:59:16Z","ts":"2026-03-23T22:53:24Z"}
{"_id":{"$oid":"69c1c81cb2147717dbde72c5"},"start_ts":"2026-03-23T23:00:04Z","end_ts":"2026-03-23T23:06:45Z","count":4,"temp_air":18.15,"hum_air":78.65,"generated_at":"2026-03-23T23:09:16Z","inserted_at":"2026-03-23T23:09:16Z","ts":"2026-03-23T23:06:45Z"}
{"_id":{"$oid":"69c1ca74b2147717dbde72c6"},"start_ts":"2026-03-23T23:13:26Z","end_ts":"2026-03-23T23:13:26Z","count":2,"temp_air":18.0,"hum_air":79.2,"generated_at":"2026-03-23T23:19:16Z","inserted_at":"2026-03-23T23:19:16Z","ts":"2026-03-23T23:13:26Z"}
{"_id":{"$oid":"69c1ccccb2147717dbde72c7"},"start_ts":"2026-03-23T23:20:04Z","end_ts":"2026-03-23T23:26:43Z","count":4,"temp_air":17.95,"hum_air":79.65,"generated_at":"2026-03-23T23:29:16Z","inserted_at":"2026-03-23T23:29:16Z","ts":"2026-03-23T23:26:43Z"}
{"_id":{"$oid":"69c1cf24b2147717dbde72c8"},"start_ts":"2026-03-23T23:33:24Z","end_ts":"2026-03-23T23:33:24Z","count":2,"temp_air":17.9,"hum_air":80.1,"generated_at":"2026-03-23T23:39:16Z","inserted_at":"2026-03-23T23:39:16Z","ts":"2026-03-23T23:33:24Z"}
{"_id":{"$oid":"69c1d17db2147717dbde72c9"},"start_ts":"2026-03-23T23:40:04Z","end_ts":"2026-03-23T23:46:43Z","count":4,"temp_air":17.700000000000003,"hum_air":79.6,"generated_at":"2026-03-23T23:49:17Z","inserted_at":"2026-03-23T23:49:17Z","ts":"2026-03-23T23:46:43Z"}
{"_id":{"$oid":"69c1d3d5b2147717dbde72ca"},"start_ts":"2026-03-23T23:53:23Z","end_ts":"2026-03-23T23:53:23Z","count":2,"temp_air":17.5,"hum_air":80.0,"generated_at":"2026-03-23T23:59:17Z","inserted_at":"2026-03-23T23:59:17Z","ts":"2026-03-23T23:53:23Z"}
{"_id":{"$oid":"69c1d62db2147717dbde72cb"},"start_ts":"2026-03-24T00:00:03Z","end_ts":"2026-03-24T00:06:44Z","count":4,"temp_air":17.25,"hum_air":80.25,"generated_at":"2026-03-24T00:09:17Z","inserted_at":"2026-03-24T00:09:17Z","ts":"2026-03-24T00:06:44Z"}
{"_id":{"$oid":"69c1d885b2147717dbde72cc"},"start_ts":"2026-03-24T00:13:25Z","end_ts":"2026-03-24T00:13:25Z","count":2,"temp_air":17.2,"hum_air":80.4,"generated_at":"2026-03-24T00:19:17Z","inserted_at":"2026-03-24T00:19:17Z","ts":"2026-03-24T00:13:25Z"}
{"_id":{"$oid":"69c1daddb2147717dbde72cd"},"start_ts":"2026-03-24T00:20:04Z","end_ts":"2026-03-24T00:26:43Z","count":4,"temp_air":17.15,"hum_air":80.45,"generated_at":"2026-03-24T00:29:17Z","inserted_at":"2026-03-24T00:29:17Z","ts":"2026-03-24T00:26:43Z"}
{"_id":{"$oid":"69c1dd35b2147717dbde72ce"},"start_ts":"2026-03-24T00:33:25Z","end_ts":"2026-03-24T00:33:37Z","count":6,"temp_air":17.0,"hum_air":79.9,"generated_at":"2026-03-24T00:39:17Z","inserted_at":"2026-03-24T00:39:17Z","ts":"2026-03-24T00:33:37Z"}
{"_id":{"$oid":"69c1df8db2147717dbde72cf"},"start_ts":"2026-03-24T00:40:05Z","end_ts":"2026-03-24T00:46:44Z","count":4,"temp_air":16.65,"hum_air":79.4,"generated_at":"2026-03-24T00:49:17Z","inserted_at":"2026-03-24T00:49:17Z","ts":"2026-03-24T00:46:44Z"}
{"_id":{"$oid":"69c1e1e5b2147717dbde72d0"},"start_ts":"2026-03-24T00:53:24Z","end_ts":"2026-03-24T00:53:24Z","count":2,"temp_air":16.4,"hum_air":79.7,"generated_at":"2026-03-24T00:59:17Z","inserted_at":"2026-03-24T00:59:17Z","ts":"2026-03-24T00:53:24Z"}
{"_id":{"$oid":"69c1e43db2147717dbde72d1"},"start_ts":"2026-03-24T01:00:05Z","end_ts":"2026-03-24T01:06:47Z","count":4,"temp_air":16.15,"hum_air":80.05000000000001,"generated_at":"2026-03-24T01:09:17Z","inserted_at":"2026-03-24T01:09:17Z","ts":"2026-03-24T01:06:47Z"}
{"_id":{"$oid":"69c1e696b2147717dbde72d2"},"start_ts":"2026-03-24T01:13:25Z","end_ts":"2026-03-24T01:13:25Z","count":2,"temp_air":16.2,"hum_air":80.5,"generated_at":"2026-03-24T01:19:18Z","inserted_at":"2026-03-24T01:19:18Z","ts":"2026-03-24T01:13:25Z"}
{"_id":{"$oid":"69c1e8eeb2147717dbde72d3"},"start_ts":"2026-03-24T01:20:04Z","end_ts":"2026-03-24T01:26:45Z","count":4,"temp_air":16.0,"hum_air":80.44999999999999,"generated_at":"2026-03-24T01:29:18Z","inserted_at":"2026-03-24T01:29:18Z","ts":"2026-03-24T01:26:45Z"}
{"_id":{"$oid":"69c1eb46b2147717dbde72d4"},"start_ts":"2026-03-24T01:33:26Z","end_ts":"2026-03-24T01:33:26Z","count":2,"temp_air":16.0,"hum_air":80.5,"generated_at":"2026-03-24T01:39:18Z","inserted_at":"2026-03-24T01:39:18Z","ts":"2026-03-24T01:33:26Z"}
{"_id":{"$oid":"69c1ed9eb2147717dbde72d5"},"start_ts":"2026-03-24T01:40:06Z","end_ts":"2026-03-24T01:46:45Z","count":4,"temp_air":15.9,"hum_air":80.75,"generated_at":"2026-03-24T01:49:18Z","inserted_at":"2026-03-24T01:49:18Z","ts":"2026-03-24T01:46:45Z"}
{"_id":{"$oid":"69c1eff6b2147717dbde72d6"},"start_ts":"2026-03-24T01:53:25Z","end_ts":"2026-03-24T01:53:25Z","count":2,"temp_air":15.8,"hum_air":81.1,"generated_at":"2026-03-24T01:59:18Z","inserted_at":"2026-03-24T01:59:18Z","ts":"2026-03-24T01:53:25Z"}
{"_id":{"$oid":"69c1f24eb2147717dbde72d7"},"start_ts":"2026-03-24T02:00:04Z","end_ts":"2026-03-24T02:06:45Z","count":4,"temp_air":15.8,"hum_air":81.25,"generated_at":"2026-03-24T02:09:18Z","inserted_at":"2026-03-24T02:09:18Z","ts":"2026-03-24T02:06:45Z"}
{"_id":{"$oid":"69c1f4a6b2147717dbde72d8"},"start_ts":"2026-03-24T02:13:25Z","end_ts":"2026-03-24T02:13:25Z","count":2,"temp_air":15.8,"hum_air":81.2,"generated_at":"2026-03-24T02:19:18Z","inserted_at":"2026-03-24T02:19:18Z","ts":"2026-03-24T02:13:25Z"}
{"_id":{"$oid":"69c1f6feb2147717dbde72d9"},"start_ts":"2026-03-24T02:20:05Z","end_ts":"2026-03-24T02:26:45Z","count":4,"temp_air":15.7,"hum_air":81.30000000000001,"generated_at":"2026-03-24T02:29:18Z","inserted_at":"2026-03-24T02:29:18Z","ts":"2026-03-24T02:26:45Z"}
{"_id":{"$oid":"69c1f956b2147717dbde72da"},"start_ts":"2026-03-24T02:33:24Z","end_ts":"2026-03-24T02:33:24Z","count":2,"temp_air":15.7,"hum_air":81.3,"generated_at":"2026-03-24T02:39:18Z","inserted_at":"2026-03-24T02:39:18Z","ts":"2026-03-24T02:33:24Z"}
{"_id":{"$oid":"69c1fbaeb2147717dbde72db"},"start_ts":"2026-03-24T02:40:03Z","end_ts":"2026-03-24T02:46:43Z","count":4,"temp_air":15.5,"hum_air":81.1,"generated_at":"2026-03-24T02:49:18Z","inserted_at":"2026-03-24T02:49:18Z","ts":"2026-03-24T02:46:43Z"}
{"_id":{"$oid":"69c1fe06b2147717dbde72dc"},"start_ts":"2026-03-24T02:53:23Z","end_ts":"2026-03-24T02:53:23Z","count":2,"temp_air":15.2,"hum_air":80.8,"generated_at":"2026-03-24T02:59:18Z","inserted_at":"2026-03-24T02:59:18Z","ts":"2026-03-24T02:53:23Z"}
{"_id":{"$oid":"69c2005fb2147717dbde72dd"},"start_ts":"2026-03-24T03:00:04Z","end_ts":"2026-03-24T03:06:43Z","count":4,"temp_air":15.05,"hum_air":81.25,"generated_at":"2026-03-24T03:09:19Z","inserted_at":"2026-03-24T03:09:19Z","ts":"2026-03-24T03:06:43Z"}
{"_id":{"$oid":"69c202b7b2147717dbde72de"},"start_ts":"2026-03-24T03:13:25Z","end_ts":"2026-03-24T03:13:25Z","count":2,"temp_air":14.9,"hum_air":81.5,"generated_at":"2026-03-24T03:19:19Z","inserted_at":"2026-03-24T03:19:19Z","ts":"2026-03-24T03:13:25Z"}
{"_id":{"$oid":"69c2050fb2147717dbde72df"},"start_ts":"2026-03-24T03:20:03Z","end_ts":"2026-03-24T03:26:43Z","count":4,"temp_air":15.1,"hum_air":81.9,"generated_at":"2026-03-24T03:29:19Z","inserted_at":"2026-03-24T03:29:19Z","ts":"2026-03-24T03:26:43Z"}
{"_id":{"$oid":"69c20767b2147717dbde72e0"},"start_ts":"2026-03-24T03:33:23Z","end_ts":"2026-03-24T03:33:23Z","count":2,"temp_air":15.2,"hum_air":81.8,"generated_at":"2026-03-24T03:39:19Z","inserted_at":"2026-03-24T03:39:19Z","ts":"2026-03-24T03:33:23Z"}
{"_id":{"$oid":"69c209bfb2147717dbde72e1"},"start_ts":"2026-03-24T03:40:04Z","end_ts":"2026-03-24T03:46:43Z","count":4,"temp_air":15.149999999999999,"hum_air":82.0,"generated_at":"2026-03-24T03:49:19Z","inserted_at":"2026-03-24T03:49:19Z","ts":"2026-03-24T03:46:43Z"}
{"_id":{"$oid":"69c20c17b2147717dbde72e2"},"start_ts":"2026-03-24T03:53:23Z","end_ts":"2026-03-24T03:53:23Z","count":2,"temp_air":15.2,"hum_air":81.7,"generated_at":"2026-03-24T03:59:19Z","inserted_at":"2026-03-24T03:59:19Z","ts":"2026-03-24T03:53:23Z"}
{"_id":{"$oid":"69c20e6fb2147717dbde72e3"},"start_ts":"2026-03-24T04:00:03Z","end_ts":"2026-03-24T04:06:43Z","count":4,"temp_air":15.2,"hum_air":81.85,"generated_at":"2026-03-24T04:09:19Z","inserted_at":"2026-03-24T04:09:19Z","ts":"2026-03-24T04:06:43Z"}
{"_id":{"$oid":"69c210c7b2147717dbde72e4"},"start_ts":"2026-03-24T04:13:23Z","end_ts":"2026-03-24T04:13:23Z","count":2,"temp_air":15.2,"hum_air":81.8,"generated_at":"2026-03-24T04:19:19Z","inserted_at":"2026-03-24T04:19:19Z","ts":"2026-03-24T04:13:23Z"}
{"_id":{"$oid":"69c2131fb2147717dbde72e5"},"start_ts":"2026-03-24T04:20:03Z","end_ts":"2026-03-24T04:26:43Z","count":4,"temp_air":15.1,"hum_air":81.75,"generated_at":"2026-03-24T04:29:19Z","inserted_at":"2026-03-24T04:29:19Z","ts":"2026-03-24T04:26:43Z"}
{"_id":{"$oid":"69c21577b2147717dbde72e6"},"start_ts":"2026-03-24T04:33:23Z","end_ts":"2026-03-24T04:33:23Z","count":2,"temp_air":14.8,"hum_air":81.3,"generated_at":"2026-03-24T04:39:19Z","inserted_at":"2026-03-24T04:39:19Z","ts":"2026-03-24T04:33:23Z"}
{"_id":{"$oid":"69c217d0b2147717dbde72e7"},"start_ts":"2026-03-24T04:40:03Z","end_ts":"2026-03-24T04:46:43Z","count":4,"temp_air":14.350000000000001,"hum_air":81.55,"generated_at":"2026-03-24T04:49:20Z","inserted_at":"2026-03-24T04:49:20Z","ts":"2026-03-24T04:46:43Z"}
{"_id":{"$oid":"69c21a28b2147717dbde72e8"},"start_ts":"2026-03-24T04:53:23Z","end_ts":"2026-03-24T04:53:23Z","count":2,"temp_air":14.2,"hum_air":82.0,"generated_at":"2026-03-24T04:59:20Z","inserted_at":"2026-03-24T04:59:20Z","ts":"2026-03-24T04:53:23Z"}
{"_id":{"$oid":"69c21c80b2147717dbde72e9"},"start_ts":"2026-03-24T05:00:03Z","end_ts":"2026-03-24T05:06:43Z","count":4,"temp_air":14.05,"hum_air":82.1,"generated_at":"2026-03-24T05:09:20Z","inserted_at":"2026-03-24T05:09:20Z","ts":"2026-03-24T05:06:43Z"}
{"_id":{"$oid":"69c21ed8b2147717dbde72ea"},"start_ts":"2026-03-24T05:13:23Z","end_ts":"2026-03-24T05:13:23Z","count":2,"temp_air":14.0,"hum_air":82.0,"generated_at":"2026-03-24T05:19:20Z","inserted_at":"2026-03-24T05:19:20Z","ts":"2026-03-24T05:13:23Z"}
{"_id":{"$oid":"69c22130b2147717dbde72eb"},"start_ts":"2026-03-24T05:20:03Z","end_ts":"2026-03-24T05:26:43Z","count":4,"temp_air":13.9,"hum_air":81.9,"generated_at":"2026-03-24T05:29:20Z","inserted_at":"2026-03-24T05:29:20Z","ts":"2026-03-24T05:26:43Z"}
{"_id":{"$oid":"69c22388b2147717dbde72ec"},"start_ts":"2026-03-24T05:33:23Z","end_ts":"2026-03-24T05:33:23Z","count":2,"temp_air":13.8,"hum_air":82.2,"generated_at":"2026-03-24T05:39:20Z","inserted_at":"2026-03-24T05:39:20Z","ts":"2026-03-24T05:33:23Z"}
{"_id":{"$oid":"69c225e0b2147717dbde72ed"},"start_ts":"2026-03-24T05:40:03Z","end_ts":"2026-03-24T05:46:43Z","count":4,"temp_air":13.75,"hum_air":82.45,"generated_at":"2026-03-24T05:49:20Z","inserted_at":"2026-03-24T05:49:20Z","ts":"2026-03-24T05:46:43Z"}
{"_id":{"$oid":"69c22838b2147717dbde72ee"},"start_ts":"2026-03-24T05:53:23Z","end_ts":"2026-03-24T05:53:23Z","count":2,"temp_air":13.7,"hum_air":82.2,"generated_at":"2026-03-24T05:59:20Z","inserted_at":"2026-03-24T05:59:20Z","ts":"2026-03-24T05:53:23Z"}
{"_id":{"$oid":"69c22a90b2147717dbde72ef"},"start_ts":"2026-03-24T06:00:03Z","end_ts":"2026-03-24T06:06:43Z","count":4,"temp_air":13.7,"hum_air":82.4,"generated_at":"2026-03-24T06:09:20Z","inserted_at":"2026-03-24T06:09:20Z","ts":"2026-03-24T06:06:43Z"}
{"_id":{"$oid":"69c22ce8b2147717dbde72f0"},"start_ts":"2026-03-24T06:13:23Z","end_ts":"2026-03-24T06:13:23Z","count":2,"temp_air":13.6,"hum_air":82.4,"generated_at":"2026-03-24T06:19:20Z","inserted_at":"2026-03-24T06:19:20Z","ts":"2026-03-24T06:13:23Z"}
{"_id":{"$oid":"69c22f41b2147717dbde72f1"},"start_ts":"2026-03-24T06:20:03Z","end_ts":"2026-03-24T06:26:43Z","count":4,"temp_air":13.6,"hum_air":82.5,"generated_at":"2026-03-24T06:29:21Z","inserted_at":"2026-03-24T06:29:21Z","ts":"2026-03-24T06:26:43Z"}
{"_id":{"$oid":"69c23199b2147717dbde72f2"},"start_ts":"2026-03-24T06:33:23Z","end_ts":"2026-03-24T06:33:23Z","count":2,"temp_air":13.6,"hum_air":82.5,"generated_at":"2026-03-24T06:39:21Z","inserted_at":"2026-03-24T06:39:21Z","ts":"2026-03-24T06:33:23Z"}
{"_id":{"$oid":"69c233f1b2147717dbde72f3"},"start_ts":"2026-03-24T06:40:03Z","end_ts":"2026-03-24T06:46:43Z","count":4,"temp_air":13.5,"hum_air":82.35,"generated_at":"2026-03-24T06:49:21Z","inserted_at":"2026-03-24T06:49:21Z","ts":"2026-03-24T06:46:43Z"}
{"_id":{"$oid":"69c23649b2147717dbde72f4"},"start_ts":"2026-03-24T06:53:23Z","end_ts":"2026-03-24T06:53:23Z","count":2,"temp_air":13.4,"hum_air":82.1,"generated_at":"2026-03-24T06:59:21Z","inserted_at":"2026-03-24T06:59:21Z","ts":"2026-03-24T06:53:23Z"}
{"_id":{"$oid":"69c238a1b2147717dbde72f5"},"start_ts":"2026-03-24T07:00:03Z","end_ts":"2026-03-24T07:06:43Z","count":4,"temp_air":13.350000000000001,"hum_air":82.1,"generated_at":"2026-03-24T07:09:21Z","inserted_at":"2026-03-24T07:09:21Z","ts":"2026-03-24T07:06:43Z"}
{"_id":{"$oid":"69c23af9b2147717dbde72f6"},"start_ts":"2026-03-24T07:13:23Z","end_ts":"2026-03-24T07:13:23Z","count":2,"temp_air":13.2,"hum_air":82.2,"generated_at":"2026-03-24T07:19:21Z","inserted_at":"2026-03-24T07:19:21Z","ts":"2026-03-24T07:13:23Z"}
{"_id":{"$oid":"69c23d51b2147717dbde72f7"},"start_ts":"2026-03-24T07:20:03Z","end_ts":"2026-03-24T07:26:43Z","count":4,"temp_air":13.149999999999999,"hum_air":82.30000000000001,"generated_at":"2026-03-24T07:29:21Z","inserted_at":"2026-03-24T07:29:21Z","ts":"2026-03-24T07:26:43Z"}
{"_id":{"$oid":"69c23fa9b2147717dbde72f8"},"start_ts":"2026-03-24T07:33:23Z","end_ts":"2026-03-24T07:33:23Z","count":2,"temp_air":13.2,"hum_air":82.7,"generated_at":"2026-03-24T07:39:21Z","inserted_at":"2026-03-24T07:39:21Z","ts":"2026-03-24T07:33:23Z"}
{"_id":{"$oid":"69c24201b2147717dbde72f9"},"start_ts":"2026-03-24T07:40:03Z","end_ts":"2026-03-24T07:46:43Z","count":4,"temp_air":13.4,"hum_air":82.5,"generated_at":"2026-03-24T07:49:21Z","inserted_at":"2026-03-24T07:49:21Z","ts":"2026-03-24T07:46:43Z"}
{"_id":{"$oid":"69c24459b2147717dbde72fa"},"start_ts":"2026-03-24T07:53:23Z","end_ts":"2026-03-24T07:53:23Z","count":2,"temp_air":13.4,"hum_air":82.3,"generated_at":"2026-03-24T07:59:21Z","inserted_at":"2026-03-24T07:59:21Z","ts":"2026-03-24T07:53:23Z"}
{"_id":{"$oid":"69c246b2b2147717dbde72fb"},"start_ts":"2026-03-24T08:00:03Z","end_ts":"2026-03-24T08:06:43Z","count":4,"temp_air":13.6,"hum_air":82.5,"generated_at":"2026-03-24T08:09:22Z","inserted_at":"2026-03-24T08:09:22Z","ts":"2026-03-24T08:06:43Z"}
{"_id":{"$oid":"69c2490ab2147717dbde72fc"},"start_ts":"2026-03-24T08:13:23Z","end_ts":"2026-03-24T08:13:23Z","count":2,"temp_air":13.6,"hum_air":82.2,"generated_at":"2026-03-24T08:19:22Z","inserted_at":"2026-03-24T08:19:22Z","ts":"2026-03-24T08:13:23Z"}
{"_id":{"$oid":"69c24b62b2147717dbde72fd"},"start_ts":"2026-03-24T08:20:03Z","end_ts":"2026-03-24T08:26:43Z","count":4,"temp_air":13.6,"hum_air":82.19999999999999,"generated_at":"2026-03-24T08:29:22Z","inserted_at":"2026-03-24T08:29:22Z","ts":"2026-03-24T08:26:43Z"}
{"_id":{"$oid":"69c24dbab2147717dbde72fe"},"start_ts":"2026-03-24T08:33:23Z","end_ts":"2026-03-24T08:33:23Z","count":2,"temp_air":13.7,"hum_air":82.4,"generated_at":"2026-03-24T08:39:22Z","inserted_at":"2026-03-24T08:39:22Z","ts":"2026-03-24T08:33:23Z"}
{"_id":{"$oid":"69c25012b2147717dbde72ff"},"start_ts":"2026-03-24T08:40:03Z","end_ts":"2026-03-24T08:46:43Z","count":4,"temp_air":13.8,"hum_air":82.4,"generated_at":"2026-03-24T08:49:22Z","inserted_at":"2026-03-24T08:49:22Z","ts":"2026-03-24T08:46:43Z"}
{"_id":{"$oid":"69c2526ab2147717dbde7300"},"start_ts":"2026-03-24T08:53:23Z","end_ts":"2026-03-24T08:53:23Z","count":2,"temp_air":13.8,"hum_air":82.4,"generated_at":"2026-03-24T08:59:22Z","inserted_at":"2026-03-24T08:59:22Z","ts":"2026-03-24T08:53:23Z"}
{"_id":{"$oid":"69c254c2b2147717dbde7301"},"start_ts":"2026-03-24T09:00:03Z","end_ts":"2026-03-24T09:06:43Z","count":4,"temp_air":13.75,"hum_air":82.1,"generated_at":"2026-03-24T09:09:22Z","inserted_at":"2026-03-24T09:09:22Z","ts":"2026-03-24T09:06:43Z"}
{"_id":{"$oid":"69c2571ab2147717dbde7302"},"start_ts":"2026-03-24T09:13:23Z","end_ts":"2026-03-24T09:13:23Z","count":2,"temp_air":13.5,"hum_air":82.1,"generated_at":"2026-03-24T09:19:22Z","inserted_at":"2026-03-24T09:19:22Z","ts":"2026-03-24T09:13:23Z"}
{"_id":{"$oid":"69c25972b2147717dbde7303"},"start_ts":"2026-03-24T09:20:03Z","end_ts":"2026-03-24T09:26:43Z","count":4,"temp_air":13.350000000000001,"hum_air":81.75,"generated_at":"2026-03-24T09:29:22Z","inserted_at":"2026-03-24T09:29:22Z","ts":"2026-03-24T09:26:43Z"}
{"_id":{"$oid":"69c25bcbb2147717dbde7304"},"start_ts":"2026-03-24T09:33:23Z","end_ts":"2026-03-24T09:33:23Z","count":2,"temp_air":13.0,"hum_air":81.8,"generated_at":"2026-03-24T09:39:23Z","inserted_at":"2026-03-24T09:39:23Z","ts":"2026-03-24T09:33:23Z"}
{"_id":{"$oid":"69c25e23b2147717dbde7305"},"start_ts":"2026-03-24T09:40:03Z","end_ts":"2026-03-24T09:46:43Z","count":4,"temp_air":12.7,"hum_air":82.0,"generated_at":"2026-03-24T09:49:23Z","inserted_at":"2026-03-24T09:49:23Z","ts":"2026-03-24T09:46:43Z"}
{"_id":{"$oid":"69c2607bb2147717dbde7306"},"start_ts":"2026-03-24T09:53:23Z","end_ts":"2026-03-24T09:53:23Z","count":2,"temp_air":12.8,"hum_air":82.4,"generated_at":"2026-03-24T09:59:23Z","inserted_at":"2026-03-24T09:59:23Z","ts":"2026-03-24T09:53:23Z"}
{"_id":{"$oid":"69c262d3b2147717dbde7307"},"start_ts":"2026-03-24T10:00:03Z","end_ts":"2026-03-24T10:06:43Z","count":4,"temp_air":12.75,"hum_air":82.65,"generated_at":"2026-03-24T10:09:23Z","inserted_at":"2026-03-24T10:09:23Z","ts":"2026-03-24T10:06:43Z"}
{"_id":{"$oid":"69c2652bb2147717dbde7308"},"start_ts":"2026-03-24T10:13:23Z","end_ts":"2026-03-24T10:13:23Z","count":2,"temp_air":12.9,"hum_air":82.8,"generated_at":"2026-03-24T10:19:23Z","inserted_at":"2026-03-24T10:19:23Z","ts":"2026-03-24T10:13:23Z"}
{"_id":{"$oid":"69c26783b2147717dbde7309"},"start_ts":"2026-03-24T10:20:03Z","end_ts":"2026-03-24T10:26:43Z","count":4,"temp_air":13.05,"hum_air":82.65,"generated_at":"2026-03-24T10:29:23Z","inserted_at":"2026-03-24T10:29:23Z","ts":"2026-03-24T10:26:43Z"}
{"_id":{"$oid":"69c269dbb2147717dbde730a"},"start_ts":"2026-03-24T10:33:23Z","end_ts":"2026-03-24T10:33:23Z","count":2,"temp_air":13.1,"hum_air":82.2,"generated_at":"2026-03-24T10:39:23Z","inserted_at":"2026-03-24T10:39:23Z","ts":"2026-03-24T10:33:23Z"}
{"_id":{"$oid":"69c26c33b2147717dbde730b"},"start_ts":"2026-03-24T10:40:03Z","end_ts":"2026-03-24T10:46:43Z","count":4,"temp_air":12.9,"hum_air":82.1,"generated_at":"2026-03-24T10:49:23Z","inserted_at":"2026-03-24T10:49:23Z","ts":"2026-03-24T10:46:43Z"}
{"_id":{"$oid":"69c26e8bb2147717dbde730c"},"start_ts":"2026-03-24T10:53:24Z","end_ts":"2026-03-24T10:53:24Z","count":2,"temp_air":13.0,"hum_air":82.4,"generated_at":"2026-03-24T10:59:23Z","inserted_at":"2026-03-24T10:59:23Z","ts":"2026-03-24T10:53:24Z"}
{"_id":{"$oid":"69c270e3b2147717dbde730d"},"start_ts":"2026-03-24T11:00:03Z","end_ts":"2026-03-24T11:06:44Z","count":4,"temp_air":12.75,"hum_air":82.1,"generated_at":"2026-03-24T11:09:23Z","inserted_at":"2026-03-24T11:09:23Z","ts":"2026-03-24T11:06:44Z"}
{"_id":{"$oid":"69c2733bb2147717dbde730e"},"start_ts":"2026-03-24T11:13:24Z","end_ts":"2026-03-24T11:13:24Z","count":2,"temp_air":12.6,"hum_air":82.2,"generated_at":"2026-03-24T11:19:23Z","inserted_at":"2026-03-24T11:19:23Z","ts":"2026-03-24T11:13:24Z"}
{"_id":{"$oid":"69c27594b2147717dbde730f"},"start_ts":"2026-03-24T11:20:04Z","end_ts":"2026-03-24T11:26:44Z","count":4,"temp_air":12.649999999999999,"hum_air":82.4,"generated_at":"2026-03-24T11:29:24Z","inserted_at":"2026-03-24T11:29:24Z","ts":"2026-03-24T11:26:44Z"}
{"_id":{"$oid":"69c277ecb2147717dbde7310"},"start_ts":"2026-03-24T11:33:24Z","end_ts":"2026-03-24T11:33:24Z","count":2,"temp_air":13.0,"hum_air":82.2,"generated_at":"2026-03-24T11:39:24Z","inserted_at":"2026-03-24T11:39:24Z","ts":"2026-03-24T11:33:24Z"}
{"_id":{"$oid":"69c27a44b2147717dbde7311"},"start_ts":"2026-03-24T11:40:04Z","end_ts":"2026-03-24T11:46:44Z","count":4,"temp_air":13.45,"hum_air":81.85,"generated_at":"2026-03-24T11:49:24Z","inserted_at":"2026-03-24T11:49:24Z","ts":"2026-03-24T11:46:44Z"}
{"_id":{"$oid":"69c27c9cb2147717dbde7312"},"start_ts":"2026-03-24T11:53:24Z","end_ts":"2026-03-24T11:53:24Z","count":2,"temp_air":13.8,"hum_air":81.2,"generated_at":"2026-03-24T11:59:24Z","inserted_at":"2026-03-24T11:59:24Z","ts":"2026-03-24T11:53:24Z"}
{"_id":{"$oid":"69c27ef4b2147717dbde7313"},"start_ts":"2026-03-24T12:00:04Z","end_ts":"2026-03-24T12:06:44Z","count":4,"temp_air":14.45,"hum_air":80.55000000000001,"generated_at":"2026-03-24T12:09:24Z","inserted_at":"2026-03-24T12:09:24Z","ts":"2026-03-24T12:06:44Z"}
{"_id":{"$oid":"69c2814cb2147717dbde7314"},"start_ts":"2026-03-24T12:13:24Z","end_ts":"2026-03-24T12:13:24Z","count":2,"temp_air":15.9,"hum_air":78.3,"generated_at":"2026-03-24T12:19:24Z","inserted_at":"2026-03-24T12:19:24Z","ts":"2026-03-24T12:13:24Z"}
{"_id":{"$oid":"69c283a4b2147717dbde7315"},"start_ts":"2026-03-24T12:20:04Z","end_ts":"2026-03-24T12:26:44Z","count":4,"temp_air":20.799999999999997,"hum_air":71.1,"generated_at":"2026-03-24T12:29:24Z","inserted_at":"2026-03-24T12:29:24Z","ts":"2026-03-24T12:26:44Z"}
{"_id":{"$oid":"69c285fcb2147717dbde7316"},"start_ts":"2026-03-24T12:33:24Z","end_ts":"2026-03-24T12:33:24Z","count":2,"temp_air":24.8,"hum_air":59.7,"generated_at":"2026-03-24T12:39:24Z","inserted_at":"2026-03-24T12:39:24Z","ts":"2026-03-24T12:33:24Z"}
{"_id":{"$oid":"69c28854b2147717dbde7317"},"start_ts":"2026-03-24T12:40:04Z","end_ts":"2026-03-24T12:46:44Z","count":4,"temp_air":25.1,"hum_air":59.25,"generated_at":"2026-03-24T12:49:24Z","inserted_at":"2026-03-24T12:49:24Z","ts":"2026-03-24T12:46:44Z"}
{"_id":{"$oid":"69c28aacb2147717dbde7318"},"start_ts":"2026-03-24T12:53:24Z","end_ts":"2026-03-24T12:53:24Z","count":2,"temp_air":25.3,"hum_air":58.5,"generated_at":"2026-03-24T12:59:24Z","inserted_at":"2026-03-24T12:59:24Z","ts":"2026-03-24T12:53:24Z"}
{"_id":{"$oid":"69c28d05b2147717dbde7319"},"start_ts":"2026-03-24T13:00:04Z","end_ts":"2026-03-24T13:06:44Z","count":4,"temp_air":25.799999999999997,"hum_air":57.6,"generated_at":"2026-03-24T13:09:25Z","inserted_at":"2026-03-24T13:09:25Z","ts":"2026-03-24T13:06:44Z"}
{"_id":{"$oid":"69c28f5db2147717dbde731a"},"start_ts":"2026-03-24T13:13:24Z","end_ts":"2026-03-24T13:13:24Z","count":2,"temp_air":26.8,"hum_air":57.3,"generated_at":"2026-03-24T13:19:25Z","inserted_at":"2026-03-24T13:19:25Z","ts":"2026-03-24T13:13:24Z"}
{"_id":{"$oid":"69c291b5b2147717dbde731b"},"start_ts":"2026-03-24T13:20:04Z","end_ts":"2026-03-24T13:26:44Z","count":4,"temp_air":28.35,"hum_air":52.650000000000006,"generated_at":"2026-03-24T13:29:25Z","inserted_at":"2026-03-24T13:29:25Z","ts":"2026-03-24T13:26:44Z"}
{"_id":{"$oid":"69c29665b2147717dbde731c"},"start_ts":"2026-03-24T13:40:04Z","end_ts":"2026-03-24T13:46:44Z","count":4,"temp_air":31.35,"hum_air":50.349999999999994,"generated_at":"2026-03-24T13:49:25Z","inserted_at":"2026-03-24T13:49:25Z","ts":"2026-03-24T13:46:44Z"}
{"_id":{"$oid":"69c298bdb2147717dbde731d"},"start_ts":"2026-03-24T13:53:24Z","end_ts":"2026-03-24T13:53:24Z","count":2,"temp_air":32.6,"hum_air":48.0,"generated_at":"2026-03-24T13:59:25Z","inserted_at":"2026-03-24T13:59:25Z","ts":"2026-03-24T13:53:24Z"}
{"_id":{"$oid":"69c29b15b2147717dbde731e"},"start_ts":"2026-03-24T14:00:04Z","end_ts":"2026-03-24T14:06:44Z","count":4,"temp_air":34.05,"hum_air":45.2,"generated_at":"2026-03-24T14:09:25Z","inserted_at":"2026-03-24T14:09:25Z","ts":"2026-03-24T14:06:44Z"}
{"_id":{"$oid":"69c29d6db2147717dbde731f"},"start_ts":"2026-03-24T14:13:24Z","end_ts":"2026-03-24T14:13:24Z","count":2,"temp_air":36.7,"hum_air":42.0,"generated_at":"2026-03-24T14:19:25Z","inserted_at":"2026-03-24T14:19:25Z","ts":"2026-03-24T14:13:24Z"}
{"_id":{"$oid":"69c29fc5b2147717dbde7320"},"start_ts":"2026-03-24T14:20:04Z","end_ts":"2026-03-24T14:26:44Z","count":4,"temp_air":38.900000000000006,"hum_air":40.3,"generated_at":"2026-03-24T14:29:25Z","inserted_at":"2026-03-24T14:29:25Z","ts":"2026-03-24T14:26:44Z"}
{"_id":{"$oid":"69c2a21db2147717dbde7321"},"start_ts":"2026-03-24T14:33:24Z","end_ts":"2026-03-24T14:33:24Z","count":2,"temp_air":39.8,"hum_air":42.1,"generated_at":"2026-03-24T14:39:25Z","inserted_at":"2026-03-24T14:39:25Z","ts":"2026-03-24T14:33:24Z"}
{"_id":{"$oid":"69c2a475b2147717dbde7322"},"start_ts":"2026-03-24T14:40:04Z","end_ts":"2026-03-24T14:46:44Z","count":4,"temp_air":42.7,"hum_air":38.6,"generated_at":"2026-03-24T14:49:25Z","inserted_at":"2026-03-24T14:49:25Z","ts":"2026-03-24T14:46:44Z"}
{"_id":{"$oid":"69c2a6cdb2147717dbde7323"},"start_ts":"2026-03-24T14:53:24Z","end_ts":"2026-03-24T14:53:24Z","count":2,"temp_air":45.0,"hum_air":34.6,"generated_at":"2026-03-24T14:59:25Z","inserted_at":"2026-03-24T14:59:25Z","ts":"2026-03-24T14:53:24Z"}
{"_id":{"$oid":"69c2a925b2147717dbde7324"},"start_ts":"2026-03-24T15:00:04Z","end_ts":"2026-03-24T15:06:44Z","count":4,"temp_air":44.7,"hum_air":32.650000000000006,"generated_at":"2026-03-24T15:09:25Z","inserted_at":"2026-03-24T15:09:25Z","ts":"2026-03-24T15:06:44Z"}
{"_id":{"$oid":"69c2ab7eb2147717dbde7325"},"start_ts":"2026-03-24T15:13:24Z","end_ts":"2026-03-24T15:13:24Z","count":2,"temp_air":44.9,"hum_air":32.6,"generated_at":"2026-03-24T15:19:26Z","inserted_at":"2026-03-24T15:19:26Z","ts":"2026-03-24T15:13:24Z"}
{"_id":{"$oid":"69c2add6b2147717dbde7326"},"start_ts":"2026-03-24T15:20:04Z","end_ts":"2026-03-24T15:26:44Z","count":4,"temp_air":44.25,"hum_air":33.2,"generated_at":"2026-03-24T15:29:26Z","inserted_at":"2026-03-24T15:29:26Z","ts":"2026-03-24T15:26:44Z"}
{"_id":{"$oid":"69c2b02eb2147717dbde7327"},"start_ts":"2026-03-24T15:33:24Z","end_ts":"2026-03-24T15:33:24Z","count":2,"temp_air":43.9,"hum_air":31.4,"generated_at":"2026-03-24T15:39:26Z","inserted_at":"2026-03-24T15:39:26Z","ts":"2026-03-24T15:33:24Z"}
{"_id":{"$oid":"69c2b286b2147717dbde7328"},"start_ts":"2026-03-24T15:40:04Z","end_ts":"2026-03-24T15:46:44Z","count":4,"temp_air":43.35,"hum_air":32.85,"generated_at":"2026-03-24T15:49:26Z","inserted_at":"2026-03-24T15:49:26Z","ts":"2026-03-24T15:46:44Z"}
{"_id":{"$oid":"69c2b4deb2147717dbde7329"},"start_ts":"2026-03-24T15:53:24Z","end_ts":"2026-03-24T15:53:24Z","count":2,"temp_air":43.5,"hum_air":33.3,"generated_at":"2026-03-24T15:59:26Z","inserted_at":"2026-03-24T15:59:26Z","ts":"2026-03-24T15:53:24Z"}
{"_id":{"$oid":"69c2b736b2147717dbde732a"},"start_ts":"2026-03-24T16:00:04Z","end_ts":"2026-03-24T16:06:44Z","count":4,"temp_air":43.75,"hum_air":32.55,"generated_at":"2026-03-24T16:09:26Z","inserted_at":"2026-03-24T16:09:26Z","ts":"2026-03-24T16:06:44Z"}
{"_id":{"$oid":"69c2b98eb2147717dbde732b"},"start_ts":"2026-03-24T16:13:24Z","end_ts":"2026-03-24T16:13:24Z","count":2,"temp_air":43.6,"hum_air":33.6,"generated_at":"2026-03-24T16:19:26Z","inserted_at":"2026-03-24T16:19:26Z","ts":"2026-03-24T16:13:24Z"}
{"_id":{"$oid":"69c2bbe6b2147717dbde732c"},"start_ts":"2026-03-24T16:20:04Z","end_ts":"2026-03-24T16:26:44Z","count":4,"temp_air":43.2,"hum_air":33.05,"generated_at":"2026-03-24T16:29:26Z","inserted_at":"2026-03-24T16:29:26Z","ts":"2026-03-24T16:26:44Z"}
{"_id":{"$oid":"69c2be3eb2147717dbde732d"},"start_ts":"2026-03-24T16:33:24Z","end_ts":"2026-03-24T16:33:24Z","count":2,"temp_air":43.1,"hum_air":32.3,"generated_at":"2026-03-24T16:39:26Z","inserted_at":"2026-03-24T16:39:26Z","ts":"2026-03-24T16:33:24Z"}
{"_id":{"$oid":"69c2c097b2147717dbde732e"},"start_ts":"2026-03-24T16:40:04Z","end_ts":"2026-03-24T16:46:47Z","count":4,"temp_air":43.099999999999994,"hum_air":32.8,"generated_at":"2026-03-24T16:49:27Z","inserted_at":"2026-03-24T16:49:27Z","ts":"2026-03-24T16:46:47Z"}
{"_id":{"$oid":"69c2c2efb2147717dbde732f"},"start_ts":"2026-03-24T16:53:24Z","end_ts":"2026-03-24T16:53:24Z","count":2,"temp_air":43.6,"hum_air":31.4,"generated_at":"2026-03-24T16:59:27Z","inserted_at":"2026-03-24T16:59:27Z","ts":"2026-03-24T16:53:24Z"}
{"_id":{"$oid":"69c2c547b2147717dbde7330"},"start_ts":"2026-03-24T17:00:04Z","end_ts":"2026-03-24T17:06:44Z","count":4,"temp_air":43.3,"hum_air":33.599999999999994,"generated_at":"2026-03-24T17:09:27Z","inserted_at":"2026-03-24T17:09:27Z","ts":"2026-03-24T17:06:44Z"}
{"_id":{"$oid":"69c2c79fb2147717dbde7331"},"start_ts":"2026-03-24T17:13:24Z","end_ts":"2026-03-24T17:13:24Z","count":2,"temp_air":42.7,"hum_air":33.6,"generated_at":"2026-03-24T17:19:27Z","inserted_at":"2026-03-24T17:19:27Z","ts":"2026-03-24T17:13:24Z"}
{"_id":{"$oid":"69c2c9f7b2147717dbde7332"},"start_ts":"2026-03-24T17:20:04Z","end_ts":"2026-03-24T17:26:44Z","count":4,"temp_air":41.599999999999994,"hum_air":34.05,"generated_at":"2026-03-24T17:29:27Z","inserted_at":"2026-03-24T17:29:27Z","ts":"2026-03-24T17:26:44Z"}
{"_id":{"$oid":"69c2cc4fb2147717dbde7333"},"start_ts":"2026-03-24T17:33:24Z","end_ts":"2026-03-24T17:33:24Z","count":2,"temp_air":40.0,"hum_air":36.2,"generated_at":"2026-03-24T17:39:27Z","inserted_at":"2026-03-24T17:39:27Z","ts":"2026-03-24T17:33:24Z"}
{"_id":{"$oid":"69c2cea7b2147717dbde7334"},"start_ts":"2026-03-24T17:40:04Z","end_ts":"2026-03-24T17:46:44Z","count":4,"temp_air":39.05,"hum_air":35.599999999999994,"generated_at":"2026-03-24T17:49:27Z","inserted_at":"2026-03-24T17:49:27Z","ts":"2026-03-24T17:46:44Z"}
{"_id":{"$oid":"69c2d0ffb2147717dbde7335"},"start_ts":"2026-03-24T17:53:24Z","end_ts":"2026-03-24T17:53:24Z","count":2,"temp_air":38.2,"hum_air":34.7,"generated_at":"2026-03-24T17:59:27Z","inserted_at":"2026-03-24T17:59:27Z","ts":"2026-03-24T17:53:24Z"}
{"_id":{"$oid":"69c2d358b2147717dbde7336"},"start_ts":"2026-03-24T18:00:04Z","end_ts":"2026-03-24T18:06:44Z","count":4,"temp_air":36.0,"hum_air":37.6,"generated_at":"2026-03-24T18:09:28Z","inserted_at":"2026-03-24T18:09:28Z","ts":"2026-03-24T18:06:44Z"}
{"_id":{"$oid":"69c2d5b0b2147717dbde7337"},"start_ts":"2026-03-24T18:13:24Z","end_ts":"2026-03-24T18:13:24Z","count":2,"temp_air":34.7,"hum_air":38.2,"generated_at":"2026-03-24T18:19:28Z","inserted_at":"2026-03-24T18:19:28Z","ts":"2026-03-24T18:13:24Z"}
{"_id":{"$oid":"69c2d808b2147717dbde7338"},"start_ts":"2026-03-24T18:20:04Z","end_ts":"2026-03-24T18:26:44Z","count":4,"temp_air":34.6,"hum_air":40.45,"generated_at":"2026-03-24T18:29:28Z","inserted_at":"2026-03-24T18:29:28Z","ts":"2026-03-24T18:26:44Z"}
{"_id":{"$oid":"69c2da60b2147717dbde7339"},"start_ts":"2026-03-24T18:33:24Z","end_ts":"2026-03-24T18:33:24Z","count":2,"temp_air":33.3,"hum_air":38.9,"generated_at":"2026-03-24T18:39:28Z","inserted_at":"2026-03-24T18:39:28Z","ts":"2026-03-24T18:33:24Z"}
{"_id":{"$oid":"69c2dcb8b2147717dbde733a"},"start_ts":"2026-03-24T18:40:04Z","end_ts":"2026-03-24T18:46:44Z","count":4,"temp_air":32.25,"hum_air":41.45,"generated_at":"2026-03-24T18:49:28Z","inserted_at":"2026-03-24T18:49:28Z","ts":"2026-03-24T18:46:44Z"}
{"_id":{"$oid":"69c2df10b2147717dbde733b"},"start_ts":"2026-03-24T18:53:24Z","end_ts":"2026-03-24T18:53:24Z","count":2,"temp_air":31.8,"hum_air":45.2,"generated_at":"2026-03-24T18:59:28Z","inserted_at":"2026-03-24T18:59:28Z","ts":"2026-03-24T18:53:24Z"}
{"_id":{"$oid":"69c2e168b2147717dbde733c"},"start_ts":"2026-03-24T19:00:05Z","end_ts":"2026-03-24T19:06:44Z","count":4,"temp_air":29.65,"hum_air":47.05,"generated_at":"2026-03-24T19:09:28Z","inserted_at":"2026-03-24T19:09:28Z","ts":"2026-03-24T19:06:44Z"}
{"_id":{"$oid":"69c2e3c0b2147717dbde733d"},"start_ts":"2026-03-24T19:13:25Z","end_ts":"2026-03-24T19:13:25Z","count":2,"temp_air":29.0,"hum_air":46.6,"generated_at":"2026-03-24T19:19:28Z","inserted_at":"2026-03-24T19:19:28Z","ts":"2026-03-24T19:13:25Z"}
{"_id":{"$oid":"69c2e618b2147717dbde733e"},"start_ts":"2026-03-24T19:20:05Z","end_ts":"2026-03-24T19:26:45Z","count":4,"temp_air":29.0,"hum_air":46.8,"generated_at":"2026-03-24T19:29:28Z","inserted_at":"2026-03-24T19:29:28Z","ts":"2026-03-24T19:26:45Z"}
{"_id":{"$oid":"69c2e870b2147717dbde733f"},"start_ts":"2026-03-24T19:33:25Z","end_ts":"2026-03-24T19:33:25Z","count":2,"temp_air":30.4,"hum_air":46.3,"generated_at":"2026-03-24T19:39:28Z","inserted_at":"2026-03-24T19:39:28Z","ts":"2026-03-24T19:33:25Z"}
{"_id":{"$oid":"69c2eac8b2147717dbde7340"},"start_ts":"2026-03-24T19:40:05Z","end_ts":"2026-03-24T19:46:45Z","count":4,"temp_air":31.0,"hum_air":45.7,"generated_at":"2026-03-24T19:49:28Z","inserted_at":"2026-03-24T19:49:28Z","ts":"2026-03-24T19:46:45Z"}
{"_id":{"$oid":"69c2ed20b2147717dbde7341"},"start_ts":"2026-03-24T19:53:26Z","end_ts":"2026-03-24T19:53:26Z","count":2,"temp_air":28.7,"hum_air":48.4,"generated_at":"2026-03-24T19:59:28Z","inserted_at":"2026-03-24T19:59:28Z","ts":"2026-03-24T19:53:26Z"}
{"_id":{"$oid":"69c2ef79b2147717dbde7342"},"start_ts":"2026-03-24T20:00:05Z","end_ts":"2026-03-24T20:06:45Z","count":4,"temp_air":26.200000000000003,"hum_air":52.650000000000006,"generated_at":"2026-03-24T20:09:29Z","inserted_at":"2026-03-24T20:09:29Z","ts":"2026-03-24T20:06:45Z"}
{"_id":{"$oid":"69c2f1d1b2147717dbde7343"},"start_ts":"2026-03-24T20:13:25Z","end_ts":"2026-03-24T20:13:25Z","count":2,"temp_air":25.0,"hum_air":53.7,"generated_at":"2026-03-24T20:19:29Z","inserted_at":"2026-03-24T20:19:29Z","ts":"2026-03-24T20:13:25Z"}
{"_id":{"$oid":"69c2f429b2147717dbde7344"},"start_ts":"2026-03-24T20:20:07Z","end_ts":"2026-03-24T20:26:45Z","count":4,"temp_air":24.450000000000003,"hum_air":55.05,"generated_at":"2026-03-24T20:29:29Z","inserted_at":"2026-03-24T20:29:29Z","ts":"2026-03-24T20:26:45Z"}
{"_id":{"$oid":"69c2f681b2147717dbde7345"},"start_ts":"2026-03-24T20:33:25Z","end_ts":"2026-03-24T20:33:25Z","count":2,"temp_air":23.8,"hum_air":58.1,"generated_at":"2026-03-24T20:39:29Z","inserted_at":"2026-03-24T20:39:29Z","ts":"2026-03-24T20:33:25Z"}
{"_id":{"$oid":"69c2f8d9b2147717dbde7346"},"start_ts":"2026-03-24T20:40:05Z","end_ts":"2026-03-24T20:46:47Z","count":4,"temp_air":23.1,"hum_air":59.4,"generated_at":"2026-03-24T20:49:29Z","inserted_at":"2026-03-24T20:49:29Z","ts":"2026-03-24T20:46:47Z"}
{"_id":{"$oid":"69c2fb31b2147717dbde7347"},"start_ts":"2026-03-24T20:53:26Z","end_ts":"2026-03-24T20:53:38Z","count":6,"temp_air":23.1,"hum_air":58.6,"generated_at":"2026-03-24T20:59:29Z","inserted_at":"2026-03-24T20:59:29Z","ts":"2026-03-24T20:53:38Z"}
{"_id":{"$oid":"69c2fd89b2147717dbde7348"},"start_ts":"2026-03-24T21:00:06Z","end_ts":"2026-03-24T21:06:46Z","count":4,"temp_air":23.05,"hum_air":59.0,"generated_at":"2026-03-24T21:09:29Z","inserted_at":"2026-03-24T21:09:29Z","ts":"2026-03-24T21:06:46Z"}
{"_id":{"$oid":"69c2ffe1b2147717dbde7349"},"start_ts":"2026-03-24T21:13:25Z","end_ts":"2026-03-24T21:13:25Z","count":2,"temp_air":22.9,"hum_air":59.9,"generated_at":"2026-03-24T21:19:29Z","inserted_at":"2026-03-24T21:19:29Z","ts":"2026-03-24T21:13:25Z"}
{"_id":{"$oid":"69c30239b2147717dbde734a"},"start_ts":"2026-03-24T21:20:06Z","end_ts":"2026-03-24T21:26:45Z","count":4,"temp_air":21.65,"hum_air":64.0,"generated_at":"2026-03-24T21:29:29Z","inserted_at":"2026-03-24T21:29:29Z","ts":"2026-03-24T21:26:45Z"}
{"_id":{"$oid":"69c30492b2147717dbde734b"},"start_ts":"2026-03-24T21:33:25Z","end_ts":"2026-03-24T21:33:25Z","count":2,"temp_air":21.0,"hum_air":65.8,"generated_at":"2026-03-24T21:39:30Z","inserted_at":"2026-03-24T21:39:30Z","ts":"2026-03-24T21:33:25Z"}
{"_id":{"$oid":"69c306eab2147717dbde734c"},"start_ts":"2026-03-24T21:40:06Z","end_ts":"2026-03-24T21:46:45Z","count":4,"temp_air":20.6,"hum_air":67.5,"generated_at":"2026-03-24T21:49:30Z","inserted_at":"2026-03-24T21:49:30Z","ts":"2026-03-24T21:46:45Z"}
{"_id":{"$oid":"69c30942b2147717dbde734d"},"start_ts":"2026-03-24T21:53:26Z","end_ts":"2026-03-24T21:53:26Z","count":2,"temp_air":20.0,"hum_air":68.5,"generated_at":"2026-03-24T21:59:30Z","inserted_at":"2026-03-24T21:59:30Z","ts":"2026-03-24T21:53:26Z"}
{"_id":{"$oid":"69c30b9ab2147717dbde734e"},"start_ts":"2026-03-24T22:00:05Z","end_ts":"2026-03-24T22:06:45Z","count":4,"temp_air":19.2,"hum_air":70.0,"generated_at":"2026-03-24T22:09:30Z","inserted_at":"2026-03-24T22:09:30Z","ts":"2026-03-24T22:06:45Z"}
{"_id":{"$oid":"69c30df2b2147717dbde734f"},"start_ts":"2026-03-24T22:13:25Z","end_ts":"2026-03-24T22:13:25Z","count":2,"temp_air":18.8,"hum_air":71.0,"generated_at":"2026-03-24T22:19:30Z","inserted_at":"2026-03-24T22:19:30Z","ts":"2026-03-24T22:13:25Z"}
{"_id":{"$oid":"69c3104ab2147717dbde7350"},"start_ts":"2026-03-24T22:20:05Z","end_ts":"2026-03-24T22:26:45Z","count":6,"temp_air":18.4,"hum_air":73.0,"generated_at":"2026-03-24T22:29:30Z","inserted_at":"2026-03-24T22:29:30Z","ts":"2026-03-24T22:26:45Z"}
{"_id":{"$oid":"69c312a2b2147717dbde7351"},"start_ts":"2026-03-24T22:33:25Z","end_ts":"2026-03-24T22:33:25Z","count":2,"temp_air":18.2,"hum_air":75.9,"generated_at":"2026-03-24T22:39:30Z","inserted_at":"2026-03-24T22:39:30Z","ts":"2026-03-24T22:33:25Z"}
{"_id":{"$oid":"69c314fab2147717dbde7352"},"start_ts":"2026-03-24T22:40:05Z","end_ts":"2026-03-24T22:46:45Z","count":4,"temp_air":18.35,"hum_air":76.05,"generated_at":"2026-03-24T22:49:30Z","inserted_at":"2026-03-24T22:49:30Z","ts":"2026-03-24T22:46:45Z"}
{"_id":{"$oid":"69c31752b2147717dbde7353"},"start_ts":"2026-03-24T22:53:25Z","end_ts":"2026-03-24T22:53:25Z","count":2,"temp_air":18.1,"hum_air":76.5,"generated_at":"2026-03-24T22:59:30Z","inserted_at":"2026-03-24T22:59:30Z","ts":"2026-03-24T22:53:25Z"}
{"_id":{"$oid":"69c319abb2147717dbde7354"},"start_ts":"2026-03-24T23:00:07Z","end_ts":"2026-03-24T23:06:46Z","count":4,"temp_air":18.15,"hum_air":76.9,"generated_at":"2026-03-24T23:09:31Z","inserted_at":"2026-03-24T23:09:31Z","ts":"2026-03-24T23:06:46Z"}
{"_id":{"$oid":"69c31c03b2147717dbde7355"},"start_ts":"2026-03-24T23:13:25Z","end_ts":"2026-03-24T23:13:25Z","count":2,"temp_air":17.9,"hum_air":78.0,"generated_at":"2026-03-24T23:19:31Z","inserted_at":"2026-03-24T23:19:31Z","ts":"2026-03-24T23:13:25Z"}
{"_id":{"$oid":"69c31e5bb2147717dbde7356"},"start_ts":"2026-03-24T23:20:06Z","end_ts":"2026-03-24T23:26:46Z","count":4,"temp_air":17.7,"hum_air":78.3,"generated_at":"2026-03-24T23:29:31Z","inserted_at":"2026-03-24T23:29:31Z","ts":"2026-03-24T23:26:46Z"}
{"_id":{"$oid":"69c320b3b2147717dbde7357"},"start_ts":"2026-03-24T23:33:25Z","end_ts":"2026-03-24T23:33:25Z","count":2,"temp_air":17.5,"hum_air":79.5,"generated_at":"2026-03-24T23:39:31Z","inserted_at":"2026-03-24T23:39:31Z","ts":"2026-03-24T23:33:25Z"}
{"_id":{"$oid":"69c3230bb2147717dbde7358"},"start_ts":"2026-03-24T23:40:05Z","end_ts":"2026-03-24T23:46:45Z","count":4,"temp_air":17.2,"hum_air":79.65,"generated_at":"2026-03-24T23:49:31Z","inserted_at":"2026-03-24T23:49:31Z","ts":"2026-03-24T23:46:45Z"}
{"_id":{"$oid":"69c32563b2147717dbde7359"},"start_ts":"2026-03-24T23:53:25Z","end_ts":"2026-03-24T23:53:25Z","count":2,"temp_air":17.1,"hum_air":79.8,"generated_at":"2026-03-24T23:59:31Z","inserted_at":"2026-03-24T23:59:31Z","ts":"2026-03-24T23:53:25Z"}
{"_id":{"$oid":"69c327bbb2147717dbde735a"},"start_ts":"2026-03-25T00:00:05Z","end_ts":"2026-03-25T00:06:45Z","count":4,"temp_air":17.0,"hum_air":79.75,"generated_at":"2026-03-25T00:09:31Z","inserted_at":"2026-03-25T00:09:31Z","ts":"2026-03-25T00:06:45Z"}
{"_id":{"$oid":"69c32a13b2147717dbde735b"},"start_ts":"2026-03-25T00:13:25Z","end_ts":"2026-03-25T00:13:25Z","count":2,"temp_air":17.0,"hum_air":79.9,"generated_at":"2026-03-25T00:19:31Z","inserted_at":"2026-03-25T00:19:31Z","ts":"2026-03-25T00:13:25Z"}
{"_id":{"$oid":"69c32c6bb2147717dbde735c"},"start_ts":"2026-03-25T00:20:06Z","end_ts":"2026-03-25T00:26:47Z","count":4,"temp_air":17.0,"hum_air":80.2,"generated_at":"2026-03-25T00:29:31Z","inserted_at":"2026-03-25T00:29:31Z","ts":"2026-03-25T00:26:47Z"}
{"_id":{"$oid":"69c32ec4b2147717dbde735d"},"start_ts":"2026-03-25T00:33:25Z","end_ts":"2026-03-25T00:33:25Z","count":2,"temp_air":16.9,"hum_air":80.9,"generated_at":"2026-03-25T00:39:32Z","inserted_at":"2026-03-25T00:39:32Z","ts":"2026-03-25T00:33:25Z"}
{"_id":{"$oid":"69c3311cb2147717dbde735e"},"start_ts":"2026-03-25T00:40:05Z","end_ts":"2026-03-25T00:46:47Z","count":4,"temp_air":16.9,"hum_air":80.65,"generated_at":"2026-03-25T00:49:32Z","inserted_at":"2026-03-25T00:49:32Z","ts":"2026-03-25T00:46:47Z"}
{"_id":{"$oid":"69c33374b2147717dbde735f"},"start_ts":"2026-03-25T00:53:27Z","end_ts":"2026-03-25T00:53:27Z","count":2,"temp_air":16.8,"hum_air":81.1,"generated_at":"2026-03-25T00:59:32Z","inserted_at":"2026-03-25T00:59:32Z","ts":"2026-03-25T00:53:27Z"}
{"_id":{"$oid":"69c335ccb2147717dbde7360"},"start_ts":"2026-03-25T01:00:07Z","end_ts":"2026-03-25T01:06:47Z","count":4,"temp_air":16.7,"hum_air":81.05,"generated_at":"2026-03-25T01:09:32Z","inserted_at":"2026-03-25T01:09:32Z","ts":"2026-03-25T01:06:47Z"}
{"_id":{"$oid":"69c33824b2147717dbde7361"},"start_ts":"2026-03-25T01:13:26Z","end_ts":"2026-03-25T01:13:26Z","count":2,"temp_air":16.7,"hum_air":81.4,"generated_at":"2026-03-25T01:19:32Z","inserted_at":"2026-03-25T01:19:32Z","ts":"2026-03-25T01:13:26Z"}
{"_id":{"$oid":"69c33a7cb2147717dbde7362"},"start_ts":"2026-03-25T01:20:05Z","end_ts":"2026-03-25T01:26:47Z","count":4,"temp_air":16.7,"hum_air":81.35,"generated_at":"2026-03-25T01:29:32Z","inserted_at":"2026-03-25T01:29:32Z","ts":"2026-03-25T01:26:47Z"}
{"_id":{"$oid":"69c33cd4b2147717dbde7363"},"start_ts":"2026-03-25T01:33:25Z","end_ts":"2026-03-25T01:33:25Z","count":2,"temp_air":16.7,"hum_air":81.5,"generated_at":"2026-03-25T01:39:32Z","inserted_at":"2026-03-25T01:39:32Z","ts":"2026-03-25T01:33:25Z"}
{"_id":{"$oid":"69c33f2cb2147717dbde7364"},"start_ts":"2026-03-25T01:40:05Z","end_ts":"2026-03-25T01:46:46Z","count":4,"temp_air":16.6,"hum_air":81.6,"generated_at":"2026-03-25T01:49:32Z","inserted_at":"2026-03-25T01:49:32Z","ts":"2026-03-25T01:46:46Z"}
{"_id":{"$oid":"69c34184b2147717dbde7365"},"start_ts":"2026-03-25T01:53:27Z","end_ts":"2026-03-25T01:53:27Z","count":2,"temp_air":16.6,"hum_air":81.4,"generated_at":"2026-03-25T01:59:32Z","inserted_at":"2026-03-25T01:59:32Z","ts":"2026-03-25T01:53:27Z"}
{"_id":{"$oid":"69c343ddb2147717dbde7366"},"start_ts":"2026-03-25T02:00:06Z","end_ts":"2026-03-25T02:06:46Z","count":4,"temp_air":16.5,"hum_air":81.85,"generated_at":"2026-03-25T02:09:33Z","inserted_at":"2026-03-25T02:09:33Z","ts":"2026-03-25T02:06:46Z"}
{"_id":{"$oid":"69c34635b2147717dbde7367"},"start_ts":"2026-03-25T02:13:26Z","end_ts":"2026-03-25T02:13:26Z","count":2,"temp_air":16.4,"hum_air":81.4,"generated_at":"2026-03-25T02:19:33Z","inserted_at":"2026-03-25T02:19:33Z","ts":"2026-03-25T02:13:26Z"}
{"_id":{"$oid":"69c3488db2147717dbde7368"},"start_ts":"2026-03-25T02:20:07Z","end_ts":"2026-03-25T02:26:47Z","count":4,"temp_air":16.35,"hum_air":81.75,"generated_at":"2026-03-25T02:29:33Z","inserted_at":"2026-03-25T02:29:33Z","ts":"2026-03-25T02:26:47Z"}
{"_id":{"$oid":"69c34ae5b2147717dbde7369"},"start_ts":"2026-03-25T02:33:26Z","end_ts":"2026-03-25T02:33:26Z","count":2,"temp_air":16.5,"hum_air":81.6,"generated_at":"2026-03-25T02:39:33Z","inserted_at":"2026-03-25T02:39:33Z","ts":"2026-03-25T02:33:26Z"}
{"_id":{"$oid":"69c34d3db2147717dbde736a"},"start_ts":"2026-03-25T02:40:07Z","end_ts":"2026-03-25T02:46:46Z","count":4,"temp_air":16.55,"hum_air":81.35,"generated_at":"2026-03-25T02:49:33Z","inserted_at":"2026-03-25T02:49:33Z","ts":"2026-03-25T02:46:46Z"}
{"_id":{"$oid":"69c34f95b2147717dbde736b"},"start_ts":"2026-03-25T02:53:26Z","end_ts":"2026-03-25T02:53:26Z","count":2,"temp_air":16.5,"hum_air":81.5,"generated_at":"2026-03-25T02:59:33Z","inserted_at":"2026-03-25T02:59:33Z","ts":"2026-03-25T02:53:26Z"}
{"_id":{"$oid":"69c351edb2147717dbde736c"},"start_ts":"2026-03-25T03:00:05Z","end_ts":"2026-03-25T03:06:46Z","count":4,"temp_air":16.4,"hum_air":81.45,"generated_at":"2026-03-25T03:09:33Z","inserted_at":"2026-03-25T03:09:33Z","ts":"2026-03-25T03:06:46Z"}
{"_id":{"$oid":"69c35445b2147717dbde736d"},"start_ts":"2026-03-25T03:13:26Z","end_ts":"2026-03-25T03:13:26Z","count":2,"temp_air":16.4,"hum_air":81.6,"generated_at":"2026-03-25T03:19:33Z","inserted_at":"2026-03-25T03:19:33Z","ts":"2026-03-25T03:13:26Z"}
{"_id":{"$oid":"69c3569db2147717dbde736e"},"start_ts":"2026-03-25T03:20:05Z","end_ts":"2026-03-25T03:26:45Z","count":4,"temp_air":16.45,"hum_air":81.85,"generated_at":"2026-03-25T03:29:33Z","inserted_at":"2026-03-25T03:29:33Z","ts":"2026-03-25T03:26:45Z"}
{"_id":{"$oid":"69c358f5b2147717dbde736f"},"start_ts":"2026-03-25T03:33:26Z","end_ts":"2026-03-25T03:33:26Z","count":2,"temp_air":16.5,"hum_air":82.0,"generated_at":"2026-03-25T03:39:33Z","inserted_at":"2026-03-25T03:39:33Z","ts":"2026-03-25T03:33:26Z"}
{"_id":{"$oid":"69c35b4db2147717dbde7370"},"start_ts":"2026-03-25T03:40:05Z","end_ts":"2026-03-25T03:46:45Z","count":4,"temp_air":16.5,"hum_air":82.0,"generated_at":"2026-03-25T03:49:33Z","inserted_at":"2026-03-25T03:49:33Z","ts":"2026-03-25T03:46:45Z"}
{"_id":{"$oid":"69c35da6b2147717dbde7371"},"start_ts":"2026-03-25T03:53:25Z","end_ts":"2026-03-25T03:53:25Z","count":2,"temp_air":16.6,"hum_air":81.7,"generated_at":"2026-03-25T03:59:34Z","inserted_at":"2026-03-25T03:59:34Z","ts":"2026-03-25T03:53:25Z"}
{"_id":{"$oid":"69c35ffeb2147717dbde7372"},"start_ts":"2026-03-25T04:00:05Z","end_ts":"2026-03-25T04:06:45Z","count":4,"temp_air":16.45,"hum_air":82.2,"generated_at":"2026-03-25T04:09:34Z","inserted_at":"2026-03-25T04:09:34Z","ts":"2026-03-25T04:06:45Z"}
{"_id":{"$oid":"69c36256b2147717dbde7373"},"start_ts":"2026-03-25T04:13:25Z","end_ts":"2026-03-25T04:13:25Z","count":2,"temp_air":16.4,"hum_air":82.4,"generated_at":"2026-03-25T04:19:34Z","inserted_at":"2026-03-25T04:19:34Z","ts":"2026-03-25T04:13:25Z"}
{"_id":{"$oid":"69c364aeb2147717dbde7374"},"start_ts":"2026-03-25T04:20:05Z","end_ts":"2026-03-25T04:26:45Z","count":4,"temp_air":16.35,"hum_air":82.15,"generated_at":"2026-03-25T04:29:34Z","inserted_at":"2026-03-25T04:29:34Z","ts":"2026-03-25T04:26:45Z"}
{"_id":{"$oid":"69c36706b2147717dbde7375"},"start_ts":"2026-03-25T04:33:25Z","end_ts":"2026-03-25T04:33:25Z","count":2,"temp_air":16.3,"hum_air":82.0,"generated_at":"2026-03-25T04:39:34Z","inserted_at":"2026-03-25T04:39:34Z","ts":"2026-03-25T04:33:25Z"}
{"_id":{"$oid":"69c3695eb2147717dbde7376"},"start_ts":"2026-03-25T04:40:05Z","end_ts":"2026-03-25T04:46:45Z","count":4,"temp_air":16.35,"hum_air":81.95,"generated_at":"2026-03-25T04:49:34Z","inserted_at":"2026-03-25T04:49:34Z","ts":"2026-03-25T04:46:45Z"}
{"_id":{"$oid":"69c36bb6b2147717dbde7377"},"start_ts":"2026-03-25T04:53:25Z","end_ts":"2026-03-25T04:53:25Z","count":2,"temp_air":16.2,"hum_air":81.9,"generated_at":"2026-03-25T04:59:34Z","inserted_at":"2026-03-25T04:59:34Z","ts":"2026-03-25T04:53:25Z"}
{"_id":{"$oid":"69c36e0eb2147717dbde7378"},"start_ts":"2026-03-25T05:00:05Z","end_ts":"2026-03-25T05:06:45Z","count":4,"temp_air":16.2,"hum_air":81.85,"generated_at":"2026-03-25T05:09:34Z","inserted_at":"2026-03-25T05:09:34Z","ts":"2026-03-25T05:06:45Z"}
{"_id":{"$oid":"69c37066b2147717dbde7379"},"start_ts":"2026-03-25T05:13:25Z","end_ts":"2026-03-25T05:13:25Z","count":2,"temp_air":16.1,"hum_air":82.1,"generated_at":"2026-03-25T05:19:34Z","inserted_at":"2026-03-25T05:19:34Z","ts":"2026-03-25T05:13:25Z"}
{"_id":{"$oid":"69c372bfb2147717dbde737a"},"start_ts":"2026-03-25T05:20:05Z","end_ts":"2026-03-25T05:26:45Z","count":4,"temp_air":16.0,"hum_air":82.19999999999999,"generated_at":"2026-03-25T05:29:35Z","inserted_at":"2026-03-25T05:29:35Z","ts":"2026-03-25T05:26:45Z"}
{"_id":{"$oid":"69c37517b2147717dbde737b"},"start_ts":"2026-03-25T05:33:25Z","end_ts":"2026-03-25T05:33:25Z","count":2,"temp_air":16.0,"hum_air":82.0,"generated_at":"2026-03-25T05:39:35Z","inserted_at":"2026-03-25T05:39:35Z","ts":"2026-03-25T05:33:25Z"}
{"_id":{"$oid":"69c3776fb2147717dbde737c"},"start_ts":"2026-03-25T05:40:05Z","end_ts":"2026-03-25T05:46:45Z","count":4,"temp_air":16.0,"hum_air":82.3,"generated_at":"2026-03-25T05:49:35Z","inserted_at":"2026-03-25T05:49:35Z","ts":"2026-03-25T05:46:45Z"}
{"_id":{"$oid":"69c379c7b2147717dbde737d"},"start_ts":"2026-03-25T05:53:25Z","end_ts":"2026-03-25T05:53:25Z","count":2,"temp_air":16.0,"hum_air":82.4,"generated_at":"2026-03-25T05:59:35Z","inserted_at":"2026-03-25T05:59:35Z","ts":"2026-03-25T05:53:25Z"}
{"_id":{"$oid":"69c37c1fb2147717dbde737e"},"start_ts":"2026-03-25T06:00:05Z","end_ts":"2026-03-25T06:06:45Z","count":4,"temp_air":16.0,"hum_air":82.1,"generated_at":"2026-03-25T06:09:35Z","inserted_at":"2026-03-25T06:09:35Z","ts":"2026-03-25T06:06:45Z"}
{"_id":{"$oid":"69c37e77b2147717dbde737f"},"start_ts":"2026-03-25T06:13:25Z","end_ts":"2026-03-25T06:13:25Z","count":2,"temp_air":16.0,"hum_air":82.2,"generated_at":"2026-03-25T06:19:35Z","inserted_at":"2026-03-25T06:19:35Z","ts":"2026-03-25T06:13:25Z"}
{"_id":{"$oid":"69c380cfb2147717dbde7380"},"start_ts":"2026-03-25T06:20:05Z","end_ts":"2026-03-25T06:26:45Z","count":4,"temp_air":15.95,"hum_air":82.4,"generated_at":"2026-03-25T06:29:35Z","inserted_at":"2026-03-25T06:29:35Z","ts":"2026-03-25T06:26:45Z"}
{"_id":{"$oid":"69c38327b2147717dbde7381"},"start_ts":"2026-03-25T06:33:25Z","end_ts":"2026-03-25T06:33:25Z","count":2,"temp_air":16.0,"hum_air":82.7,"generated_at":"2026-03-25T06:39:35Z","inserted_at":"2026-03-25T06:39:35Z","ts":"2026-03-25T06:33:25Z"}
{"_id":{"$oid":"69c3857fb2147717dbde7382"},"start_ts":"2026-03-25T06:40:05Z","end_ts":"2026-03-25T06:46:45Z","count":4,"temp_air":16.0,"hum_air":82.6,"generated_at":"2026-03-25T06:49:35Z","inserted_at":"2026-03-25T06:49:35Z","ts":"2026-03-25T06:46:45Z"}
{"_id":{"$oid":"69c387d7b2147717dbde7383"},"start_ts":"2026-03-25T06:53:25Z","end_ts":"2026-03-25T06:53:25Z","count":2,"temp_air":16.0,"hum_air":82.3,"generated_at":"2026-03-25T06:59:35Z","inserted_at":"2026-03-25T06:59:35Z","ts":"2026-03-25T06:53:25Z"}
{"_id":{"$oid":"69c38a30b2147717dbde7384"},"start_ts":"2026-03-25T07:00:05Z","end_ts":"2026-03-25T07:06:45Z","count":4,"temp_air":15.95,"hum_air":82.45,"generated_at":"2026-03-25T07:09:36Z","inserted_at":"2026-03-25T07:09:36Z","ts":"2026-03-25T07:06:45Z"}
{"_id":{"$oid":"69c38c88b2147717dbde7385"},"start_ts":"2026-03-25T07:13:25Z","end_ts":"2026-03-25T07:13:25Z","count":2,"temp_air":15.9,"hum_air":82.6,"generated_at":"2026-03-25T07:19:36Z","inserted_at":"2026-03-25T07:19:36Z","ts":"2026-03-25T07:13:25Z"}
{"_id":{"$oid":"69c38ee0b2147717dbde7386"},"start_ts":"2026-03-25T07:20:06Z","end_ts":"2026-03-25T07:26:46Z","count":4,"temp_air":15.9,"hum_air":82.55000000000001,"generated_at":"2026-03-25T07:29:36Z","inserted_at":"2026-03-25T07:29:36Z","ts":"2026-03-25T07:26:46Z"}
{"_id":{"$oid":"69c39138b2147717dbde7387"},"start_ts":"2026-03-25T07:33:26Z","end_ts":"2026-03-25T07:33:26Z","count":2,"temp_air":16.0,"hum_air":82.7,"generated_at":"2026-03-25T07:39:36Z","inserted_at":"2026-03-25T07:39:36Z","ts":"2026-03-25T07:33:26Z"}
{"_id":{"$oid":"69c39390b2147717dbde7388"},"start_ts":"2026-03-25T07:40:06Z","end_ts":"2026-03-25T07:46:46Z","count":4,"temp_air":16.0,"hum_air":82.75,"generated_at":"2026-03-25T07:49:36Z","inserted_at":"2026-03-25T07:49:36Z","ts":"2026-03-25T07:46:46Z"}
{"_id":{"$oid":"69c395e8b2147717dbde7389"},"start_ts":"2026-03-25T07:53:26Z","end_ts":"2026-03-25T07:53:26Z","count":2,"temp_air":16.0,"hum_air":82.6,"generated_at":"2026-03-25T07:59:36Z","inserted_at":"2026-03-25T07:59:36Z","ts":"2026-03-25T07:53:26Z"}
{"_id":{"$oid":"69c39840b2147717dbde738a"},"start_ts":"2026-03-25T08:00:06Z","end_ts":"2026-03-25T08:06:46Z","count":4,"temp_air":16.0,"hum_air":82.65,"generated_at":"2026-03-25T08:09:36Z","inserted_at":"2026-03-25T08:09:36Z","ts":"2026-03-25T08:06:46Z"}
{"_id":{"$oid":"69c39a98b2147717dbde738b"},"start_ts":"2026-03-25T08:13:26Z","end_ts":"2026-03-25T08:13:26Z","count":2,"temp_air":15.9,"hum_air":82.5,"generated_at":"2026-03-25T08:19:36Z","inserted_at":"2026-03-25T08:19:36Z","ts":"2026-03-25T08:13:26Z"}
{"_id":{"$oid":"69c39cf0b2147717dbde738c"},"start_ts":"2026-03-25T08:20:06Z","end_ts":"2026-03-25T08:26:46Z","count":4,"temp_air":16.0,"hum_air":82.8,"generated_at":"2026-03-25T08:29:36Z","inserted_at":"2026-03-25T08:29:36Z","ts":"2026-03-25T08:26:46Z"}
{"_id":{"$oid":"69c39f49b2147717dbde738d"},"start_ts":"2026-03-25T08:33:26Z","end_ts":"2026-03-25T08:33:26Z","count":2,"temp_air":16.0,"hum_air":82.6,"generated_at":"2026-03-25T08:39:37Z","inserted_at":"2026-03-25T08:39:37Z","ts":"2026-03-25T08:33:26Z"}
{"_id":{"$oid":"69c3a1a1b2147717dbde738e"},"start_ts":"2026-03-25T08:40:06Z","end_ts":"2026-03-25T08:46:46Z","count":4,"temp_air":15.9,"hum_air":82.65,"generated_at":"2026-03-25T08:49:37Z","inserted_at":"2026-03-25T08:49:37Z","ts":"2026-03-25T08:46:46Z"}
{"_id":{"$oid":"69c3a3f9b2147717dbde738f"},"start_ts":"2026-03-25T08:53:26Z","end_ts":"2026-03-25T08:53:26Z","count":2,"temp_air":15.9,"hum_air":82.7,"generated_at":"2026-03-25T08:59:37Z","inserted_at":"2026-03-25T08:59:37Z","ts":"2026-03-25T08:53:26Z"}
{"_id":{"$oid":"69c3a651b2147717dbde7390"},"start_ts":"2026-03-25T09:00:06Z","end_ts":"2026-03-25T09:06:46Z","count":4,"temp_air":15.9,"hum_air":82.80000000000001,"generated_at":"2026-03-25T09:09:37Z","inserted_at":"2026-03-25T09:09:37Z","ts":"2026-03-25T09:06:46Z"}
{"_id":{"$oid":"69c3a8a9b2147717dbde7391"},"start_ts":"2026-03-25T09:13:26Z","end_ts":"2026-03-25T09:13:26Z","count":2,"temp_air":15.8,"hum_air":82.9,"generated_at":"2026-03-25T09:19:37Z","inserted_at":"2026-03-25T09:19:37Z","ts":"2026-03-25T09:13:26Z"}
{"_id":{"$oid":"69c3ab01b2147717dbde7392"},"start_ts":"2026-03-25T09:20:06Z","end_ts":"2026-03-25T09:26:46Z","count":4,"temp_air":15.8,"hum_air":82.95,"generated_at":"2026-03-25T09:29:37Z","inserted_at":"2026-03-25T09:29:37Z","ts":"2026-03-25T09:26:46Z"}
{"_id":{"$oid":"69c3ad59b2147717dbde7393"},"start_ts":"2026-03-25T09:33:26Z","end_ts":"2026-03-25T09:33:26Z","count":2,"temp_air":15.8,"hum_air":83.1,"generated_at":"2026-03-25T09:39:37Z","inserted_at":"2026-03-25T09:39:37Z","ts":"2026-03-25T09:33:26Z"}
{"_id":{"$oid":"69c3afb1b2147717dbde7394"},"start_ts":"2026-03-25T09:40:06Z","end_ts":"2026-03-25T09:46:46Z","count":4,"temp_air":15.7,"hum_air":83.0,"generated_at":"2026-03-25T09:49:37Z","inserted_at":"2026-03-25T09:49:37Z","ts":"2026-03-25T09:46:46Z"}
{"_id":{"$oid":"69c3b209b2147717dbde7395"},"start_ts":"2026-03-25T09:53:26Z","end_ts":"2026-03-25T09:53:26Z","count":2,"temp_air":15.6,"hum_air":82.8,"generated_at":"2026-03-25T09:59:37Z","inserted_at":"2026-03-25T09:59:37Z","ts":"2026-03-25T09:53:26Z"}
{"_id":{"$oid":"69c3b461b2147717dbde7396"},"start_ts":"2026-03-25T10:00:06Z","end_ts":"2026-03-25T10:06:46Z","count":4,"temp_air":15.6,"hum_air":82.9,"generated_at":"2026-03-25T10:09:37Z","inserted_at":"2026-03-25T10:09:37Z","ts":"2026-03-25T10:06:46Z"}
{"_id":{"$oid":"69c3b6b9b2147717dbde7397"},"start_ts":"2026-03-25T10:13:26Z","end_ts":"2026-03-25T10:13:26Z","count":2,"temp_air":15.6,"hum_air":82.9,"generated_at":"2026-03-25T10:19:37Z","inserted_at":"2026-03-25T10:19:37Z","ts":"2026-03-25T10:13:26Z"}
{"_id":{"$oid":"69c3b912b2147717dbde7398"},"start_ts":"2026-03-25T10:20:06Z","end_ts":"2026-03-25T10:26:46Z","count":4,"temp_air":15.55,"hum_air":82.85,"generated_at":"2026-03-25T10:29:38Z","inserted_at":"2026-03-25T10:29:38Z","ts":"2026-03-25T10:26:46Z"}
{"_id":{"$oid":"69c3bb6ab2147717dbde7399"},"start_ts":"2026-03-25T10:33:26Z","end_ts":"2026-03-25T10:33:26Z","count":2,"temp_air":15.6,"hum_air":82.9,"generated_at":"2026-03-25T10:39:38Z","inserted_at":"2026-03-25T10:39:38Z","ts":"2026-03-25T10:33:26Z"}
{"_id":{"$oid":"69c3bdc2b2147717dbde739a"},"start_ts":"2026-03-25T10:40:07Z","end_ts":"2026-03-25T10:46:46Z","count":4,"temp_air":15.55,"hum_air":82.9,"generated_at":"2026-03-25T10:49:38Z","inserted_at":"2026-03-25T10:49:38Z","ts":"2026-03-25T10:46:46Z"}
{"_id":{"$oid":"69c3c01ab2147717dbde739b"},"start_ts":"2026-03-25T10:53:26Z","end_ts":"2026-03-25T10:53:26Z","count":2,"temp_air":15.6,"hum_air":82.9,"generated_at":"2026-03-25T10:59:38Z","inserted_at":"2026-03-25T10:59:38Z","ts":"2026-03-25T10:53:26Z"}
{"_id":{"$oid":"69c3c272b2147717dbde739c"},"start_ts":"2026-03-25T11:00:06Z","end_ts":"2026-03-25T11:06:46Z","count":4,"temp_air":15.55,"hum_air":82.85,"generated_at":"2026-03-25T11:09:38Z","inserted_at":"2026-03-25T11:09:38Z","ts":"2026-03-25T11:06:46Z"}
{"_id":{"$oid":"69c3c4cab2147717dbde739d"},"start_ts":"2026-03-25T11:13:26Z","end_ts":"2026-03-25T11:13:26Z","count":2,"temp_air":15.5,"hum_air":83.0,"generated_at":"2026-03-25T11:19:38Z","inserted_at":"2026-03-25T11:19:38Z","ts":"2026-03-25T11:13:26Z"}
{"_id":{"$oid":"69c3c722b2147717dbde739e"},"start_ts":"2026-03-25T11:20:06Z","end_ts":"2026-03-25T11:26:46Z","count":4,"temp_air":15.45,"hum_air":82.85,"generated_at":"2026-03-25T11:29:38Z","inserted_at":"2026-03-25T11:29:38Z","ts":"2026-03-25T11:26:46Z"}
{"_id":{"$oid":"69c3c97ab2147717dbde739f"},"start_ts":"2026-03-25T11:33:26Z","end_ts":"2026-03-25T11:33:26Z","count":2,"temp_air":15.5,"hum_air":82.5,"generated_at":"2026-03-25T11:39:38Z","inserted_at":"2026-03-25T11:39:38Z","ts":"2026-03-25T11:33:26Z"}
{"_id":{"$oid":"69c3cbd2b2147717dbde73a0"},"start_ts":"2026-03-25T11:40:06Z","end_ts":"2026-03-25T11:46:46Z","count":4,"temp_air":15.7,"hum_air":82.65,"generated_at":"2026-03-25T11:49:38Z","inserted_at":"2026-03-25T11:49:38Z","ts":"2026-03-25T11:46:46Z"}
{"_id":{"$oid":"69c3ce2ab2147717dbde73a1"},"start_ts":"2026-03-25T11:53:26Z","end_ts":"2026-03-25T11:53:26Z","count":2,"temp_air":15.8,"hum_air":82.5,"generated_at":"2026-03-25T11:59:38Z","inserted_at":"2026-03-25T11:59:38Z","ts":"2026-03-25T11:53:26Z"}
{"_id":{"$oid":"69c3d083b2147717dbde73a2"},"start_ts":"2026-03-25T12:00:06Z","end_ts":"2026-03-25T12:06:46Z","count":4,"temp_air":16.05,"hum_air":81.85,"generated_at":"2026-03-25T12:09:39Z","inserted_at":"2026-03-25T12:09:39Z","ts":"2026-03-25T12:06:46Z"}
{"_id":{"$oid":"69c3d2dbb2147717dbde73a3"},"start_ts":"2026-03-25T12:13:26Z","end_ts":"2026-03-25T12:13:26Z","count":2,"temp_air":16.4,"hum_air":81.3,"generated_at":"2026-03-25T12:19:39Z","inserted_at":"2026-03-25T12:19:39Z","ts":"2026-03-25T12:13:26Z"}
{"_id":{"$oid":"69c3d533b2147717dbde73a4"},"start_ts":"2026-03-25T12:20:06Z","end_ts":"2026-03-25T12:26:46Z","count":4,"temp_air":16.6,"hum_air":80.75,"generated_at":"2026-03-25T12:29:39Z","inserted_at":"2026-03-25T12:29:39Z","ts":"2026-03-25T12:26:46Z"}
{"_id":{"$oid":"69c3d78bb2147717dbde73a5"},"start_ts":"2026-03-25T12:33:26Z","end_ts":"2026-03-25T12:33:26Z","count":2,"temp_air":16.6,"hum_air":80.8,"generated_at":"2026-03-25T12:39:39Z","inserted_at":"2026-03-25T12:39:39Z","ts":"2026-03-25T12:33:26Z"}
{"_id":{"$oid":"69c3d9e3b2147717dbde73a6"},"start_ts":"2026-03-25T12:40:06Z","end_ts":"2026-03-25T12:46:46Z","count":4,"temp_air":16.4,"hum_air":80.55,"generated_at":"2026-03-25T12:49:39Z","inserted_at":"2026-03-25T12:49:39Z","ts":"2026-03-25T12:46:46Z"}
{"_id":{"$oid":"69c3dc3bb2147717dbde73a7"},"start_ts":"2026-03-25T12:53:27Z","end_ts":"2026-03-25T12:53:27Z","count":2,"temp_air":16.3,"hum_air":80.7,"generated_at":"2026-03-25T12:59:39Z","inserted_at":"2026-03-25T12:59:39Z","ts":"2026-03-25T12:53:27Z"}
{"_id":{"$oid":"69c3de94b2147717dbde73a8"},"start_ts":"2026-03-25T13:00:06Z","end_ts":"2026-03-25T13:06:46Z","count":4,"temp_air":16.95,"hum_air":80.15,"generated_at":"2026-03-25T13:09:40Z","inserted_at":"2026-03-25T13:09:40Z","ts":"2026-03-25T13:06:46Z"}
{"_id":{"$oid":"69c3e0ecb2147717dbde73a9"},"start_ts":"2026-03-25T13:13:27Z","end_ts":"2026-03-25T13:13:27Z","count":2,"temp_air":17.9,"hum_air":79.5,"generated_at":"2026-03-25T13:19:40Z","inserted_at":"2026-03-25T13:19:40Z","ts":"2026-03-25T13:13:27Z"}
{"_id":{"$oid":"69c3e344b2147717dbde73aa"},"start_ts":"2026-03-25T13:20:06Z","end_ts":"2026-03-25T13:26:47Z","count":4,"temp_air":18.55,"hum_air":77.80000000000001,"generated_at":"2026-03-25T13:29:40Z","inserted_at":"2026-03-25T13:29:40Z","ts":"2026-03-25T13:26:47Z"}
{"_id":{"$oid":"69c3e59cb2147717dbde73ab"},"start_ts":"2026-03-25T13:33:26Z","end_ts":"2026-03-25T13:33:26Z","count":2,"temp_air":18.6,"hum_air":77.6,"generated_at":"2026-03-25T13:39:40Z","inserted_at":"2026-03-25T13:39:40Z","ts":"2026-03-25T13:33:26Z"}
{"_id":{"$oid":"69c3e7f4b2147717dbde73ac"},"start_ts":"2026-03-25T13:40:06Z","end_ts":"2026-03-25T13:46:46Z","count":4,"temp_air":19.55,"hum_air":75.25,"generated_at":"2026-03-25T13:49:40Z","inserted_at":"2026-03-25T13:49:40Z","ts":"2026-03-25T13:46:46Z"}
{"_id":{"$oid":"69c3ea4cb2147717dbde73ad"},"start_ts":"2026-03-25T13:53:26Z","end_ts":"2026-03-25T13:53:26Z","count":2,"temp_air":21.3,"hum_air":71.9,"generated_at":"2026-03-25T13:59:40Z","inserted_at":"2026-03-25T13:59:40Z","ts":"2026-03-25T13:53:26Z"}
{"_id":{"$oid":"69c3eca4b2147717dbde73ae"},"start_ts":"2026-03-25T14:00:06Z","end_ts":"2026-03-25T14:06:46Z","count":4,"temp_air":22.799999999999997,"hum_air":68.9,"generated_at":"2026-03-25T14:09:40Z","inserted_at":"2026-03-25T14:09:40Z","ts":"2026-03-25T14:06:46Z"}
{"_id":{"$oid":"69c3eefcb2147717dbde73af"},"start_ts":"2026-03-25T14:13:26Z","end_ts":"2026-03-25T14:13:26Z","count":2,"temp_air":23.4,"hum_air":66.9,"generated_at":"2026-03-25T14:19:40Z","inserted_at":"2026-03-25T14:19:40Z","ts":"2026-03-25T14:13:26Z"}
{"_id":{"$oid":"69c3f154b2147717dbde73b0"},"start_ts":"2026-03-25T14:20:06Z","end_ts":"2026-03-25T14:26:46Z","count":4,"temp_air":24.0,"hum_air":64.1,"generated_at":"2026-03-25T14:29:40Z","inserted_at":"2026-03-25T14:29:40Z","ts":"2026-03-25T14:26:46Z"}
{"_id":{"$oid":"69c3f3acb2147717dbde73b1"},"start_ts":"2026-03-25T14:33:26Z","end_ts":"2026-03-25T14:33:26Z","count":2,"temp_air":24.7,"hum_air":63.9,"generated_at":"2026-03-25T14:39:40Z","inserted_at":"2026-03-25T14:39:40Z","ts":"2026-03-25T14:33:26Z"}
{"_id":{"$oid":"69c3f604b2147717dbde73b2"},"start_ts":"2026-03-25T14:40:06Z","end_ts":"2026-03-25T14:46:46Z","count":4,"temp_air":26.4,"hum_air":62.2,"generated_at":"2026-03-25T14:49:40Z","inserted_at":"2026-03-25T14:49:40Z","ts":"2026-03-25T14:46:46Z"}
{"_id":{"$oid":"69c3f85db2147717dbde73b3"},"start_ts":"2026-03-25T14:53:26Z","end_ts":"2026-03-25T14:53:26Z","count":2,"temp_air":31.3,"hum_air":54.2,"generated_at":"2026-03-25T14:59:41Z","inserted_at":"2026-03-25T14:59:41Z","ts":"2026-03-25T14:53:26Z"}
{"_id":{"$oid":"69c3fab5b2147717dbde73b4"},"start_ts":"2026-03-25T15:00:06Z","end_ts":"2026-03-25T15:06:46Z","count":4,"temp_air":31.3,"hum_air":51.25,"generated_at":"2026-03-25T15:09:41Z","inserted_at":"2026-03-25T15:09:41Z","ts":"2026-03-25T15:06:46Z"}
{"_id":{"$oid":"69c3fd0db2147717dbde73b5"},"start_ts":"2026-03-25T15:13:26Z","end_ts":"2026-03-25T15:13:26Z","count":2,"temp_air":32.4,"hum_air":52.0,"generated_at":"2026-03-25T15:19:41Z","inserted_at":"2026-03-25T15:19:41Z","ts":"2026-03-25T15:13:26Z"}
{"_id":{"$oid":"69c3ff65b2147717dbde73b6"},"start_ts":"2026-03-25T15:20:07Z","end_ts":"2026-03-25T15:26:46Z","count":4,"temp_air":40.25,"hum_air":42.55,"generated_at":"2026-03-25T15:29:41Z","inserted_at":"2026-03-25T15:29:41Z","ts":"2026-03-25T15:26:46Z"}
{"_id":{"$oid":"69c401bdb2147717dbde73b7"},"start_ts":"2026-03-25T15:33:26Z","end_ts":"2026-03-25T15:33:26Z","count":2,"temp_air":44.5,"hum_air":37.3,"generated_at":"2026-03-25T15:39:41Z","inserted_at":"2026-03-25T15:39:41Z","ts":"2026-03-25T15:33:26Z"}
{"_id":{"$oid":"69c40415b2147717dbde73b8"},"start_ts":"2026-03-25T15:40:07Z","end_ts":"2026-03-25T15:46:46Z","count":4,"temp_air":37.400000000000006,"hum_air":40.7,"generated_at":"2026-03-25T15:49:41Z","inserted_at":"2026-03-25T15:49:41Z","ts":"2026-03-25T15:46:46Z"}
{"_id":{"$oid":"69c4066db2147717dbde73b9"},"start_ts":"2026-03-25T15:53:27Z","end_ts":"2026-03-25T15:53:27Z","count":2,"temp_air":35.1,"hum_air":42.1,"generated_at":"2026-03-25T15:59:41Z","inserted_at":"2026-03-25T15:59:41Z","ts":"2026-03-25T15:53:27Z"}
{"_id":{"$oid":"69c408c5b2147717dbde73ba"},"start_ts":"2026-03-25T16:00:06Z","end_ts":"2026-03-25T16:06:46Z","count":4,"temp_air":39.0,"hum_air":41.349999999999994,"generated_at":"2026-03-25T16:09:41Z","inserted_at":"2026-03-25T16:09:41Z","ts":"2026-03-25T16:06:46Z"}
{"_id":{"$oid":"69c40b1eb2147717dbde73bb"},"start_ts":"2026-03-25T16:13:27Z","end_ts":"2026-03-25T16:13:27Z","count":2,"temp_air":42.1,"hum_air":37.3,"generated_at":"2026-03-25T16:19:42Z","inserted_at":"2026-03-25T16:19:42Z","ts":"2026-03-25T16:13:27Z"}
{"_id":{"$oid":"69c40d76b2147717dbde73bc"},"start_ts":"2026-03-25T16:20:06Z","end_ts":"2026-03-25T16:26:46Z","count":4,"temp_air":41.55,"hum_air":37.2,"generated_at":"2026-03-25T16:29:42Z","inserted_at":"2026-03-25T16:29:42Z","ts":"2026-03-25T16:26:46Z"}
{"_id":{"$oid":"69c40fceb2147717dbde73bd"},"start_ts":"2026-03-25T16:33:26Z","end_ts":"2026-03-25T16:33:26Z","count":2,"temp_air":39.8,"hum_air":39.5,"generated_at":"2026-03-25T16:39:42Z","inserted_at":"2026-03-25T16:39:42Z","ts":"2026-03-25T16:33:26Z"}
{"_id":{"$oid":"69c41226b2147717dbde73be"},"start_ts":"2026-03-25T16:40:06Z","end_ts":"2026-03-25T16:46:46Z","count":4,"temp_air":42.349999999999994,"hum_air":37.8,"generated_at":"2026-03-25T16:49:42Z","inserted_at":"2026-03-25T16:49:42Z","ts":"2026-03-25T16:46:46Z"}
{"_id":{"$oid":"69c4147eb2147717dbde73bf"},"start_ts":"2026-03-25T16:53:27Z","end_ts":"2026-03-25T16:53:27Z","count":2,"temp_air":43.2,"hum_air":35.4,"generated_at":"2026-03-25T16:59:42Z","inserted_at":"2026-03-25T16:59:42Z","ts":"2026-03-25T16:53:27Z"}
{"_id":{"$oid":"69c416d6b2147717dbde73c0"},"start_ts":"2026-03-25T17:00:07Z","end_ts":"2026-03-25T17:06:47Z","count":4,"temp_air":41.5,"hum_air":37.5,"generated_at":"2026-03-25T17:09:42Z","inserted_at":"2026-03-25T17:09:42Z","ts":"2026-03-25T17:06:47Z"}
{"_id":{"$oid":"69c4192eb2147717dbde73c1"},"start_ts":"2026-03-25T17:13:27Z","end_ts":"2026-03-25T17:13:27Z","count":2,"temp_air":36.3,"hum_air":40.6,"generated_at":"2026-03-25T17:19:42Z","inserted_at":"2026-03-25T17:19:42Z","ts":"2026-03-25T17:13:27Z"}
{"_id":{"$oid":"69c41b86b2147717dbde73c2"},"start_ts":"2026-03-25T17:20:07Z","end_ts":"2026-03-25T17:26:48Z","count":4,"temp_air":31.049999999999997,"hum_air":46.7,"generated_at":"2026-03-25T17:29:42Z","inserted_at":"2026-03-25T17:29:42Z","ts":"2026-03-25T17:26:48Z"}
{"_id":{"$oid":"69c41ddeb2147717dbde73c3"},"start_ts":"2026-03-25T17:33:27Z","end_ts":"2026-03-25T17:33:27Z","count":2,"temp_air":31.4,"hum_air":46.8,"generated_at":"2026-03-25T17:39:42Z","inserted_at":"2026-03-25T17:39:42Z","ts":"2026-03-25T17:33:27Z"}
{"_id":{"$oid":"69c42036b2147717dbde73c4"},"start_ts":"2026-03-25T17:40:07Z","end_ts":"2026-03-25T17:46:47Z","count":4,"temp_air":31.05,"hum_air":46.599999999999994,"generated_at":"2026-03-25T17:49:42Z","inserted_at":"2026-03-25T17:49:42Z","ts":"2026-03-25T17:46:47Z"}
{"_id":{"$oid":"69c4228eb2147717dbde73c5"},"start_ts":"2026-03-25T17:53:27Z","end_ts":"2026-03-25T17:53:27Z","count":2,"temp_air":31.0,"hum_air":46.7,"generated_at":"2026-03-25T17:59:42Z","inserted_at":"2026-03-25T17:59:42Z","ts":"2026-03-25T17:53:27Z"}
{"_id":{"$oid":"69c424e7b2147717dbde73c6"},"start_ts":"2026-03-25T18:00:07Z","end_ts":"2026-03-25T18:06:47Z","count":4,"temp_air":30.9,"hum_air":47.7,"generated_at":"2026-03-25T18:09:43Z","inserted_at":"2026-03-25T18:09:43Z","ts":"2026-03-25T18:06:47Z"}
{"_id":{"$oid":"69c4273fb2147717dbde73c7"},"start_ts":"2026-03-25T18:13:27Z","end_ts":"2026-03-25T18:13:27Z","count":2,"temp_air":29.9,"hum_air":49.2,"generated_at":"2026-03-25T18:19:43Z","inserted_at":"2026-03-25T18:19:43Z","ts":"2026-03-25T18:13:27Z"}
{"_id":{"$oid":"69c42997b2147717dbde73c8"},"start_ts":"2026-03-25T18:20:07Z","end_ts":"2026-03-25T18:26:47Z","count":4,"temp_air":28.35,"hum_air":51.4,"generated_at":"2026-03-25T18:29:43Z","inserted_at":"2026-03-25T18:29:43Z","ts":"2026-03-25T18:26:47Z"}
{"_id":{"$oid":"69c42befb2147717dbde73c9"},"start_ts":"2026-03-25T18:33:29Z","end_ts":"2026-03-25T18:33:29Z","count":2,"temp_air":28.4,"hum_air":52.4,"generated_at":"2026-03-25T18:39:43Z","inserted_at":"2026-03-25T18:39:43Z","ts":"2026-03-25T18:33:29Z"}
{"_id":{"$oid":"69c42e47b2147717dbde73ca"},"start_ts":"2026-03-25T18:40:07Z","end_ts":"2026-03-25T18:46:47Z","count":4,"temp_air":29.35,"hum_air":50.75,"generated_at":"2026-03-25T18:49:43Z","inserted_at":"2026-03-25T18:49:43Z","ts":"2026-03-25T18:46:47Z"}
{"_id":{"$oid":"69c4309fb2147717dbde73cb"},"start_ts":"2026-03-25T18:53:27Z","end_ts":"2026-03-25T18:53:27Z","count":2,"temp_air":31.1,"hum_air":48.1,"generated_at":"2026-03-25T18:59:43Z","inserted_at":"2026-03-25T18:59:43Z","ts":"2026-03-25T18:53:27Z"}
{"_id":{"$oid":"69c432f7b2147717dbde73cc"},"start_ts":"2026-03-25T19:00:08Z","end_ts":"2026-03-25T19:06:47Z","count":4,"temp_air":30.45,"hum_air":48.7,"generated_at":"2026-03-25T19:09:43Z","inserted_at":"2026-03-25T19:09:43Z","ts":"2026-03-25T19:06:47Z"}
{"_id":{"$oid":"69c4354fb2147717dbde73cd"},"start_ts":"2026-03-25T19:13:27Z","end_ts":"2026-03-25T19:13:27Z","count":2,"temp_air":29.6,"hum_air":50.0,"generated_at":"2026-03-25T19:19:43Z","inserted_at":"2026-03-25T19:19:43Z","ts":"2026-03-25T19:13:27Z"}
{"_id":{"$oid":"69c437a7b2147717dbde73ce"},"start_ts":"2026-03-25T19:20:07Z","end_ts":"2026-03-25T19:26:47Z","count":4,"temp_air":30.200000000000003,"hum_air":48.349999999999994,"generated_at":"2026-03-25T19:29:43Z","inserted_at":"2026-03-25T19:29:43Z","ts":"2026-03-25T19:26:47Z"}
{"_id":{"$oid":"69c43a00b2147717dbde73cf"},"start_ts":"2026-03-25T19:33:27Z","end_ts":"2026-03-25T19:33:27Z","count":2,"temp_air":29.8,"hum_air":48.3,"generated_at":"2026-03-25T19:39:44Z","inserted_at":"2026-03-25T19:39:44Z","ts":"2026-03-25T19:33:27Z"}
{"_id":{"$oid":"69c43c58b2147717dbde73d0"},"start_ts":"2026-03-25T19:40:07Z","end_ts":"2026-03-25T19:46:47Z","count":4,"temp_air":29.9,"hum_air":47.35,"generated_at":"2026-03-25T19:49:44Z","inserted_at":"2026-03-25T19:49:44Z","ts":"2026-03-25T19:46:47Z"}
{"_id":{"$oid":"69c43eb0b2147717dbde73d1"},"start_ts":"2026-03-25T19:53:27Z","end_ts":"2026-03-25T19:53:27Z","count":2,"temp_air":28.9,"hum_air":49.5,"generated_at":"2026-03-25T19:59:44Z","inserted_at":"2026-03-25T19:59:44Z","ts":"2026-03-25T19:53:27Z"}
{"_id":{"$oid":"69c44108b2147717dbde73d2"},"start_ts":"2026-03-25T20:00:07Z","end_ts":"2026-03-25T20:06:47Z","count":4,"temp_air":27.85,"hum_air":50.35,"generated_at":"2026-03-25T20:09:44Z","inserted_at":"2026-03-25T20:09:44Z","ts":"2026-03-25T20:06:47Z"}
{"_id":{"$oid":"69c44360b2147717dbde73d3"},"start_ts":"2026-03-25T20:13:28Z","end_ts":"2026-03-25T20:13:28Z","count":2,"temp_air":27.2,"hum_air":51.6,"generated_at":"2026-03-25T20:19:44Z","inserted_at":"2026-03-25T20:19:44Z","ts":"2026-03-25T20:13:28Z"}
{"_id":{"$oid":"69c445b8b2147717dbde73d4"},"start_ts":"2026-03-25T20:20:07Z","end_ts":"2026-03-25T20:26:47Z","count":4,"temp_air":25.45,"hum_air":55.3,"generated_at":"2026-03-25T20:29:44Z","inserted_at":"2026-03-25T20:29:44Z","ts":"2026-03-25T20:26:47Z"}
{"_id":{"$oid":"69c44810b2147717dbde73d5"},"start_ts":"2026-03-25T20:33:27Z","end_ts":"2026-03-25T20:33:27Z","count":2,"temp_air":24.1,"hum_air":58.0,"generated_at":"2026-03-25T20:39:44Z","inserted_at":"2026-03-25T20:39:44Z","ts":"2026-03-25T20:33:27Z"}
{"_id":{"$oid":"69c44a68b2147717dbde73d6"},"start_ts":"2026-03-25T20:40:07Z","end_ts":"2026-03-25T20:46:47Z","count":4,"temp_air":23.0,"hum_air":59.95,"generated_at":"2026-03-25T20:49:44Z","inserted_at":"2026-03-25T20:49:44Z","ts":"2026-03-25T20:46:47Z"}
{"_id":{"$oid":"69c44cc0b2147717dbde73d7"},"start_ts":"2026-03-25T20:53:27Z","end_ts":"2026-03-25T20:53:27Z","count":2,"temp_air":22.2,"hum_air":61.2,"generated_at":"2026-03-25T20:59:44Z","inserted_at":"2026-03-25T20:59:44Z","ts":"2026-03-25T20:53:27Z"}
{"_id":{"$oid":"69c44f18b2147717dbde73d8"},"start_ts":"2026-03-25T21:00:07Z","end_ts":"2026-03-25T21:06:48Z","count":4,"temp_air":22.15,"hum_air":61.95,"generated_at":"2026-03-25T21:09:44Z","inserted_at":"2026-03-25T21:09:44Z","ts":"2026-03-25T21:06:48Z"}
{"_id":{"$oid":"69c45171b2147717dbde73d9"},"start_ts":"2026-03-25T21:13:27Z","end_ts":"2026-03-25T21:13:27Z","count":2,"temp_air":21.9,"hum_air":62.5,"generated_at":"2026-03-25T21:19:45Z","inserted_at":"2026-03-25T21:19:45Z","ts":"2026-03-25T21:13:27Z"}
{"_id":{"$oid":"69c453c9b2147717dbde73da"},"start_ts":"2026-03-25T21:20:09Z","end_ts":"2026-03-25T21:26:48Z","count":4,"temp_air":21.9,"hum_air":62.7,"generated_at":"2026-03-25T21:29:45Z","inserted_at":"2026-03-25T21:29:45Z","ts":"2026-03-25T21:26:48Z"}
{"_id":{"$oid":"69c45621b2147717dbde73db"},"start_ts":"2026-03-25T21:33:27Z","end_ts":"2026-03-25T21:33:27Z","count":2,"temp_air":21.7,"hum_air":62.6,"generated_at":"2026-03-25T21:39:45Z","inserted_at":"2026-03-25T21:39:45Z","ts":"2026-03-25T21:33:27Z"}
{"_id":{"$oid":"69c45879b2147717dbde73dc"},"start_ts":"2026-03-25T21:40:08Z","end_ts":"2026-03-25T21:46:47Z","count":4,"temp_air":21.75,"hum_air":63.900000000000006,"generated_at":"2026-03-25T21:49:45Z","inserted_at":"2026-03-25T21:49:45Z","ts":"2026-03-25T21:46:47Z"}
{"_id":{"$oid":"69c45ad1b2147717dbde73dd"},"start_ts":"2026-03-25T21:53:28Z","end_ts":"2026-03-25T21:53:28Z","count":2,"temp_air":21.5,"hum_air":65.3,"generated_at":"2026-03-25T21:59:45Z","inserted_at":"2026-03-25T21:59:45Z","ts":"2026-03-25T21:53:28Z"}
{"_id":{"$oid":"69c45d29b2147717dbde73de"},"start_ts":"2026-03-25T22:00:07Z","end_ts":"2026-03-25T22:06:48Z","count":4,"temp_air":21.2,"hum_air":66.05,"generated_at":"2026-03-25T22:09:45Z","inserted_at":"2026-03-25T22:09:45Z","ts":"2026-03-25T22:06:48Z"}
{"_id":{"$oid":"69c45f81b2147717dbde73df"},"start_ts":"2026-03-25T22:13:29Z","end_ts":"2026-03-25T22:13:29Z","count":2,"temp_air":20.9,"hum_air":67.1,"generated_at":"2026-03-25T22:19:45Z","inserted_at":"2026-03-25T22:19:45Z","ts":"2026-03-25T22:13:29Z"}
{"_id":{"$oid":"69c461d9b2147717dbde73e0"},"start_ts":"2026-03-25T22:20:09Z","end_ts":"2026-03-25T22:26:56Z","count":6,"temp_air":20.400000000000002,"hum_air":68.3,"generated_at":"2026-03-25T22:29:45Z","inserted_at":"2026-03-25T22:29:45Z","ts":"2026-03-25T22:26:56Z"}
{"_id":{"$oid":"69c46431b2147717dbde73e1"},"start_ts":"2026-03-25T22:33:29Z","end_ts":"2026-03-25T22:33:29Z","count":2,"temp_air":20.0,"hum_air":70.0,"generated_at":"2026-03-25T22:39:45Z","inserted_at":"2026-03-25T22:39:45Z","ts":"2026-03-25T22:33:29Z"}
{"_id":{"$oid":"69c46689b2147717dbde73e2"},"start_ts":"2026-03-25T22:40:09Z","end_ts":"2026-03-25T22:46:49Z","count":4,"temp_air":19.299999999999997,"hum_air":71.5,"generated_at":"2026-03-25T22:49:45Z","inserted_at":"2026-03-25T22:49:45Z","ts":"2026-03-25T22:46:49Z"}
{"_id":{"$oid":"69c468e1b2147717dbde73e3"},"start_ts":"2026-03-25T22:53:28Z","end_ts":"2026-03-25T22:53:28Z","count":2,"temp_air":18.8,"hum_air":73.4,"generated_at":"2026-03-25T22:59:45Z","inserted_at":"2026-03-25T22:59:45Z","ts":"2026-03-25T22:53:28Z"}
{"_id":{"$oid":"69c46b39b2147717dbde73e4"},"start_ts":"2026-03-25T23:00:09Z","end_ts":"2026-03-25T23:06:47Z","count":4,"temp_air":18.049999999999997,"hum_air":75.55000000000001,"generated_at":"2026-03-25T23:09:45Z","inserted_at":"2026-03-25T23:09:45Z","ts":"2026-03-25T23:06:47Z"}
{"_id":{"$oid":"69c46d92b2147717dbde73e5"},"start_ts":"2026-03-25T23:13:27Z","end_ts":"2026-03-25T23:13:27Z","count":2,"temp_air":17.7,"hum_air":76.9,"generated_at":"2026-03-25T23:19:46Z","inserted_at":"2026-03-25T23:19:46Z","ts":"2026-03-25T23:13:27Z"}
{"_id":{"$oid":"69c46feab2147717dbde73e6"},"start_ts":"2026-03-25T23:20:08Z","end_ts":"2026-03-25T23:26:49Z","count":4,"temp_air":17.75,"hum_air":78.8,"generated_at":"2026-03-25T23:29:46Z","inserted_at":"2026-03-25T23:29:46Z","ts":"2026-03-25T23:26:49Z"}
{"_id":{"$oid":"69c47242b2147717dbde73e7"},"start_ts":"2026-03-25T23:33:27Z","end_ts":"2026-03-25T23:33:27Z","count":2,"temp_air":17.9,"hum_air":79.6,"generated_at":"2026-03-25T23:39:46Z","inserted_at":"2026-03-25T23:39:46Z","ts":"2026-03-25T23:33:27Z"}
{"_id":{"$oid":"69c4749ab2147717dbde73e8"},"start_ts":"2026-03-25T23:40:08Z","end_ts":"2026-03-25T23:46:48Z","count":4,"temp_air":17.95,"hum_air":79.6,"generated_at":"2026-03-25T23:49:46Z","inserted_at":"2026-03-25T23:49:46Z","ts":"2026-03-25T23:46:48Z"}
{"_id":{"$oid":"69c476f2b2147717dbde73e9"},"start_ts":"2026-03-25T23:53:29Z","end_ts":"2026-03-25T23:53:29Z","count":2,"temp_air":18.0,"hum_air":79.6,"generated_at":"2026-03-25T23:59:46Z","inserted_at":"2026-03-25T23:59:46Z","ts":"2026-03-25T23:53:29Z"}
{"_id":{"$oid":"69c4794ab2147717dbde73ea"},"start_ts":"2026-03-26T00:00:09Z","end_ts":"2026-03-26T00:06:47Z","count":4,"temp_air":17.9,"hum_air":79.9,"generated_at":"2026-03-26T00:09:46Z","inserted_at":"2026-03-26T00:09:46Z","ts":"2026-03-26T00:06:47Z"}
{"_id":{"$oid":"69c47ba2b2147717dbde73eb"},"start_ts":"2026-03-26T00:13:28Z","end_ts":"2026-03-26T00:13:28Z","count":2,"temp_air":17.9,"hum_air":80.1,"generated_at":"2026-03-26T00:19:46Z","inserted_at":"2026-03-26T00:19:46Z","ts":"2026-03-26T00:13:28Z"}
{"_id":{"$oid":"69c47dfab2147717dbde73ec"},"start_ts":"2026-03-26T00:20:08Z","end_ts":"2026-03-26T00:26:49Z","count":4,"temp_air":17.799999999999997,"hum_air":80.1,"generated_at":"2026-03-26T00:29:46Z","inserted_at":"2026-03-26T00:29:46Z","ts":"2026-03-26T00:26:49Z"}
{"_id":{"$oid":"69c48052b2147717dbde73ed"},"start_ts":"2026-03-26T00:33:28Z","end_ts":"2026-03-26T00:33:28Z","count":2,"temp_air":17.6,"hum_air":80.4,"generated_at":"2026-03-26T00:39:46Z","inserted_at":"2026-03-26T00:39:46Z","ts":"2026-03-26T00:33:28Z"}
{"_id":{"$oid":"69c482aab2147717dbde73ee"},"start_ts":"2026-03-26T00:40:08Z","end_ts":"2026-03-26T00:46:48Z","count":4,"temp_air":17.3,"hum_air":80.8,"generated_at":"2026-03-26T00:49:46Z","inserted_at":"2026-03-26T00:49:46Z","ts":"2026-03-26T00:46:48Z"}
{"_id":{"$oid":"69c48503b2147717dbde73ef"},"start_ts":"2026-03-26T00:53:28Z","end_ts":"2026-03-26T00:53:28Z","count":2,"temp_air":17.4,"hum_air":81.0,"generated_at":"2026-03-26T00:59:47Z","inserted_at":"2026-03-26T00:59:47Z","ts":"2026-03-26T00:53:28Z"}
{"_id":{"$oid":"69c4875bb2147717dbde73f0"},"start_ts":"2026-03-26T01:00:12Z","end_ts":"2026-03-26T01:06:47Z","count":6,"temp_air":17.166666666666668,"hum_air":81.03333333333333,"generated_at":"2026-03-26T01:09:47Z","inserted_at":"2026-03-26T01:09:47Z","ts":"2026-03-26T01:06:47Z"}
{"_id":{"$oid":"69c489b3b2147717dbde73f1"},"start_ts":"2026-03-26T01:13:28Z","end_ts":"2026-03-26T01:13:28Z","count":2,"temp_air":17.2,"hum_air":81.0,"generated_at":"2026-03-26T01:19:47Z","inserted_at":"2026-03-26T01:19:47Z","ts":"2026-03-26T01:13:28Z"}
{"_id":{"$oid":"69c48c0bb2147717dbde73f2"},"start_ts":"2026-03-26T01:20:09Z","end_ts":"2026-03-26T01:26:49Z","count":4,"temp_air":17.0,"hum_air":81.1,"generated_at":"2026-03-26T01:29:47Z","inserted_at":"2026-03-26T01:29:47Z","ts":"2026-03-26T01:26:49Z"}
{"_id":{"$oid":"69c48e63b2147717dbde73f3"},"start_ts":"2026-03-26T01:33:29Z","end_ts":"2026-03-26T01:33:36Z","count":4,"temp_air":16.9,"hum_air":81.2,"generated_at":"2026-03-26T01:39:47Z","inserted_at":"2026-03-26T01:39:47Z","ts":"2026-03-26T01:33:36Z"}
{"_id":{"$oid":"69c490bbb2147717dbde73f4"},"start_ts":"2026-03-26T01:40:09Z","end_ts":"2026-03-26T01:46:48Z","count":4,"temp_air":17.05,"hum_air":81.45,"generated_at":"2026-03-26T01:49:47Z","inserted_at":"2026-03-26T01:49:47Z","ts":"2026-03-26T01:46:48Z"}
{"_id":{"$oid":"69c49313b2147717dbde73f5"},"start_ts":"2026-03-26T01:53:30Z","end_ts":"2026-03-26T01:53:30Z","count":2,"temp_air":17.0,"hum_air":81.7,"generated_at":"2026-03-26T01:59:47Z","inserted_at":"2026-03-26T01:59:47Z","ts":"2026-03-26T01:53:30Z"}
{"_id":{"$oid":"69c4956bb2147717dbde73f6"},"start_ts":"2026-03-26T02:00:09Z","end_ts":"2026-03-26T02:06:49Z","count":4,"temp_air":16.95,"hum_air":81.4,"generated_at":"2026-03-26T02:09:47Z","inserted_at":"2026-03-26T02:09:47Z","ts":"2026-03-26T02:06:49Z"}
{"_id":{"$oid":"69c497c3b2147717dbde73f7"},"start_ts":"2026-03-26T02:13:30Z","end_ts":"2026-03-26T02:13:30Z","count":2,"temp_air":16.8,"hum_air":81.8,"generated_at":"2026-03-26T02:19:47Z","inserted_at":"2026-03-26T02:19:47Z","ts":"2026-03-26T02:13:30Z"}
{"_id":{"$oid":"69c49a1cb2147717dbde73f8"},"start_ts":"2026-03-26T02:20:08Z","end_ts":"2026-03-26T02:26:47Z","count":4,"temp_air":16.9,"hum_air":81.9,"generated_at":"2026-03-26T02:29:48Z","inserted_at":"2026-03-26T02:29:48Z","ts":"2026-03-26T02:26:47Z"}
{"_id":{"$oid":"69c49c74b2147717dbde73f9"},"start_ts":"2026-03-26T02:33:29Z","end_ts":"2026-03-26T02:33:29Z","count":2,"temp_air":16.9,"hum_air":81.7,"generated_at":"2026-03-26T02:39:48Z","inserted_at":"2026-03-26T02:39:48Z","ts":"2026-03-26T02:33:29Z"}
{"_id":{"$oid":"69c49eccb2147717dbde73fa"},"start_ts":"2026-03-26T02:40:07Z","end_ts":"2026-03-26T02:46:49Z","count":4,"temp_air":16.8,"hum_air":82.0,"generated_at":"2026-03-26T02:49:48Z","inserted_at":"2026-03-26T02:49:48Z","ts":"2026-03-26T02:46:49Z"}
{"_id":{"$oid":"69c4a124b2147717dbde73fb"},"start_ts":"2026-03-26T02:53:28Z","end_ts":"2026-03-26T02:53:28Z","count":2,"temp_air":16.8,"hum_air":81.9,"generated_at":"2026-03-26T02:59:48Z","inserted_at":"2026-03-26T02:59:48Z","ts":"2026-03-26T02:53:28Z"}
{"_id":{"$oid":"69c4a37cb2147717dbde73fc"},"start_ts":"2026-03-26T03:00:09Z","end_ts":"2026-03-26T03:06:50Z","count":4,"temp_air":16.65,"hum_air":82.0,"generated_at":"2026-03-26T03:09:48Z","inserted_at":"2026-03-26T03:09:48Z","ts":"2026-03-26T03:06:50Z"}
{"_id":{"$oid":"69c4a5d4b2147717dbde73fd"},"start_ts":"2026-03-26T03:13:29Z","end_ts":"2026-03-26T03:13:29Z","count":2,"temp_air":16.5,"hum_air":82.0,"generated_at":"2026-03-26T03:19:48Z","inserted_at":"2026-03-26T03:19:48Z","ts":"2026-03-26T03:13:29Z"}
{"_id":{"$oid":"69c4a82cb2147717dbde73fe"},"start_ts":"2026-03-26T03:20:07Z","end_ts":"2026-03-26T03:26:49Z","count":4,"temp_air":16.6,"hum_air":82.15,"generated_at":"2026-03-26T03:29:48Z","inserted_at":"2026-03-26T03:29:48Z","ts":"2026-03-26T03:26:49Z"}
{"_id":{"$oid":"69c4aa84b2147717dbde73ff"},"start_ts":"2026-03-26T03:33:28Z","end_ts":"2026-03-26T03:33:28Z","count":2,"temp_air":16.6,"hum_air":82.2,"generated_at":"2026-03-26T03:39:48Z","inserted_at":"2026-03-26T03:39:48Z","ts":"2026-03-26T03:33:28Z"}
{"_id":{"$oid":"69c4acdcb2147717dbde7400"},"start_ts":"2026-03-26T03:40:09Z","end_ts":"2026-03-26T03:46:48Z","count":4,"temp_air":16.45,"hum_air":82.2,"generated_at":"2026-03-26T03:49:48Z","inserted_at":"2026-03-26T03:49:48Z","ts":"2026-03-26T03:46:48Z"}
{"_id":{"$oid":"69c4af34b2147717dbde7401"},"start_ts":"2026-03-26T03:53:28Z","end_ts":"2026-03-26T03:53:28Z","count":2,"temp_air":16.3,"hum_air":82.4,"generated_at":"2026-03-26T03:59:48Z","inserted_at":"2026-03-26T03:59:48Z","ts":"2026-03-26T03:53:28Z"}
{"_id":{"$oid":"69c4b18cb2147717dbde7402"},"start_ts":"2026-03-26T04:00:08Z","end_ts":"2026-03-26T04:06:48Z","count":4,"temp_air":16.25,"hum_air":81.75,"generated_at":"2026-03-26T04:09:48Z","inserted_at":"2026-03-26T04:09:48Z","ts":"2026-03-26T04:06:48Z"}
{"_id":{"$oid":"69c4b3e5b2147717dbde7403"},"start_ts":"2026-03-26T04:13:28Z","end_ts":"2026-03-26T04:13:28Z","count":2,"temp_air":16.1,"hum_air":81.2,"generated_at":"2026-03-26T04:19:49Z","inserted_at":"2026-03-26T04:19:49Z","ts":"2026-03-26T04:13:28Z"}
{"_id":{"$oid":"69c4b63db2147717dbde7404"},"start_ts":"2026-03-26T04:20:08Z","end_ts":"2026-03-26T04:26:48Z","count":4,"temp_air":15.8,"hum_air":81.45,"generated_at":"2026-03-26T04:29:49Z","inserted_at":"2026-03-26T04:29:49Z","ts":"2026-03-26T04:26:48Z"}
{"_id":{"$oid":"69c4b895b2147717dbde7405"},"start_ts":"2026-03-26T04:33:28Z","end_ts":"2026-03-26T04:33:28Z","count":2,"temp_air":15.5,"hum_air":81.7,"generated_at":"2026-03-26T04:39:49Z","inserted_at":"2026-03-26T04:39:49Z","ts":"2026-03-26T04:33:28Z"}
{"_id":{"$oid":"69c4baedb2147717dbde7406"},"start_ts":"2026-03-26T04:40:08Z","end_ts":"2026-03-26T04:46:48Z","count":4,"temp_air":15.25,"hum_air":81.69999999999999,"generated_at":"2026-03-26T04:49:49Z","inserted_at":"2026-03-26T04:49:49Z","ts":"2026-03-26T04:46:48Z"}
{"_id":{"$oid":"69c4bd45b2147717dbde7407"},"start_ts":"2026-03-26T04:53:28Z","end_ts":"2026-03-26T04:53:28Z","count":2,"temp_air":15.1,"hum_air":82.1,"generated_at":"2026-03-26T04:59:49Z","inserted_at":"2026-03-26T04:59:49Z","ts":"2026-03-26T04:53:28Z"}
{"_id":{"$oid":"69c4bf9db2147717dbde7408"},"start_ts":"2026-03-26T05:00:08Z","end_ts":"2026-03-26T05:06:48Z","count":4,"temp_air":14.95,"hum_air":82.25,"generated_at":"2026-03-26T05:09:49Z","inserted_at":"2026-03-26T05:09:49Z","ts":"2026-03-26T05:06:48Z"}
{"_id":{"$oid":"69c4c1f5b2147717dbde7409"},"start_ts":"2026-03-26T05:13:28Z","end_ts":"2026-03-26T05:13:28Z","count":2,"temp_air":14.7,"hum_air":82.6,"generated_at":"2026-03-26T05:19:49Z","inserted_at":"2026-03-26T05:19:49Z","ts":"2026-03-26T05:13:28Z"}
{"_id":{"$oid":"69c4c44db2147717dbde740a"},"start_ts":"2026-03-26T05:20:08Z","end_ts":"2026-03-26T05:26:48Z","count":4,"temp_air":14.7,"hum_air":82.6,"generated_at":"2026-03-26T05:29:49Z","inserted_at":"2026-03-26T05:29:49Z","ts":"2026-03-26T05:26:48Z"}
{"_id":{"$oid":"69c4c6a5b2147717dbde740b"},"start_ts":"2026-03-26T05:33:28Z","end_ts":"2026-03-26T05:33:28Z","count":2,"temp_air":14.6,"hum_air":82.6,"generated_at":"2026-03-26T05:39:49Z","inserted_at":"2026-03-26T05:39:49Z","ts":"2026-03-26T05:33:28Z"}
{"_id":{"$oid":"69c4c8feb2147717dbde740c"},"start_ts":"2026-03-26T05:40:08Z","end_ts":"2026-03-26T05:46:48Z","count":4,"temp_air":14.6,"hum_air":82.9,"generated_at":"2026-03-26T05:49:50Z","inserted_at":"2026-03-26T05:49:50Z","ts":"2026-03-26T05:46:48Z"}
{"_id":{"$oid":"69c4cb56b2147717dbde740d"},"start_ts":"2026-03-26T05:53:28Z","end_ts":"2026-03-26T05:53:28Z","count":2,"temp_air":14.5,"hum_air":83.5,"generated_at":"2026-03-26T05:59:50Z","inserted_at":"2026-03-26T05:59:50Z","ts":"2026-03-26T05:53:28Z"}
{"_id":{"$oid":"69c4cdaeb2147717dbde740e"},"start_ts":"2026-03-26T06:00:08Z","end_ts":"2026-03-26T06:06:48Z","count":4,"temp_air":14.45,"hum_air":83.1,"generated_at":"2026-03-26T06:09:50Z","inserted_at":"2026-03-26T06:09:50Z","ts":"2026-03-26T06:06:48Z"}
{"_id":{"$oid":"69c4d006b2147717dbde740f"},"start_ts":"2026-03-26T06:13:28Z","end_ts":"2026-03-26T06:13:28Z","count":2,"temp_air":14.3,"hum_air":83.0,"generated_at":"2026-03-26T06:19:50Z","inserted_at":"2026-03-26T06:19:50Z","ts":"2026-03-26T06:13:28Z"}
{"_id":{"$oid":"69c4d25eb2147717dbde7410"},"start_ts":"2026-03-26T06:20:08Z","end_ts":"2026-03-26T06:26:48Z","count":4,"temp_air":14.3,"hum_air":83.25,"generated_at":"2026-03-26T06:29:50Z","inserted_at":"2026-03-26T06:29:50Z","ts":"2026-03-26T06:26:48Z"}
{"_id":{"$oid":"69c4d4b6b2147717dbde7411"},"start_ts":"2026-03-26T06:33:28Z","end_ts":"2026-03-26T06:33:28Z","count":2,"temp_air":14.2,"hum_air":82.6,"generated_at":"2026-03-26T06:39:50Z","inserted_at":"2026-03-26T06:39:50Z","ts":"2026-03-26T06:33:28Z"}
{"_id":{"$oid":"69c4d70eb2147717dbde7412"},"start_ts":"2026-03-26T06:40:08Z","end_ts":"2026-03-26T06:46:48Z","count":4,"temp_air":14.2,"hum_air":83.1,"generated_at":"2026-03-26T06:49:50Z","inserted_at":"2026-03-26T06:49:50Z","ts":"2026-03-26T06:46:48Z"}
{"_id":{"$oid":"69c4d966b2147717dbde7413"},"start_ts":"2026-03-26T06:53:28Z","end_ts":"2026-03-26T06:53:28Z","count":2,"temp_air":14.4,"hum_air":82.9,"generated_at":"2026-03-26T06:59:50Z","inserted_at":"2026-03-26T06:59:50Z","ts":"2026-03-26T06:53:28Z"}
{"_id":{"$oid":"69c4dbbeb2147717dbde7414"},"start_ts":"2026-03-26T07:00:08Z","end_ts":"2026-03-26T07:06:48Z","count":4,"temp_air":14.4,"hum_air":82.75,"generated_at":"2026-03-26T07:09:50Z","inserted_at":"2026-03-26T07:09:50Z","ts":"2026-03-26T07:06:48Z"}
{"_id":{"$oid":"69c4de17b2147717dbde7415"},"start_ts":"2026-03-26T07:13:28Z","end_ts":"2026-03-26T07:13:28Z","count":2,"temp_air":14.4,"hum_air":83.2,"generated_at":"2026-03-26T07:19:51Z","inserted_at":"2026-03-26T07:19:51Z","ts":"2026-03-26T07:13:28Z"}
{"_id":{"$oid":"69c4e06fb2147717dbde7416"},"start_ts":"2026-03-26T07:20:08Z","end_ts":"2026-03-26T07:26:48Z","count":4,"temp_air":14.3,"hum_air":83.25,"generated_at":"2026-03-26T07:29:51Z","inserted_at":"2026-03-26T07:29:51Z","ts":"2026-03-26T07:26:48Z"}
{"_id":{"$oid":"69c4e2c7b2147717dbde7417"},"start_ts":"2026-03-26T07:33:28Z","end_ts":"2026-03-26T07:33:28Z","count":2,"temp_air":14.3,"hum_air":83.0,"generated_at":"2026-03-26T07:39:51Z","inserted_at":"2026-03-26T07:39:51Z","ts":"2026-03-26T07:33:28Z"}
{"_id":{"$oid":"69c4e51fb2147717dbde7418"},"start_ts":"2026-03-26T07:40:08Z","end_ts":"2026-03-26T07:46:48Z","count":4,"temp_air":14.3,"hum_air":82.6,"generated_at":"2026-03-26T07:49:51Z","inserted_at":"2026-03-26T07:49:51Z","ts":"2026-03-26T07:46:48Z"}
{"_id":{"$oid":"69c4e777b2147717dbde7419"},"start_ts":"2026-03-26T07:53:28Z","end_ts":"2026-03-26T07:53:28Z","count":2,"temp_air":14.3,"hum_air":83.3,"generated_at":"2026-03-26T07:59:51Z","inserted_at":"2026-03-26T07:59:51Z","ts":"2026-03-26T07:53:28Z"}
{"_id":{"$oid":"69c4e9cfb2147717dbde741a"},"start_ts":"2026-03-26T08:00:08Z","end_ts":"2026-03-26T08:06:48Z","count":4,"temp_air":13.95,"hum_air":83.35,"generated_at":"2026-03-26T08:09:51Z","inserted_at":"2026-03-26T08:09:51Z","ts":"2026-03-26T08:06:48Z"}
{"_id":{"$oid":"69c4ec27b2147717dbde741b"},"start_ts":"2026-03-26T08:13:28Z","end_ts":"2026-03-26T08:13:28Z","count":2,"temp_air":13.9,"hum_air":82.3,"generated_at":"2026-03-26T08:19:51Z","inserted_at":"2026-03-26T08:19:51Z","ts":"2026-03-26T08:13:28Z"}
{"_id":{"$oid":"69c4ee7fb2147717dbde741c"},"start_ts":"2026-03-26T08:20:08Z","end_ts":"2026-03-26T08:26:48Z","count":4,"temp_air":13.7,"hum_air":82.25,"generated_at":"2026-03-26T08:29:51Z","inserted_at":"2026-03-26T08:29:51Z","ts":"2026-03-26T08:26:48Z"}
{"_id":{"$oid":"69c4f0d7b2147717dbde741d"},"start_ts":"2026-03-26T08:33:28Z","end_ts":"2026-03-26T08:33:28Z","count":2,"temp_air":13.6,"hum_air":82.7,"generated_at":"2026-03-26T08:39:51Z","inserted_at":"2026-03-26T08:39:51Z","ts":"2026-03-26T08:33:28Z"}
{"_id":{"$oid":"69c4f32fb2147717dbde741e"},"start_ts":"2026-03-26T08:40:08Z","end_ts":"2026-03-26T08:46:48Z","count":4,"temp_air":13.45,"hum_air":82.55000000000001,"generated_at":"2026-03-26T08:49:51Z","inserted_at":"2026-03-26T08:49:51Z","ts":"2026-03-26T08:46:48Z"}
{"_id":{"$oid":"69c4f588b2147717dbde741f"},"start_ts":"2026-03-26T08:53:28Z","end_ts":"2026-03-26T08:53:28Z","count":2,"temp_air":13.3,"hum_air":82.8,"generated_at":"2026-03-26T08:59:52Z","inserted_at":"2026-03-26T08:59:52Z","ts":"2026-03-26T08:53:28Z"}
{"_id":{"$oid":"69c4f7e0b2147717dbde7420"},"start_ts":"2026-03-26T09:00:08Z","end_ts":"2026-03-26T09:06:48Z","count":4,"temp_air":13.25,"hum_air":82.95,"generated_at":"2026-03-26T09:09:52Z","inserted_at":"2026-03-26T09:09:52Z","ts":"2026-03-26T09:06:48Z"}
{"_id":{"$oid":"69c4fa38b2147717dbde7421"},"start_ts":"2026-03-26T09:13:28Z","end_ts":"2026-03-26T09:13:28Z","count":2,"temp_air":13.2,"hum_air":82.4,"generated_at":"2026-03-26T09:19:52Z","inserted_at":"2026-03-26T09:19:52Z","ts":"2026-03-26T09:13:28Z"}
{"_id":{"$oid":"69c4fc90b2147717dbde7422"},"start_ts":"2026-03-26T09:20:08Z","end_ts":"2026-03-26T09:26:48Z","count":4,"temp_air":13.0,"hum_air":82.6,"generated_at":"2026-03-26T09:29:52Z","inserted_at":"2026-03-26T09:29:52Z","ts":"2026-03-26T09:26:48Z"}
{"_id":{"$oid":"69c4fee8b2147717dbde7423"},"start_ts":"2026-03-26T09:33:28Z","end_ts":"2026-03-26T09:33:28Z","count":2,"temp_air":13.0,"hum_air":82.9,"generated_at":"2026-03-26T09:39:52Z","inserted_at":"2026-03-26T09:39:52Z","ts":"2026-03-26T09:33:28Z"}
{"_id":{"$oid":"69c50140b2147717dbde7424"},"start_ts":"2026-03-26T09:40:08Z","end_ts":"2026-03-26T09:46:48Z","count":4,"temp_air":13.05,"hum_air":82.9,"generated_at":"2026-03-26T09:49:52Z","inserted_at":"2026-03-26T09:49:52Z","ts":"2026-03-26T09:46:48Z"}
{"_id":{"$oid":"69c50398b2147717dbde7425"},"start_ts":"2026-03-26T09:53:28Z","end_ts":"2026-03-26T09:53:28Z","count":2,"temp_air":12.9,"hum_air":82.7,"generated_at":"2026-03-26T09:59:52Z","inserted_at":"2026-03-26T09:59:52Z","ts":"2026-03-26T09:53:28Z"}
{"_id":{"$oid":"69c505f0b2147717dbde7426"},"start_ts":"2026-03-26T10:00:08Z","end_ts":"2026-03-26T10:06:48Z","count":4,"temp_air":12.8,"hum_air":82.80000000000001,"generated_at":"2026-03-26T10:09:52Z","inserted_at":"2026-03-26T10:09:52Z","ts":"2026-03-26T10:06:48Z"}
{"_id":{"$oid":"69c50848b2147717dbde7427"},"start_ts":"2026-03-26T10:13:28Z","end_ts":"2026-03-26T10:13:28Z","count":2,"temp_air":12.7,"hum_air":82.8,"generated_at":"2026-03-26T10:19:52Z","inserted_at":"2026-03-26T10:19:52Z","ts":"2026-03-26T10:13:28Z"}
{"_id":{"$oid":"69c50aa1b2147717dbde7428"},"start_ts":"2026-03-26T10:20:08Z","end_ts":"2026-03-26T10:26:48Z","count":4,"temp_air":12.649999999999999,"hum_air":82.95,"generated_at":"2026-03-26T10:29:53Z","inserted_at":"2026-03-26T10:29:53Z","ts":"2026-03-26T10:26:48Z"}
{"_id":{"$oid":"69c50cf9b2147717dbde7429"},"start_ts":"2026-03-26T10:33:28Z","end_ts":"2026-03-26T10:33:28Z","count":2,"temp_air":12.5,"hum_air":83.7,"generated_at":"2026-03-26T10:39:53Z","inserted_at":"2026-03-26T10:39:53Z","ts":"2026-03-26T10:33:28Z"}
{"_id":{"$oid":"69c50f51b2147717dbde742a"},"start_ts":"2026-03-26T10:40:08Z","end_ts":"2026-03-26T10:46:48Z","count":4,"temp_air":12.45,"hum_air":82.95,"generated_at":"2026-03-26T10:49:53Z","inserted_at":"2026-03-26T10:49:53Z","ts":"2026-03-26T10:46:48Z"}
{"_id":{"$oid":"69c511a9b2147717dbde742b"},"start_ts":"2026-03-26T10:53:28Z","end_ts":"2026-03-26T10:53:28Z","count":2,"temp_air":12.4,"hum_air":83.0,"generated_at":"2026-03-26T10:59:53Z","inserted_at":"2026-03-26T10:59:53Z","ts":"2026-03-26T10:53:28Z"}
{"_id":{"$oid":"69c51401b2147717dbde742c"},"start_ts":"2026-03-26T11:00:08Z","end_ts":"2026-03-26T11:06:48Z","count":4,"temp_air":12.45,"hum_air":82.85,"generated_at":"2026-03-26T11:09:53Z","inserted_at":"2026-03-26T11:09:53Z","ts":"2026-03-26T11:06:48Z"}
{"_id":{"$oid":"69c51659b2147717dbde742d"},"start_ts":"2026-03-26T11:13:28Z","end_ts":"2026-03-26T11:13:28Z","count":2,"temp_air":12.3,"hum_air":82.8,"generated_at":"2026-03-26T11:19:53Z","inserted_at":"2026-03-26T11:19:53Z","ts":"2026-03-26T11:13:28Z"}
{"_id":{"$oid":"69c518b1b2147717dbde742e"},"start_ts":"2026-03-26T11:20:09Z","end_ts":"2026-03-26T11:26:48Z","count":4,"temp_air":12.45,"hum_air":82.65,"generated_at":"2026-03-26T11:29:53Z","inserted_at":"2026-03-26T11:29:53Z","ts":"2026-03-26T11:26:48Z"}
{"_id":{"$oid":"69c51b09b2147717dbde742f"},"start_ts":"2026-03-26T11:33:28Z","end_ts":"2026-03-26T11:33:28Z","count":2,"temp_air":12.6,"hum_air":82.2,"generated_at":"2026-03-26T11:39:53Z","inserted_at":"2026-03-26T11:39:53Z","ts":"2026-03-26T11:33:28Z"}
{"_id":{"$oid":"69c51d61b2147717dbde7430"},"start_ts":"2026-03-26T11:40:08Z","end_ts":"2026-03-26T11:46:48Z","count":4,"temp_air":13.100000000000001,"hum_air":81.85,"generated_at":"2026-03-26T11:49:53Z","inserted_at":"2026-03-26T11:49:53Z","ts":"2026-03-26T11:46:48Z"}
{"_id":{"$oid":"69c51fb9b2147717dbde7431"},"start_ts":"2026-03-26T11:53:28Z","end_ts":"2026-03-26T11:53:28Z","count":2,"temp_air":13.9,"hum_air":80.3,"generated_at":"2026-03-26T11:59:53Z","inserted_at":"2026-03-26T11:59:53Z","ts":"2026-03-26T11:53:28Z"}
{"_id":{"$oid":"69c52212b2147717dbde7432"},"start_ts":"2026-03-26T12:00:08Z","end_ts":"2026-03-26T12:06:48Z","count":4,"temp_air":15.2,"hum_air":77.15,"generated_at":"2026-03-26T12:09:54Z","inserted_at":"2026-03-26T12:09:54Z","ts":"2026-03-26T12:06:48Z"}
{"_id":{"$oid":"69c5246ab2147717dbde7433"},"start_ts":"2026-03-26T12:13:28Z","end_ts":"2026-03-26T12:13:28Z","count":2,"temp_air":16.6,"hum_air":74.1,"generated_at":"2026-03-26T12:19:54Z","inserted_at":"2026-03-26T12:19:54Z","ts":"2026-03-26T12:13:28Z"}
{"_id":{"$oid":"69c526c2b2147717dbde7434"},"start_ts":"2026-03-26T12:20:08Z","end_ts":"2026-03-26T12:26:48Z","count":4,"temp_air":18.7,"hum_air":69.6,"generated_at":"2026-03-26T12:29:54Z","inserted_at":"2026-03-26T12:29:54Z","ts":"2026-03-26T12:26:48Z"}
{"_id":{"$oid":"69c5291ab2147717dbde7435"},"start_ts":"2026-03-26T12:33:28Z","end_ts":"2026-03-26T12:33:28Z","count":2,"temp_air":20.5,"hum_air":65.3,"generated_at":"2026-03-26T12:39:54Z","inserted_at":"2026-03-26T12:39:54Z","ts":"2026-03-26T12:33:28Z"}
{"_id":{"$oid":"69c52b72b2147717dbde7436"},"start_ts":"2026-03-26T12:40:08Z","end_ts":"2026-03-26T12:46:48Z","count":4,"temp_air":20.700000000000003,"hum_air":65.05000000000001,"generated_at":"2026-03-26T12:49:54Z","inserted_at":"2026-03-26T12:49:54Z","ts":"2026-03-26T12:46:48Z"}
{"_id":{"$oid":"69c52dcab2147717dbde7437"},"start_ts":"2026-03-26T12:53:28Z","end_ts":"2026-03-26T12:53:28Z","count":2,"temp_air":20.9,"hum_air":65.2,"generated_at":"2026-03-26T12:59:54Z","inserted_at":"2026-03-26T12:59:54Z","ts":"2026-03-26T12:53:28Z"}
{"_id":{"$oid":"69c53022b2147717dbde7438"},"start_ts":"2026-03-26T13:00:08Z","end_ts":"2026-03-26T13:06:48Z","count":4,"temp_air":21.25,"hum_air":64.0,"generated_at":"2026-03-26T13:09:54Z","inserted_at":"2026-03-26T13:09:54Z","ts":"2026-03-26T13:06:48Z"}
{"_id":{"$oid":"69c5327ab2147717dbde7439"},"start_ts":"2026-03-26T13:13:28Z","end_ts":"2026-03-26T13:13:28Z","count":2,"temp_air":20.9,"hum_air":64.3,"generated_at":"2026-03-26T13:19:54Z","inserted_at":"2026-03-26T13:19:54Z","ts":"2026-03-26T13:13:28Z"}
{"_id":{"$oid":"69c534d2b2147717dbde743a"},"start_ts":"2026-03-26T13:20:08Z","end_ts":"2026-03-26T13:26:48Z","count":4,"temp_air":21.25,"hum_air":65.1,"generated_at":"2026-03-26T13:29:54Z","inserted_at":"2026-03-26T13:29:54Z","ts":"2026-03-26T13:26:48Z"}
{"_id":{"$oid":"69c5372ab2147717dbde743b"},"start_ts":"2026-03-26T13:33:28Z","end_ts":"2026-03-26T13:33:28Z","count":2,"temp_air":21.5,"hum_air":65.1,"generated_at":"2026-03-26T13:39:54Z","inserted_at":"2026-03-26T13:39:54Z","ts":"2026-03-26T13:33:28Z"}
{"_id":{"$oid":"69c53983b2147717dbde743c"},"start_ts":"2026-03-26T13:40:09Z","end_ts":"2026-03-26T13:46:48Z","count":4,"temp_air":22.049999999999997,"hum_air":64.15,"generated_at":"2026-03-26T13:49:55Z","inserted_at":"2026-03-26T13:49:55Z","ts":"2026-03-26T13:46:48Z"}
{"_id":{"$oid":"69c53bdbb2147717dbde743d"},"start_ts":"2026-03-26T13:53:28Z","end_ts":"2026-03-26T13:53:28Z","count":2,"temp_air":22.8,"hum_air":63.4,"generated_at":"2026-03-26T13:59:55Z","inserted_at":"2026-03-26T13:59:55Z","ts":"2026-03-26T13:53:28Z"}
{"_id":{"$oid":"69c53e33b2147717dbde743e"},"start_ts":"2026-03-26T14:00:08Z","end_ts":"2026-03-26T14:06:48Z","count":4,"temp_air":23.0,"hum_air":62.349999999999994,"generated_at":"2026-03-26T14:09:55Z","inserted_at":"2026-03-26T14:09:55Z","ts":"2026-03-26T14:06:48Z"}
{"_id":{"$oid":"69c5408bb2147717dbde743f"},"start_ts":"2026-03-26T14:13:28Z","end_ts":"2026-03-26T14:13:28Z","count":2,"temp_air":23.3,"hum_air":62.3,"generated_at":"2026-03-26T14:19:55Z","inserted_at":"2026-03-26T14:19:55Z","ts":"2026-03-26T14:13:28Z"}
{"_id":{"$oid":"69c542e3b2147717dbde7440"},"start_ts":"2026-03-26T14:20:09Z","end_ts":"2026-03-26T14:26:49Z","count":4,"temp_air":23.75,"hum_air":60.9,"generated_at":"2026-03-26T14:29:55Z","inserted_at":"2026-03-26T14:29:55Z","ts":"2026-03-26T14:26:49Z"}
{"_id":{"$oid":"69c5453bb2147717dbde7441"},"start_ts":"2026-03-26T14:33:29Z","end_ts":"2026-03-26T14:33:29Z","count":2,"temp_air":24.6,"hum_air":58.1,"generated_at":"2026-03-26T14:39:55Z","inserted_at":"2026-03-26T14:39:55Z","ts":"2026-03-26T14:33:29Z"}
{"_id":{"$oid":"69c54793b2147717dbde7442"},"start_ts":"2026-03-26T14:40:09Z","end_ts":"2026-03-26T14:46:49Z","count":4,"temp_air":25.8,"hum_air":57.3,"generated_at":"2026-03-26T14:49:55Z","inserted_at":"2026-03-26T14:49:55Z","ts":"2026-03-26T14:46:49Z"}
{"_id":{"$oid":"69c549ebb2147717dbde7443"},"start_ts":"2026-03-26T14:53:29Z","end_ts":"2026-03-26T14:53:29Z","count":2,"temp_air":27.6,"hum_air":53.8,"generated_at":"2026-03-26T14:59:55Z","inserted_at":"2026-03-26T14:59:55Z","ts":"2026-03-26T14:53:29Z"}
{"_id":{"$oid":"69c54c43b2147717dbde7444"},"start_ts":"2026-03-26T15:00:09Z","end_ts":"2026-03-26T15:06:49Z","count":4,"temp_air":29.9,"hum_air":51.6,"generated_at":"2026-03-26T15:09:55Z","inserted_at":"2026-03-26T15:09:55Z","ts":"2026-03-26T15:06:49Z"}
{"_id":{"$oid":"69c54e9cb2147717dbde7445"},"start_ts":"2026-03-26T15:13:29Z","end_ts":"2026-03-26T15:13:29Z","count":2,"temp_air":32.2,"hum_air":48.2,"generated_at":"2026-03-26T15:19:56Z","inserted_at":"2026-03-26T15:19:56Z","ts":"2026-03-26T15:13:29Z"}
{"_id":{"$oid":"69c550f4b2147717dbde7446"},"start_ts":"2026-03-26T15:20:09Z","end_ts":"2026-03-26T15:26:49Z","count":4,"temp_air":37.25,"hum_air":43.8,"generated_at":"2026-03-26T15:29:56Z","inserted_at":"2026-03-26T15:29:56Z","ts":"2026-03-26T15:26:49Z"}
{"_id":{"$oid":"69c5534cb2147717dbde7447"},"start_ts":"2026-03-26T15:33:29Z","end_ts":"2026-03-26T15:33:29Z","count":2,"temp_air":40.9,"hum_air":39.0,"generated_at":"2026-03-26T15:39:56Z","inserted_at":"2026-03-26T15:39:56Z","ts":"2026-03-26T15:33:29Z"}
{"_id":{"$oid":"69c555a4b2147717dbde7448"},"start_ts":"2026-03-26T15:40:09Z","end_ts":"2026-03-26T15:46:49Z","count":4,"temp_air":41.6,"hum_air":40.150000000000006,"generated_at":"2026-03-26T15:49:56Z","inserted_at":"2026-03-26T15:49:56Z","ts":"2026-03-26T15:46:49Z"}
{"_id":{"$oid":"69c557fcb2147717dbde7449"},"start_ts":"2026-03-26T15:53:29Z","end_ts":"2026-03-26T15:53:29Z","count":2,"temp_air":40.9,"hum_air":36.9,"generated_at":"2026-03-26T15:59:56Z","inserted_at":"2026-03-26T15:59:56Z","ts":"2026-03-26T15:53:29Z"}
{"_id":{"$oid":"69c55a54b2147717dbde744a"},"start_ts":"2026-03-26T16:00:09Z","end_ts":"2026-03-26T16:06:49Z","count":4,"temp_air":38.35,"hum_air":39.2,"generated_at":"2026-03-26T16:09:56Z","inserted_at":"2026-03-26T16:09:56Z","ts":"2026-03-26T16:06:49Z"}
{"_id":{"$oid":"69c55cacb2147717dbde744b"},"start_ts":"2026-03-26T16:13:29Z","end_ts":"2026-03-26T16:13:29Z","count":2,"temp_air":35.7,"hum_air":40.8,"generated_at":"2026-03-26T16:19:56Z","inserted_at":"2026-03-26T16:19:56Z","ts":"2026-03-26T16:13:29Z"}
{"_id":{"$oid":"69c55f04b2147717dbde744c"},"start_ts":"2026-03-26T16:20:09Z","end_ts":"2026-03-26T16:26:49Z","count":4,"temp_air":33.0,"hum_air":42.5,"generated_at":"2026-03-26T16:29:56Z","inserted_at":"2026-03-26T16:29:56Z","ts":"2026-03-26T16:26:49Z"}
{"_id":{"$oid":"69c5615cb2147717dbde744d"},"start_ts":"2026-03-26T16:33:29Z","end_ts":"2026-03-26T16:33:29Z","count":2,"temp_air":30.4,"hum_air":45.4,"generated_at":"2026-03-26T16:39:56Z","inserted_at":"2026-03-26T16:39:56Z","ts":"2026-03-26T16:33:29Z"}
{"_id":{"$oid":"69c563b5b2147717dbde744e"},"start_ts":"2026-03-26T16:40:09Z","end_ts":"2026-03-26T16:46:49Z","count":4,"temp_air":28.200000000000003,"hum_air":46.55,"generated_at":"2026-03-26T16:49:57Z","inserted_at":"2026-03-26T16:49:57Z","ts":"2026-03-26T16:46:49Z"}
{"_id":{"$oid":"69c5660db2147717dbde744f"},"start_ts":"2026-03-26T16:53:29Z","end_ts":"2026-03-26T16:53:29Z","count":2,"temp_air":26.0,"hum_air":53.7,"generated_at":"2026-03-26T16:59:57Z","inserted_at":"2026-03-26T16:59:57Z","ts":"2026-03-26T16:53:29Z"}
{"_id":{"$oid":"69c56865b2147717dbde7450"},"start_ts":"2026-03-26T17:00:09Z","end_ts":"2026-03-26T17:06:49Z","count":4,"temp_air":24.799999999999997,"hum_air":55.15,"generated_at":"2026-03-26T17:09:57Z","inserted_at":"2026-03-26T17:09:57Z","ts":"2026-03-26T17:06:49Z"}
{"_id":{"$oid":"69c56abdb2147717dbde7451"},"start_ts":"2026-03-26T17:13:29Z","end_ts":"2026-03-26T17:13:29Z","count":2,"temp_air":24.0,"hum_air":57.2,"generated_at":"2026-03-26T17:19:57Z","inserted_at":"2026-03-26T17:19:57Z","ts":"2026-03-26T17:13:29Z"}
{"_id":{"$oid":"69c56d15b2147717dbde7452"},"start_ts":"2026-03-26T17:20:09Z","end_ts":"2026-03-26T17:26:49Z","count":4,"temp_air":24.35,"hum_air":56.85,"generated_at":"2026-03-26T17:29:57Z","inserted_at":"2026-03-26T17:29:57Z","ts":"2026-03-26T17:26:49Z"}
{"_id":{"$oid":"69c56f6db2147717dbde7453"},"start_ts":"2026-03-26T17:33:30Z","end_ts":"2026-03-26T17:33:30Z","count":2,"temp_air":24.9,"hum_air":56.2,"generated_at":"2026-03-26T17:39:57Z","inserted_at":"2026-03-26T17:39:57Z","ts":"2026-03-26T17:33:30Z"}
{"_id":{"$oid":"69c571c5b2147717dbde7454"},"start_ts":"2026-03-26T17:40:09Z","end_ts":"2026-03-26T17:46:49Z","count":4,"temp_air":25.9,"hum_air":55.8,"generated_at":"2026-03-26T17:49:57Z","inserted_at":"2026-03-26T17:49:57Z","ts":"2026-03-26T17:46:49Z"}
{"_id":{"$oid":"69c5741db2147717dbde7455"},"start_ts":"2026-03-26T17:53:31Z","end_ts":"2026-03-26T17:53:31Z","count":2,"temp_air":27.0,"hum_air":55.3,"generated_at":"2026-03-26T17:59:57Z","inserted_at":"2026-03-26T17:59:57Z","ts":"2026-03-26T17:53:31Z"}
{"_id":{"$oid":"69c57675b2147717dbde7456"},"start_ts":"2026-03-26T18:00:09Z","end_ts":"2026-03-26T18:06:49Z","count":4,"temp_air":27.25,"hum_air":55.75,"generated_at":"2026-03-26T18:09:57Z","inserted_at":"2026-03-26T18:09:57Z","ts":"2026-03-26T18:06:49Z"}
{"_id":{"$oid":"69c578cdb2147717dbde7457"},"start_ts":"2026-03-26T18:13:29Z","end_ts":"2026-03-26T18:13:29Z","count":2,"temp_air":26.8,"hum_air":54.7,"generated_at":"2026-03-26T18:19:57Z","inserted_at":"2026-03-26T18:19:57Z","ts":"2026-03-26T18:13:29Z"}
{"_id":{"$oid":"69c57b26b2147717dbde7458"},"start_ts":"2026-03-26T18:20:09Z","end_ts":"2026-03-26T18:26:49Z","count":4,"temp_air":26.799999999999997,"hum_air":54.05,"generated_at":"2026-03-26T18:29:58Z","inserted_at":"2026-03-26T18:29:58Z","ts":"2026-03-26T18:26:49Z"}
{"_id":{"$oid":"69c57d7eb2147717dbde7459"},"start_ts":"2026-03-26T18:33:29Z","end_ts":"2026-03-26T18:33:29Z","count":2,"temp_air":27.4,"hum_air":54.4,"generated_at":"2026-03-26T18:39:58Z","inserted_at":"2026-03-26T18:39:58Z","ts":"2026-03-26T18:33:29Z"}
{"_id":{"$oid":"69c57fd6b2147717dbde745a"},"start_ts":"2026-03-26T18:40:09Z","end_ts":"2026-03-26T18:46:49Z","count":4,"temp_air":28.35,"hum_air":52.349999999999994,"generated_at":"2026-03-26T18:49:58Z","inserted_at":"2026-03-26T18:49:58Z","ts":"2026-03-26T18:46:49Z"}
{"_id":{"$oid":"69c5822eb2147717dbde745b"},"start_ts":"2026-03-26T18:53:29Z","end_ts":"2026-03-26T18:53:29Z","count":2,"temp_air":28.9,"hum_air":51.5,"generated_at":"2026-03-26T18:59:58Z","inserted_at":"2026-03-26T18:59:58Z","ts":"2026-03-26T18:53:29Z"}
{"_id":{"$oid":"69c58486b2147717dbde745c"},"start_ts":"2026-03-26T19:00:09Z","end_ts":"2026-03-26T19:06:49Z","count":4,"temp_air":28.6,"hum_air":50.55,"generated_at":"2026-03-26T19:09:58Z","inserted_at":"2026-03-26T19:09:58Z","ts":"2026-03-26T19:06:49Z"}
{"_id":{"$oid":"69c586deb2147717dbde745d"},"start_ts":"2026-03-26T19:13:29Z","end_ts":"2026-03-26T19:13:29Z","count":2,"temp_air":28.5,"hum_air":49.0,"generated_at":"2026-03-26T19:19:58Z","inserted_at":"2026-03-26T19:19:58Z","ts":"2026-03-26T19:13:29Z"}
{"_id":{"$oid":"69c58936b2147717dbde745e"},"start_ts":"2026-03-26T19:20:09Z","end_ts":"2026-03-26T19:26:50Z","count":4,"temp_air":27.1,"hum_air":49.9,"generated_at":"2026-03-26T19:29:58Z","inserted_at":"2026-03-26T19:29:58Z","ts":"2026-03-26T19:26:50Z"}
{"_id":{"$oid":"69c58b8eb2147717dbde745f"},"start_ts":"2026-03-26T19:33:30Z","end_ts":"2026-03-26T19:33:30Z","count":2,"temp_air":25.3,"hum_air":51.8,"generated_at":"2026-03-26T19:39:58Z","inserted_at":"2026-03-26T19:39:58Z","ts":"2026-03-26T19:33:30Z"}
{"_id":{"$oid":"69c58de6b2147717dbde7460"},"start_ts":"2026-03-26T19:40:09Z","end_ts":"2026-03-26T19:46:49Z","count":4,"temp_air":25.5,"hum_air":53.35,"generated_at":"2026-03-26T19:49:58Z","inserted_at":"2026-03-26T19:49:58Z","ts":"2026-03-26T19:46:49Z"}
{"_id":{"$oid":"69c5903eb2147717dbde7461"},"start_ts":"2026-03-26T19:53:29Z","end_ts":"2026-03-26T19:53:29Z","count":2,"temp_air":24.6,"hum_air":52.4,"generated_at":"2026-03-26T19:59:58Z","inserted_at":"2026-03-26T19:59:58Z","ts":"2026-03-26T19:53:29Z"}
{"_id":{"$oid":"69c59297b2147717dbde7462"},"start_ts":"2026-03-26T20:00:09Z","end_ts":"2026-03-26T20:06:50Z","count":4,"temp_air":24.0,"hum_air":55.4,"generated_at":"2026-03-26T20:09:59Z","inserted_at":"2026-03-26T20:09:59Z","ts":"2026-03-26T20:06:50Z"}
{"_id":{"$oid":"69c594efb2147717dbde7463"},"start_ts":"2026-03-26T20:13:29Z","end_ts":"2026-03-26T20:13:29Z","count":2,"temp_air":23.8,"hum_air":59.3,"generated_at":"2026-03-26T20:19:59Z","inserted_at":"2026-03-26T20:19:59Z","ts":"2026-03-26T20:13:29Z"}
{"_id":{"$oid":"69c59747b2147717dbde7464"},"start_ts":"2026-03-26T20:20:10Z","end_ts":"2026-03-26T20:26:50Z","count":4,"temp_air":23.55,"hum_air":57.0,"generated_at":"2026-03-26T20:29:59Z","inserted_at":"2026-03-26T20:29:59Z","ts":"2026-03-26T20:26:50Z"}
{"_id":{"$oid":"69c5999fb2147717dbde7465"},"start_ts":"2026-03-26T20:33:29Z","end_ts":"2026-03-26T20:33:29Z","count":2,"temp_air":24.4,"hum_air":56.5,"generated_at":"2026-03-26T20:39:59Z","inserted_at":"2026-03-26T20:39:59Z","ts":"2026-03-26T20:33:29Z"}
{"_id":{"$oid":"69c59bf7b2147717dbde7466"},"start_ts":"2026-03-26T20:40:09Z","end_ts":"2026-03-26T20:46:49Z","count":4,"temp_air":25.0,"hum_air":53.75,"generated_at":"2026-03-26T20:49:59Z","inserted_at":"2026-03-26T20:49:59Z","ts":"2026-03-26T20:46:49Z"}
{"_id":{"$oid":"69c59e4fb2147717dbde7467"},"start_ts":"2026-03-26T20:53:29Z","end_ts":"2026-03-26T20:53:29Z","count":2,"temp_air":24.6,"hum_air":56.6,"generated_at":"2026-03-26T20:59:59Z","inserted_at":"2026-03-26T20:59:59Z","ts":"2026-03-26T20:53:29Z"}
{"_id":{"$oid":"69c5a0a7b2147717dbde7468"},"start_ts":"2026-03-26T21:00:09Z","end_ts":"2026-03-26T21:06:49Z","count":4,"temp_air":24.0,"hum_air":55.0,"generated_at":"2026-03-26T21:09:59Z","inserted_at":"2026-03-26T21:09:59Z","ts":"2026-03-26T21:06:49Z"}
{"_id":{"$oid":"69c5a2ffb2147717dbde7469"},"start_ts":"2026-03-26T21:13:29Z","end_ts":"2026-03-26T21:13:29Z","count":2,"temp_air":24.2,"hum_air":58.0,"generated_at":"2026-03-26T21:19:59Z","inserted_at":"2026-03-26T21:19:59Z","ts":"2026-03-26T21:13:29Z"}
{"_id":{"$oid":"69c5a557b2147717dbde746a"},"start_ts":"2026-03-26T21:20:09Z","end_ts":"2026-03-26T21:26:49Z","count":4,"temp_air":25.15,"hum_air":56.0,"generated_at":"2026-03-26T21:29:59Z","inserted_at":"2026-03-26T21:29:59Z","ts":"2026-03-26T21:26:49Z"}
{"_id":{"$oid":"69c5a7b0b2147717dbde746b"},"start_ts":"2026-03-26T21:33:30Z","end_ts":"2026-03-26T21:33:30Z","count":2,"temp_air":24.9,"hum_air":57.7,"generated_at":"2026-03-26T21:40:00Z","inserted_at":"2026-03-26T21:40:00Z","ts":"2026-03-26T21:33:30Z"}
{"_id":{"$oid":"69c5aa08b2147717dbde746c"},"start_ts":"2026-03-26T21:40:09Z","end_ts":"2026-03-26T21:46:50Z","count":4,"temp_air":23.35,"hum_air":58.150000000000006,"generated_at":"2026-03-26T21:50:00Z","inserted_at":"2026-03-26T21:50:00Z","ts":"2026-03-26T21:46:50Z"}
{"_id":{"$oid":"69c5ac60b2147717dbde746d"},"start_ts":"2026-03-26T21:53:30Z","end_ts":"2026-03-26T21:53:30Z","count":2,"temp_air":22.9,"hum_air":58.2,"generated_at":"2026-03-26T22:00:00Z","inserted_at":"2026-03-26T22:00:00Z","ts":"2026-03-26T21:53:30Z"}
{"_id":{"$oid":"69c5aeb8b2147717dbde746e"},"start_ts":"2026-03-26T22:00:09Z","end_ts":"2026-03-26T22:06:49Z","count":4,"temp_air":22.4,"hum_air":60.2,"generated_at":"2026-03-26T22:10:00Z","inserted_at":"2026-03-26T22:10:00Z","ts":"2026-03-26T22:06:49Z"}
{"_id":{"$oid":"69c5b110b2147717dbde746f"},"start_ts":"2026-03-26T22:13:29Z","end_ts":"2026-03-26T22:13:29Z","count":2,"temp_air":22.6,"hum_air":59.5,"generated_at":"2026-03-26T22:20:00Z","inserted_at":"2026-03-26T22:20:00Z","ts":"2026-03-26T22:13:29Z"}
{"_id":{"$oid":"69c5b368b2147717dbde7470"},"start_ts":"2026-03-26T22:20:09Z","end_ts":"2026-03-26T22:26:49Z","count":4,"temp_air":22.35,"hum_air":58.2,"generated_at":"2026-03-26T22:30:00Z","inserted_at":"2026-03-26T22:30:00Z","ts":"2026-03-26T22:26:49Z"}
{"_id":{"$oid":"69c5b5c0b2147717dbde7471"},"start_ts":"2026-03-26T22:33:30Z","end_ts":"2026-03-26T22:33:30Z","count":2,"temp_air":21.7,"hum_air":60.2,"generated_at":"2026-03-26T22:40:00Z","inserted_at":"2026-03-26T22:40:00Z","ts":"2026-03-26T22:33:30Z"}
{"_id":{"$oid":"69c5b818b2147717dbde7472"},"start_ts":"2026-03-26T22:40:11Z","end_ts":"2026-03-26T22:46:49Z","count":4,"temp_air":20.799999999999997,"hum_air":61.3,"generated_at":"2026-03-26T22:50:00Z","inserted_at":"2026-03-26T22:50:00Z","ts":"2026-03-26T22:46:49Z"}
{"_id":{"$oid":"69c5ba70b2147717dbde7473"},"start_ts":"2026-03-26T22:53:30Z","end_ts":"2026-03-26T22:53:30Z","count":2,"temp_air":19.7,"hum_air":64.8,"generated_at":"2026-03-26T23:00:00Z","inserted_at":"2026-03-26T23:00:00Z","ts":"2026-03-26T22:53:30Z"}
{"_id":{"$oid":"69c5bcc9b2147717dbde7474"},"start_ts":"2026-03-26T23:00:10Z","end_ts":"2026-03-26T23:06:49Z","count":4,"temp_air":18.549999999999997,"hum_air":68.75,"generated_at":"2026-03-26T23:10:01Z","inserted_at":"2026-03-26T23:10:01Z","ts":"2026-03-26T23:06:49Z"}
{"_id":{"$oid":"69c5bf21b2147717dbde7475"},"start_ts":"2026-03-26T23:13:29Z","end_ts":"2026-03-26T23:13:29Z","count":2,"temp_air":17.6,"hum_air":73.6,"generated_at":"2026-03-26T23:20:01Z","inserted_at":"2026-03-26T23:20:01Z","ts":"2026-03-26T23:13:29Z"}
{"_id":{"$oid":"69c5c179b2147717dbde7476"},"start_ts":"2026-03-26T23:20:10Z","end_ts":"2026-03-26T23:26:50Z","count":4,"temp_air":16.85,"hum_air":76.15,"generated_at":"2026-03-26T23:30:01Z","inserted_at":"2026-03-26T23:30:01Z","ts":"2026-03-26T23:26:50Z"}
{"_id":{"$oid":"69c5c3d1b2147717dbde7477"},"start_ts":"2026-03-26T23:33:29Z","end_ts":"2026-03-26T23:33:29Z","count":2,"temp_air":16.4,"hum_air":77.8,"generated_at":"2026-03-26T23:40:01Z","inserted_at":"2026-03-26T23:40:01Z","ts":"2026-03-26T23:33:29Z"}
{"_id":{"$oid":"69c5c629b2147717dbde7478"},"start_ts":"2026-03-26T23:40:11Z","end_ts":"2026-03-26T23:46:50Z","count":4,"temp_air":16.1,"hum_air":79.45,"generated_at":"2026-03-26T23:50:01Z","inserted_at":"2026-03-26T23:50:01Z","ts":"2026-03-26T23:46:50Z"}
{"_id":{"$oid":"69c5c881b2147717dbde7479"},"start_ts":"2026-03-26T23:53:31Z","end_ts":"2026-03-26T23:53:31Z","count":2,"temp_air":15.9,"hum_air":79.5,"generated_at":"2026-03-27T00:00:01Z","inserted_at":"2026-03-27T00:00:01Z","ts":"2026-03-26T23:53:31Z"}
{"_id":{"$oid":"69c5cad9b2147717dbde747a"},"start_ts":"2026-03-27T00:00:13Z","end_ts":"2026-03-27T00:06:51Z","count":4,"temp_air":15.8,"hum_air":79.44999999999999,"generated_at":"2026-03-27T00:10:01Z","inserted_at":"2026-03-27T00:10:01Z","ts":"2026-03-27T00:06:51Z"}
{"_id":{"$oid":"69c5cd31b2147717dbde747b"},"start_ts":"2026-03-27T00:13:30Z","end_ts":"2026-03-27T00:13:30Z","count":2,"temp_air":15.7,"hum_air":79.7,"generated_at":"2026-03-27T00:20:01Z","inserted_at":"2026-03-27T00:20:01Z","ts":"2026-03-27T00:13:30Z"}
{"_id":{"$oid":"69c5cf89b2147717dbde747c"},"start_ts":"2026-03-27T00:20:11Z","end_ts":"2026-03-27T00:26:50Z","count":4,"temp_air":15.649999999999999,"hum_air":80.5,"generated_at":"2026-03-27T00:30:01Z","inserted_at":"2026-03-27T00:30:01Z","ts":"2026-03-27T00:26:50Z"}
{"_id":{"$oid":"69c5d1e2b2147717dbde747d"},"start_ts":"2026-03-27T00:33:30Z","end_ts":"2026-03-27T00:33:30Z","count":2,"temp_air":15.7,"hum_air":81.2,"generated_at":"2026-03-27T00:40:02Z","inserted_at":"2026-03-27T00:40:02Z","ts":"2026-03-27T00:33:30Z"}
{"_id":{"$oid":"69c5d43ab2147717dbde747e"},"start_ts":"2026-03-27T00:40:11Z","end_ts":"2026-03-27T00:46:51Z","count":4,"temp_air":15.5,"hum_air":82.19999999999999,"generated_at":"2026-03-27T00:50:02Z","inserted_at":"2026-03-27T00:50:02Z","ts":"2026-03-27T00:46:51Z"}
{"_id":{"$oid":"69c5d692b2147717dbde747f"},"start_ts":"2026-03-27T00:53:32Z","end_ts":"2026-03-27T00:53:32Z","count":2,"temp_air":15.5,"hum_air":81.6,"generated_at":"2026-03-27T01:00:02Z","inserted_at":"2026-03-27T01:00:02Z","ts":"2026-03-27T00:53:32Z"}
{"_id":{"$oid":"69c5d8eab2147717dbde7480"},"start_ts":"2026-03-27T01:00:12Z","end_ts":"2026-03-27T01:06:51Z","count":4,"temp_air":15.45,"hum_air":80.85,"generated_at":"2026-03-27T01:10:02Z","inserted_at":"2026-03-27T01:10:02Z","ts":"2026-03-27T01:06:51Z"}
{"_id":{"$oid":"69c5db42b2147717dbde7481"},"start_ts":"2026-03-27T01:13:32Z","end_ts":"2026-03-27T01:13:32Z","count":2,"temp_air":15.5,"hum_air":80.9,"generated_at":"2026-03-27T01:20:02Z","inserted_at":"2026-03-27T01:20:02Z","ts":"2026-03-27T01:13:32Z"}
{"_id":{"$oid":"69c5dd9ab2147717dbde7482"},"start_ts":"2026-03-27T01:20:11Z","end_ts":"2026-03-27T01:26:52Z","count":4,"temp_air":15.6,"hum_air":80.9,"generated_at":"2026-03-27T01:30:02Z","inserted_at":"2026-03-27T01:30:02Z","ts":"2026-03-27T01:26:52Z"}
{"_id":{"$oid":"69c5dff2b2147717dbde7483"},"start_ts":"2026-03-27T01:33:31Z","end_ts":"2026-03-27T01:33:31Z","count":2,"temp_air":15.4,"hum_air":80.7,"generated_at":"2026-03-27T01:40:02Z","inserted_at":"2026-03-27T01:40:02Z","ts":"2026-03-27T01:33:31Z"}
{"_id":{"$oid":"69c5e24ab2147717dbde7484"},"start_ts":"2026-03-27T01:40:13Z","end_ts":"2026-03-27T01:46:51Z","count":4,"temp_air":14.85,"hum_air":81.05,"generated_at":"2026-03-27T01:50:02Z","inserted_at":"2026-03-27T01:50:02Z","ts":"2026-03-27T01:46:51Z"}
{"_id":{"$oid":"69c5e4a2b2147717dbde7485"},"start_ts":"2026-03-27T01:53:36Z","end_ts":"2026-03-27T01:53:41Z","count":4,"temp_air":14.6,"hum_air":81.3,"generated_at":"2026-03-27T02:00:02Z","inserted_at":"2026-03-27T02:00:02Z","ts":"2026-03-27T01:53:41Z"}
{"_id":{"$oid":"69c5e6fab2147717dbde7486"},"start_ts":"2026-03-27T02:00:12Z","end_ts":"2026-03-27T02:06:51Z","count":4,"temp_air":14.25,"hum_air":82.0,"generated_at":"2026-03-27T02:10:02Z","inserted_at":"2026-03-27T02:10:02Z","ts":"2026-03-27T02:06:51Z"}
{"_id":{"$oid":"69c5e953b2147717dbde7487"},"start_ts":"2026-03-27T02:13:30Z","end_ts":"2026-03-27T02:13:30Z","count":2,"temp_air":14.1,"hum_air":81.2,"generated_at":"2026-03-27T02:20:03Z","inserted_at":"2026-03-27T02:20:03Z","ts":"2026-03-27T02:13:30Z"}
{"_id":{"$oid":"69c5ebabb2147717dbde7488"},"start_ts":"2026-03-27T02:20:10Z","end_ts":"2026-03-27T02:26:52Z","count":4,"temp_air":13.8,"hum_air":81.25,"generated_at":"2026-03-27T02:30:03Z","inserted_at":"2026-03-27T02:30:03Z","ts":"2026-03-27T02:26:52Z"}
{"_id":{"$oid":"69c5ee03b2147717dbde7489"},"start_ts":"2026-03-27T02:33:32Z","end_ts":"2026-03-27T02:33:32Z","count":2,"temp_air":13.6,"hum_air":81.8,"generated_at":"2026-03-27T02:40:03Z","inserted_at":"2026-03-27T02:40:03Z","ts":"2026-03-27T02:33:32Z"}
{"_id":{"$oid":"69c5f05bb2147717dbde748a"},"start_ts":"2026-03-27T02:40:12Z","end_ts":"2026-03-27T02:46:53Z","count":4,"temp_air":13.4,"hum_air":81.94999999999999,"generated_at":"2026-03-27T02:50:03Z","inserted_at":"2026-03-27T02:50:03Z","ts":"2026-03-27T02:46:53Z"}
{"_id":{"$oid":"69c5f2b3b2147717dbde748b"},"start_ts":"2026-03-27T02:53:32Z","end_ts":"2026-03-27T02:53:32Z","count":2,"temp_air":13.4,"hum_air":81.4,"generated_at":"2026-03-27T03:00:03Z","inserted_at":"2026-03-27T03:00:03Z","ts":"2026-03-27T02:53:32Z"}
{"_id":{"$oid":"69c5f50bb2147717dbde748c"},"start_ts":"2026-03-27T03:00:15Z","end_ts":"2026-03-27T03:06:52Z","count":6,"temp_air":13.3,"hum_air":81.56666666666666,"generated_at":"2026-03-27T03:10:03Z","inserted_at":"2026-03-27T03:10:03Z","ts":"2026-03-27T03:06:52Z"}
{"_id":{"$oid":"69c5f763b2147717dbde748d"},"start_ts":"2026-03-27T03:13:32Z","end_ts":"2026-03-27T03:13:32Z","count":2,"temp_air":13.3,"hum_air":81.7,"generated_at":"2026-03-27T03:20:03Z","inserted_at":"2026-03-27T03:20:03Z","ts":"2026-03-27T03:13:32Z"}
{"_id":{"$oid":"69c5f9bbb2147717dbde748e"},"start_ts":"2026-03-27T03:20:11Z","end_ts":"2026-03-27T03:26:51Z","count":4,"temp_air":13.149999999999999,"hum_air":81.55,"generated_at":"2026-03-27T03:30:03Z","inserted_at":"2026-03-27T03:30:03Z","ts":"2026-03-27T03:26:51Z"}
{"_id":{"$oid":"69c5fc13b2147717dbde748f"},"start_ts":"2026-03-27T03:33:32Z","end_ts":"2026-03-27T03:33:32Z","count":2,"temp_air":13.1,"hum_air":81.7,"generated_at":"2026-03-27T03:40:03Z","inserted_at":"2026-03-27T03:40:03Z","ts":"2026-03-27T03:33:32Z"}
{"_id":{"$oid":"69c5fe6bb2147717dbde7490"},"start_ts":"2026-03-27T03:40:12Z","end_ts":"2026-03-27T03:46:51Z","count":4,"temp_air":12.95,"hum_air":81.45,"generated_at":"2026-03-27T03:50:03Z","inserted_at":"2026-03-27T03:50:03Z","ts":"2026-03-27T03:46:51Z"}
{"_id":{"$oid":"69c600c3b2147717dbde7491"},"start_ts":"2026-03-27T03:53:30Z","end_ts":"2026-03-27T03:53:30Z","count":2,"temp_air":12.7,"hum_air":81.5,"generated_at":"2026-03-27T04:00:03Z","inserted_at":"2026-03-27T04:00:03Z","ts":"2026-03-27T03:53:30Z"}
{"_id":{"$oid":"69c6031cb2147717dbde7492"},"start_ts":"2026-03-27T04:00:11Z","end_ts":"2026-03-27T04:06:50Z","count":4,"temp_air":12.7,"hum_air":81.65,"generated_at":"2026-03-27T04:10:04Z","inserted_at":"2026-03-27T04:10:04Z","ts":"2026-03-27T04:06:50Z"}
{"_id":{"$oid":"69c60574b2147717dbde7493"},"start_ts":"2026-03-27T04:13:30Z","end_ts":"2026-03-27T04:13:30Z","count":2,"temp_air":12.6,"hum_air":81.7,"generated_at":"2026-03-27T04:20:04Z","inserted_at":"2026-03-27T04:20:04Z","ts":"2026-03-27T04:13:30Z"}
{"_id":{"$oid":"69c607ccb2147717dbde7494"},"start_ts":"2026-03-27T04:20:10Z","end_ts":"2026-03-27T04:26:50Z","count":4,"temp_air":12.75,"hum_air":81.85,"generated_at":"2026-03-27T04:30:04Z","inserted_at":"2026-03-27T04:30:04Z","ts":"2026-03-27T04:26:50Z"}
{"_id":{"$oid":"69c60a24b2147717dbde7495"},"start_ts":"2026-03-27T04:33:30Z","end_ts":"2026-03-27T04:33:30Z","count":2,"temp_air":12.7,"hum_air":82.2,"generated_at":"2026-03-27T04:40:04Z","inserted_at":"2026-03-27T04:40:04Z","ts":"2026-03-27T04:33:30Z"}
{"_id":{"$oid":"69c60c7cb2147717dbde7496"},"start_ts":"2026-03-27T04:40:10Z","end_ts":"2026-03-27T04:46:50Z","count":4,"temp_air":12.95,"hum_air":81.85,"generated_at":"2026-03-27T04:50:04Z","inserted_at":"2026-03-27T04:50:04Z","ts":"2026-03-27T04:46:50Z"}
{"_id":{"$oid":"69c60ed4b2147717dbde7497"},"start_ts":"2026-03-27T04:53:30Z","end_ts":"2026-03-27T04:53:30Z","count":2,"temp_air":13.2,"hum_air":81.8,"generated_at":"2026-03-27T05:00:04Z","inserted_at":"2026-03-27T05:00:04Z","ts":"2026-03-27T04:53:30Z"}
{"_id":{"$oid":"69c6112cb2147717dbde7498"},"start_ts":"2026-03-27T05:00:10Z","end_ts":"2026-03-27T05:06:50Z","count":4,"temp_air":13.149999999999999,"hum_air":81.85,"generated_at":"2026-03-27T05:10:04Z","inserted_at":"2026-03-27T05:10:04Z","ts":"2026-03-27T05:06:50Z"}
{"_id":{"$oid":"69c61384b2147717dbde7499"},"start_ts":"2026-03-27T05:13:30Z","end_ts":"2026-03-27T05:13:30Z","count":2,"temp_air":13.1,"hum_air":81.9,"generated_at":"2026-03-27T05:20:04Z","inserted_at":"2026-03-27T05:20:04Z","ts":"2026-03-27T05:13:30Z"}
{"_id":{"$oid":"69c615dcb2147717dbde749a"},"start_ts":"2026-03-27T05:20:10Z","end_ts":"2026-03-27T05:26:50Z","count":4,"temp_air":13.1,"hum_air":81.4,"generated_at":"2026-03-27T05:30:04Z","inserted_at":"2026-03-27T05:30:04Z","ts":"2026-03-27T05:26:50Z"}
{"_id":{"$oid":"69c61834b2147717dbde749b"},"start_ts":"2026-03-27T05:33:30Z","end_ts":"2026-03-27T05:33:30Z","count":2,"temp_air":13.0,"hum_air":81.6,"generated_at":"2026-03-27T05:40:04Z","inserted_at":"2026-03-27T05:40:04Z","ts":"2026-03-27T05:33:30Z"}
{"_id":{"$oid":"69c61a8cb2147717dbde749c"},"start_ts":"2026-03-27T05:40:10Z","end_ts":"2026-03-27T05:46:50Z","count":4,"temp_air":12.95,"hum_air":81.8,"generated_at":"2026-03-27T05:50:04Z","inserted_at":"2026-03-27T05:50:04Z","ts":"2026-03-27T05:46:50Z"}
{"_id":{"$oid":"69c61ce5b2147717dbde749d"},"start_ts":"2026-03-27T05:53:30Z","end_ts":"2026-03-27T05:53:30Z","count":2,"temp_air":12.9,"hum_air":81.8,"generated_at":"2026-03-27T06:00:05Z","inserted_at":"2026-03-27T06:00:05Z","ts":"2026-03-27T05:53:30Z"}
{"_id":{"$oid":"69c61f3db2147717dbde749e"},"start_ts":"2026-03-27T06:00:10Z","end_ts":"2026-03-27T06:06:50Z","count":4,"temp_air":13.15,"hum_air":81.85,"generated_at":"2026-03-27T06:10:05Z","inserted_at":"2026-03-27T06:10:05Z","ts":"2026-03-27T06:06:50Z"}
{"_id":{"$oid":"69c62195b2147717dbde749f"},"start_ts":"2026-03-27T06:13:30Z","end_ts":"2026-03-27T06:13:30Z","count":2,"temp_air":13.5,"hum_air":81.9,"generated_at":"2026-03-27T06:20:05Z","inserted_at":"2026-03-27T06:20:05Z","ts":"2026-03-27T06:13:30Z"}
{"_id":{"$oid":"69c623edb2147717dbde74a0"},"start_ts":"2026-03-27T06:20:10Z","end_ts":"2026-03-27T06:26:50Z","count":4,"temp_air":13.7,"hum_air":81.44999999999999,"generated_at":"2026-03-27T06:30:05Z","inserted_at":"2026-03-27T06:30:05Z","ts":"2026-03-27T06:26:50Z"}
{"_id":{"$oid":"69c62645b2147717dbde74a1"},"start_ts":"2026-03-27T06:33:30Z","end_ts":"2026-03-27T06:33:30Z","count":2,"temp_air":13.5,"hum_air":80.9,"generated_at":"2026-03-27T06:40:05Z","inserted_at":"2026-03-27T06:40:05Z","ts":"2026-03-27T06:33:30Z"}
{"_id":{"$oid":"69c6289db2147717dbde74a2"},"start_ts":"2026-03-27T06:40:10Z","end_ts":"2026-03-27T06:46:50Z","count":4,"temp_air":13.4,"hum_air":81.35,"generated_at":"2026-03-27T06:50:05Z","inserted_at":"2026-03-27T06:50:05Z","ts":"2026-03-27T06:46:50Z"}
{"_id":{"$oid":"69c62af5b2147717dbde74a3"},"start_ts":"2026-03-27T06:53:30Z","end_ts":"2026-03-27T06:53:30Z","count":2,"temp_air":13.4,"hum_air":81.5,"generated_at":"2026-03-27T07:00:05Z","inserted_at":"2026-03-27T07:00:05Z","ts":"2026-03-27T06:53:30Z"}
{"_id":{"$oid":"69c62d4db2147717dbde74a4"},"start_ts":"2026-03-27T07:00:10Z","end_ts":"2026-03-27T07:06:50Z","count":4,"temp_air":13.6,"hum_air":81.35,"generated_at":"2026-03-27T07:10:05Z","inserted_at":"2026-03-27T07:10:05Z","ts":"2026-03-27T07:06:50Z"}
{"_id":{"$oid":"69c62fa5b2147717dbde74a5"},"start_ts":"2026-03-27T07:13:30Z","end_ts":"2026-03-27T07:13:30Z","count":2,"temp_air":13.5,"hum_air":81.4,"generated_at":"2026-03-27T07:20:05Z","inserted_at":"2026-03-27T07:20:05Z","ts":"2026-03-27T07:13:30Z"}
{"_id":{"$oid":"69c631fdb2147717dbde74a6"},"start_ts":"2026-03-27T07:20:10Z","end_ts":"2026-03-27T07:26:50Z","count":4,"temp_air":13.649999999999999,"hum_air":81.6,"generated_at":"2026-03-27T07:30:05Z","inserted_at":"2026-03-27T07:30:05Z","ts":"2026-03-27T07:26:50Z"}
{"_id":{"$oid":"69c63456b2147717dbde74a7"},"start_ts":"2026-03-27T07:33:30Z","end_ts":"2026-03-27T07:33:30Z","count":2,"temp_air":13.6,"hum_air":81.5,"generated_at":"2026-03-27T07:40:06Z","inserted_at":"2026-03-27T07:40:06Z","ts":"2026-03-27T07:33:30Z"}
{"_id":{"$oid":"69c636aeb2147717dbde74a8"},"start_ts":"2026-03-27T07:40:10Z","end_ts":"2026-03-27T07:46:50Z","count":4,"temp_air":13.649999999999999,"hum_air":81.80000000000001,"generated_at":"2026-03-27T07:50:06Z","inserted_at":"2026-03-27T07:50:06Z","ts":"2026-03-27T07:46:50Z"}
{"_id":{"$oid":"69c63906b2147717dbde74a9"},"start_ts":"2026-03-27T07:53:30Z","end_ts":"2026-03-27T07:53:30Z","count":2,"temp_air":13.7,"hum_air":81.8,"generated_at":"2026-03-27T08:00:06Z","inserted_at":"2026-03-27T08:00:06Z","ts":"2026-03-27T07:53:30Z"}
{"_id":{"$oid":"69c63b5eb2147717dbde74aa"},"start_ts":"2026-03-27T08:00:10Z","end_ts":"2026-03-27T08:06:50Z","count":4,"temp_air":13.649999999999999,"hum_air":81.5,"generated_at":"2026-03-27T08:10:06Z","inserted_at":"2026-03-27T08:10:06Z","ts":"2026-03-27T08:06:50Z"}
{"_id":{"$oid":"69c63db6b2147717dbde74ab"},"start_ts":"2026-03-27T08:13:30Z","end_ts":"2026-03-27T08:13:30Z","count":2,"temp_air":13.6,"hum_air":81.3,"generated_at":"2026-03-27T08:20:06Z","inserted_at":"2026-03-27T08:20:06Z","ts":"2026-03-27T08:13:30Z"}
{"_id":{"$oid":"69c6400eb2147717dbde74ac"},"start_ts":"2026-03-27T08:20:10Z","end_ts":"2026-03-27T08:26:50Z","count":4,"temp_air":13.25,"hum_air":81.35,"generated_at":"2026-03-27T08:30:06Z","inserted_at":"2026-03-27T08:30:06Z","ts":"2026-03-27T08:26:50Z"}
{"_id":{"$oid":"69c64266b2147717dbde74ad"},"start_ts":"2026-03-27T08:33:30Z","end_ts":"2026-03-27T08:33:30Z","count":2,"temp_air":12.9,"hum_air":81.5,"generated_at":"2026-03-27T08:40:06Z","inserted_at":"2026-03-27T08:40:06Z","ts":"2026-03-27T08:33:30Z"}
{"_id":{"$oid":"69c644beb2147717dbde74ae"},"start_ts":"2026-03-27T08:40:10Z","end_ts":"2026-03-27T08:46:50Z","count":4,"temp_air":12.5,"hum_air":81.5,"generated_at":"2026-03-27T08:50:06Z","inserted_at":"2026-03-27T08:50:06Z","ts":"2026-03-27T08:46:50Z"}
{"_id":{"$oid":"69c64716b2147717dbde74af"},"start_ts":"2026-03-27T08:53:30Z","end_ts":"2026-03-27T08:53:30Z","count":2,"temp_air":12.3,"hum_air":81.9,"generated_at":"2026-03-27T09:00:06Z","inserted_at":"2026-03-27T09:00:06Z","ts":"2026-03-27T08:53:30Z"}
{"_id":{"$oid":"69c6496eb2147717dbde74b0"},"start_ts":"2026-03-27T09:00:10Z","end_ts":"2026-03-27T09:06:50Z","count":4,"temp_air":12.149999999999999,"hum_air":82.0,"generated_at":"2026-03-27T09:10:06Z","inserted_at":"2026-03-27T09:10:06Z","ts":"2026-03-27T09:06:50Z"}
{"_id":{"$oid":"69c64bc7b2147717dbde74b1"},"start_ts":"2026-03-27T09:13:30Z","end_ts":"2026-03-27T09:13:30Z","count":2,"temp_air":11.9,"hum_air":82.4,"generated_at":"2026-03-27T09:20:07Z","inserted_at":"2026-03-27T09:20:07Z","ts":"2026-03-27T09:13:30Z"}
{"_id":{"$oid":"69c64e1fb2147717dbde74b2"},"start_ts":"2026-03-27T09:20:10Z","end_ts":"2026-03-27T09:26:50Z","count":4,"temp_air":11.95,"hum_air":82.85,"generated_at":"2026-03-27T09:30:07Z","inserted_at":"2026-03-27T09:30:07Z","ts":"2026-03-27T09:26:50Z"}
{"_id":{"$oid":"69c65077b2147717dbde74b3"},"start_ts":"2026-03-27T09:33:30Z","end_ts":"2026-03-27T09:33:30Z","count":2,"temp_air":12.0,"hum_air":82.7,"generated_at":"2026-03-27T09:40:07Z","inserted_at":"2026-03-27T09:40:07Z","ts":"2026-03-27T09:33:30Z"}
{"_id":{"$oid":"69c652cfb2147717dbde74b4"},"start_ts":"2026-03-27T09:40:11Z","end_ts":"2026-03-27T09:46:50Z","count":4,"temp_air":12.05,"hum_air":82.6,"generated_at":"2026-03-27T09:50:07Z","inserted_at":"2026-03-27T09:50:07Z","ts":"2026-03-27T09:46:50Z"}
{"_id":{"$oid":"69c65527b2147717dbde74b5"},"start_ts":"2026-03-27T09:53:30Z","end_ts":"2026-03-27T09:53:30Z","count":2,"temp_air":12.1,"hum_air":82.4,"generated_at":"2026-03-27T10:00:07Z","inserted_at":"2026-03-27T10:00:07Z","ts":"2026-03-27T09:53:30Z"}
{"_id":{"$oid":"69c6577fb2147717dbde74b6"},"start_ts":"2026-03-27T10:00:10Z","end_ts":"2026-03-27T10:06:50Z","count":4,"temp_air":12.149999999999999,"hum_air":82.25,"generated_at":"2026-03-27T10:10:07Z","inserted_at":"2026-03-27T10:10:07Z","ts":"2026-03-27T10:06:50Z"}
{"_id":{"$oid":"69c659d7b2147717dbde74b7"},"start_ts":"2026-03-27T10:13:30Z","end_ts":"2026-03-27T10:13:30Z","count":2,"temp_air":12.2,"hum_air":82.3,"generated_at":"2026-03-27T10:20:07Z","inserted_at":"2026-03-27T10:20:07Z","ts":"2026-03-27T10:13:30Z"}
{"_id":{"$oid":"69c65c2fb2147717dbde74b8"},"start_ts":"2026-03-27T10:20:10Z","end_ts":"2026-03-27T10:26:50Z","count":4,"temp_air":12.05,"hum_air":82.30000000000001,"generated_at":"2026-03-27T10:30:07Z","inserted_at":"2026-03-27T10:30:07Z","ts":"2026-03-27T10:26:50Z"}
{"_id":{"$oid":"69c65e87b2147717dbde74b9"},"start_ts":"2026-03-27T10:33:31Z","end_ts":"2026-03-27T10:33:31Z","count":2,"temp_air":12.1,"hum_air":82.4,"generated_at":"2026-03-27T10:40:07Z","inserted_at":"2026-03-27T10:40:07Z","ts":"2026-03-27T10:33:31Z"}
{"_id":{"$oid":"69c660dfb2147717dbde74ba"},"start_ts":"2026-03-27T10:40:11Z","end_ts":"2026-03-27T10:46:51Z","count":4,"temp_air":12.2,"hum_air":82.15,"generated_at":"2026-03-27T10:50:07Z","inserted_at":"2026-03-27T10:50:07Z","ts":"2026-03-27T10:46:51Z"}
{"_id":{"$oid":"69c66338b2147717dbde74bb"},"start_ts":"2026-03-27T10:53:31Z","end_ts":"2026-03-27T10:53:31Z","count":2,"temp_air":12.1,"hum_air":82.1,"generated_at":"2026-03-27T11:00:08Z","inserted_at":"2026-03-27T11:00:08Z","ts":"2026-03-27T10:53:31Z"}
{"_id":{"$oid":"69c66590b2147717dbde74bc"},"start_ts":"2026-03-27T11:00:11Z","end_ts":"2026-03-27T11:06:51Z","count":4,"temp_air":11.8,"hum_air":82.1,"generated_at":"2026-03-27T11:10:08Z","inserted_at":"2026-03-27T11:10:08Z","ts":"2026-03-27T11:06:51Z"}
{"_id":{"$oid":"69c667e8b2147717dbde74bd"},"start_ts":"2026-03-27T11:13:31Z","end_ts":"2026-03-27T11:13:31Z","count":2,"temp_air":11.4,"hum_air":82.2,"generated_at":"2026-03-27T11:20:08Z","inserted_at":"2026-03-27T11:20:08Z","ts":"2026-03-27T11:13:31Z"}
{"_id":{"$oid":"69c66a40b2147717dbde74be"},"start_ts":"2026-03-27T11:20:11Z","end_ts":"2026-03-27T11:26:51Z","count":4,"temp_air":11.65,"hum_air":82.05000000000001,"generated_at":"2026-03-27T11:30:08Z","inserted_at":"2026-03-27T11:30:08Z","ts":"2026-03-27T11:26:51Z"}
{"_id":{"$oid":"69c66c98b2147717dbde74bf"},"start_ts":"2026-03-27T11:33:31Z","end_ts":"2026-03-27T11:33:31Z","count":2,"temp_air":12.1,"hum_air":81.4,"generated_at":"2026-03-27T11:40:08Z","inserted_at":"2026-03-27T11:40:08Z","ts":"2026-03-27T11:33:31Z"}
{"_id":{"$oid":"69c66ef0b2147717dbde74c0"},"start_ts":"2026-03-27T11:40:11Z","end_ts":"2026-03-27T11:46:51Z","count":4,"temp_air":12.65,"hum_air":80.15,"generated_at":"2026-03-27T11:50:08Z","inserted_at":"2026-03-27T11:50:08Z","ts":"2026-03-27T11:46:51Z"}
{"_id":{"$oid":"69c67148b2147717dbde74c1"},"start_ts":"2026-03-27T11:53:31Z","end_ts":"2026-03-27T11:53:31Z","count":2,"temp_air":13.5,"hum_air":78.8,"generated_at":"2026-03-27T12:00:08Z","inserted_at":"2026-03-27T12:00:08Z","ts":"2026-03-27T11:53:31Z"}
{"_id":{"$oid":"69c673a0b2147717dbde74c2"},"start_ts":"2026-03-27T12:00:11Z","end_ts":"2026-03-27T12:06:51Z","count":4,"temp_air":14.9,"hum_air":75.95,"generated_at":"2026-03-27T12:10:08Z","inserted_at":"2026-03-27T12:10:08Z","ts":"2026-03-27T12:06:51Z"}
{"_id":{"$oid":"69c675f8b2147717dbde74c3"},"start_ts":"2026-03-27T12:13:31Z","end_ts":"2026-03-27T12:13:31Z","count":2,"temp_air":16.1,"hum_air":73.3,"generated_at":"2026-03-27T12:20:08Z","inserted_at":"2026-03-27T12:20:08Z","ts":"2026-03-27T12:13:31Z"}
{"_id":{"$oid":"69c67850b2147717dbde74c4"},"start_ts":"2026-03-27T12:20:11Z","end_ts":"2026-03-27T12:26:51Z","count":4,"temp_air":17.05,"hum_air":70.4,"generated_at":"2026-03-27T12:30:08Z","inserted_at":"2026-03-27T12:30:08Z","ts":"2026-03-27T12:26:51Z"}
{"_id":{"$oid":"69c67aa8b2147717dbde74c5"},"start_ts":"2026-03-27T12:33:31Z","end_ts":"2026-03-27T12:33:31Z","count":2,"temp_air":18.8,"hum_air":66.2,"generated_at":"2026-03-27T12:40:08Z","inserted_at":"2026-03-27T12:40:08Z","ts":"2026-03-27T12:33:31Z"}
{"_id":{"$oid":"69c67d00b2147717dbde74c6"},"start_ts":"2026-03-27T12:40:11Z","end_ts":"2026-03-27T12:46:51Z","count":4,"temp_air":19.55,"hum_air":66.05000000000001,"generated_at":"2026-03-27T12:50:08Z","inserted_at":"2026-03-27T12:50:08Z","ts":"2026-03-27T12:46:51Z"}
{"_id":{"$oid":"69c67f59b2147717dbde74c7"},"start_ts":"2026-03-27T12:53:31Z","end_ts":"2026-03-27T12:53:31Z","count":2,"temp_air":20.6,"hum_air":65.2,"generated_at":"2026-03-27T13:00:09Z","inserted_at":"2026-03-27T13:00:09Z","ts":"2026-03-27T12:53:31Z"}
{"_id":{"$oid":"69c681b1b2147717dbde74c8"},"start_ts":"2026-03-27T13:00:11Z","end_ts":"2026-03-27T13:06:51Z","count":4,"temp_air":21.799999999999997,"hum_air":62.2,"generated_at":"2026-03-27T13:10:09Z","inserted_at":"2026-03-27T13:10:09Z","ts":"2026-03-27T13:06:51Z"}
{"_id":{"$oid":"69c68409b2147717dbde74c9"},"start_ts":"2026-03-27T13:13:31Z","end_ts":"2026-03-27T13:13:31Z","count":2,"temp_air":23.4,"hum_air":59.4,"generated_at":"2026-03-27T13:20:09Z","inserted_at":"2026-03-27T13:20:09Z","ts":"2026-03-27T13:13:31Z"}
{"_id":{"$oid":"69c68661b2147717dbde74ca"},"start_ts":"2026-03-27T13:20:11Z","end_ts":"2026-03-27T13:26:51Z","count":4,"temp_air":24.85,"hum_air":57.099999999999994,"generated_at":"2026-03-27T13:30:09Z","inserted_at":"2026-03-27T13:30:09Z","ts":"2026-03-27T13:26:51Z"}
{"_id":{"$oid":"69c688b9b2147717dbde74cb"},"start_ts":"2026-03-27T13:33:31Z","end_ts":"2026-03-27T13:33:31Z","count":2,"temp_air":25.1,"hum_air":55.3,"generated_at":"2026-03-27T13:40:09Z","inserted_at":"2026-03-27T13:40:09Z","ts":"2026-03-27T13:33:31Z"}
{"_id":{"$oid":"69c68b11b2147717dbde74cc"},"start_ts":"2026-03-27T13:40:11Z","end_ts":"2026-03-27T13:46:51Z","count":4,"temp_air":25.75,"hum_air":56.3,"generated_at":"2026-03-27T13:50:09Z","inserted_at":"2026-03-27T13:50:09Z","ts":"2026-03-27T13:46:51Z"}
{"_id":{"$oid":"69c68d69b2147717dbde74cd"},"start_ts":"2026-03-27T13:53:31Z","end_ts":"2026-03-27T13:53:31Z","count":2,"temp_air":27.3,"hum_air":53.5,"generated_at":"2026-03-27T14:00:09Z","inserted_at":"2026-03-27T14:00:09Z","ts":"2026-03-27T13:53:31Z"}
{"_id":{"$oid":"69c68fc1b2147717dbde74ce"},"start_ts":"2026-03-27T14:00:11Z","end_ts":"2026-03-27T14:06:51Z","count":4,"temp_air":28.5,"hum_air":51.25,"generated_at":"2026-03-27T14:10:09Z","inserted_at":"2026-03-27T14:10:09Z","ts":"2026-03-27T14:06:51Z"}
{"_id":{"$oid":"69c69219b2147717dbde74cf"},"start_ts":"2026-03-27T14:13:31Z","end_ts":"2026-03-27T14:13:31Z","count":2,"temp_air":29.8,"hum_air":50.3,"generated_at":"2026-03-27T14:20:09Z","inserted_at":"2026-03-27T14:20:09Z","ts":"2026-03-27T14:13:31Z"}
{"_id":{"$oid":"69c69472b2147717dbde74d0"},"start_ts":"2026-03-27T14:20:11Z","end_ts":"2026-03-27T14:26:51Z","count":4,"temp_air":29.95,"hum_air":48.95,"generated_at":"2026-03-27T14:30:10Z","inserted_at":"2026-03-27T14:30:10Z","ts":"2026-03-27T14:26:51Z"}
{"_id":{"$oid":"69c696cab2147717dbde74d1"},"start_ts":"2026-03-27T14:33:31Z","end_ts":"2026-03-27T14:33:31Z","count":2,"temp_air":28.9,"hum_air":51.3,"generated_at":"2026-03-27T14:40:10Z","inserted_at":"2026-03-27T14:40:10Z","ts":"2026-03-27T14:33:31Z"}
{"_id":{"$oid":"69c69922b2147717dbde74d2"},"start_ts":"2026-03-27T14:40:11Z","end_ts":"2026-03-27T14:46:51Z","count":4,"temp_air":29.450000000000003,"hum_air":49.85,"generated_at":"2026-03-27T14:50:10Z","inserted_at":"2026-03-27T14:50:10Z","ts":"2026-03-27T14:46:51Z"}
{"_id":{"$oid":"69c69b7ab2147717dbde74d3"},"start_ts":"2026-03-27T14:53:31Z","end_ts":"2026-03-27T14:53:31Z","count":2,"temp_air":30.2,"hum_air":48.3,"generated_at":"2026-03-27T15:00:10Z","inserted_at":"2026-03-27T15:00:10Z","ts":"2026-03-27T14:53:31Z"}
{"_id":{"$oid":"69c69dd2b2147717dbde74d4"},"start_ts":"2026-03-27T15:00:11Z","end_ts":"2026-03-27T15:06:51Z","count":4,"temp_air":30.3,"hum_air":48.2,"generated_at":"2026-03-27T15:10:10Z","inserted_at":"2026-03-27T15:10:10Z","ts":"2026-03-27T15:06:51Z"}
{"_id":{"$oid":"69c6a02ab2147717dbde74d5"},"start_ts":"2026-03-27T15:13:31Z","end_ts":"2026-03-27T15:13:31Z","count":2,"temp_air":29.7,"hum_air":48.3,"generated_at":"2026-03-27T15:20:10Z","inserted_at":"2026-03-27T15:20:10Z","ts":"2026-03-27T15:13:31Z"}
{"_id":{"$oid":"69c6a282b2147717dbde74d6"},"start_ts":"2026-03-27T15:20:11Z","end_ts":"2026-03-27T15:26:51Z","count":4,"temp_air":29.2,"hum_air":47.95,"generated_at":"2026-03-27T15:30:10Z","inserted_at":"2026-03-27T15:30:10Z","ts":"2026-03-27T15:26:51Z"}
{"_id":{"$oid":"69c6a4dab2147717dbde74d7"},"start_ts":"2026-03-27T15:33:31Z","end_ts":"2026-03-27T15:33:31Z","count":2,"temp_air":29.6,"hum_air":49.9,"generated_at":"2026-03-27T15:40:10Z","inserted_at":"2026-03-27T15:40:10Z","ts":"2026-03-27T15:33:31Z"}
{"_id":{"$oid":"69c6a732b2147717dbde74d8"},"start_ts":"2026-03-27T15:40:11Z","end_ts":"2026-03-27T15:46:51Z","count":4,"temp_air":29.9,"hum_air":49.85,"generated_at":"2026-03-27T15:50:10Z","inserted_at":"2026-03-27T15:50:10Z","ts":"2026-03-27T15:46:51Z"}
{"_id":{"$oid":"69c6a98ab2147717dbde74d9"},"start_ts":"2026-03-27T15:53:31Z","end_ts":"2026-03-27T15:53:31Z","count":2,"temp_air":31.3,"hum_air":47.3,"generated_at":"2026-03-27T16:00:10Z","inserted_at":"2026-03-27T16:00:10Z","ts":"2026-03-27T15:53:31Z"}
{"_id":{"$oid":"69c6abe3b2147717dbde74da"},"start_ts":"2026-03-27T16:00:11Z","end_ts":"2026-03-27T16:06:51Z","count":4,"temp_air":33.85,"hum_air":44.3,"generated_at":"2026-03-27T16:10:11Z","inserted_at":"2026-03-27T16:10:11Z","ts":"2026-03-27T16:06:51Z"}
{"_id":{"$oid":"69c6ae3bb2147717dbde74db"},"start_ts":"2026-03-27T16:13:31Z","end_ts":"2026-03-27T16:13:31Z","count":2,"temp_air":34.8,"hum_air":43.6,"generated_at":"2026-03-27T16:20:11Z","inserted_at":"2026-03-27T16:20:11Z","ts":"2026-03-27T16:13:31Z"}
{"_id":{"$oid":"69c6b093b2147717dbde74dc"},"start_ts":"2026-03-27T16:20:11Z","end_ts":"2026-03-27T16:26:51Z","count":4,"temp_air":36.400000000000006,"hum_air":41.25,"generated_at":"2026-03-27T16:30:11Z","inserted_at":"2026-03-27T16:30:11Z","ts":"2026-03-27T16:26:51Z"}
{"_id":{"$oid":"69c6b2ebb2147717dbde74dd"},"start_ts":"2026-03-27T16:33:31Z","end_ts":"2026-03-27T16:33:31Z","count":2,"temp_air":37.6,"hum_air":42.0,"generated_at":"2026-03-27T16:40:11Z","inserted_at":"2026-03-27T16:40:11Z","ts":"2026-03-27T16:33:31Z"}
{"_id":{"$oid":"69c6b543b2147717dbde74de"},"start_ts":"2026-03-27T16:40:11Z","end_ts":"2026-03-27T16:46:51Z","count":4,"temp_air":37.5,"hum_air":41.3,"generated_at":"2026-03-27T16:50:11Z","inserted_at":"2026-03-27T16:50:11Z","ts":"2026-03-27T16:46:51Z"}
{"_id":{"$oid":"69c6b79bb2147717dbde74df"},"start_ts":"2026-03-27T16:53:31Z","end_ts":"2026-03-27T16:53:31Z","count":2,"temp_air":36.2,"hum_air":42.2,"generated_at":"2026-03-27T17:00:11Z","inserted_at":"2026-03-27T17:00:11Z","ts":"2026-03-27T16:53:31Z"}
{"_id":{"$oid":"69c6b9f3b2147717dbde74e0"},"start_ts":"2026-03-27T17:00:11Z","end_ts":"2026-03-27T17:06:51Z","count":4,"temp_air":35.05,"hum_air":40.349999999999994,"generated_at":"2026-03-27T17:10:11Z","inserted_at":"2026-03-27T17:10:11Z","ts":"2026-03-27T17:06:51Z"}
{"_id":{"$oid":"69c6bc4bb2147717dbde74e1"},"start_ts":"2026-03-27T17:13:31Z","end_ts":"2026-03-27T17:20:11Z","count":4,"temp_air":35.2,"hum_air":42.3,"generated_at":"2026-03-27T17:20:11Z","inserted_at":"2026-03-27T17:20:11Z","ts":"2026-03-27T17:20:11Z"}
{"_id":{"$oid":"69c6bea3b2147717dbde74e2"},"start_ts":"2026-03-27T17:26:52Z","end_ts":"2026-03-27T17:26:52Z","count":2,"temp_air":34.7,"hum_air":40.6,"generated_at":"2026-03-27T17:30:11Z","inserted_at":"2026-03-27T17:30:11Z","ts":"2026-03-27T17:26:52Z"}
{"_id":{"$oid":"69c6c0fbb2147717dbde74e3"},"start_ts":"2026-03-27T17:33:31Z","end_ts":"2026-03-27T17:33:31Z","count":2,"temp_air":34.5,"hum_air":40.6,"generated_at":"2026-03-27T17:40:11Z","inserted_at":"2026-03-27T17:40:11Z","ts":"2026-03-27T17:33:31Z"}
{"_id":{"$oid":"69c6c353b2147717dbde74e4"},"start_ts":"2026-03-27T17:40:12Z","end_ts":"2026-03-27T17:46:51Z","count":4,"temp_air":35.1,"hum_air":41.5,"generated_at":"2026-03-27T17:50:11Z","inserted_at":"2026-03-27T17:50:11Z","ts":"2026-03-27T17:46:51Z"}
{"_id":{"$oid":"69c6c5acb2147717dbde74e5"},"start_ts":"2026-03-27T17:53:32Z","end_ts":"2026-03-27T17:53:32Z","count":2,"temp_air":35.1,"hum_air":43.4,"generated_at":"2026-03-27T18:00:12Z","inserted_at":"2026-03-27T18:00:12Z","ts":"2026-03-27T17:53:32Z"}
{"_id":{"$oid":"69c6c804b2147717dbde74e6"},"start_ts":"2026-03-27T18:00:12Z","end_ts":"2026-03-27T18:06:52Z","count":4,"temp_air":33.9,"hum_air":41.95,"generated_at":"2026-03-27T18:10:12Z","inserted_at":"2026-03-27T18:10:12Z","ts":"2026-03-27T18:06:52Z"}
{"_id":{"$oid":"69c6ca5cb2147717dbde74e7"},"start_ts":"2026-03-27T18:13:31Z","end_ts":"2026-03-27T18:13:31Z","count":2,"temp_air":32.6,"hum_air":42.6,"generated_at":"2026-03-27T18:20:12Z","inserted_at":"2026-03-27T18:20:12Z","ts":"2026-03-27T18:13:31Z"}
{"_id":{"$oid":"69c6ccb4b2147717dbde74e8"},"start_ts":"2026-03-27T18:20:12Z","end_ts":"2026-03-27T18:26:51Z","count":4,"temp_air":31.5,"hum_air":43.3,"generated_at":"2026-03-27T18:30:12Z","inserted_at":"2026-03-27T18:30:12Z","ts":"2026-03-27T18:26:51Z"}
{"_id":{"$oid":"69c6cf0cb2147717dbde74e9"},"start_ts":"2026-03-27T18:33:31Z","end_ts":"2026-03-27T18:40:11Z","count":4,"temp_air":28.8,"hum_air":47.3,"generated_at":"2026-03-27T18:40:12Z","inserted_at":"2026-03-27T18:40:12Z","ts":"2026-03-27T18:40:11Z"}
{"_id":{"$oid":"69c6d164b2147717dbde74ea"},"start_ts":"2026-03-27T18:46:51Z","end_ts":"2026-03-27T18:46:51Z","count":2,"temp_air":29.6,"hum_air":46.1,"generated_at":"2026-03-27T18:50:12Z","inserted_at":"2026-03-27T18:50:12Z","ts":"2026-03-27T18:46:51Z"}
{"_id":{"$oid":"69c6d3bcb2147717dbde74eb"},"start_ts":"2026-03-27T18:53:33Z","end_ts":"2026-03-27T19:00:12Z","count":6,"temp_air":30.233333333333334,"hum_air":45.36666666666667,"generated_at":"2026-03-27T19:00:12Z","inserted_at":"2026-03-27T19:00:12Z","ts":"2026-03-27T19:00:12Z"}
{"_id":{"$oid":"69c6d614b2147717dbde74ec"},"start_ts":"2026-03-27T19:06:53Z","end_ts":"2026-03-27T19:06:53Z","count":2,"temp_air":29.3,"hum_air":47.7,"generated_at":"2026-03-27T19:10:12Z","inserted_at":"2026-03-27T19:10:12Z","ts":"2026-03-27T19:06:53Z"}
{"_id":{"$oid":"69c6d86cb2147717dbde74ed"},"start_ts":"2026-03-27T19:13:33Z","end_ts":"2026-03-27T19:20:12Z","count":4,"temp_air":29.1,"hum_air":47.15,"generated_at":"2026-03-27T19:20:12Z","inserted_at":"2026-03-27T19:20:12Z","ts":"2026-03-27T19:20:12Z"}
{"_id":{"$oid":"69c6dac5b2147717dbde74ee"},"start_ts":"2026-03-27T19:26:52Z","end_ts":"2026-03-27T19:26:52Z","count":2,"temp_air":28.6,"hum_air":47.9,"generated_at":"2026-03-27T19:30:13Z","inserted_at":"2026-03-27T19:30:13Z","ts":"2026-03-27T19:26:52Z"}
{"_id":{"$oid":"69c6dd1db2147717dbde74ef"},"start_ts":"2026-03-27T19:33:33Z","end_ts":"2026-03-27T19:40:12Z","count":4,"temp_air":28.6,"hum_air":48.3,"generated_at":"2026-03-27T19:40:13Z","inserted_at":"2026-03-27T19:40:13Z","ts":"2026-03-27T19:40:12Z"}
{"_id":{"$oid":"69c6df75b2147717dbde74f0"},"start_ts":"2026-03-27T19:46:51Z","end_ts":"2026-03-27T19:46:51Z","count":2,"temp_air":28.3,"hum_air":49.4,"generated_at":"2026-03-27T19:50:13Z","inserted_at":"2026-03-27T19:50:13Z","ts":"2026-03-27T19:46:51Z"}
{"_id":{"$oid":"69c6e1cdb2147717dbde74f1"},"start_ts":"2026-03-27T19:53:32Z","end_ts":"2026-03-27T20:00:13Z","count":4,"temp_air":26.0,"hum_air":53.7,"generated_at":"2026-03-27T20:00:13Z","inserted_at":"2026-03-27T20:00:13Z","ts":"2026-03-27T20:00:13Z"}
{"_id":{"$oid":"69c6e425b2147717dbde74f2"},"start_ts":"2026-03-27T20:06:52Z","end_ts":"2026-03-27T20:06:52Z","count":2,"temp_air":25.0,"hum_air":54.4,"generated_at":"2026-03-27T20:10:13Z","inserted_at":"2026-03-27T20:10:13Z","ts":"2026-03-27T20:06:52Z"}
{"_id":{"$oid":"69c6e67db2147717dbde74f3"},"start_ts":"2026-03-27T20:13:33Z","end_ts":"2026-03-27T20:20:12Z","count":4,"temp_air":24.6,"hum_air":55.95,"generated_at":"2026-03-27T20:20:13Z","inserted_at":"2026-03-27T20:20:13Z","ts":"2026-03-27T20:20:12Z"}
{"_id":{"$oid":"69c6e8d5b2147717dbde74f4"},"start_ts":"2026-03-27T20:26:52Z","end_ts":"2026-03-27T20:26:52Z","count":2,"temp_air":23.9,"hum_air":57.7,"generated_at":"2026-03-27T20:30:13Z","inserted_at":"2026-03-27T20:30:13Z","ts":"2026-03-27T20:26:52Z"}
{"_id":{"$oid":"69c6eb2db2147717dbde74f5"},"start_ts":"2026-03-27T20:33:32Z","end_ts":"2026-03-27T20:40:12Z","count":4,"temp_air":23.0,"hum_air":58.75,"generated_at":"2026-03-27T20:40:13Z","inserted_at":"2026-03-27T20:40:13Z","ts":"2026-03-27T20:40:12Z"}
{"_id":{"$oid":"69c6ed85b2147717dbde74f6"},"start_ts":"2026-03-27T20:46:53Z","end_ts":"2026-03-27T20:46:53Z","count":2,"temp_air":22.4,"hum_air":61.2,"generated_at":"2026-03-27T20:50:13Z","inserted_at":"2026-03-27T20:50:13Z","ts":"2026-03-27T20:46:53Z"}
{"_id":{"$oid":"69c6efdeb2147717dbde74f7"},"start_ts":"2026-03-27T20:53:33Z","end_ts":"2026-03-27T21:00:12Z","count":4,"temp_air":22.450000000000003,"hum_air":60.55,"generated_at":"2026-03-27T21:00:14Z","inserted_at":"2026-03-27T21:00:14Z","ts":"2026-03-27T21:00:12Z"}
{"_id":{"$oid":"69c6f236b2147717dbde74f8"},"start_ts":"2026-03-27T21:06:52Z","end_ts":"2026-03-27T21:06:52Z","count":2,"temp_air":21.7,"hum_air":63.1,"generated_at":"2026-03-27T21:10:14Z","inserted_at":"2026-03-27T21:10:14Z","ts":"2026-03-27T21:06:52Z"}
{"_id":{"$oid":"69c6f48eb2147717dbde74f9"},"start_ts":"2026-03-27T21:13:32Z","end_ts":"2026-03-27T21:20:14Z","count":4,"temp_air":22.1,"hum_air":61.55,"generated_at":"2026-03-27T21:20:14Z","inserted_at":"2026-03-27T21:20:14Z","ts":"2026-03-27T21:20:14Z"}
{"_id":{"$oid":"69c6f6e6b2147717dbde74fa"},"start_ts":"2026-03-27T21:26:53Z","end_ts":"2026-03-27T21:26:53Z","count":2,"temp_air":21.4,"hum_air":63.3,"generated_at":"2026-03-27T21:30:14Z","inserted_at":"2026-03-27T21:30:14Z","ts":"2026-03-27T21:26:53Z"}
{"_id":{"$oid":"69c6f93eb2147717dbde74fb"},"start_ts":"2026-03-27T21:33:33Z","end_ts":"2026-03-27T21:40:12Z","count":4,"temp_air":21.5,"hum_air":66.4,"generated_at":"2026-03-27T21:40:14Z","inserted_at":"2026-03-27T21:40:14Z","ts":"2026-03-27T21:40:12Z"}
{"_id":{"$oid":"69c6fb96b2147717dbde74fc"},"start_ts":"2026-03-27T21:46:52Z","end_ts":"2026-03-27T21:46:52Z","count":2,"temp_air":22.4,"hum_air":65.4,"generated_at":"2026-03-27T21:50:14Z","inserted_at":"2026-03-27T21:50:14Z","ts":"2026-03-27T21:46:52Z"}
{"_id":{"$oid":"69c6fdeeb2147717dbde74fd"},"start_ts":"2026-03-27T21:53:32Z","end_ts":"2026-03-27T22:00:12Z","count":4,"temp_air":22.0,"hum_air":66.1,"generated_at":"2026-03-27T22:00:14Z","inserted_at":"2026-03-27T22:00:14Z","ts":"2026-03-27T22:00:12Z"}
{"_id":{"$oid":"69c70046b2147717dbde74fe"},"start_ts":"2026-03-27T22:06:52Z","end_ts":"2026-03-27T22:06:52Z","count":2,"temp_air":20.9,"hum_air":68.6,"generated_at":"2026-03-27T22:10:14Z","inserted_at":"2026-03-27T22:10:14Z","ts":"2026-03-27T22:06:52Z"}
{"_id":{"$oid":"69c7029eb2147717dbde74ff"},"start_ts":"2026-03-27T22:13:33Z","end_ts":"2026-03-27T22:20:12Z","count":4,"temp_air":20.200000000000003,"hum_air":70.55,"generated_at":"2026-03-27T22:20:14Z","inserted_at":"2026-03-27T22:20:14Z","ts":"2026-03-27T22:20:12Z"}
{"_id":{"$oid":"69c704f6b2147717dbde7500"},"start_ts":"2026-03-27T22:26:54Z","end_ts":"2026-03-27T22:26:54Z","count":2,"temp_air":19.8,"hum_air":72.0,"generated_at":"2026-03-27T22:30:14Z","inserted_at":"2026-03-27T22:30:14Z","ts":"2026-03-27T22:26:54Z"}
{"_id":{"$oid":"69c7074eb2147717dbde7501"},"start_ts":"2026-03-27T22:33:32Z","end_ts":"2026-03-27T22:40:13Z","count":4,"temp_air":19.35,"hum_air":72.80000000000001,"generated_at":"2026-03-27T22:40:14Z","inserted_at":"2026-03-27T22:40:14Z","ts":"2026-03-27T22:40:13Z"}
{"_id":{"$oid":"69c709a7b2147717dbde7502"},"start_ts":"2026-03-27T22:46:53Z","end_ts":"2026-03-27T22:46:53Z","count":2,"temp_air":18.9,"hum_air":74.1,"generated_at":"2026-03-27T22:50:15Z","inserted_at":"2026-03-27T22:50:15Z","ts":"2026-03-27T22:46:53Z"}
{"_id":{"$oid":"69c70bffb2147717dbde7503"},"start_ts":"2026-03-27T22:53:32Z","end_ts":"2026-03-27T23:00:12Z","count":4,"temp_air":18.700000000000003,"hum_air":75.05,"generated_at":"2026-03-27T23:00:15Z","inserted_at":"2026-03-27T23:00:15Z","ts":"2026-03-27T23:00:12Z"}
{"_id":{"$oid":"69c70e57b2147717dbde7504"},"start_ts":"2026-03-27T23:06:52Z","end_ts":"2026-03-27T23:06:52Z","count":2,"temp_air":18.3,"hum_air":75.2,"generated_at":"2026-03-27T23:10:15Z","inserted_at":"2026-03-27T23:10:15Z","ts":"2026-03-27T23:06:52Z"}
{"_id":{"$oid":"69c710afb2147717dbde7505"},"start_ts":"2026-03-27T23:13:33Z","end_ts":"2026-03-27T23:20:13Z","count":4,"temp_air":17.9,"hum_air":76.7,"generated_at":"2026-03-27T23:20:15Z","inserted_at":"2026-03-27T23:20:15Z","ts":"2026-03-27T23:20:13Z"}
{"_id":{"$oid":"69c71307b2147717dbde7506"},"start_ts":"2026-03-27T23:26:52Z","end_ts":"2026-03-27T23:26:52Z","count":2,"temp_air":17.5,"hum_air":77.5,"generated_at":"2026-03-27T23:30:15Z","inserted_at":"2026-03-27T23:30:15Z","ts":"2026-03-27T23:26:52Z"}
{"_id":{"$oid":"69c7155fb2147717dbde7507"},"start_ts":"2026-03-27T23:33:32Z","end_ts":"2026-03-27T23:40:12Z","count":4,"temp_air":17.15,"hum_air":78.44999999999999,"generated_at":"2026-03-27T23:40:15Z","inserted_at":"2026-03-27T23:40:15Z","ts":"2026-03-27T23:40:12Z"}
{"_id":{"$oid":"69c717b8b2147717dbde7508"},"start_ts":"2026-03-27T23:46:53Z","end_ts":"2026-03-27T23:46:53Z","count":2,"temp_air":17.0,"hum_air":79.3,"generated_at":"2026-03-27T23:50:16Z","inserted_at":"2026-03-27T23:50:16Z","ts":"2026-03-27T23:46:53Z"}
{"_id":{"$oid":"69c71a10b2147717dbde7509"},"start_ts":"2026-03-27T23:53:34Z","end_ts":"2026-03-28T00:00:13Z","count":4,"temp_air":17.0,"hum_air":79.0,"generated_at":"2026-03-28T00:00:16Z","inserted_at":"2026-03-28T00:00:16Z","ts":"2026-03-28T00:00:13Z"}
{"_id":{"$oid":"69c71c68b2147717dbde750a"},"start_ts":"2026-03-28T00:06:53Z","end_ts":"2026-03-28T00:06:53Z","count":2,"temp_air":17.0,"hum_air":79.3,"generated_at":"2026-03-28T00:10:16Z","inserted_at":"2026-03-28T00:10:16Z","ts":"2026-03-28T00:06:53Z"}
{"_id":{"$oid":"69c71ec0b2147717dbde750b"},"start_ts":"2026-03-28T00:13:33Z","end_ts":"2026-03-28T00:20:14Z","count":4,"temp_air":16.85,"hum_air":79.35,"generated_at":"2026-03-28T00:20:16Z","inserted_at":"2026-03-28T00:20:16Z","ts":"2026-03-28T00:20:14Z"}
{"_id":{"$oid":"69c72118b2147717dbde750c"},"start_ts":"2026-03-28T00:26:54Z","end_ts":"2026-03-28T00:26:54Z","count":2,"temp_air":16.7,"hum_air":79.9,"generated_at":"2026-03-28T00:30:16Z","inserted_at":"2026-03-28T00:30:16Z","ts":"2026-03-28T00:26:54Z"}
{"_id":{"$oid":"69c72370b2147717dbde750d"},"start_ts":"2026-03-28T00:33:34Z","end_ts":"2026-03-28T00:40:15Z","count":8,"temp_air":16.7,"hum_air":79.85,"generated_at":"2026-03-28T00:40:16Z","inserted_at":"2026-03-28T00:40:16Z","ts":"2026-03-28T00:40:15Z"}
{"_id":{"$oid":"69c725c8b2147717dbde750e"},"start_ts":"2026-03-28T00:46:54Z","end_ts":"2026-03-28T00:46:54Z","count":2,"temp_air":16.7,"hum_air":80.3,"generated_at":"2026-03-28T00:50:16Z","inserted_at":"2026-03-28T00:50:16Z","ts":"2026-03-28T00:46:54Z"}
{"_id":{"$oid":"69c72820b2147717dbde750f"},"start_ts":"2026-03-28T00:53:34Z","end_ts":"2026-03-28T01:00:14Z","count":4,"temp_air":16.75,"hum_air":79.9,"generated_at":"2026-03-28T01:00:16Z","inserted_at":"2026-03-28T01:00:16Z","ts":"2026-03-28T01:00:14Z"}
{"_id":{"$oid":"69c72a78b2147717dbde7510"},"start_ts":"2026-03-28T01:06:53Z","end_ts":"2026-03-28T01:06:53Z","count":2,"temp_air":16.4,"hum_air":80.7,"generated_at":"2026-03-28T01:10:16Z","inserted_at":"2026-03-28T01:10:16Z","ts":"2026-03-28T01:06:53Z"}
{"_id":{"$oid":"69c72cd0b2147717dbde7511"},"start_ts":"2026-03-28T01:13:35Z","end_ts":"2026-03-28T01:20:14Z","count":4,"temp_air":15.9,"hum_air":81.55,"generated_at":"2026-03-28T01:20:16Z","inserted_at":"2026-03-28T01:20:16Z","ts":"2026-03-28T01:20:14Z"}
{"_id":{"$oid":"69c72f28b2147717dbde7512"},"start_ts":"2026-03-28T01:26:54Z","end_ts":"2026-03-28T01:27:01Z","count":4,"temp_air":15.7,"hum_air":82.2,"generated_at":"2026-03-28T01:30:16Z","inserted_at":"2026-03-28T01:30:16Z","ts":"2026-03-28T01:27:01Z"}
{"_id":{"$oid":"69c73180b2147717dbde7513"},"start_ts":"2026-03-28T01:33:34Z","end_ts":"2026-03-28T01:33:34Z","count":2,"temp_air":15.5,"hum_air":82.1,"generated_at":"2026-03-28T01:40:16Z","inserted_at":"2026-03-28T01:40:16Z","ts":"2026-03-28T01:33:34Z"}
{"_id":{"$oid":"69c733d9b2147717dbde7514"},"start_ts":"2026-03-28T01:40:18Z","end_ts":"2026-03-28T01:46:54Z","count":6,"temp_air":15.433333333333334,"hum_air":82.5,"generated_at":"2026-03-28T01:50:17Z","inserted_at":"2026-03-28T01:50:17Z","ts":"2026-03-28T01:46:54Z"}
{"_id":{"$oid":"69c73631b2147717dbde7515"},"start_ts":"2026-03-28T01:53:34Z","end_ts":"2026-03-28T02:00:14Z","count":4,"temp_air":15.3,"hum_air":81.85,"generated_at":"2026-03-28T02:00:17Z","inserted_at":"2026-03-28T02:00:17Z","ts":"2026-03-28T02:00:14Z"}
{"_id":{"$oid":"69c73889b2147717dbde7516"},"start_ts":"2026-03-28T02:00:23Z","end_ts":"2026-03-28T02:06:54Z","count":4,"temp_air":15.3,"hum_air":81.85,"generated_at":"2026-03-28T02:10:17Z","inserted_at":"2026-03-28T02:10:17Z","ts":"2026-03-28T02:06:54Z"}
{"_id":{"$oid":"69c73ae1b2147717dbde7517"},"start_ts":"2026-03-28T02:13:34Z","end_ts":"2026-03-28T02:20:13Z","count":4,"temp_air":15.149999999999999,"hum_air":82.1,"generated_at":"2026-03-28T02:20:17Z","inserted_at":"2026-03-28T02:20:17Z","ts":"2026-03-28T02:20:13Z"}
{"_id":{"$oid":"69c73d39b2147717dbde7518"},"start_ts":"2026-03-28T02:26:53Z","end_ts":"2026-03-28T02:26:53Z","count":2,"temp_air":15.1,"hum_air":82.1,"generated_at":"2026-03-28T02:30:17Z","inserted_at":"2026-03-28T02:30:17Z","ts":"2026-03-28T02:26:53Z"}
{"_id":{"$oid":"69c73f91b2147717dbde7519"},"start_ts":"2026-03-28T02:33:33Z","end_ts":"2026-03-28T02:40:17Z","count":4,"temp_air":15.0,"hum_air":82.15,"generated_at":"2026-03-28T02:40:17Z","inserted_at":"2026-03-28T02:40:17Z","ts":"2026-03-28T02:40:17Z"}
{"_id":{"$oid":"69c741e9b2147717dbde751a"},"start_ts":"2026-03-28T02:46:53Z","end_ts":"2026-03-28T02:46:53Z","count":2,"temp_air":15.0,"hum_air":82.3,"generated_at":"2026-03-28T02:50:17Z","inserted_at":"2026-03-28T02:50:17Z","ts":"2026-03-28T02:46:53Z"}
{"_id":{"$oid":"69c74441b2147717dbde751b"},"start_ts":"2026-03-28T02:53:32Z","end_ts":"2026-03-28T03:00:14Z","count":4,"temp_air":14.9,"hum_air":82.55,"generated_at":"2026-03-28T03:00:17Z","inserted_at":"2026-03-28T03:00:17Z","ts":"2026-03-28T03:00:14Z"}
{"_id":{"$oid":"69c74699b2147717dbde751c"},"start_ts":"2026-03-28T03:06:54Z","end_ts":"2026-03-28T03:06:54Z","count":2,"temp_air":15.1,"hum_air":82.9,"generated_at":"2026-03-28T03:10:17Z","inserted_at":"2026-03-28T03:10:17Z","ts":"2026-03-28T03:06:54Z"}
{"_id":{"$oid":"69c748f1b2147717dbde751d"},"start_ts":"2026-03-28T03:13:34Z","end_ts":"2026-03-28T03:20:12Z","count":4,"temp_air":15.25,"hum_air":82.4,"generated_at":"2026-03-28T03:20:17Z","inserted_at":"2026-03-28T03:20:17Z","ts":"2026-03-28T03:20:12Z"}
{"_id":{"$oid":"69c74b4ab2147717dbde751e"},"start_ts":"2026-03-28T03:26:53Z","end_ts":"2026-03-28T03:26:53Z","count":2,"temp_air":15.4,"hum_air":82.2,"generated_at":"2026-03-28T03:30:18Z","inserted_at":"2026-03-28T03:30:18Z","ts":"2026-03-28T03:26:53Z"}
{"_id":{"$oid":"69c74da2b2147717dbde751f"},"start_ts":"2026-03-28T03:33:33Z","end_ts":"2026-03-28T03:40:12Z","count":4,"temp_air":15.5,"hum_air":82.35,"generated_at":"2026-03-28T03:40:18Z","inserted_at":"2026-03-28T03:40:18Z","ts":"2026-03-28T03:40:12Z"}
{"_id":{"$oid":"69c74ffab2147717dbde7520"},"start_ts":"2026-03-28T03:46:52Z","end_ts":"2026-03-28T03:46:52Z","count":2,"temp_air":15.5,"hum_air":82.3,"generated_at":"2026-03-28T03:50:18Z","inserted_at":"2026-03-28T03:50:18Z","ts":"2026-03-28T03:46:52Z"}
{"_id":{"$oid":"69c75252b2147717dbde7521"},"start_ts":"2026-03-28T03:53:33Z","end_ts":"2026-03-28T04:00:12Z","count":4,"temp_air":15.6,"hum_air":82.5,"generated_at":"2026-03-28T04:00:18Z","inserted_at":"2026-03-28T04:00:18Z","ts":"2026-03-28T04:00:12Z"}
{"_id":{"$oid":"69c754aab2147717dbde7522"},"start_ts":"2026-03-28T04:06:53Z","end_ts":"2026-03-28T04:06:53Z","count":2,"temp_air":15.5,"hum_air":82.2,"generated_at":"2026-03-28T04:10:18Z","inserted_at":"2026-03-28T04:10:18Z","ts":"2026-03-28T04:06:53Z"}
{"_id":{"$oid":"69c75702b2147717dbde7523"},"start_ts":"2026-03-28T04:13:33Z","end_ts":"2026-03-28T04:20:13Z","count":4,"temp_air":15.5,"hum_air":82.3,"generated_at":"2026-03-28T04:20:18Z","inserted_at":"2026-03-28T04:20:18Z","ts":"2026-03-28T04:20:13Z"}
{"_id":{"$oid":"69c7595ab2147717dbde7524"},"start_ts":"2026-03-28T04:26:53Z","end_ts":"2026-03-28T04:26:53Z","count":2,"temp_air":15.6,"hum_air":82.4,"generated_at":"2026-03-28T04:30:18Z","inserted_at":"2026-03-28T04:30:18Z","ts":"2026-03-28T04:26:53Z"}
{"_id":{"$oid":"69c75bb2b2147717dbde7525"},"start_ts":"2026-03-28T04:33:34Z","end_ts":"2026-03-28T04:40:14Z","count":4,"temp_air":15.55,"hum_air":82.4,"generated_at":"2026-03-28T04:40:18Z","inserted_at":"2026-03-28T04:40:18Z","ts":"2026-03-28T04:40:14Z"}
{"_id":{"$oid":"69c75e0ab2147717dbde7526"},"start_ts":"2026-03-28T04:46:54Z","end_ts":"2026-03-28T04:46:54Z","count":2,"temp_air":15.5,"hum_air":82.4,"generated_at":"2026-03-28T04:50:18Z","inserted_at":"2026-03-28T04:50:18Z","ts":"2026-03-28T04:46:54Z"}
{"_id":{"$oid":"69c76062b2147717dbde7527"},"start_ts":"2026-03-28T04:53:32Z","end_ts":"2026-03-28T05:00:12Z","count":4,"temp_air":15.6,"hum_air":82.55,"generated_at":"2026-03-28T05:00:18Z","inserted_at":"2026-03-28T05:00:18Z","ts":"2026-03-28T05:00:12Z"}
{"_id":{"$oid":"69c762bbb2147717dbde7528"},"start_ts":"2026-03-28T05:06:52Z","end_ts":"2026-03-28T05:06:52Z","count":2,"temp_air":15.6,"hum_air":82.5,"generated_at":"2026-03-28T05:10:19Z","inserted_at":"2026-03-28T05:10:19Z","ts":"2026-03-28T05:06:52Z"}
{"_id":{"$oid":"69c76513b2147717dbde7529"},"start_ts":"2026-03-28T05:13:33Z","end_ts":"2026-03-28T05:20:13Z","count":4,"temp_air":15.6,"hum_air":82.5,"generated_at":"2026-03-28T05:20:19Z","inserted_at":"2026-03-28T05:20:19Z","ts":"2026-03-28T05:20:13Z"}
{"_id":{"$oid":"69c7676bb2147717dbde752a"},"start_ts":"2026-03-28T05:26:53Z","end_ts":"2026-03-28T05:26:53Z","count":2,"temp_air":15.6,"hum_air":82.6,"generated_at":"2026-03-28T05:30:19Z","inserted_at":"2026-03-28T05:30:19Z","ts":"2026-03-28T05:26:53Z"}
{"_id":{"$oid":"69c769c3b2147717dbde752b"},"start_ts":"2026-03-28T05:33:32Z","end_ts":"2026-03-28T05:40:12Z","count":4,"temp_air":15.6,"hum_air":82.6,"generated_at":"2026-03-28T05:40:19Z","inserted_at":"2026-03-28T05:40:19Z","ts":"2026-03-28T05:40:12Z"}
{"_id":{"$oid":"69c76c1bb2147717dbde752c"},"start_ts":"2026-03-28T05:46:52Z","end_ts":"2026-03-28T05:46:52Z","count":2,"temp_air":15.5,"hum_air":82.6,"generated_at":"2026-03-28T05:50:19Z","inserted_at":"2026-03-28T05:50:19Z","ts":"2026-03-28T05:46:52Z"}
{"_id":{"$oid":"69c76e73b2147717dbde752d"},"start_ts":"2026-03-28T05:53:32Z","end_ts":"2026-03-28T06:00:12Z","count":4,"temp_air":15.55,"hum_air":82.6,"generated_at":"2026-03-28T06:00:19Z","inserted_at":"2026-03-28T06:00:19Z","ts":"2026-03-28T06:00:12Z"}
{"_id":{"$oid":"69c770cbb2147717dbde752e"},"start_ts":"2026-03-28T06:06:52Z","end_ts":"2026-03-28T06:06:52Z","count":2,"temp_air":15.6,"hum_air":82.5,"generated_at":"2026-03-28T06:10:19Z","inserted_at":"2026-03-28T06:10:19Z","ts":"2026-03-28T06:06:52Z"}
{"_id":{"$oid":"69c77323b2147717dbde752f"},"start_ts":"2026-03-28T06:13:32Z","end_ts":"2026-03-28T06:20:12Z","count":4,"temp_air":15.55,"hum_air":82.6,"generated_at":"2026-03-28T06:20:19Z","inserted_at":"2026-03-28T06:20:19Z","ts":"2026-03-28T06:20:12Z"}
{"_id":{"$oid":"69c7757bb2147717dbde7530"},"start_ts":"2026-03-28T06:26:53Z","end_ts":"2026-03-28T06:26:53Z","count":2,"temp_air":15.5,"hum_air":82.8,"generated_at":"2026-03-28T06:30:19Z","inserted_at":"2026-03-28T06:30:19Z","ts":"2026-03-28T06:26:53Z"}
{"_id":{"$oid":"69c777d3b2147717dbde7531"},"start_ts":"2026-03-28T06:33:32Z","end_ts":"2026-03-28T06:40:13Z","count":4,"temp_air":15.6,"hum_air":82.65,"generated_at":"2026-03-28T06:40:19Z","inserted_at":"2026-03-28T06:40:19Z","ts":"2026-03-28T06:40:13Z"}
{"_id":{"$oid":"69c77a2cb2147717dbde7532"},"start_ts":"2026-03-28T06:46:52Z","end_ts":"2026-03-28T06:46:52Z","count":2,"temp_air":15.5,"hum_air":82.5,"generated_at":"2026-03-28T06:50:20Z","inserted_at":"2026-03-28T06:50:20Z","ts":"2026-03-28T06:46:52Z"}
{"_id":{"$oid":"69c77c84b2147717dbde7533"},"start_ts":"2026-03-28T06:53:32Z","end_ts":"2026-03-28T07:00:12Z","count":4,"temp_air":15.45,"hum_air":82.6,"generated_at":"2026-03-28T07:00:20Z","inserted_at":"2026-03-28T07:00:20Z","ts":"2026-03-28T07:00:12Z"}
{"_id":{"$oid":"69c77edcb2147717dbde7534"},"start_ts":"2026-03-28T07:06:52Z","end_ts":"2026-03-28T07:06:52Z","count":2,"temp_air":15.5,"hum_air":82.7,"generated_at":"2026-03-28T07:10:20Z","inserted_at":"2026-03-28T07:10:20Z","ts":"2026-03-28T07:06:52Z"}
{"_id":{"$oid":"69c78134b2147717dbde7535"},"start_ts":"2026-03-28T07:13:32Z","end_ts":"2026-03-28T07:20:12Z","count":4,"temp_air":15.4,"hum_air":82.6,"generated_at":"2026-03-28T07:20:20Z","inserted_at":"2026-03-28T07:20:20Z","ts":"2026-03-28T07:20:12Z"}
{"_id":{"$oid":"69c7838cb2147717dbde7536"},"start_ts":"2026-03-28T07:26:53Z","end_ts":"2026-03-28T07:26:53Z","count":2,"temp_air":15.3,"hum_air":82.6,"generated_at":"2026-03-28T07:30:20Z","inserted_at":"2026-03-28T07:30:20Z","ts":"2026-03-28T07:26:53Z"}
{"_id":{"$oid":"69c785e4b2147717dbde7537"},"start_ts":"2026-03-28T07:33:32Z","end_ts":"2026-03-28T07:40:13Z","count":4,"temp_air":15.25,"hum_air":82.80000000000001,"generated_at":"2026-03-28T07:40:20Z","inserted_at":"2026-03-28T07:40:20Z","ts":"2026-03-28T07:40:13Z"}
{"_id":{"$oid":"69c7883cb2147717dbde7538"},"start_ts":"2026-03-28T07:46:52Z","end_ts":"2026-03-28T07:46:52Z","count":2,"temp_air":15.0,"hum_air":82.8,"generated_at":"2026-03-28T07:50:20Z","inserted_at":"2026-03-28T07:50:20Z","ts":"2026-03-28T07:46:52Z"}
{"_id":{"$oid":"69c78a94b2147717dbde7539"},"start_ts":"2026-03-28T07:53:33Z","end_ts":"2026-03-28T08:00:12Z","count":4,"temp_air":14.9,"hum_air":82.5,"generated_at":"2026-03-28T08:00:20Z","inserted_at":"2026-03-28T08:00:20Z","ts":"2026-03-28T08:00:12Z"}
{"_id":{"$oid":"69c78cecb2147717dbde753a"},"start_ts":"2026-03-28T08:06:53Z","end_ts":"2026-03-28T08:06:53Z","count":2,"temp_air":14.7,"hum_air":82.6,"generated_at":"2026-03-28T08:10:20Z","inserted_at":"2026-03-28T08:10:20Z","ts":"2026-03-28T08:06:53Z"}
{"_id":{"$oid":"69c78f44b2147717dbde753b"},"start_ts":"2026-03-28T08:13:33Z","end_ts":"2026-03-28T08:20:13Z","count":4,"temp_air":14.6,"hum_air":82.9,"generated_at":"2026-03-28T08:20:20Z","inserted_at":"2026-03-28T08:20:20Z","ts":"2026-03-28T08:20:13Z"}
{"_id":{"$oid":"69c7919cb2147717dbde753c"},"start_ts":"2026-03-28T08:26:53Z","end_ts":"2026-03-28T08:26:53Z","count":2,"temp_air":14.6,"hum_air":83.0,"generated_at":"2026-03-28T08:30:20Z","inserted_at":"2026-03-28T08:30:20Z","ts":"2026-03-28T08:26:53Z"}
{"_id":{"$oid":"69c793f5b2147717dbde753d"},"start_ts":"2026-03-28T08:33:33Z","end_ts":"2026-03-28T08:40:13Z","count":4,"temp_air":14.7,"hum_air":83.0,"generated_at":"2026-03-28T08:40:21Z","inserted_at":"2026-03-28T08:40:21Z","ts":"2026-03-28T08:40:13Z"}
{"_id":{"$oid":"69c7964db2147717dbde753e"},"start_ts":"2026-03-28T08:46:53Z","end_ts":"2026-03-28T08:46:53Z","count":2,"temp_air":14.7,"hum_air":82.8,"generated_at":"2026-03-28T08:50:21Z","inserted_at":"2026-03-28T08:50:21Z","ts":"2026-03-28T08:46:53Z"}
{"_id":{"$oid":"69c798a5b2147717dbde753f"},"start_ts":"2026-03-28T08:53:33Z","end_ts":"2026-03-28T09:00:13Z","count":4,"temp_air":14.8,"hum_air":82.95,"generated_at":"2026-03-28T09:00:21Z","inserted_at":"2026-03-28T09:00:21Z","ts":"2026-03-28T09:00:13Z"}
{"_id":{"$oid":"69c79afdb2147717dbde7540"},"start_ts":"2026-03-28T09:06:53Z","end_ts":"2026-03-28T09:06:53Z","count":2,"temp_air":14.7,"hum_air":82.9,"generated_at":"2026-03-28T09:10:21Z","inserted_at":"2026-03-28T09:10:21Z","ts":"2026-03-28T09:06:53Z"}
{"_id":{"$oid":"69c79d55b2147717dbde7541"},"start_ts":"2026-03-28T09:13:33Z","end_ts":"2026-03-28T09:20:13Z","count":4,"temp_air":14.7,"hum_air":83.0,"generated_at":"2026-03-28T09:20:21Z","inserted_at":"2026-03-28T09:20:21Z","ts":"2026-03-28T09:20:13Z"}
{"_id":{"$oid":"69c79fadb2147717dbde7542"},"start_ts":"2026-03-28T09:26:53Z","end_ts":"2026-03-28T09:26:53Z","count":2,"temp_air":14.7,"hum_air":82.8,"generated_at":"2026-03-28T09:30:21Z","inserted_at":"2026-03-28T09:30:21Z","ts":"2026-03-28T09:26:53Z"}
{"_id":{"$oid":"69c7a205b2147717dbde7543"},"start_ts":"2026-03-28T09:33:33Z","end_ts":"2026-03-28T09:40:13Z","count":4,"temp_air":14.6,"hum_air":83.0,"generated_at":"2026-03-28T09:40:21Z","inserted_at":"2026-03-28T09:40:21Z","ts":"2026-03-28T09:40:13Z"}
{"_id":{"$oid":"69c7a45db2147717dbde7544"},"start_ts":"2026-03-28T09:46:53Z","end_ts":"2026-03-28T09:46:53Z","count":2,"temp_air":14.5,"hum_air":82.9,"generated_at":"2026-03-28T09:50:21Z","inserted_at":"2026-03-28T09:50:21Z","ts":"2026-03-28T09:46:53Z"}
{"_id":{"$oid":"69c7a6b5b2147717dbde7545"},"start_ts":"2026-03-28T09:53:35Z","end_ts":"2026-03-28T10:00:13Z","count":4,"temp_air":14.45,"hum_air":82.65,"generated_at":"2026-03-28T10:00:21Z","inserted_at":"2026-03-28T10:00:21Z","ts":"2026-03-28T10:00:13Z"}
{"_id":{"$oid":"69c7a90db2147717dbde7546"},"start_ts":"2026-03-28T10:06:53Z","end_ts":"2026-03-28T10:06:53Z","count":2,"temp_air":14.3,"hum_air":82.5,"generated_at":"2026-03-28T10:10:21Z","inserted_at":"2026-03-28T10:10:21Z","ts":"2026-03-28T10:06:53Z"}
{"_id":{"$oid":"69c7ab66b2147717dbde7547"},"start_ts":"2026-03-28T10:13:33Z","end_ts":"2026-03-28T10:20:13Z","count":4,"temp_air":14.2,"hum_air":82.75,"generated_at":"2026-03-28T10:20:22Z","inserted_at":"2026-03-28T10:20:22Z","ts":"2026-03-28T10:20:13Z"}
{"_id":{"$oid":"69c7adbeb2147717dbde7548"},"start_ts":"2026-03-28T10:26:53Z","end_ts":"2026-03-28T10:26:53Z","count":2,"temp_air":14.0,"hum_air":82.7,"generated_at":"2026-03-28T10:30:22Z","inserted_at":"2026-03-28T10:30:22Z","ts":"2026-03-28T10:26:53Z"}
{"_id":{"$oid":"69c7b016b2147717dbde7549"},"start_ts":"2026-03-28T10:33:33Z","end_ts":"2026-03-28T10:40:13Z","count":4,"temp_air":13.75,"hum_air":82.65,"generated_at":"2026-03-28T10:40:22Z","inserted_at":"2026-03-28T10:40:22Z","ts":"2026-03-28T10:40:13Z"}
{"_id":{"$oid":"69c7b26eb2147717dbde754a"},"start_ts":"2026-03-28T10:46:53Z","end_ts":"2026-03-28T10:46:53Z","count":2,"temp_air":13.6,"hum_air":82.6,"generated_at":"2026-03-28T10:50:22Z","inserted_at":"2026-03-28T10:50:22Z","ts":"2026-03-28T10:46:53Z"}
{"_id":{"$oid":"69c7b4c6b2147717dbde754b"},"start_ts":"2026-03-28T10:53:35Z","end_ts":"2026-03-28T11:00:13Z","count":4,"temp_air":13.4,"hum_air":82.9,"generated_at":"2026-03-28T11:00:22Z","inserted_at":"2026-03-28T11:00:22Z","ts":"2026-03-28T11:00:13Z"}
{"_id":{"$oid":"69c7b71eb2147717dbde754c"},"start_ts":"2026-03-28T11:06:53Z","end_ts":"2026-03-28T11:06:53Z","count":2,"temp_air":13.4,"hum_air":82.9,"generated_at":"2026-03-28T11:10:22Z","inserted_at":"2026-03-28T11:10:22Z","ts":"2026-03-28T11:06:53Z"}
{"_id":{"$oid":"69c7b976b2147717dbde754d"},"start_ts":"2026-03-28T11:13:33Z","end_ts":"2026-03-28T11:20:13Z","count":4,"temp_air":13.350000000000001,"hum_air":83.0,"generated_at":"2026-03-28T11:20:22Z","inserted_at":"2026-03-28T11:20:22Z","ts":"2026-03-28T11:20:13Z"}
{"_id":{"$oid":"69c7bbceb2147717dbde754e"},"start_ts":"2026-03-28T11:26:53Z","end_ts":"2026-03-28T11:26:53Z","count":2,"temp_air":13.6,"hum_air":82.5,"generated_at":"2026-03-28T11:30:22Z","inserted_at":"2026-03-28T11:30:22Z","ts":"2026-03-28T11:26:53Z"}
{"_id":{"$oid":"69c7be26b2147717dbde754f"},"start_ts":"2026-03-28T11:33:34Z","end_ts":"2026-03-28T11:40:13Z","count":4,"temp_air":13.85,"hum_air":81.55000000000001,"generated_at":"2026-03-28T11:40:22Z","inserted_at":"2026-03-28T11:40:22Z","ts":"2026-03-28T11:40:13Z"}
{"_id":{"$oid":"69c7c07fb2147717dbde7550"},"start_ts":"2026-03-28T11:46:53Z","end_ts":"2026-03-28T11:46:53Z","count":2,"temp_air":14.5,"hum_air":80.0,"generated_at":"2026-03-28T11:50:23Z","inserted_at":"2026-03-28T11:50:23Z","ts":"2026-03-28T11:46:53Z"}
{"_id":{"$oid":"69c7c2d7b2147717dbde7551"},"start_ts":"2026-03-28T11:53:33Z","end_ts":"2026-03-28T12:00:13Z","count":4,"temp_air":17.6,"hum_air":74.1,"generated_at":"2026-03-28T12:00:23Z","inserted_at":"2026-03-28T12:00:23Z","ts":"2026-03-28T12:00:13Z"}
{"_id":{"$oid":"69c7c52fb2147717dbde7552"},"start_ts":"2026-03-28T12:06:53Z","end_ts":"2026-03-28T12:06:53Z","count":2,"temp_air":21.3,"hum_air":65.7,"generated_at":"2026-03-28T12:10:23Z","inserted_at":"2026-03-28T12:10:23Z","ts":"2026-03-28T12:06:53Z"}
{"_id":{"$oid":"69c7c787b2147717dbde7553"},"start_ts":"2026-03-28T12:13:33Z","end_ts":"2026-03-28T12:20:13Z","count":4,"temp_air":22.2,"hum_air":61.75,"generated_at":"2026-03-28T12:20:23Z","inserted_at":"2026-03-28T12:20:23Z","ts":"2026-03-28T12:20:13Z"}
{"_id":{"$oid":"69c7c9dfb2147717dbde7554"},"start_ts":"2026-03-28T12:26:54Z","end_ts":"2026-03-28T12:26:54Z","count":2,"temp_air":21.9,"hum_air":69.9,"generated_at":"2026-03-28T12:30:23Z","inserted_at":"2026-03-28T12:30:23Z","ts":"2026-03-28T12:26:54Z"}
{"_id":{"$oid":"69c7cc37b2147717dbde7555"},"start_ts":"2026-03-28T12:33:33Z","end_ts":"2026-03-28T12:40:13Z","count":4,"temp_air":23.35,"hum_air":61.35,"generated_at":"2026-03-28T12:40:23Z","inserted_at":"2026-03-28T12:40:23Z","ts":"2026-03-28T12:40:13Z"}
{"_id":{"$oid":"69c7ce8fb2147717dbde7556"},"start_ts":"2026-03-28T12:46:53Z","end_ts":"2026-03-28T12:46:53Z","count":2,"temp_air":24.6,"hum_air":59.6,"generated_at":"2026-03-28T12:50:23Z","inserted_at":"2026-03-28T12:50:23Z","ts":"2026-03-28T12:46:53Z"}
{"_id":{"$oid":"69c7d0e7b2147717dbde7557"},"start_ts":"2026-03-28T12:53:33Z","end_ts":"2026-03-28T13:00:13Z","count":4,"temp_air":26.200000000000003,"hum_air":54.95,"generated_at":"2026-03-28T13:00:23Z","inserted_at":"2026-03-28T13:00:23Z","ts":"2026-03-28T13:00:13Z"}
{"_id":{"$oid":"69c7d340b2147717dbde7558"},"start_ts":"2026-03-28T13:06:53Z","end_ts":"2026-03-28T13:06:53Z","count":2,"temp_air":27.8,"hum_air":51.2,"generated_at":"2026-03-28T13:10:24Z","inserted_at":"2026-03-28T13:10:24Z","ts":"2026-03-28T13:06:53Z"}
{"_id":{"$oid":"69c7d598b2147717dbde7559"},"start_ts":"2026-03-28T13:13:33Z","end_ts":"2026-03-28T13:20:15Z","count":4,"temp_air":29.6,"hum_air":48.7,"generated_at":"2026-03-28T13:20:24Z","inserted_at":"2026-03-28T13:20:24Z","ts":"2026-03-28T13:20:15Z"}
{"_id":{"$oid":"69c7d7f0b2147717dbde755a"},"start_ts":"2026-03-28T13:26:53Z","end_ts":"2026-03-28T13:26:53Z","count":2,"temp_air":30.5,"hum_air":45.5,"generated_at":"2026-03-28T13:30:24Z","inserted_at":"2026-03-28T13:30:24Z","ts":"2026-03-28T13:26:53Z"}
{"_id":{"$oid":"69c7da48b2147717dbde755b"},"start_ts":"2026-03-28T13:33:34Z","end_ts":"2026-03-28T13:40:13Z","count":4,"temp_air":31.85,"hum_air":42.85,"generated_at":"2026-03-28T13:40:24Z","inserted_at":"2026-03-28T13:40:24Z","ts":"2026-03-28T13:40:13Z"}
{"_id":{"$oid":"69c7dca0b2147717dbde755c"},"start_ts":"2026-03-28T13:46:53Z","end_ts":"2026-03-28T13:46:53Z","count":2,"temp_air":33.4,"hum_air":41.4,"generated_at":"2026-03-28T13:50:24Z","inserted_at":"2026-03-28T13:50:24Z","ts":"2026-03-28T13:46:53Z"}
{"_id":{"$oid":"69c7def8b2147717dbde755d"},"start_ts":"2026-03-28T13:53:34Z","end_ts":"2026-03-28T14:00:13Z","count":4,"temp_air":36.4,"hum_air":37.75,"generated_at":"2026-03-28T14:00:24Z","inserted_at":"2026-03-28T14:00:24Z","ts":"2026-03-28T14:00:13Z"}
{"_id":{"$oid":"69c7e150b2147717dbde755e"},"start_ts":"2026-03-28T14:06:53Z","end_ts":"2026-03-28T14:06:53Z","count":2,"temp_air":35.2,"hum_air":38.0,"generated_at":"2026-03-28T14:10:24Z","inserted_at":"2026-03-28T14:10:24Z","ts":"2026-03-28T14:06:53Z"}
{"_id":{"$oid":"69c7e3a8b2147717dbde755f"},"start_ts":"2026-03-28T14:13:33Z","end_ts":"2026-03-28T14:20:13Z","count":4,"temp_air":26.8,"hum_air":46.650000000000006,"generated_at":"2026-03-28T14:20:24Z","inserted_at":"2026-03-28T14:20:24Z","ts":"2026-03-28T14:20:13Z"}
{"_id":{"$oid":"69c7e600b2147717dbde7560"},"start_ts":"2026-03-28T14:26:53Z","end_ts":"2026-03-28T14:26:53Z","count":2,"temp_air":25.2,"hum_air":49.2,"generated_at":"2026-03-28T14:30:24Z","inserted_at":"2026-03-28T14:30:24Z","ts":"2026-03-28T14:26:53Z"}
{"_id":{"$oid":"69c7e858b2147717dbde7561"},"start_ts":"2026-03-28T14:33:34Z","end_ts":"2026-03-28T14:40:13Z","count":4,"temp_air":25.85,"hum_air":49.65,"generated_at":"2026-03-28T14:40:24Z","inserted_at":"2026-03-28T14:40:24Z","ts":"2026-03-28T14:40:13Z"}
{"_id":{"$oid":"69c7eab1b2147717dbde7562"},"start_ts":"2026-03-28T14:46:53Z","end_ts":"2026-03-28T14:46:53Z","count":2,"temp_air":27.3,"hum_air":46.6,"generated_at":"2026-03-28T14:50:25Z","inserted_at":"2026-03-28T14:50:25Z","ts":"2026-03-28T14:46:53Z"}
{"_id":{"$oid":"69c7ed09b2147717dbde7563"},"start_ts":"2026-03-28T14:53:34Z","end_ts":"2026-03-28T15:00:15Z","count":4,"temp_air":27.9,"hum_air":46.15,"generated_at":"2026-03-28T15:00:25Z","inserted_at":"2026-03-28T15:00:25Z","ts":"2026-03-28T15:00:15Z"}
{"_id":{"$oid":"69c7ef61b2147717dbde7564"},"start_ts":"2026-03-28T15:06:54Z","end_ts":"2026-03-28T15:06:54Z","count":2,"temp_air":29.6,"hum_air":44.1,"generated_at":"2026-03-28T15:10:25Z","inserted_at":"2026-03-28T15:10:25Z","ts":"2026-03-28T15:06:54Z"}
{"_id":{"$oid":"69c7f1b9b2147717dbde7565"},"start_ts":"2026-03-28T15:13:34Z","end_ts":"2026-03-28T15:20:13Z","count":4,"temp_air":34.8,"hum_air":39.85,"generated_at":"2026-03-28T15:20:25Z","inserted_at":"2026-03-28T15:20:25Z","ts":"2026-03-28T15:20:13Z"}
{"_id":{"$oid":"69c7f411b2147717dbde7566"},"start_ts":"2026-03-28T15:26:53Z","end_ts":"2026-03-28T15:26:53Z","count":2,"temp_air":33.2,"hum_air":41.5,"generated_at":"2026-03-28T15:30:25Z","inserted_at":"2026-03-28T15:30:25Z","ts":"2026-03-28T15:26:53Z"}
{"_id":{"$oid":"69c7f669b2147717dbde7567"},"start_ts":"2026-03-28T15:33:34Z","end_ts":"2026-03-28T15:40:13Z","count":4,"temp_air":34.75,"hum_air":39.35,"generated_at":"2026-03-28T15:40:25Z","inserted_at":"2026-03-28T15:40:25Z","ts":"2026-03-28T15:40:13Z"}
{"_id":{"$oid":"69c7f8c1b2147717dbde7568"},"start_ts":"2026-03-28T15:46:54Z","end_ts":"2026-03-28T15:46:54Z","count":2,"temp_air":33.3,"hum_air":40.4,"generated_at":"2026-03-28T15:50:25Z","inserted_at":"2026-03-28T15:50:25Z","ts":"2026-03-28T15:46:54Z"}
{"_id":{"$oid":"69c7fb19b2147717dbde7569"},"start_ts":"2026-03-28T15:53:34Z","end_ts":"2026-03-28T16:00:14Z","count":4,"temp_air":31.799999999999997,"hum_air":42.8,"generated_at":"2026-03-28T16:00:25Z","inserted_at":"2026-03-28T16:00:25Z","ts":"2026-03-28T16:00:14Z"}
{"_id":{"$oid":"69c7fd71b2147717dbde756a"},"start_ts":"2026-03-28T16:06:53Z","end_ts":"2026-03-28T16:06:53Z","count":2,"temp_air":32.9,"hum_air":40.6,"generated_at":"2026-03-28T16:10:25Z","inserted_at":"2026-03-28T16:10:25Z","ts":"2026-03-28T16:06:53Z"}
{"_id":{"$oid":"69c7ffc9b2147717dbde756b"},"start_ts":"2026-03-28T16:13:34Z","end_ts":"2026-03-28T16:20:13Z","count":4,"temp_air":32.85,"hum_air":40.5,"generated_at":"2026-03-28T16:20:25Z","inserted_at":"2026-03-28T16:20:25Z","ts":"2026-03-28T16:20:13Z"}
{"_id":{"$oid":"69c80221b2147717dbde756c"},"start_ts":"2026-03-28T16:26:53Z","end_ts":"2026-03-28T16:26:53Z","count":2,"temp_air":31.0,"hum_air":43.1,"generated_at":"2026-03-28T16:30:25Z","inserted_at":"2026-03-28T16:30:25Z","ts":"2026-03-28T16:26:53Z"}
{"_id":{"$oid":"69c8047ab2147717dbde756d"},"start_ts":"2026-03-28T16:33:33Z","end_ts":"2026-03-28T16:40:14Z","count":4,"temp_air":29.4,"hum_air":43.0,"generated_at":"2026-03-28T16:40:26Z","inserted_at":"2026-03-28T16:40:26Z","ts":"2026-03-28T16:40:14Z"}
{"_id":{"$oid":"69c806d2b2147717dbde756e"},"start_ts":"2026-03-28T16:46:54Z","end_ts":"2026-03-28T16:46:54Z","count":2,"temp_air":28.8,"hum_air":44.1,"generated_at":"2026-03-28T16:50:26Z","inserted_at":"2026-03-28T16:50:26Z","ts":"2026-03-28T16:46:54Z"}
{"_id":{"$oid":"69c8092ab2147717dbde756f"},"start_ts":"2026-03-28T16:53:34Z","end_ts":"2026-03-28T17:00:15Z","count":4,"temp_air":28.1,"hum_air":45.2,"generated_at":"2026-03-28T17:00:26Z","inserted_at":"2026-03-28T17:00:26Z","ts":"2026-03-28T17:00:15Z"}
{"_id":{"$oid":"69c80b82b2147717dbde7570"},"start_ts":"2026-03-28T17:06:54Z","end_ts":"2026-03-28T17:06:54Z","count":2,"temp_air":27.5,"hum_air":45.5,"generated_at":"2026-03-28T17:10:26Z","inserted_at":"2026-03-28T17:10:26Z","ts":"2026-03-28T17:06:54Z"}
{"_id":{"$oid":"69c80ddab2147717dbde7571"},"start_ts":"2026-03-28T17:13:34Z","end_ts":"2026-03-28T17:20:13Z","count":4,"temp_air":27.549999999999997,"hum_air":46.05,"generated_at":"2026-03-28T17:20:26Z","inserted_at":"2026-03-28T17:20:26Z","ts":"2026-03-28T17:20:13Z"}
{"_id":{"$oid":"69c81032b2147717dbde7572"},"start_ts":"2026-03-28T17:26:54Z","end_ts":"2026-03-28T17:26:54Z","count":2,"temp_air":30.9,"hum_air":47.0,"generated_at":"2026-03-28T17:30:26Z","inserted_at":"2026-03-28T17:30:26Z","ts":"2026-03-28T17:26:54Z"}
{"_id":{"$oid":"69c8128ab2147717dbde7573"},"start_ts":"2026-03-28T17:33:34Z","end_ts":"2026-03-28T17:40:14Z","count":4,"temp_air":32.3,"hum_air":42.85,"generated_at":"2026-03-28T17:40:26Z","inserted_at":"2026-03-28T17:40:26Z","ts":"2026-03-28T17:40:14Z"}
{"_id":{"$oid":"69c814e2b2147717dbde7574"},"start_ts":"2026-03-28T17:46:54Z","end_ts":"2026-03-28T17:46:54Z","count":2,"temp_air":34.5,"hum_air":36.1,"generated_at":"2026-03-28T17:50:26Z","inserted_at":"2026-03-28T17:50:26Z","ts":"2026-03-28T17:46:54Z"}
{"_id":{"$oid":"69c8173bb2147717dbde7575"},"start_ts":"2026-03-28T17:53:34Z","end_ts":"2026-03-28T18:00:14Z","count":4,"temp_air":35.15,"hum_air":38.2,"generated_at":"2026-03-28T18:00:27Z","inserted_at":"2026-03-28T18:00:27Z","ts":"2026-03-28T18:00:14Z"}
{"_id":{"$oid":"69c81993b2147717dbde7576"},"start_ts":"2026-03-28T18:06:54Z","end_ts":"2026-03-28T18:06:54Z","count":2,"temp_air":34.2,"hum_air":40.5,"generated_at":"2026-03-28T18:10:27Z","inserted_at":"2026-03-28T18:10:27Z","ts":"2026-03-28T18:06:54Z"}
{"_id":{"$oid":"69c81bebb2147717dbde7577"},"start_ts":"2026-03-28T18:13:35Z","end_ts":"2026-03-28T18:20:16Z","count":4,"temp_air":33.400000000000006,"hum_air":40.45,"generated_at":"2026-03-28T18:20:27Z","inserted_at":"2026-03-28T18:20:27Z","ts":"2026-03-28T18:20:16Z"}
{"_id":{"$oid":"69c81e43b2147717dbde7578"},"start_ts":"2026-03-28T18:26:57Z","end_ts":"2026-03-28T18:26:57Z","count":2,"temp_air":33.0,"hum_air":41.3,"generated_at":"2026-03-28T18:30:27Z","inserted_at":"2026-03-28T18:30:27Z","ts":"2026-03-28T18:26:57Z"}
{"_id":{"$oid":"69c8209bb2147717dbde7579"},"start_ts":"2026-03-28T18:33:34Z","end_ts":"2026-03-28T18:40:22Z","count":6,"temp_air":33.53333333333333,"hum_air":40.06666666666667,"generated_at":"2026-03-28T18:40:27Z","inserted_at":"2026-03-28T18:40:27Z","ts":"2026-03-28T18:40:22Z"}
{"_id":{"$oid":"69c822f3b2147717dbde757a"},"start_ts":"2026-03-28T18:46:54Z","end_ts":"2026-03-28T18:46:54Z","count":2,"temp_air":33.1,"hum_air":39.5,"generated_at":"2026-03-28T18:50:27Z","inserted_at":"2026-03-28T18:50:27Z","ts":"2026-03-28T18:46:54Z"}
{"_id":{"$oid":"69c8254bb2147717dbde757b"},"start_ts":"2026-03-28T18:53:34Z","end_ts":"2026-03-28T19:00:14Z","count":4,"temp_air":35.2,"hum_air":38.150000000000006,"generated_at":"2026-03-28T19:00:27Z","inserted_at":"2026-03-28T19:00:27Z","ts":"2026-03-28T19:00:14Z"}
{"_id":{"$oid":"69c827a3b2147717dbde757c"},"start_ts":"2026-03-28T19:06:54Z","end_ts":"2026-03-28T19:06:54Z","count":2,"temp_air":35.4,"hum_air":36.9,"generated_at":"2026-03-28T19:10:27Z","inserted_at":"2026-03-28T19:10:27Z","ts":"2026-03-28T19:06:54Z"}
{"_id":{"$oid":"69c829fbb2147717dbde757d"},"start_ts":"2026-03-28T19:13:35Z","end_ts":"2026-03-28T19:20:14Z","count":4,"temp_air":31.95,"hum_air":39.75,"generated_at":"2026-03-28T19:20:27Z","inserted_at":"2026-03-28T19:20:27Z","ts":"2026-03-28T19:20:14Z"}
{"_id":{"$oid":"69c82c53b2147717dbde757e"},"start_ts":"2026-03-28T19:26:56Z","end_ts":"2026-03-28T19:26:56Z","count":2,"temp_air":30.1,"hum_air":42.4,"generated_at":"2026-03-28T19:30:27Z","inserted_at":"2026-03-28T19:30:27Z","ts":"2026-03-28T19:26:56Z"}
{"_id":{"$oid":"69c82eabb2147717dbde757f"},"start_ts":"2026-03-28T19:33:34Z","end_ts":"2026-03-28T19:40:14Z","count":4,"temp_air":28.45,"hum_air":44.25,"generated_at":"2026-03-28T19:40:27Z","inserted_at":"2026-03-28T19:40:27Z","ts":"2026-03-28T19:40:14Z"}
{"_id":{"$oid":"69c83104b2147717dbde7580"},"start_ts":"2026-03-28T19:46:54Z","end_ts":"2026-03-28T19:46:54Z","count":2,"temp_air":27.3,"hum_air":46.4,"generated_at":"2026-03-28T19:50:28Z","inserted_at":"2026-03-28T19:50:28Z","ts":"2026-03-28T19:46:54Z"}
{"_id":{"$oid":"69c8335cb2147717dbde7581"},"start_ts":"2026-03-28T19:53:34Z","end_ts":"2026-03-28T20:00:14Z","count":4,"temp_air":28.65,"hum_air":44.3,"generated_at":"2026-03-28T20:00:28Z","inserted_at":"2026-03-28T20:00:28Z","ts":"2026-03-28T20:00:14Z"}
{"_id":{"$oid":"69c835b4b2147717dbde7582"},"start_ts":"2026-03-28T20:06:54Z","end_ts":"2026-03-28T20:06:54Z","count":2,"temp_air":31.1,"hum_air":42.3,"generated_at":"2026-03-28T20:10:28Z","inserted_at":"2026-03-28T20:10:28Z","ts":"2026-03-28T20:06:54Z"}
{"_id":{"$oid":"69c8380cb2147717dbde7583"},"start_ts":"2026-03-28T20:13:34Z","end_ts":"2026-03-28T20:20:14Z","count":4,"temp_air":29.7,"hum_air":44.95,"generated_at":"2026-03-28T20:20:28Z","inserted_at":"2026-03-28T20:20:28Z","ts":"2026-03-28T20:20:14Z"}
{"_id":{"$oid":"69c83a64b2147717dbde7584"},"start_ts":"2026-03-28T20:26:54Z","end_ts":"2026-03-28T20:26:54Z","count":2,"temp_air":27.5,"hum_air":47.7,"generated_at":"2026-03-28T20:30:28Z","inserted_at":"2026-03-28T20:30:28Z","ts":"2026-03-28T20:26:54Z"}
{"_id":{"$oid":"69c83cbcb2147717dbde7585"},"start_ts":"2026-03-28T20:33:34Z","end_ts":"2026-03-28T20:40:14Z","count":4,"temp_air":27.200000000000003,"hum_air":48.6,"generated_at":"2026-03-28T20:40:28Z","inserted_at":"2026-03-28T20:40:28Z","ts":"2026-03-28T20:40:14Z"}
{"_id":{"$oid":"69c83f14b2147717dbde7586"},"start_ts":"2026-03-28T20:46:55Z","end_ts":"2026-03-28T20:46:55Z","count":2,"temp_air":25.8,"hum_air":51.3,"generated_at":"2026-03-28T20:50:28Z","inserted_at":"2026-03-28T20:50:28Z","ts":"2026-03-28T20:46:55Z"}
{"_id":{"$oid":"69c8416cb2147717dbde7587"},"start_ts":"2026-03-28T20:53:34Z","end_ts":"2026-03-28T21:00:15Z","count":4,"temp_air":24.2,"hum_air":53.599999999999994,"generated_at":"2026-03-28T21:00:28Z","inserted_at":"2026-03-28T21:00:28Z","ts":"2026-03-28T21:00:15Z"}
{"_id":{"$oid":"69c843c4b2147717dbde7588"},"start_ts":"2026-03-28T21:06:54Z","end_ts":"2026-03-28T21:06:54Z","count":2,"temp_air":23.6,"hum_air":55.0,"generated_at":"2026-03-28T21:10:28Z","inserted_at":"2026-03-28T21:10:28Z","ts":"2026-03-28T21:06:54Z"}
{"_id":{"$oid":"69c8461cb2147717dbde7589"},"start_ts":"2026-03-28T21:13:34Z","end_ts":"2026-03-28T21:20:14Z","count":4,"temp_air":23.6,"hum_air":54.9,"generated_at":"2026-03-28T21:20:28Z","inserted_at":"2026-03-28T21:20:28Z","ts":"2026-03-28T21:20:14Z"}
{"_id":{"$oid":"69c84875b2147717dbde758a"},"start_ts":"2026-03-28T21:26:54Z","end_ts":"2026-03-28T21:26:54Z","count":2,"temp_air":23.5,"hum_air":55.6,"generated_at":"2026-03-28T21:30:29Z","inserted_at":"2026-03-28T21:30:29Z","ts":"2026-03-28T21:26:54Z"}
{"_id":{"$oid":"69c84acdb2147717dbde758b"},"start_ts":"2026-03-28T21:33:34Z","end_ts":"2026-03-28T21:40:14Z","count":4,"temp_air":23.65,"hum_air":54.8,"generated_at":"2026-03-28T21:40:29Z","inserted_at":"2026-03-28T21:40:29Z","ts":"2026-03-28T21:40:14Z"}
{"_id":{"$oid":"69cbf6c0b2147717dbde758c"},"start_ts":"2026-03-31T16:26:16Z","end_ts":"2026-03-31T16:26:16Z","count":2,"temp_air":21.7,"hum_air":66.3,"generated_at":"2026-03-31T16:30:56Z","inserted_at":"2026-03-31T16:30:56Z","ts":"2026-03-31T16:26:16Z"}
{"_id":{"$oid":"69cbf918b2147717dbde758d"},"start_ts":"2026-03-31T16:32:56Z","end_ts":"2026-03-31T16:39:36Z","count":4,"temp_air":21.9,"hum_air":66.95,"generated_at":"2026-03-31T16:40:56Z","inserted_at":"2026-03-31T16:40:56Z","ts":"2026-03-31T16:39:36Z"}
{"_id":{"$oid":"69cbfb70b2147717dbde758e"},"start_ts":"2026-03-31T16:46:16Z","end_ts":"2026-03-31T16:46:16Z","count":2,"temp_air":22.6,"hum_air":72.6,"generated_at":"2026-03-31T16:50:56Z","inserted_at":"2026-03-31T16:50:56Z","ts":"2026-03-31T16:46:16Z"}
{"_id":{"$oid":"69cc25a2b2147717dbde758f"},"start_ts":"2026-03-31T19:44:47Z","end_ts":"2026-03-31T19:44:47Z","count":2,"temp_air":23.4,"hum_air":65.4,"generated_at":"2026-03-31T19:50:58Z","inserted_at":"2026-03-31T19:50:58Z","ts":"2026-03-31T19:44:47Z"}
{"_id":{"$oid":"69cc27fab2147717dbde7590"},"start_ts":"2026-03-31T19:51:27Z","end_ts":"2026-03-31T19:58:07Z","count":4,"temp_air":23.0,"hum_air":65.6,"generated_at":"2026-03-31T20:00:58Z","inserted_at":"2026-03-31T20:00:58Z","ts":"2026-03-31T19:58:07Z"}
{"_id":{"$oid":"69cc2a52b2147717dbde7591"},"start_ts":"2026-03-31T20:04:47Z","end_ts":"2026-03-31T20:04:47Z","count":2,"temp_air":22.6,"hum_air":67.1,"generated_at":"2026-03-31T20:10:58Z","inserted_at":"2026-03-31T20:10:58Z","ts":"2026-03-31T20:04:47Z"}
{"_id":{"$oid":"69cc2caab2147717dbde7592"},"start_ts":"2026-03-31T20:20:18Z","end_ts":"2026-03-31T20:20:18Z","count":2,"temp_air":22.8,"hum_air":66.2,"generated_at":"2026-03-31T20:20:58Z","inserted_at":"2026-03-31T20:20:58Z","ts":"2026-03-31T20:20:18Z"}
{"_id":{"$oid":"69cc4b23b2147717dbde7593"},"start_ts":"2026-03-31T22:27:05Z","end_ts":"2026-03-31T22:27:05Z","count":2,"temp_air":21.9,"hum_air":72.3,"generated_at":"2026-03-31T22:30:59Z","inserted_at":"2026-03-31T22:30:59Z","ts":"2026-03-31T22:27:05Z"}
{"_id":{"$oid":"69cc4d7bb2147717dbde7594"},"start_ts":"2026-03-31T22:33:45Z","end_ts":"2026-03-31T22:33:45Z","count":2,"temp_air":21.9,"hum_air":68.8,"generated_at":"2026-03-31T22:40:59Z","inserted_at":"2026-03-31T22:40:59Z","ts":"2026-03-31T22:33:45Z"}
{"_id":{"$oid":"69cd45f2b2147717dbde7595"},"start_ts":"2026-04-01T16:20:55Z","end_ts":"2026-04-01T16:20:55Z","count":2,"temp_air":22.0,"hum_air":65.3,"generated_at":"2026-04-01T16:21:06Z","inserted_at":"2026-04-01T16:21:06Z","ts":"2026-04-01T16:20:55Z"}
{"_id":{"$oid":"69cd484ab2147717dbde7596"},"start_ts":"2026-04-01T16:27:35Z","end_ts":"2026-04-01T16:27:35Z","count":2,"temp_air":21.8,"hum_air":65.6,"generated_at":"2026-04-01T16:31:06Z","inserted_at":"2026-04-01T16:31:06Z","ts":"2026-04-01T16:27:35Z"}
{"_id":{"$oid":"69cd4aa2b2147717dbde7597"},"start_ts":"2026-04-01T16:34:15Z","end_ts":"2026-04-01T16:40:55Z","count":4,"temp_air":22.1,"hum_air":65.15,"generated_at":"2026-04-01T16:41:06Z","inserted_at":"2026-04-01T16:41:06Z","ts":"2026-04-01T16:40:55Z"}
{"_id":{"$oid":"69cd4cfbb2147717dbde7598"},"start_ts":"2026-04-01T16:47:35Z","end_ts":"2026-04-01T16:47:35Z","count":2,"temp_air":22.2,"hum_air":65.0,"distance_cm":170.6,"generated_at":"2026-04-01T16:51:07Z","inserted_at":"2026-04-01T16:51:07Z","ts":"2026-04-01T16:47:35Z"}
{"_id":{"$oid":"69cd4f53b2147717dbde7599"},"start_ts":"2026-04-01T16:54:15Z","end_ts":"2026-04-01T16:54:15Z","count":2,"temp_air":22.0,"hum_air":65.5,"distance_cm":170.7,"generated_at":"2026-04-01T17:01:07Z","inserted_at":"2026-04-01T17:01:07Z","ts":"2026-04-01T16:54:15Z"}
{"_id":{"$oid":"69cdbb25b2147717dbde759a"},"start_ts":"2026-04-02T00:35:09Z","end_ts":"2026-04-02T00:35:09Z","count":2,"temp_air":23.2,"hum_air":67.0,"generated_at":"2026-04-02T00:41:09Z","inserted_at":"2026-04-02T00:41:09Z","ts":"2026-04-02T00:35:09Z"}
{"_id":{"$oid":"69cdc22eb2147717dbde759b"},"start_ts":"2026-04-02T01:03:36Z","end_ts":"2026-04-02T01:03:36Z","count":2,"temp_air":21.7,"hum_air":68.9,"distance_cm":-1.0,"generated_at":"2026-04-02T01:11:10Z","inserted_at":"2026-04-02T01:11:10Z","ts":"2026-04-02T01:03:36Z"}
{"_id":{"$oid":"69cdd296b2147717dbde759c"},"start_ts":"2026-04-02T02:18:52Z","end_ts":"2026-04-02T02:18:52Z","count":2,"temp_air":21.1,"hum_air":70.8,"distance_cm":-1.0,"generated_at":"2026-04-02T02:21:10Z","inserted_at":"2026-04-02T02:21:10Z","ts":"2026-04-02T02:18:52Z"}
{"_id":{"$oid":"69cdd4eeb2147717dbde759d"},"start_ts":"2026-04-02T02:25:32Z","end_ts":"2026-04-02T02:25:32Z","count":2,"temp_air":21.2,"hum_air":69.7,"distance_cm":-1.0,"generated_at":"2026-04-02T02:31:10Z","inserted_at":"2026-04-02T02:31:10Z","ts":"2026-04-02T02:25:32Z"}
{"_id":{"$oid":"69cdd746b2147717dbde759e"},"start_ts":"2026-04-02T02:32:12Z","end_ts":"2026-04-02T02:38:52Z","count":4,"temp_air":21.4,"hum_air":69.55,"distance_cm":-1.0,"generated_at":"2026-04-02T02:41:10Z","inserted_at":"2026-04-02T02:41:10Z","ts":"2026-04-02T02:38:52Z"}
{"_id":{"$oid":"69cdd99fb2147717dbde759f"},"start_ts":"2026-04-02T02:45:32Z","end_ts":"2026-04-02T02:45:32Z","count":2,"temp_air":21.6,"hum_air":69.7,"distance_cm":-1.0,"generated_at":"2026-04-02T02:51:11Z","inserted_at":"2026-04-02T02:51:11Z","ts":"2026-04-02T02:45:32Z"}
{"_id":{"$oid":"69cddbf7b2147717dbde75a0"},"start_ts":"2026-04-02T02:52:12Z","end_ts":"2026-04-02T02:58:54Z","count":4,"temp_air":21.4,"hum_air":68.69999999999999,"distance_cm":-1.0,"generated_at":"2026-04-02T03:01:11Z","inserted_at":"2026-04-02T03:01:11Z","ts":"2026-04-02T02:58:54Z"}
{"_id":{"$oid":"69cde0a7b2147717dbde75a1"},"start_ts":"2026-04-02T03:15:15Z","end_ts":"2026-04-02T03:15:15Z","count":2,"temp_air":21.5,"hum_air":69.8,"distance_cm":-1.0,"generated_at":"2026-04-02T03:21:11Z","inserted_at":"2026-04-02T03:21:11Z","ts":"2026-04-02T03:15:15Z"}
{"_id":{"$oid":"69cde557b2147717dbde75a2"},"start_ts":"2026-04-02T03:31:40Z","end_ts":"2026-04-02T03:31:40Z","count":2,"temp_air":21.9,"hum_air":67.1,"distance_cm":-1.0,"generated_at":"2026-04-02T03:41:11Z","inserted_at":"2026-04-02T03:41:11Z","ts":"2026-04-02T03:31:40Z"}
